Copyright 1986-2019 Xilinx, Inc. All Rights Reserved.
--------------------------------------------------------------------------------------------------------------------------------------------------------------------------------------------
| Tool Version : Vivado v.2019.2 (win64) Build 2708876 Wed Nov  6 21:40:23 MST 2019
| Date         : Thu Apr 30 20:12:57 2026
| Host         : LAPTOP-A50L20VJ running 64-bit major release  (build 9200)
| Command      : report_timing_summary -max_paths 10 -file vga_out_timing_summary_routed.rpt -pb vga_out_timing_summary_routed.pb -rpx vga_out_timing_summary_routed.rpx -warn_on_violation
| Design       : vga_out
| Device       : 7a100t-csg324
| Speed File   : -3  PRODUCTION 1.23 2018-06-13
--------------------------------------------------------------------------------------------------------------------------------------------------------------------------------------------

Timing Summary Report

------------------------------------------------------------------------------------------------
| Timer Settings
| --------------
------------------------------------------------------------------------------------------------

  Enable Multi Corner Analysis               :  Yes
  Enable Pessimism Removal                   :  Yes
  Pessimism Removal Resolution               :  Nearest Common Node
  Enable Input Delay Default Clock           :  No
  Enable Preset / Clear Arcs                 :  No
  Disable Flight Delays                      :  No
  Ignore I/O Paths                           :  No
  Timing Early Launch at Borrowing Latches   :  No
  Borrow Time for Max Delay Exceptions       :  Yes
  Merge Timing Exceptions                    :  Yes

  Corner  Analyze    Analyze    
  Name    Max Paths  Min Paths  
  ------  ---------  ---------  
  Slow    Yes        Yes        
  Fast    Yes        Yes        



check_timing report

Table of Contents
-----------------
1. checking no_clock
2. checking constant_clock
3. checking pulse_width_clock
4. checking unconstrained_internal_endpoints
5. checking no_input_delay
6. checking no_output_delay
7. checking multiple_clock
8. checking generated_clocks
9. checking loops
10. checking partial_input_delay
11. checking partial_output_delay
12. checking latch_loops

1. checking no_clock
--------------------
 There are 0 register/latch pins with no clock.


2. checking constant_clock
--------------------------
 There are 0 register/latch pins with constant_clock.


3. checking pulse_width_clock
-----------------------------
 There are 0 register/latch pins which need pulse_width check


4. checking unconstrained_internal_endpoints
--------------------------------------------
 There are 0 pins that are not constrained for maximum delay.

 There are 0 pins that are not constrained for maximum delay due to constant clock.


5. checking no_input_delay
--------------------------
 There are 7 input ports with no input delay specified. (HIGH)

 There are 0 input ports with no input delay but user has a false path constraint.


6. checking no_output_delay
---------------------------
 There are 33 ports with no output delay specified. (HIGH)

 There are 0 ports with no output delay but user has a false path constraint

 There are 0 ports with no output delay but with a timing clock defined on it or propagating through it


7. checking multiple_clock
--------------------------
 There are 301 register/latch pins with multiple clocks. (HIGH)


8. checking generated_clocks
----------------------------
 There are 0 generated clocks that are not connected to a clock source.


9. checking loops
-----------------
 There are 0 combinational loops in the design.


10. checking partial_input_delay
--------------------------------
 There are 0 input ports with partial input delay specified.


11. checking partial_output_delay
---------------------------------
 There are 0 ports with partial output delay specified.


12. checking latch_loops
------------------------
 There are 0 combinational latch loops in the design through latch input



------------------------------------------------------------------------------------------------
| Design Timing Summary
| ---------------------
------------------------------------------------------------------------------------------------

    WNS(ns)      TNS(ns)  TNS Failing Endpoints  TNS Total Endpoints      WHS(ns)      THS(ns)  THS Failing Endpoints  THS Total Endpoints     WPWS(ns)     TPWS(ns)  TPWS Failing Endpoints  TPWS Total Endpoints  
    -------      -------  ---------------------  -------------------      -------      -------  ---------------------  -------------------     --------     --------  ----------------------  --------------------  
     34.030        0.000                      0                  754        0.085        0.000                      0                  754        3.000        0.000                       0                   307  


All user specified timing constraints are met.


------------------------------------------------------------------------------------------------
| Clock Summary
| -------------
------------------------------------------------------------------------------------------------

Clock                   Waveform(ns)       Period(ns)      Frequency(MHz)
-----                   ------------       ----------      --------------
clk                     {0.000 5.000}      10.000          100.000         
  clk_out1_clk_wiz_0    {0.000 19.862}     39.724          25.174          
  clkfbout_clk_wiz_0    {0.000 10.000}     20.000          50.000          
sys_clk_pin             {0.000 5.000}      10.000          100.000         
  clk_out1_clk_wiz_0_1  {0.000 19.862}     39.724          25.174          
  clkfbout_clk_wiz_0_1  {0.000 10.000}     20.000          50.000          


------------------------------------------------------------------------------------------------
| Intra Clock Table
| -----------------
------------------------------------------------------------------------------------------------

Clock                       WNS(ns)      TNS(ns)  TNS Failing Endpoints  TNS Total Endpoints      WHS(ns)      THS(ns)  THS Failing Endpoints  THS Total Endpoints     WPWS(ns)     TPWS(ns)  TPWS Failing Endpoints  TPWS Total Endpoints  
-----                       -------      -------  ---------------------  -------------------      -------      -------  ---------------------  -------------------     --------     --------  ----------------------  --------------------  
clk                                                                                                                                                                       3.000        0.000                       0                     1  
  clk_out1_clk_wiz_0         34.030        0.000                      0                  754        0.171        0.000                      0                  754       19.362        0.000                       0                   303  
  clkfbout_clk_wiz_0                                                                                                                                                     18.408        0.000                       0                     3  
sys_clk_pin                                                                                                                                                               3.000        0.000                       0                     1  
  clk_out1_clk_wiz_0_1       34.033        0.000                      0                  754        0.171        0.000                      0                  754       19.362        0.000                       0                   303  
  clkfbout_clk_wiz_0_1                                                                                                                                                   18.408        0.000                       0                     3  


------------------------------------------------------------------------------------------------
| Inter Clock Table
| -----------------
------------------------------------------------------------------------------------------------

From Clock            To Clock                  WNS(ns)      TNS(ns)  TNS Failing Endpoints  TNS Total Endpoints      WHS(ns)      THS(ns)  THS Failing Endpoints  THS Total Endpoints  
----------            --------                  -------      -------  ---------------------  -------------------      -------      -------  ---------------------  -------------------  
clk_out1_clk_wiz_0_1  clk_out1_clk_wiz_0         34.030        0.000                      0                  754        0.085        0.000                      0                  754  
clk_out1_clk_wiz_0    clk_out1_clk_wiz_0_1       34.030        0.000                      0                  754        0.085        0.000                      0                  754  


------------------------------------------------------------------------------------------------
| Other Path Groups Table
| -----------------------
------------------------------------------------------------------------------------------------

Path Group    From Clock    To Clock          WNS(ns)      TNS(ns)  TNS Failing Endpoints  TNS Total Endpoints      WHS(ns)      THS(ns)  THS Failing Endpoints  THS Total Endpoints  
----------    ----------    --------          -------      -------  ---------------------  -------------------      -------      -------  ---------------------  -------------------  


------------------------------------------------------------------------------------------------
| Timing Details
| --------------
------------------------------------------------------------------------------------------------


---------------------------------------------------------------------------------------------------
From Clock:  clk
  To Clock:  clk

Setup :           NA  Failing Endpoints,  Worst Slack           NA  ,  Total Violation           NA
Hold  :           NA  Failing Endpoints,  Worst Slack           NA  ,  Total Violation           NA
PW    :            0  Failing Endpoints,  Worst Slack        3.000ns,  Total Violation        0.000ns
---------------------------------------------------------------------------------------------------


Pulse Width Checks
--------------------------------------------------------------------------------------
Clock Name:         clk
Waveform(ns):       { 0.000 5.000 }
Period(ns):         10.000
Sources:            { clk }

Check Type        Corner  Lib Pin            Reference Pin  Required(ns)  Actual(ns)  Slack(ns)  Location         Pin
Min Period        n/a     MMCME2_ADV/CLKIN1  n/a            1.249         10.000      8.751      MMCME2_ADV_X1Y2  u_clk_wiz_0/inst/mmcm_adv_inst/CLKIN1
Max Period        n/a     MMCME2_ADV/CLKIN1  n/a            100.000       10.000      90.000     MMCME2_ADV_X1Y2  u_clk_wiz_0/inst/mmcm_adv_inst/CLKIN1
Low Pulse Width   Fast    MMCME2_ADV/CLKIN1  n/a            2.000         5.000       3.000      MMCME2_ADV_X1Y2  u_clk_wiz_0/inst/mmcm_adv_inst/CLKIN1
Low Pulse Width   Slow    MMCME2_ADV/CLKIN1  n/a            2.000         5.000       3.000      MMCME2_ADV_X1Y2  u_clk_wiz_0/inst/mmcm_adv_inst/CLKIN1
High Pulse Width  Slow    MMCME2_ADV/CLKIN1  n/a            2.000         5.000       3.000      MMCME2_ADV_X1Y2  u_clk_wiz_0/inst/mmcm_adv_inst/CLKIN1
High Pulse Width  Fast    MMCME2_ADV/CLKIN1  n/a            2.000         5.000       3.000      MMCME2_ADV_X1Y2  u_clk_wiz_0/inst/mmcm_adv_inst/CLKIN1



---------------------------------------------------------------------------------------------------
From Clock:  clk_out1_clk_wiz_0
  To Clock:  clk_out1_clk_wiz_0

Setup :            0  Failing Endpoints,  Worst Slack       34.030ns,  Total Violation        0.000ns
Hold  :            0  Failing Endpoints,  Worst Slack        0.171ns,  Total Violation        0.000ns
PW    :            0  Failing Endpoints,  Worst Slack       19.362ns,  Total Violation        0.000ns
---------------------------------------------------------------------------------------------------


Max Delay Paths
--------------------------------------------------------------------------------------
Slack (MET) :             34.030ns  (required time - arrival time)
  Source:                 u_vga_timing/pixel_y_reg[8]/C
                            (rising edge-triggered cell FDRE clocked by clk_out1_clk_wiz_0  {rise@0.000ns fall@19.862ns period=39.724ns})
  Destination:            u_bram_background/u_bg_rom/U0/inst_blk_mem_gen/gnbram.gnativebmg.native_blk_mem_gen/valid.cstr/ramloop[19].ram.r/prim_init.ram/DEVICE_7SERIES.NO_BMM_INFO.SP.SIMPLE_PRIM36.ram/ENARDEN
                            (rising edge-triggered cell RAMB36E1 clocked by clk_out1_clk_wiz_0  {rise@0.000ns fall@19.862ns period=39.724ns})
  Path Group:             clk_out1_clk_wiz_0
  Path Type:              Setup (Max at Slow Process Corner)
  Requirement:            39.724ns  (clk_out1_clk_wiz_0 rise@39.724ns - clk_out1_clk_wiz_0 rise@0.000ns)
  Data Path Delay:        5.170ns  (logic 0.939ns (18.164%)  route 4.231ns (81.836%))
  Logic Levels:           3  (CARRY4=1 LUT3=1 LUT5=1)
  Clock Path Skew:        0.054ns (DCD - SCD + CPR)
    Destination Clock Delay (DCD):    -0.670ns = ( 39.053 - 39.724 ) 
    Source Clock Delay      (SCD):    -0.376ns
    Clock Pessimism Removal (CPR):    0.348ns
  Clock Uncertainty:      0.086ns  ((TSJ^2 + DJ^2)^1/2) / 2 + PE
    Total System Jitter     (TSJ):    0.071ns
    Discrete Jitter          (DJ):    0.157ns
    Phase Error              (PE):    0.000ns

    Location             Delay type                Incr(ns)  Path(ns)    Netlist Resource(s)
  -------------------------------------------------------------------    -------------------
                         (clock clk_out1_clk_wiz_0 rise edge)
                                                      0.000     0.000 r  
    E3                                                0.000     0.000 r  clk (IN)
                         net (fo=0)                   0.000     0.000    u_clk_wiz_0/inst/clk_in1
    E3                   IBUF (Prop_ibuf_I_O)         1.330     1.330 r  u_clk_wiz_0/inst/clkin1_ibufg/O
                         net (fo=1, routed)           0.974     2.304    u_clk_wiz_0/inst/clk_in1_clk_wiz_0
    MMCME2_ADV_X1Y2      MMCME2_ADV (Prop_mmcme2_adv_CLKIN1_CLKOUT0)
                                                     -5.294    -2.990 r  u_clk_wiz_0/inst/mmcm_adv_inst/CLKOUT0
                         net (fo=1, routed)           1.297    -1.693    u_clk_wiz_0/inst/clk_out1_clk_wiz_0
    BUFGCTRL_X0Y16       BUFG (Prop_bufg_I_O)         0.076    -1.617 r  u_clk_wiz_0/inst/clkout1_buf/O
                         net (fo=301, routed)         1.241    -0.376    u_vga_timing/clk_out1
    SLICE_X68Y68         FDRE                                         r  u_vga_timing/pixel_y_reg[8]/C
  -------------------------------------------------------------------    -------------------
    SLICE_X68Y68         FDRE (Prop_fdre_C_Q)         0.341    -0.035 r  u_vga_timing/pixel_y_reg[8]/Q
                         net (fo=23, routed)          1.231     1.196    u_vga_timing/Q[1]
    SLICE_X66Y69         LUT3 (Prop_lut3_I0_O)        0.097     1.293 r  u_vga_timing/rom_addr__0_carry__1_i_3/O
                         net (fo=1, routed)           0.000     1.293    u_bram_background/no_softecc_sel_reg.ce_pri.sel_pipe_reg[4]_0[1]
    SLICE_X66Y69         CARRY4 (Prop_carry4_S[1]_CO[3])
                                                      0.402     1.695 f  u_bram_background/rom_addr__0_carry__1/CO[3]
                         net (fo=27, routed)          2.323     4.018    u_bram_background/u_bg_rom/U0/inst_blk_mem_gen/gnbram.gnativebmg.native_blk_mem_gen/valid.cstr/bindec_a.bindec_inst_a/addra[4]
    SLICE_X72Y77         LUT5 (Prop_lut5_I1_O)        0.099     4.117 r  u_bram_background/u_bg_rom/U0/inst_blk_mem_gen/gnbram.gnativebmg.native_blk_mem_gen/valid.cstr/bindec_a.bindec_inst_a/DEVICE_7SERIES.NO_BMM_INFO.SP.SIMPLE_PRIM36.ram_i_1__13/O
                         net (fo=1, routed)           0.676     4.793    u_bram_background/u_bg_rom/U0/inst_blk_mem_gen/gnbram.gnativebmg.native_blk_mem_gen/valid.cstr/ramloop[19].ram.r/prim_init.ram/ena_array[0]
    RAMB36_X2Y16         RAMB36E1                                     r  u_bram_background/u_bg_rom/U0/inst_blk_mem_gen/gnbram.gnativebmg.native_blk_mem_gen/valid.cstr/ramloop[19].ram.r/prim_init.ram/DEVICE_7SERIES.NO_BMM_INFO.SP.SIMPLE_PRIM36.ram/ENARDEN
  -------------------------------------------------------------------    -------------------

                         (clock clk_out1_clk_wiz_0 rise edge)
                                                     39.724    39.724 r  
    E3                                                0.000    39.724 r  clk (IN)
                         net (fo=0)                   0.000    39.724    u_clk_wiz_0/inst/clk_in1
    E3                   IBUF (Prop_ibuf_I_O)         1.263    40.986 r  u_clk_wiz_0/inst/clkin1_ibufg/O
                         net (fo=1, routed)           0.916    41.903    u_clk_wiz_0/inst/clk_in1_clk_wiz_0
    MMCME2_ADV_X1Y2      MMCME2_ADV (Prop_mmcme2_adv_CLKIN1_CLKOUT0)
                                                     -5.390    36.513 r  u_clk_wiz_0/inst/mmcm_adv_inst/CLKOUT0
                         net (fo=1, routed)           1.234    37.747    u_clk_wiz_0/inst/clk_out1_clk_wiz_0
    BUFGCTRL_X0Y16       BUFG (Prop_bufg_I_O)         0.072    37.819 r  u_clk_wiz_0/inst/clkout1_buf/O
                         net (fo=301, routed)         1.234    39.053    u_bram_background/u_bg_rom/U0/inst_blk_mem_gen/gnbram.gnativebmg.native_blk_mem_gen/valid.cstr/ramloop[19].ram.r/prim_init.ram/clka
    RAMB36_X2Y16         RAMB36E1                                     r  u_bram_background/u_bg_rom/U0/inst_blk_mem_gen/gnbram.gnativebmg.native_blk_mem_gen/valid.cstr/ramloop[19].ram.r/prim_init.ram/DEVICE_7SERIES.NO_BMM_INFO.SP.SIMPLE_PRIM36.ram/CLKARDCLK
                         clock pessimism              0.348    39.401    
                         clock uncertainty           -0.086    39.315    
    RAMB36_X2Y16         RAMB36E1 (Setup_ramb36e1_CLKARDCLK_ENARDEN)
                                                     -0.491    38.824    u_bram_background/u_bg_rom/U0/inst_blk_mem_gen/gnbram.gnativebmg.native_blk_mem_gen/valid.cstr/ramloop[19].ram.r/prim_init.ram/DEVICE_7SERIES.NO_BMM_INFO.SP.SIMPLE_PRIM36.ram
  -------------------------------------------------------------------
                         required time                         38.824    
                         arrival time                          -4.793    
  -------------------------------------------------------------------
                         slack                                 34.030    

Slack (MET) :             34.045ns  (required time - arrival time)
  Source:                 u_vga_timing/pixel_y_reg[8]/C
                            (rising edge-triggered cell FDRE clocked by clk_out1_clk_wiz_0  {rise@0.000ns fall@19.862ns period=39.724ns})
  Destination:            u_bram_background/u_bg_rom/U0/inst_blk_mem_gen/gnbram.gnativebmg.native_blk_mem_gen/valid.cstr/ramloop[18].ram.r/prim_init.ram/DEVICE_7SERIES.NO_BMM_INFO.SP.SIMPLE_PRIM36.ram/ENARDEN
                            (rising edge-triggered cell RAMB36E1 clocked by clk_out1_clk_wiz_0  {rise@0.000ns fall@19.862ns period=39.724ns})
  Path Group:             clk_out1_clk_wiz_0
  Path Type:              Setup (Max at Slow Process Corner)
  Requirement:            39.724ns  (clk_out1_clk_wiz_0 rise@39.724ns - clk_out1_clk_wiz_0 rise@0.000ns)
  Data Path Delay:        5.302ns  (logic 0.937ns (17.671%)  route 4.365ns (82.329%))
  Logic Levels:           3  (CARRY4=1 LUT3=1 LUT5=1)
  Clock Path Skew:        0.058ns (DCD - SCD + CPR)
    Destination Clock Delay (DCD):    -0.666ns = ( 39.057 - 39.724 ) 
    Source Clock Delay      (SCD):    -0.376ns
    Clock Pessimism Removal (CPR):    0.348ns
  Clock Uncertainty:      0.086ns  ((TSJ^2 + DJ^2)^1/2) / 2 + PE
    Total System Jitter     (TSJ):    0.071ns
    Discrete Jitter          (DJ):    0.157ns
    Phase Error              (PE):    0.000ns

    Location             Delay type                Incr(ns)  Path(ns)    Netlist Resource(s)
  -------------------------------------------------------------------    -------------------
                         (clock clk_out1_clk_wiz_0 rise edge)
                                                      0.000     0.000 r  
    E3                                                0.000     0.000 r  clk (IN)
                         net (fo=0)                   0.000     0.000    u_clk_wiz_0/inst/clk_in1
    E3                   IBUF (Prop_ibuf_I_O)         1.330     1.330 r  u_clk_wiz_0/inst/clkin1_ibufg/O
                         net (fo=1, routed)           0.974     2.304    u_clk_wiz_0/inst/clk_in1_clk_wiz_0
    MMCME2_ADV_X1Y2      MMCME2_ADV (Prop_mmcme2_adv_CLKIN1_CLKOUT0)
                                                     -5.294    -2.990 r  u_clk_wiz_0/inst/mmcm_adv_inst/CLKOUT0
                         net (fo=1, routed)           1.297    -1.693    u_clk_wiz_0/inst/clk_out1_clk_wiz_0
    BUFGCTRL_X0Y16       BUFG (Prop_bufg_I_O)         0.076    -1.617 r  u_clk_wiz_0/inst/clkout1_buf/O
                         net (fo=301, routed)         1.241    -0.376    u_vga_timing/clk_out1
    SLICE_X68Y68         FDRE                                         r  u_vga_timing/pixel_y_reg[8]/C
  -------------------------------------------------------------------    -------------------
    SLICE_X68Y68         FDRE (Prop_fdre_C_Q)         0.341    -0.035 r  u_vga_timing/pixel_y_reg[8]/Q
                         net (fo=23, routed)          1.231     1.196    u_vga_timing/Q[1]
    SLICE_X66Y69         LUT3 (Prop_lut3_I0_O)        0.097     1.293 r  u_vga_timing/rom_addr__0_carry__1_i_3/O
                         net (fo=1, routed)           0.000     1.293    u_bram_background/no_softecc_sel_reg.ce_pri.sel_pipe_reg[4]_0[1]
    SLICE_X66Y69         CARRY4 (Prop_carry4_S[1]_CO[3])
                                                      0.402     1.695 f  u_bram_background/rom_addr__0_carry__1/CO[3]
                         net (fo=27, routed)          2.322     4.016    u_bram_background/u_bg_rom/U0/inst_blk_mem_gen/gnbram.gnativebmg.native_blk_mem_gen/valid.cstr/bindec_a.bindec_inst_a/addra[4]
    SLICE_X72Y77         LUT5 (Prop_lut5_I1_O)        0.097     4.113 r  u_bram_background/u_bg_rom/U0/inst_blk_mem_gen/gnbram.gnativebmg.native_blk_mem_gen/valid.cstr/bindec_a.bindec_inst_a/DEVICE_7SERIES.NO_BMM_INFO.SP.SIMPLE_PRIM36.ram_i_1__12/O
                         net (fo=1, routed)           0.813     4.926    u_bram_background/u_bg_rom/U0/inst_blk_mem_gen/gnbram.gnativebmg.native_blk_mem_gen/valid.cstr/ramloop[18].ram.r/prim_init.ram/ena_array[0]
    RAMB36_X2Y17         RAMB36E1                                     r  u_bram_background/u_bg_rom/U0/inst_blk_mem_gen/gnbram.gnativebmg.native_blk_mem_gen/valid.cstr/ramloop[18].ram.r/prim_init.ram/DEVICE_7SERIES.NO_BMM_INFO.SP.SIMPLE_PRIM36.ram/ENARDEN
  -------------------------------------------------------------------    -------------------

                         (clock clk_out1_clk_wiz_0 rise edge)
                                                     39.724    39.724 r  
    E3                                                0.000    39.724 r  clk (IN)
                         net (fo=0)                   0.000    39.724    u_clk_wiz_0/inst/clk_in1
    E3                   IBUF (Prop_ibuf_I_O)         1.263    40.986 r  u_clk_wiz_0/inst/clkin1_ibufg/O
                         net (fo=1, routed)           0.916    41.903    u_clk_wiz_0/inst/clk_in1_clk_wiz_0
    MMCME2_ADV_X1Y2      MMCME2_ADV (Prop_mmcme2_adv_CLKIN1_CLKOUT0)
                                                     -5.390    36.513 r  u_clk_wiz_0/inst/mmcm_adv_inst/CLKOUT0
                         net (fo=1, routed)           1.234    37.747    u_clk_wiz_0/inst/clk_out1_clk_wiz_0
    BUFGCTRL_X0Y16       BUFG (Prop_bufg_I_O)         0.072    37.819 r  u_clk_wiz_0/inst/clkout1_buf/O
                         net (fo=301, routed)         1.238    39.057    u_bram_background/u_bg_rom/U0/inst_blk_mem_gen/gnbram.gnativebmg.native_blk_mem_gen/valid.cstr/ramloop[18].ram.r/prim_init.ram/clka
    RAMB36_X2Y17         RAMB36E1                                     r  u_bram_background/u_bg_rom/U0/inst_blk_mem_gen/gnbram.gnativebmg.native_blk_mem_gen/valid.cstr/ramloop[18].ram.r/prim_init.ram/DEVICE_7SERIES.NO_BMM_INFO.SP.SIMPLE_PRIM36.ram/CLKARDCLK
                         clock pessimism              0.348    39.405    
                         clock uncertainty           -0.086    39.319    
    RAMB36_X2Y17         RAMB36E1 (Setup_ramb36e1_CLKARDCLK_ENARDEN)
                                                     -0.348    38.971    u_bram_background/u_bg_rom/U0/inst_blk_mem_gen/gnbram.gnativebmg.native_blk_mem_gen/valid.cstr/ramloop[18].ram.r/prim_init.ram/DEVICE_7SERIES.NO_BMM_INFO.SP.SIMPLE_PRIM36.ram
  -------------------------------------------------------------------
                         required time                         38.971    
                         arrival time                          -4.926    
  -------------------------------------------------------------------
                         slack                                 34.045    

Slack (MET) :             34.190ns  (required time - arrival time)
  Source:                 u_vga_timing/pixel_y_reg[8]/C
                            (rising edge-triggered cell FDRE clocked by clk_out1_clk_wiz_0  {rise@0.000ns fall@19.862ns period=39.724ns})
  Destination:            u_bram_background/u_bg_rom/U0/inst_blk_mem_gen/gnbram.gnativebmg.native_blk_mem_gen/valid.cstr/ramloop[13].ram.r/prim_init.ram/DEVICE_7SERIES.NO_BMM_INFO.SP.SIMPLE_PRIM36.ram/ENARDEN
                            (rising edge-triggered cell RAMB36E1 clocked by clk_out1_clk_wiz_0  {rise@0.000ns fall@19.862ns period=39.724ns})
  Path Group:             clk_out1_clk_wiz_0
  Path Type:              Setup (Max at Slow Process Corner)
  Requirement:            39.724ns  (clk_out1_clk_wiz_0 rise@39.724ns - clk_out1_clk_wiz_0 rise@0.000ns)
  Data Path Delay:        5.013ns  (logic 0.935ns (18.652%)  route 4.078ns (81.348%))
  Logic Levels:           3  (CARRY4=1 LUT3=1 LUT5=1)
  Clock Path Skew:        0.062ns (DCD - SCD + CPR)
    Destination Clock Delay (DCD):    -0.662ns = ( 39.061 - 39.724 ) 
    Source Clock Delay      (SCD):    -0.376ns
    Clock Pessimism Removal (CPR):    0.348ns
  Clock Uncertainty:      0.086ns  ((TSJ^2 + DJ^2)^1/2) / 2 + PE
    Total System Jitter     (TSJ):    0.071ns
    Discrete Jitter          (DJ):    0.157ns
    Phase Error              (PE):    0.000ns

    Location             Delay type                Incr(ns)  Path(ns)    Netlist Resource(s)
  -------------------------------------------------------------------    -------------------
                         (clock clk_out1_clk_wiz_0 rise edge)
                                                      0.000     0.000 r  
    E3                                                0.000     0.000 r  clk (IN)
                         net (fo=0)                   0.000     0.000    u_clk_wiz_0/inst/clk_in1
    E3                   IBUF (Prop_ibuf_I_O)         1.330     1.330 r  u_clk_wiz_0/inst/clkin1_ibufg/O
                         net (fo=1, routed)           0.974     2.304    u_clk_wiz_0/inst/clk_in1_clk_wiz_0
    MMCME2_ADV_X1Y2      MMCME2_ADV (Prop_mmcme2_adv_CLKIN1_CLKOUT0)
                                                     -5.294    -2.990 r  u_clk_wiz_0/inst/mmcm_adv_inst/CLKOUT0
                         net (fo=1, routed)           1.297    -1.693    u_clk_wiz_0/inst/clk_out1_clk_wiz_0
    BUFGCTRL_X0Y16       BUFG (Prop_bufg_I_O)         0.076    -1.617 r  u_clk_wiz_0/inst/clkout1_buf/O
                         net (fo=301, routed)         1.241    -0.376    u_vga_timing/clk_out1
    SLICE_X68Y68         FDRE                                         r  u_vga_timing/pixel_y_reg[8]/C
  -------------------------------------------------------------------    -------------------
    SLICE_X68Y68         FDRE (Prop_fdre_C_Q)         0.341    -0.035 r  u_vga_timing/pixel_y_reg[8]/Q
                         net (fo=23, routed)          1.231     1.196    u_vga_timing/Q[1]
    SLICE_X66Y69         LUT3 (Prop_lut3_I0_O)        0.097     1.293 r  u_vga_timing/rom_addr__0_carry__1_i_3/O
                         net (fo=1, routed)           0.000     1.293    u_bram_background/no_softecc_sel_reg.ce_pri.sel_pipe_reg[4]_0[1]
    SLICE_X66Y69         CARRY4 (Prop_carry4_S[1]_CO[3])
                                                      0.402     1.695 f  u_bram_background/rom_addr__0_carry__1/CO[3]
                         net (fo=27, routed)          2.322     4.016    u_bram_background/u_bg_rom/U0/inst_blk_mem_gen/gnbram.gnativebmg.native_blk_mem_gen/valid.cstr/bindec_a.bindec_inst_a/addra[4]
    SLICE_X72Y77         LUT5 (Prop_lut5_I1_O)        0.095     4.111 r  u_bram_background/u_bg_rom/U0/inst_blk_mem_gen/gnbram.gnativebmg.native_blk_mem_gen/valid.cstr/bindec_a.bindec_inst_a/DEVICE_7SERIES.NO_BMM_INFO.SP.SIMPLE_PRIM36.ram_i_1__7/O
                         net (fo=1, routed)           0.525     4.636    u_bram_background/u_bg_rom/U0/inst_blk_mem_gen/gnbram.gnativebmg.native_blk_mem_gen/valid.cstr/ramloop[13].ram.r/prim_init.ram/ena_array[0]
    RAMB36_X3Y16         RAMB36E1                                     r  u_bram_background/u_bg_rom/U0/inst_blk_mem_gen/gnbram.gnativebmg.native_blk_mem_gen/valid.cstr/ramloop[13].ram.r/prim_init.ram/DEVICE_7SERIES.NO_BMM_INFO.SP.SIMPLE_PRIM36.ram/ENARDEN
  -------------------------------------------------------------------    -------------------

                         (clock clk_out1_clk_wiz_0 rise edge)
                                                     39.724    39.724 r  
    E3                                                0.000    39.724 r  clk (IN)
                         net (fo=0)                   0.000    39.724    u_clk_wiz_0/inst/clk_in1
    E3                   IBUF (Prop_ibuf_I_O)         1.263    40.986 r  u_clk_wiz_0/inst/clkin1_ibufg/O
                         net (fo=1, routed)           0.916    41.903    u_clk_wiz_0/inst/clk_in1_clk_wiz_0
    MMCME2_ADV_X1Y2      MMCME2_ADV (Prop_mmcme2_adv_CLKIN1_CLKOUT0)
                                                     -5.390    36.513 r  u_clk_wiz_0/inst/mmcm_adv_inst/CLKOUT0
                         net (fo=1, routed)           1.234    37.747    u_clk_wiz_0/inst/clk_out1_clk_wiz_0
    BUFGCTRL_X0Y16       BUFG (Prop_bufg_I_O)         0.072    37.819 r  u_clk_wiz_0/inst/clkout1_buf/O
                         net (fo=301, routed)         1.242    39.061    u_bram_background/u_bg_rom/U0/inst_blk_mem_gen/gnbram.gnativebmg.native_blk_mem_gen/valid.cstr/ramloop[13].ram.r/prim_init.ram/clka
    RAMB36_X3Y16         RAMB36E1                                     r  u_bram_background/u_bg_rom/U0/inst_blk_mem_gen/gnbram.gnativebmg.native_blk_mem_gen/valid.cstr/ramloop[13].ram.r/prim_init.ram/DEVICE_7SERIES.NO_BMM_INFO.SP.SIMPLE_PRIM36.ram/CLKARDCLK
                         clock pessimism              0.348    39.409    
                         clock uncertainty           -0.086    39.323    
    RAMB36_X3Y16         RAMB36E1 (Setup_ramb36e1_CLKARDCLK_ENARDEN)
                                                     -0.496    38.827    u_bram_background/u_bg_rom/U0/inst_blk_mem_gen/gnbram.gnativebmg.native_blk_mem_gen/valid.cstr/ramloop[13].ram.r/prim_init.ram/DEVICE_7SERIES.NO_BMM_INFO.SP.SIMPLE_PRIM36.ram
  -------------------------------------------------------------------
                         required time                         38.827    
                         arrival time                          -4.636    
  -------------------------------------------------------------------
                         slack                                 34.190    

Slack (MET) :             34.495ns  (required time - arrival time)
  Source:                 u_vga_timing/pixel_y_reg[8]/C
                            (rising edge-triggered cell FDRE clocked by clk_out1_clk_wiz_0  {rise@0.000ns fall@19.862ns period=39.724ns})
  Destination:            u_bram_background/u_bg_rom/U0/inst_blk_mem_gen/gnbram.gnativebmg.native_blk_mem_gen/valid.cstr/ramloop[15].ram.r/prim_init.ram/DEVICE_7SERIES.NO_BMM_INFO.SP.SIMPLE_PRIM36.ram/ENARDEN
                            (rising edge-triggered cell RAMB36E1 clocked by clk_out1_clk_wiz_0  {rise@0.000ns fall@19.862ns period=39.724ns})
  Path Group:             clk_out1_clk_wiz_0
  Path Type:              Setup (Max at Slow Process Corner)
  Requirement:            39.724ns  (clk_out1_clk_wiz_0 rise@39.724ns - clk_out1_clk_wiz_0 rise@0.000ns)
  Data Path Delay:        4.844ns  (logic 0.937ns (19.343%)  route 3.907ns (80.657%))
  Logic Levels:           3  (CARRY4=1 LUT3=1 LUT5=1)
  Clock Path Skew:        0.050ns (DCD - SCD + CPR)
    Destination Clock Delay (DCD):    -0.674ns = ( 39.049 - 39.724 ) 
    Source Clock Delay      (SCD):    -0.376ns
    Clock Pessimism Removal (CPR):    0.348ns
  Clock Uncertainty:      0.086ns  ((TSJ^2 + DJ^2)^1/2) / 2 + PE
    Total System Jitter     (TSJ):    0.071ns
    Discrete Jitter          (DJ):    0.157ns
    Phase Error              (PE):    0.000ns

    Location             Delay type                Incr(ns)  Path(ns)    Netlist Resource(s)
  -------------------------------------------------------------------    -------------------
                         (clock clk_out1_clk_wiz_0 rise edge)
                                                      0.000     0.000 r  
    E3                                                0.000     0.000 r  clk (IN)
                         net (fo=0)                   0.000     0.000    u_clk_wiz_0/inst/clk_in1
    E3                   IBUF (Prop_ibuf_I_O)         1.330     1.330 r  u_clk_wiz_0/inst/clkin1_ibufg/O
                         net (fo=1, routed)           0.974     2.304    u_clk_wiz_0/inst/clk_in1_clk_wiz_0
    MMCME2_ADV_X1Y2      MMCME2_ADV (Prop_mmcme2_adv_CLKIN1_CLKOUT0)
                                                     -5.294    -2.990 r  u_clk_wiz_0/inst/mmcm_adv_inst/CLKOUT0
                         net (fo=1, routed)           1.297    -1.693    u_clk_wiz_0/inst/clk_out1_clk_wiz_0
    BUFGCTRL_X0Y16       BUFG (Prop_bufg_I_O)         0.076    -1.617 r  u_clk_wiz_0/inst/clkout1_buf/O
                         net (fo=301, routed)         1.241    -0.376    u_vga_timing/clk_out1
    SLICE_X68Y68         FDRE                                         r  u_vga_timing/pixel_y_reg[8]/C
  -------------------------------------------------------------------    -------------------
    SLICE_X68Y68         FDRE (Prop_fdre_C_Q)         0.341    -0.035 r  u_vga_timing/pixel_y_reg[8]/Q
                         net (fo=23, routed)          1.231     1.196    u_vga_timing/Q[1]
    SLICE_X66Y69         LUT3 (Prop_lut3_I0_O)        0.097     1.293 r  u_vga_timing/rom_addr__0_carry__1_i_3/O
                         net (fo=1, routed)           0.000     1.293    u_bram_background/no_softecc_sel_reg.ce_pri.sel_pipe_reg[4]_0[1]
    SLICE_X66Y69         CARRY4 (Prop_carry4_S[1]_CO[3])
                                                      0.402     1.695 f  u_bram_background/rom_addr__0_carry__1/CO[3]
                         net (fo=27, routed)          2.323     4.018    u_bram_background/u_bg_rom/U0/inst_blk_mem_gen/gnbram.gnativebmg.native_blk_mem_gen/valid.cstr/bindec_a.bindec_inst_a/addra[4]
    SLICE_X72Y77         LUT5 (Prop_lut5_I1_O)        0.097     4.115 r  u_bram_background/u_bg_rom/U0/inst_blk_mem_gen/gnbram.gnativebmg.native_blk_mem_gen/valid.cstr/bindec_a.bindec_inst_a/DEVICE_7SERIES.NO_BMM_INFO.SP.SIMPLE_PRIM36.ram_i_1__9/O
                         net (fo=1, routed)           0.353     4.468    u_bram_background/u_bg_rom/U0/inst_blk_mem_gen/gnbram.gnativebmg.native_blk_mem_gen/valid.cstr/ramloop[15].ram.r/prim_init.ram/ena_array[0]
    RAMB36_X2Y15         RAMB36E1                                     r  u_bram_background/u_bg_rom/U0/inst_blk_mem_gen/gnbram.gnativebmg.native_blk_mem_gen/valid.cstr/ramloop[15].ram.r/prim_init.ram/DEVICE_7SERIES.NO_BMM_INFO.SP.SIMPLE_PRIM36.ram/ENARDEN
  -------------------------------------------------------------------    -------------------

                         (clock clk_out1_clk_wiz_0 rise edge)
                                                     39.724    39.724 r  
    E3                                                0.000    39.724 r  clk (IN)
                         net (fo=0)                   0.000    39.724    u_clk_wiz_0/inst/clk_in1
    E3                   IBUF (Prop_ibuf_I_O)         1.263    40.986 r  u_clk_wiz_0/inst/clkin1_ibufg/O
                         net (fo=1, routed)           0.916    41.903    u_clk_wiz_0/inst/clk_in1_clk_wiz_0
    MMCME2_ADV_X1Y2      MMCME2_ADV (Prop_mmcme2_adv_CLKIN1_CLKOUT0)
                                                     -5.390    36.513 r  u_clk_wiz_0/inst/mmcm_adv_inst/CLKOUT0
                         net (fo=1, routed)           1.234    37.747    u_clk_wiz_0/inst/clk_out1_clk_wiz_0
    BUFGCTRL_X0Y16       BUFG (Prop_bufg_I_O)         0.072    37.819 r  u_clk_wiz_0/inst/clkout1_buf/O
                         net (fo=301, routed)         1.230    39.049    u_bram_background/u_bg_rom/U0/inst_blk_mem_gen/gnbram.gnativebmg.native_blk_mem_gen/valid.cstr/ramloop[15].ram.r/prim_init.ram/clka
    RAMB36_X2Y15         RAMB36E1                                     r  u_bram_background/u_bg_rom/U0/inst_blk_mem_gen/gnbram.gnativebmg.native_blk_mem_gen/valid.cstr/ramloop[15].ram.r/prim_init.ram/DEVICE_7SERIES.NO_BMM_INFO.SP.SIMPLE_PRIM36.ram/CLKARDCLK
                         clock pessimism              0.348    39.397    
                         clock uncertainty           -0.086    39.311    
    RAMB36_X2Y15         RAMB36E1 (Setup_ramb36e1_CLKARDCLK_ENARDEN)
                                                     -0.348    38.963    u_bram_background/u_bg_rom/U0/inst_blk_mem_gen/gnbram.gnativebmg.native_blk_mem_gen/valid.cstr/ramloop[15].ram.r/prim_init.ram/DEVICE_7SERIES.NO_BMM_INFO.SP.SIMPLE_PRIM36.ram
  -------------------------------------------------------------------
                         required time                         38.963    
                         arrival time                          -4.468    
  -------------------------------------------------------------------
                         slack                                 34.495    

Slack (MET) :             34.704ns  (required time - arrival time)
  Source:                 u_vga_timing/pixel_y_reg[8]/C
                            (rising edge-triggered cell FDRE clocked by clk_out1_clk_wiz_0  {rise@0.000ns fall@19.862ns period=39.724ns})
  Destination:            u_bram_background/u_bg_rom/U0/inst_blk_mem_gen/gnbram.gnativebmg.native_blk_mem_gen/valid.cstr/ramloop[20].ram.r/prim_init.ram/DEVICE_7SERIES.NO_BMM_INFO.SP.SIMPLE_PRIM36.ram/ENARDEN
                            (rising edge-triggered cell RAMB36E1 clocked by clk_out1_clk_wiz_0  {rise@0.000ns fall@19.862ns period=39.724ns})
  Path Group:             clk_out1_clk_wiz_0
  Path Type:              Setup (Max at Slow Process Corner)
  Requirement:            39.724ns  (clk_out1_clk_wiz_0 rise@39.724ns - clk_out1_clk_wiz_0 rise@0.000ns)
  Data Path Delay:        4.643ns  (logic 0.937ns (20.182%)  route 3.706ns (79.818%))
  Logic Levels:           3  (CARRY4=1 LUT3=1 LUT5=1)
  Clock Path Skew:        0.058ns (DCD - SCD + CPR)
    Destination Clock Delay (DCD):    -0.666ns = ( 39.057 - 39.724 ) 
    Source Clock Delay      (SCD):    -0.376ns
    Clock Pessimism Removal (CPR):    0.348ns
  Clock Uncertainty:      0.086ns  ((TSJ^2 + DJ^2)^1/2) / 2 + PE
    Total System Jitter     (TSJ):    0.071ns
    Discrete Jitter          (DJ):    0.157ns
    Phase Error              (PE):    0.000ns

    Location             Delay type                Incr(ns)  Path(ns)    Netlist Resource(s)
  -------------------------------------------------------------------    -------------------
                         (clock clk_out1_clk_wiz_0 rise edge)
                                                      0.000     0.000 r  
    E3                                                0.000     0.000 r  clk (IN)
                         net (fo=0)                   0.000     0.000    u_clk_wiz_0/inst/clk_in1
    E3                   IBUF (Prop_ibuf_I_O)         1.330     1.330 r  u_clk_wiz_0/inst/clkin1_ibufg/O
                         net (fo=1, routed)           0.974     2.304    u_clk_wiz_0/inst/clk_in1_clk_wiz_0
    MMCME2_ADV_X1Y2      MMCME2_ADV (Prop_mmcme2_adv_CLKIN1_CLKOUT0)
                                                     -5.294    -2.990 r  u_clk_wiz_0/inst/mmcm_adv_inst/CLKOUT0
                         net (fo=1, routed)           1.297    -1.693    u_clk_wiz_0/inst/clk_out1_clk_wiz_0
    BUFGCTRL_X0Y16       BUFG (Prop_bufg_I_O)         0.076    -1.617 r  u_clk_wiz_0/inst/clkout1_buf/O
                         net (fo=301, routed)         1.241    -0.376    u_vga_timing/clk_out1
    SLICE_X68Y68         FDRE                                         r  u_vga_timing/pixel_y_reg[8]/C
  -------------------------------------------------------------------    -------------------
    SLICE_X68Y68         FDRE (Prop_fdre_C_Q)         0.341    -0.035 r  u_vga_timing/pixel_y_reg[8]/Q
                         net (fo=23, routed)          1.231     1.196    u_vga_timing/Q[1]
    SLICE_X66Y69         LUT3 (Prop_lut3_I0_O)        0.097     1.293 r  u_vga_timing/rom_addr__0_carry__1_i_3/O
                         net (fo=1, routed)           0.000     1.293    u_bram_background/no_softecc_sel_reg.ce_pri.sel_pipe_reg[4]_0[1]
    SLICE_X66Y69         CARRY4 (Prop_carry4_S[1]_CO[3])
                                                      0.402     1.695 f  u_bram_background/rom_addr__0_carry__1/CO[3]
                         net (fo=27, routed)          2.090     3.785    u_bram_background/u_bg_rom/U0/inst_blk_mem_gen/gnbram.gnativebmg.native_blk_mem_gen/valid.cstr/bindec_a.bindec_inst_a/addra[4]
    SLICE_X81Y77         LUT5 (Prop_lut5_I0_O)        0.097     3.882 r  u_bram_background/u_bg_rom/U0/inst_blk_mem_gen/gnbram.gnativebmg.native_blk_mem_gen/valid.cstr/bindec_a.bindec_inst_a/DEVICE_7SERIES.NO_BMM_INFO.SP.SIMPLE_PRIM36.ram_i_1__14/O
                         net (fo=1, routed)           0.385     4.266    u_bram_background/u_bg_rom/U0/inst_blk_mem_gen/gnbram.gnativebmg.native_blk_mem_gen/valid.cstr/ramloop[20].ram.r/prim_init.ram/ena_array[0]
    RAMB36_X3Y15         RAMB36E1                                     r  u_bram_background/u_bg_rom/U0/inst_blk_mem_gen/gnbram.gnativebmg.native_blk_mem_gen/valid.cstr/ramloop[20].ram.r/prim_init.ram/DEVICE_7SERIES.NO_BMM_INFO.SP.SIMPLE_PRIM36.ram/ENARDEN
  -------------------------------------------------------------------    -------------------

                         (clock clk_out1_clk_wiz_0 rise edge)
                                                     39.724    39.724 r  
    E3                                                0.000    39.724 r  clk (IN)
                         net (fo=0)                   0.000    39.724    u_clk_wiz_0/inst/clk_in1
    E3                   IBUF (Prop_ibuf_I_O)         1.263    40.986 r  u_clk_wiz_0/inst/clkin1_ibufg/O
                         net (fo=1, routed)           0.916    41.903    u_clk_wiz_0/inst/clk_in1_clk_wiz_0
    MMCME2_ADV_X1Y2      MMCME2_ADV (Prop_mmcme2_adv_CLKIN1_CLKOUT0)
                                                     -5.390    36.513 r  u_clk_wiz_0/inst/mmcm_adv_inst/CLKOUT0
                         net (fo=1, routed)           1.234    37.747    u_clk_wiz_0/inst/clk_out1_clk_wiz_0
    BUFGCTRL_X0Y16       BUFG (Prop_bufg_I_O)         0.072    37.819 r  u_clk_wiz_0/inst/clkout1_buf/O
                         net (fo=301, routed)         1.238    39.057    u_bram_background/u_bg_rom/U0/inst_blk_mem_gen/gnbram.gnativebmg.native_blk_mem_gen/valid.cstr/ramloop[20].ram.r/prim_init.ram/clka
    RAMB36_X3Y15         RAMB36E1                                     r  u_bram_background/u_bg_rom/U0/inst_blk_mem_gen/gnbram.gnativebmg.native_blk_mem_gen/valid.cstr/ramloop[20].ram.r/prim_init.ram/DEVICE_7SERIES.NO_BMM_INFO.SP.SIMPLE_PRIM36.ram/CLKARDCLK
                         clock pessimism              0.348    39.405    
                         clock uncertainty           -0.086    39.319    
    RAMB36_X3Y15         RAMB36E1 (Setup_ramb36e1_CLKARDCLK_ENARDEN)
                                                     -0.348    38.971    u_bram_background/u_bg_rom/U0/inst_blk_mem_gen/gnbram.gnativebmg.native_blk_mem_gen/valid.cstr/ramloop[20].ram.r/prim_init.ram/DEVICE_7SERIES.NO_BMM_INFO.SP.SIMPLE_PRIM36.ram
  -------------------------------------------------------------------
                         required time                         38.971    
                         arrival time                          -4.266    
  -------------------------------------------------------------------
                         slack                                 34.704    

Slack (MET) :             34.889ns  (required time - arrival time)
  Source:                 u_vga_timing/pixel_y_reg[8]/C
                            (rising edge-triggered cell FDRE clocked by clk_out1_clk_wiz_0  {rise@0.000ns fall@19.862ns period=39.724ns})
  Destination:            u_bram_background/u_bg_rom/U0/inst_blk_mem_gen/gnbram.gnativebmg.native_blk_mem_gen/valid.cstr/ramloop[9].ram.r/prim_init.ram/DEVICE_7SERIES.NO_BMM_INFO.SP.SIMPLE_PRIM36.ram/ENARDEN
                            (rising edge-triggered cell RAMB36E1 clocked by clk_out1_clk_wiz_0  {rise@0.000ns fall@19.862ns period=39.724ns})
  Path Group:             clk_out1_clk_wiz_0
  Path Type:              Setup (Max at Slow Process Corner)
  Requirement:            39.724ns  (clk_out1_clk_wiz_0 rise@39.724ns - clk_out1_clk_wiz_0 rise@0.000ns)
  Data Path Delay:        4.254ns  (logic 1.101ns (25.879%)  route 3.153ns (74.121%))
  Logic Levels:           3  (CARRY4=1 LUT3=1 LUT5=1)
  Clock Path Skew:        -0.004ns (DCD - SCD + CPR)
    Destination Clock Delay (DCD):    -0.728ns = ( 38.995 - 39.724 ) 
    Source Clock Delay      (SCD):    -0.376ns
    Clock Pessimism Removal (CPR):    0.348ns
  Clock Uncertainty:      0.086ns  ((TSJ^2 + DJ^2)^1/2) / 2 + PE
    Total System Jitter     (TSJ):    0.071ns
    Discrete Jitter          (DJ):    0.157ns
    Phase Error              (PE):    0.000ns

    Location             Delay type                Incr(ns)  Path(ns)    Netlist Resource(s)
  -------------------------------------------------------------------    -------------------
                         (clock clk_out1_clk_wiz_0 rise edge)
                                                      0.000     0.000 r  
    E3                                                0.000     0.000 r  clk (IN)
                         net (fo=0)                   0.000     0.000    u_clk_wiz_0/inst/clk_in1
    E3                   IBUF (Prop_ibuf_I_O)         1.330     1.330 r  u_clk_wiz_0/inst/clkin1_ibufg/O
                         net (fo=1, routed)           0.974     2.304    u_clk_wiz_0/inst/clk_in1_clk_wiz_0
    MMCME2_ADV_X1Y2      MMCME2_ADV (Prop_mmcme2_adv_CLKIN1_CLKOUT0)
                                                     -5.294    -2.990 r  u_clk_wiz_0/inst/mmcm_adv_inst/CLKOUT0
                         net (fo=1, routed)           1.297    -1.693    u_clk_wiz_0/inst/clk_out1_clk_wiz_0
    BUFGCTRL_X0Y16       BUFG (Prop_bufg_I_O)         0.076    -1.617 r  u_clk_wiz_0/inst/clkout1_buf/O
                         net (fo=301, routed)         1.241    -0.376    u_vga_timing/clk_out1
    SLICE_X68Y68         FDRE                                         r  u_vga_timing/pixel_y_reg[8]/C
  -------------------------------------------------------------------    -------------------
    SLICE_X68Y68         FDRE (Prop_fdre_C_Q)         0.341    -0.035 r  u_vga_timing/pixel_y_reg[8]/Q
                         net (fo=23, routed)          1.231     1.196    u_vga_timing/Q[1]
    SLICE_X66Y69         LUT3 (Prop_lut3_I0_O)        0.097     1.293 r  u_vga_timing/rom_addr__0_carry__1_i_3/O
                         net (fo=1, routed)           0.000     1.293    u_bram_background/no_softecc_sel_reg.ce_pri.sel_pipe_reg[4]_0[1]
    SLICE_X66Y69         CARRY4 (Prop_carry4_S[1]_O[2])
                                                      0.432     1.725 f  u_bram_background/rom_addr__0_carry__1/O[2]
                         net (fo=27, routed)          1.574     3.299    u_bram_background/u_bg_rom/U0/inst_blk_mem_gen/gnbram.gnativebmg.native_blk_mem_gen/valid.cstr/bindec_a.bindec_inst_a/addra[3]
    SLICE_X64Y52         LUT5 (Prop_lut5_I3_O)        0.231     3.530 r  u_bram_background/u_bg_rom/U0/inst_blk_mem_gen/gnbram.gnativebmg.native_blk_mem_gen/valid.cstr/bindec_a.bindec_inst_a/DEVICE_7SERIES.NO_BMM_INFO.SP.SIMPLE_PRIM36.ram_i_1__3/O
                         net (fo=1, routed)           0.348     3.878    u_bram_background/u_bg_rom/U0/inst_blk_mem_gen/gnbram.gnativebmg.native_blk_mem_gen/valid.cstr/ramloop[9].ram.r/prim_init.ram/ena_array[0]
    RAMB36_X1Y10         RAMB36E1                                     r  u_bram_background/u_bg_rom/U0/inst_blk_mem_gen/gnbram.gnativebmg.native_blk_mem_gen/valid.cstr/ramloop[9].ram.r/prim_init.ram/DEVICE_7SERIES.NO_BMM_INFO.SP.SIMPLE_PRIM36.ram/ENARDEN
  -------------------------------------------------------------------    -------------------

                         (clock clk_out1_clk_wiz_0 rise edge)
                                                     39.724    39.724 r  
    E3                                                0.000    39.724 r  clk (IN)
                         net (fo=0)                   0.000    39.724    u_clk_wiz_0/inst/clk_in1
    E3                   IBUF (Prop_ibuf_I_O)         1.263    40.986 r  u_clk_wiz_0/inst/clkin1_ibufg/O
                         net (fo=1, routed)           0.916    41.903    u_clk_wiz_0/inst/clk_in1_clk_wiz_0
    MMCME2_ADV_X1Y2      MMCME2_ADV (Prop_mmcme2_adv_CLKIN1_CLKOUT0)
                                                     -5.390    36.513 r  u_clk_wiz_0/inst/mmcm_adv_inst/CLKOUT0
                         net (fo=1, routed)           1.234    37.747    u_clk_wiz_0/inst/clk_out1_clk_wiz_0
    BUFGCTRL_X0Y16       BUFG (Prop_bufg_I_O)         0.072    37.819 r  u_clk_wiz_0/inst/clkout1_buf/O
                         net (fo=301, routed)         1.176    38.995    u_bram_background/u_bg_rom/U0/inst_blk_mem_gen/gnbram.gnativebmg.native_blk_mem_gen/valid.cstr/ramloop[9].ram.r/prim_init.ram/clka
    RAMB36_X1Y10         RAMB36E1                                     r  u_bram_background/u_bg_rom/U0/inst_blk_mem_gen/gnbram.gnativebmg.native_blk_mem_gen/valid.cstr/ramloop[9].ram.r/prim_init.ram/DEVICE_7SERIES.NO_BMM_INFO.SP.SIMPLE_PRIM36.ram/CLKARDCLK
                         clock pessimism              0.348    39.343    
                         clock uncertainty           -0.086    39.257    
    RAMB36_X1Y10         RAMB36E1 (Setup_ramb36e1_CLKARDCLK_ENARDEN)
                                                     -0.490    38.767    u_bram_background/u_bg_rom/U0/inst_blk_mem_gen/gnbram.gnativebmg.native_blk_mem_gen/valid.cstr/ramloop[9].ram.r/prim_init.ram/DEVICE_7SERIES.NO_BMM_INFO.SP.SIMPLE_PRIM36.ram
  -------------------------------------------------------------------
                         required time                         38.767    
                         arrival time                          -3.878    
  -------------------------------------------------------------------
                         slack                                 34.889    

Slack (MET) :             34.931ns  (required time - arrival time)
  Source:                 u_vga_timing/pixel_y_reg[8]/C
                            (rising edge-triggered cell FDRE clocked by clk_out1_clk_wiz_0  {rise@0.000ns fall@19.862ns period=39.724ns})
  Destination:            u_bram_background/u_bg_rom/U0/inst_blk_mem_gen/gnbram.gnativebmg.native_blk_mem_gen/valid.cstr/ramloop[6].ram.r/prim_init.ram/DEVICE_7SERIES.NO_BMM_INFO.SP.SIMPLE_PRIM36.ram/ENARDEN
                            (rising edge-triggered cell RAMB36E1 clocked by clk_out1_clk_wiz_0  {rise@0.000ns fall@19.862ns period=39.724ns})
  Path Group:             clk_out1_clk_wiz_0
  Path Type:              Setup (Max at Slow Process Corner)
  Requirement:            39.724ns  (clk_out1_clk_wiz_0 rise@39.724ns - clk_out1_clk_wiz_0 rise@0.000ns)
  Data Path Delay:        4.418ns  (logic 1.087ns (24.606%)  route 3.331ns (75.394%))
  Logic Levels:           3  (CARRY4=1 LUT3=1 LUT5=1)
  Clock Path Skew:        0.060ns (DCD - SCD + CPR)
    Destination Clock Delay (DCD):    -0.664ns = ( 39.059 - 39.724 ) 
    Source Clock Delay      (SCD):    -0.376ns
    Clock Pessimism Removal (CPR):    0.348ns
  Clock Uncertainty:      0.086ns  ((TSJ^2 + DJ^2)^1/2) / 2 + PE
    Total System Jitter     (TSJ):    0.071ns
    Discrete Jitter          (DJ):    0.157ns
    Phase Error              (PE):    0.000ns

    Location             Delay type                Incr(ns)  Path(ns)    Netlist Resource(s)
  -------------------------------------------------------------------    -------------------
                         (clock clk_out1_clk_wiz_0 rise edge)
                                                      0.000     0.000 r  
    E3                                                0.000     0.000 r  clk (IN)
                         net (fo=0)                   0.000     0.000    u_clk_wiz_0/inst/clk_in1
    E3                   IBUF (Prop_ibuf_I_O)         1.330     1.330 r  u_clk_wiz_0/inst/clkin1_ibufg/O
                         net (fo=1, routed)           0.974     2.304    u_clk_wiz_0/inst/clk_in1_clk_wiz_0
    MMCME2_ADV_X1Y2      MMCME2_ADV (Prop_mmcme2_adv_CLKIN1_CLKOUT0)
                                                     -5.294    -2.990 r  u_clk_wiz_0/inst/mmcm_adv_inst/CLKOUT0
                         net (fo=1, routed)           1.297    -1.693    u_clk_wiz_0/inst/clk_out1_clk_wiz_0
    BUFGCTRL_X0Y16       BUFG (Prop_bufg_I_O)         0.076    -1.617 r  u_clk_wiz_0/inst/clkout1_buf/O
                         net (fo=301, routed)         1.241    -0.376    u_vga_timing/clk_out1
    SLICE_X68Y68         FDRE                                         r  u_vga_timing/pixel_y_reg[8]/C
  -------------------------------------------------------------------    -------------------
    SLICE_X68Y68         FDRE (Prop_fdre_C_Q)         0.341    -0.035 r  u_vga_timing/pixel_y_reg[8]/Q
                         net (fo=23, routed)          1.231     1.196    u_vga_timing/Q[1]
    SLICE_X66Y69         LUT3 (Prop_lut3_I0_O)        0.097     1.293 r  u_vga_timing/rom_addr__0_carry__1_i_3/O
                         net (fo=1, routed)           0.000     1.293    u_bram_background/no_softecc_sel_reg.ce_pri.sel_pipe_reg[4]_0[1]
    SLICE_X66Y69         CARRY4 (Prop_carry4_S[1]_O[2])
                                                      0.432     1.725 f  u_bram_background/rom_addr__0_carry__1/O[2]
                         net (fo=27, routed)          1.574     3.299    u_bram_background/u_bg_rom/U0/inst_blk_mem_gen/gnbram.gnativebmg.native_blk_mem_gen/valid.cstr/bindec_a.bindec_inst_a/addra[3]
    SLICE_X64Y52         LUT5 (Prop_lut5_I3_O)        0.217     3.516 r  u_bram_background/u_bg_rom/U0/inst_blk_mem_gen/gnbram.gnativebmg.native_blk_mem_gen/valid.cstr/bindec_a.bindec_inst_a/DEVICE_7SERIES.NO_BMM_INFO.SP.SIMPLE_PRIM36.ram_i_1__0/O
                         net (fo=1, routed)           0.525     4.041    u_bram_background/u_bg_rom/U0/inst_blk_mem_gen/gnbram.gnativebmg.native_blk_mem_gen/valid.cstr/ramloop[6].ram.r/prim_init.ram/ena_array[0]
    RAMB36_X2Y10         RAMB36E1                                     r  u_bram_background/u_bg_rom/U0/inst_blk_mem_gen/gnbram.gnativebmg.native_blk_mem_gen/valid.cstr/ramloop[6].ram.r/prim_init.ram/DEVICE_7SERIES.NO_BMM_INFO.SP.SIMPLE_PRIM36.ram/ENARDEN
  -------------------------------------------------------------------    -------------------

                         (clock clk_out1_clk_wiz_0 rise edge)
                                                     39.724    39.724 r  
    E3                                                0.000    39.724 r  clk (IN)
                         net (fo=0)                   0.000    39.724    u_clk_wiz_0/inst/clk_in1
    E3                   IBUF (Prop_ibuf_I_O)         1.263    40.986 r  u_clk_wiz_0/inst/clkin1_ibufg/O
                         net (fo=1, routed)           0.916    41.903    u_clk_wiz_0/inst/clk_in1_clk_wiz_0
    MMCME2_ADV_X1Y2      MMCME2_ADV (Prop_mmcme2_adv_CLKIN1_CLKOUT0)
                                                     -5.390    36.513 r  u_clk_wiz_0/inst/mmcm_adv_inst/CLKOUT0
                         net (fo=1, routed)           1.234    37.747    u_clk_wiz_0/inst/clk_out1_clk_wiz_0
    BUFGCTRL_X0Y16       BUFG (Prop_bufg_I_O)         0.072    37.819 r  u_clk_wiz_0/inst/clkout1_buf/O
                         net (fo=301, routed)         1.240    39.059    u_bram_background/u_bg_rom/U0/inst_blk_mem_gen/gnbram.gnativebmg.native_blk_mem_gen/valid.cstr/ramloop[6].ram.r/prim_init.ram/clka
    RAMB36_X2Y10         RAMB36E1                                     r  u_bram_background/u_bg_rom/U0/inst_blk_mem_gen/gnbram.gnativebmg.native_blk_mem_gen/valid.cstr/ramloop[6].ram.r/prim_init.ram/DEVICE_7SERIES.NO_BMM_INFO.SP.SIMPLE_PRIM36.ram/CLKARDCLK
                         clock pessimism              0.348    39.407    
                         clock uncertainty           -0.086    39.321    
    RAMB36_X2Y10         RAMB36E1 (Setup_ramb36e1_CLKARDCLK_ENARDEN)
                                                     -0.348    38.973    u_bram_background/u_bg_rom/U0/inst_blk_mem_gen/gnbram.gnativebmg.native_blk_mem_gen/valid.cstr/ramloop[6].ram.r/prim_init.ram/DEVICE_7SERIES.NO_BMM_INFO.SP.SIMPLE_PRIM36.ram
  -------------------------------------------------------------------
                         required time                         38.973    
                         arrival time                          -4.041    
  -------------------------------------------------------------------
                         slack                                 34.931    

Slack (MET) :             34.945ns  (required time - arrival time)
  Source:                 u_clock_core/tick_cnt_reg[5]/C
                            (rising edge-triggered cell FDRE clocked by clk_out1_clk_wiz_0  {rise@0.000ns fall@19.862ns period=39.724ns})
  Destination:            u_clock_core/hour_reg[0]/CE
                            (rising edge-triggered cell FDRE clocked by clk_out1_clk_wiz_0  {rise@0.000ns fall@19.862ns period=39.724ns})
  Path Group:             clk_out1_clk_wiz_0
  Path Type:              Setup (Max at Slow Process Corner)
  Requirement:            39.724ns  (clk_out1_clk_wiz_0 rise@39.724ns - clk_out1_clk_wiz_0 rise@0.000ns)
  Data Path Delay:        4.390ns  (logic 0.829ns (18.883%)  route 3.561ns (81.117%))
  Logic Levels:           5  (LUT4=1 LUT5=2 LUT6=2)
  Clock Path Skew:        -0.041ns (DCD - SCD + CPR)
    Destination Clock Delay (DCD):    -0.767ns = ( 38.956 - 39.724 ) 
    Source Clock Delay      (SCD):    -0.378ns
    Clock Pessimism Removal (CPR):    0.348ns
  Clock Uncertainty:      0.086ns  ((TSJ^2 + DJ^2)^1/2) / 2 + PE
    Total System Jitter     (TSJ):    0.071ns
    Discrete Jitter          (DJ):    0.157ns
    Phase Error              (PE):    0.000ns

    Location             Delay type                Incr(ns)  Path(ns)    Netlist Resource(s)
  -------------------------------------------------------------------    -------------------
                         (clock clk_out1_clk_wiz_0 rise edge)
                                                      0.000     0.000 r  
    E3                                                0.000     0.000 r  clk (IN)
                         net (fo=0)                   0.000     0.000    u_clk_wiz_0/inst/clk_in1
    E3                   IBUF (Prop_ibuf_I_O)         1.330     1.330 r  u_clk_wiz_0/inst/clkin1_ibufg/O
                         net (fo=1, routed)           0.974     2.304    u_clk_wiz_0/inst/clk_in1_clk_wiz_0
    MMCME2_ADV_X1Y2      MMCME2_ADV (Prop_mmcme2_adv_CLKIN1_CLKOUT0)
                                                     -5.294    -2.990 r  u_clk_wiz_0/inst/mmcm_adv_inst/CLKOUT0
                         net (fo=1, routed)           1.297    -1.693    u_clk_wiz_0/inst/clk_out1_clk_wiz_0
    BUFGCTRL_X0Y16       BUFG (Prop_bufg_I_O)         0.076    -1.617 r  u_clk_wiz_0/inst/clkout1_buf/O
                         net (fo=301, routed)         1.238    -0.378    u_clock_core/clk_out1
    SLICE_X53Y62         FDRE                                         r  u_clock_core/tick_cnt_reg[5]/C
  -------------------------------------------------------------------    -------------------
    SLICE_X53Y62         FDRE (Prop_fdre_C_Q)         0.341    -0.037 r  u_clock_core/tick_cnt_reg[5]/Q
                         net (fo=3, routed)           0.618     0.580    u_clock_core/tick_cnt_reg[5]
    SLICE_X52Y64         LUT4 (Prop_lut4_I0_O)        0.097     0.677 f  u_clock_core/sec[5]_i_12/O
                         net (fo=1, routed)           0.415     1.092    u_clock_core/sec[5]_i_12_n_0
    SLICE_X52Y66         LUT6 (Prop_lut6_I1_O)        0.097     1.189 f  u_clock_core/sec[5]_i_8/O
                         net (fo=1, routed)           0.454     1.643    u_clock_core/sec[5]_i_8_n_0
    SLICE_X52Y66         LUT5 (Prop_lut5_I4_O)        0.097     1.740 r  u_clock_core/sec[5]_i_4/O
                         net (fo=6, routed)           0.764     2.504    u_clock_core/sec[5]_i_4_n_0
    SLICE_X59Y70         LUT6 (Prop_lut6_I0_O)        0.097     2.601 r  u_clock_core/min[5]_i_3/O
                         net (fo=2, routed)           0.695     3.295    u_clock_core/u_btn_hour_down/hour_reg[0]_0
    SLICE_X60Y68         LUT5 (Prop_lut5_I4_O)        0.100     3.395 r  u_clock_core/u_btn_hour_down/hour[4]_i_1/O
                         net (fo=5, routed)           0.616     4.012    u_clock_core/u_btn_hour_down_n_1
    SLICE_X62Y68         FDRE                                         r  u_clock_core/hour_reg[0]/CE
  -------------------------------------------------------------------    -------------------

                         (clock clk_out1_clk_wiz_0 rise edge)
                                                     39.724    39.724 r  
    E3                                                0.000    39.724 r  clk (IN)
                         net (fo=0)                   0.000    39.724    u_clk_wiz_0/inst/clk_in1
    E3                   IBUF (Prop_ibuf_I_O)         1.263    40.986 r  u_clk_wiz_0/inst/clkin1_ibufg/O
                         net (fo=1, routed)           0.916    41.903    u_clk_wiz_0/inst/clk_in1_clk_wiz_0
    MMCME2_ADV_X1Y2      MMCME2_ADV (Prop_mmcme2_adv_CLKIN1_CLKOUT0)
                                                     -5.390    36.513 r  u_clk_wiz_0/inst/mmcm_adv_inst/CLKOUT0
                         net (fo=1, routed)           1.234    37.747    u_clk_wiz_0/inst/clk_out1_clk_wiz_0
    BUFGCTRL_X0Y16       BUFG (Prop_bufg_I_O)         0.072    37.819 r  u_clk_wiz_0/inst/clkout1_buf/O
                         net (fo=301, routed)         1.137    38.956    u_clock_core/clk_out1
    SLICE_X62Y68         FDRE                                         r  u_clock_core/hour_reg[0]/C
                         clock pessimism              0.348    39.304    
                         clock uncertainty           -0.086    39.218    
    SLICE_X62Y68         FDRE (Setup_fdre_C_CE)      -0.261    38.957    u_clock_core/hour_reg[0]
  -------------------------------------------------------------------
                         required time                         38.957    
                         arrival time                          -4.012    
  -------------------------------------------------------------------
                         slack                                 34.945    

Slack (MET) :             34.994ns  (required time - arrival time)
  Source:                 u_vga_timing/pixel_x_reg[9]/C
                            (rising edge-triggered cell FDRE clocked by clk_out1_clk_wiz_0  {rise@0.000ns fall@19.862ns period=39.724ns})
  Destination:            u_bram_background/u_bg_rom/U0/inst_blk_mem_gen/gnbram.gnativebmg.native_blk_mem_gen/valid.cstr/ramloop[0].ram.r/prim_init.ram/DEVICE_7SERIES.NO_BMM_INFO.SP.CASCADED_PRIM36.ram_B/ADDRARDADDR[11]
                            (rising edge-triggered cell RAMB36E1 clocked by clk_out1_clk_wiz_0  {rise@0.000ns fall@19.862ns period=39.724ns})
  Path Group:             clk_out1_clk_wiz_0
  Path Type:              Setup (Max at Slow Process Corner)
  Requirement:            39.724ns  (clk_out1_clk_wiz_0 rise@39.724ns - clk_out1_clk_wiz_0 rise@0.000ns)
  Data Path Delay:        4.177ns  (logic 0.844ns (20.207%)  route 3.333ns (79.793%))
  Logic Levels:           2  (CARRY4=1 LUT4=1)
  Clock Path Skew:        0.096ns (DCD - SCD + CPR)
    Destination Clock Delay (DCD):    -0.575ns = ( 39.149 - 39.724 ) 
    Source Clock Delay      (SCD):    -0.377ns
    Clock Pessimism Removal (CPR):    0.293ns
  Clock Uncertainty:      0.086ns  ((TSJ^2 + DJ^2)^1/2) / 2 + PE
    Total System Jitter     (TSJ):    0.071ns
    Discrete Jitter          (DJ):    0.157ns
    Phase Error              (PE):    0.000ns

    Location             Delay type                Incr(ns)  Path(ns)    Netlist Resource(s)
  -------------------------------------------------------------------    -------------------
                         (clock clk_out1_clk_wiz_0 rise edge)
                                                      0.000     0.000 r  
    E3                                                0.000     0.000 r  clk (IN)
                         net (fo=0)                   0.000     0.000    u_clk_wiz_0/inst/clk_in1
    E3                   IBUF (Prop_ibuf_I_O)         1.330     1.330 r  u_clk_wiz_0/inst/clkin1_ibufg/O
                         net (fo=1, routed)           0.974     2.304    u_clk_wiz_0/inst/clk_in1_clk_wiz_0
    MMCME2_ADV_X1Y2      MMCME2_ADV (Prop_mmcme2_adv_CLKIN1_CLKOUT0)
                                                     -5.294    -2.990 r  u_clk_wiz_0/inst/mmcm_adv_inst/CLKOUT0
                         net (fo=1, routed)           1.297    -1.693    u_clk_wiz_0/inst/clk_out1_clk_wiz_0
    BUFGCTRL_X0Y16       BUFG (Prop_bufg_I_O)         0.076    -1.617 r  u_clk_wiz_0/inst/clkout1_buf/O
                         net (fo=301, routed)         1.240    -0.377    u_vga_timing/clk_out1
    SLICE_X65Y68         FDRE                                         r  u_vga_timing/pixel_x_reg[9]/C
  -------------------------------------------------------------------    -------------------
    SLICE_X65Y68         FDRE (Prop_fdre_C_Q)         0.341    -0.036 r  u_vga_timing/pixel_x_reg[9]/Q
                         net (fo=23, routed)          1.001     0.964    u_vga_timing/pixel_x[9]
    SLICE_X66Y68         LUT4 (Prop_lut4_I1_O)        0.097     1.061 r  u_vga_timing/rom_addr__0_carry__0_i_8/O
                         net (fo=1, routed)           0.000     1.061    u_bram_background/DEVICE_7SERIES.NO_BMM_INFO.SP.CASCADED_PRIM36.ram_B[0]
    SLICE_X66Y68         CARRY4 (Prop_carry4_S[0]_O[2])
                                                      0.406     1.467 r  u_bram_background/rom_addr__0_carry__0/O[2]
                         net (fo=27, routed)          2.332     3.799    u_bram_background/u_bg_rom/U0/inst_blk_mem_gen/gnbram.gnativebmg.native_blk_mem_gen/valid.cstr/ramloop[0].ram.r/prim_init.ram/addra[11]
    RAMB36_X2Y8          RAMB36E1                                     r  u_bram_background/u_bg_rom/U0/inst_blk_mem_gen/gnbram.gnativebmg.native_blk_mem_gen/valid.cstr/ramloop[0].ram.r/prim_init.ram/DEVICE_7SERIES.NO_BMM_INFO.SP.CASCADED_PRIM36.ram_B/ADDRARDADDR[11]
  -------------------------------------------------------------------    -------------------

                         (clock clk_out1_clk_wiz_0 rise edge)
                                                     39.724    39.724 r  
    E3                                                0.000    39.724 r  clk (IN)
                         net (fo=0)                   0.000    39.724    u_clk_wiz_0/inst/clk_in1
    E3                   IBUF (Prop_ibuf_I_O)         1.263    40.986 r  u_clk_wiz_0/inst/clkin1_ibufg/O
                         net (fo=1, routed)           0.916    41.903    u_clk_wiz_0/inst/clk_in1_clk_wiz_0
    MMCME2_ADV_X1Y2      MMCME2_ADV (Prop_mmcme2_adv_CLKIN1_CLKOUT0)
                                                     -5.390    36.513 r  u_clk_wiz_0/inst/mmcm_adv_inst/CLKOUT0
                         net (fo=1, routed)           1.234    37.747    u_clk_wiz_0/inst/clk_out1_clk_wiz_0
    BUFGCTRL_X0Y16       BUFG (Prop_bufg_I_O)         0.072    37.819 r  u_clk_wiz_0/inst/clkout1_buf/O
                         net (fo=301, routed)         1.329    39.149    u_bram_background/u_bg_rom/U0/inst_blk_mem_gen/gnbram.gnativebmg.native_blk_mem_gen/valid.cstr/ramloop[0].ram.r/prim_init.ram/clka
    RAMB36_X2Y8          RAMB36E1                                     r  u_bram_background/u_bg_rom/U0/inst_blk_mem_gen/gnbram.gnativebmg.native_blk_mem_gen/valid.cstr/ramloop[0].ram.r/prim_init.ram/DEVICE_7SERIES.NO_BMM_INFO.SP.CASCADED_PRIM36.ram_B/CLKARDCLK
                         clock pessimism              0.293    39.442    
                         clock uncertainty           -0.086    39.356    
    RAMB36_X2Y8          RAMB36E1 (Setup_ramb36e1_CLKARDCLK_ADDRARDADDR[11])
                                                     -0.562    38.794    u_bram_background/u_bg_rom/U0/inst_blk_mem_gen/gnbram.gnativebmg.native_blk_mem_gen/valid.cstr/ramloop[0].ram.r/prim_init.ram/DEVICE_7SERIES.NO_BMM_INFO.SP.CASCADED_PRIM36.ram_B
  -------------------------------------------------------------------
                         required time                         38.794    
                         arrival time                          -3.799    
  -------------------------------------------------------------------
                         slack                                 34.994    

Slack (MET) :             35.012ns  (required time - arrival time)
  Source:                 u_vga_timing/pixel_y_reg[8]/C
                            (rising edge-triggered cell FDRE clocked by clk_out1_clk_wiz_0  {rise@0.000ns fall@19.862ns period=39.724ns})
  Destination:            u_bram_background/u_bg_rom/U0/inst_blk_mem_gen/gnbram.gnativebmg.native_blk_mem_gen/valid.cstr/ramloop[11].ram.r/prim_init.ram/DEVICE_7SERIES.NO_BMM_INFO.SP.SIMPLE_PRIM36.ram/ENARDEN
                            (rising edge-triggered cell RAMB36E1 clocked by clk_out1_clk_wiz_0  {rise@0.000ns fall@19.862ns period=39.724ns})
  Path Group:             clk_out1_clk_wiz_0
  Path Type:              Setup (Max at Slow Process Corner)
  Requirement:            39.724ns  (clk_out1_clk_wiz_0 rise@39.724ns - clk_out1_clk_wiz_0 rise@0.000ns)
  Data Path Delay:        4.135ns  (logic 1.090ns (26.357%)  route 3.045ns (73.643%))
  Logic Levels:           3  (CARRY4=1 LUT3=1 LUT5=1)
  Clock Path Skew:        -0.005ns (DCD - SCD + CPR)
    Destination Clock Delay (DCD):    -0.729ns = ( 38.994 - 39.724 ) 
    Source Clock Delay      (SCD):    -0.376ns
    Clock Pessimism Removal (CPR):    0.348ns
  Clock Uncertainty:      0.086ns  ((TSJ^2 + DJ^2)^1/2) / 2 + PE
    Total System Jitter     (TSJ):    0.071ns
    Discrete Jitter          (DJ):    0.157ns
    Phase Error              (PE):    0.000ns

    Location             Delay type                Incr(ns)  Path(ns)    Netlist Resource(s)
  -------------------------------------------------------------------    -------------------
                         (clock clk_out1_clk_wiz_0 rise edge)
                                                      0.000     0.000 r  
    E3                                                0.000     0.000 r  clk (IN)
                         net (fo=0)                   0.000     0.000    u_clk_wiz_0/inst/clk_in1
    E3                   IBUF (Prop_ibuf_I_O)         1.330     1.330 r  u_clk_wiz_0/inst/clkin1_ibufg/O
                         net (fo=1, routed)           0.974     2.304    u_clk_wiz_0/inst/clk_in1_clk_wiz_0
    MMCME2_ADV_X1Y2      MMCME2_ADV (Prop_mmcme2_adv_CLKIN1_CLKOUT0)
                                                     -5.294    -2.990 r  u_clk_wiz_0/inst/mmcm_adv_inst/CLKOUT0
                         net (fo=1, routed)           1.297    -1.693    u_clk_wiz_0/inst/clk_out1_clk_wiz_0
    BUFGCTRL_X0Y16       BUFG (Prop_bufg_I_O)         0.076    -1.617 r  u_clk_wiz_0/inst/clkout1_buf/O
                         net (fo=301, routed)         1.241    -0.376    u_vga_timing/clk_out1
    SLICE_X68Y68         FDRE                                         r  u_vga_timing/pixel_y_reg[8]/C
  -------------------------------------------------------------------    -------------------
    SLICE_X68Y68         FDRE (Prop_fdre_C_Q)         0.341    -0.035 r  u_vga_timing/pixel_y_reg[8]/Q
                         net (fo=23, routed)          1.231     1.196    u_vga_timing/Q[1]
    SLICE_X66Y69         LUT3 (Prop_lut3_I0_O)        0.097     1.293 r  u_vga_timing/rom_addr__0_carry__1_i_3/O
                         net (fo=1, routed)           0.000     1.293    u_bram_background/no_softecc_sel_reg.ce_pri.sel_pipe_reg[4]_0[1]
    SLICE_X66Y69         CARRY4 (Prop_carry4_S[1]_O[2])
                                                      0.432     1.725 f  u_bram_background/rom_addr__0_carry__1/O[2]
                         net (fo=27, routed)          1.476     3.201    u_bram_background/u_bg_rom/U0/inst_blk_mem_gen/gnbram.gnativebmg.native_blk_mem_gen/valid.cstr/bindec_a.bindec_inst_a/addra[3]
    SLICE_X62Y55         LUT5 (Prop_lut5_I4_O)        0.220     3.421 r  u_bram_background/u_bg_rom/U0/inst_blk_mem_gen/gnbram.gnativebmg.native_blk_mem_gen/valid.cstr/bindec_a.bindec_inst_a/DEVICE_7SERIES.NO_BMM_INFO.SP.SIMPLE_PRIM36.ram_i_1__5/O
                         net (fo=1, routed)           0.338     3.759    u_bram_background/u_bg_rom/U0/inst_blk_mem_gen/gnbram.gnativebmg.native_blk_mem_gen/valid.cstr/ramloop[11].ram.r/prim_init.ram/ena_array[0]
    RAMB36_X1Y11         RAMB36E1                                     r  u_bram_background/u_bg_rom/U0/inst_blk_mem_gen/gnbram.gnativebmg.native_blk_mem_gen/valid.cstr/ramloop[11].ram.r/prim_init.ram/DEVICE_7SERIES.NO_BMM_INFO.SP.SIMPLE_PRIM36.ram/ENARDEN
  -------------------------------------------------------------------    -------------------

                         (clock clk_out1_clk_wiz_0 rise edge)
                                                     39.724    39.724 r  
    E3                                                0.000    39.724 r  clk (IN)
                         net (fo=0)                   0.000    39.724    u_clk_wiz_0/inst/clk_in1
    E3                   IBUF (Prop_ibuf_I_O)         1.263    40.986 r  u_clk_wiz_0/inst/clkin1_ibufg/O
                         net (fo=1, routed)           0.916    41.903    u_clk_wiz_0/inst/clk_in1_clk_wiz_0
    MMCME2_ADV_X1Y2      MMCME2_ADV (Prop_mmcme2_adv_CLKIN1_CLKOUT0)
                                                     -5.390    36.513 r  u_clk_wiz_0/inst/mmcm_adv_inst/CLKOUT0
                         net (fo=1, routed)           1.234    37.747    u_clk_wiz_0/inst/clk_out1_clk_wiz_0
    BUFGCTRL_X0Y16       BUFG (Prop_bufg_I_O)         0.072    37.819 r  u_clk_wiz_0/inst/clkout1_buf/O
                         net (fo=301, routed)         1.175    38.994    u_bram_background/u_bg_rom/U0/inst_blk_mem_gen/gnbram.gnativebmg.native_blk_mem_gen/valid.cstr/ramloop[11].ram.r/prim_init.ram/clka
    RAMB36_X1Y11         RAMB36E1                                     r  u_bram_background/u_bg_rom/U0/inst_blk_mem_gen/gnbram.gnativebmg.native_blk_mem_gen/valid.cstr/ramloop[11].ram.r/prim_init.ram/DEVICE_7SERIES.NO_BMM_INFO.SP.SIMPLE_PRIM36.ram/CLKARDCLK
                         clock pessimism              0.348    39.342    
                         clock uncertainty           -0.086    39.256    
    RAMB36_X1Y11         RAMB36E1 (Setup_ramb36e1_CLKARDCLK_ENARDEN)
                                                     -0.485    38.771    u_bram_background/u_bg_rom/U0/inst_blk_mem_gen/gnbram.gnativebmg.native_blk_mem_gen/valid.cstr/ramloop[11].ram.r/prim_init.ram/DEVICE_7SERIES.NO_BMM_INFO.SP.SIMPLE_PRIM36.ram
  -------------------------------------------------------------------
                         required time                         38.771    
                         arrival time                          -3.759    
  -------------------------------------------------------------------
                         slack                                 35.012    





Min Delay Paths
--------------------------------------------------------------------------------------
Slack (MET) :             0.171ns  (arrival time - required time)
  Source:                 u_clock_core/u_btn_min_down/stable_d_reg/C
                            (rising edge-triggered cell FDRE clocked by clk_out1_clk_wiz_0  {rise@0.000ns fall@19.862ns period=39.724ns})
  Destination:            u_clock_core/u_btn_min_down/pulse_reg/D
                            (rising edge-triggered cell FDRE clocked by clk_out1_clk_wiz_0  {rise@0.000ns fall@19.862ns period=39.724ns})
  Path Group:             clk_out1_clk_wiz_0
  Path Type:              Hold (Min at Fast Process Corner)
  Requirement:            0.000ns  (clk_out1_clk_wiz_0 rise@0.000ns - clk_out1_clk_wiz_0 rise@0.000ns)
  Data Path Delay:        0.275ns  (logic 0.186ns (67.514%)  route 0.089ns (32.486%))
  Logic Levels:           1  (LUT2=1)
  Clock Path Skew:        0.013ns (DCD - SCD - CPR)
    Destination Clock Delay (DCD):    -0.840ns
    Source Clock Delay      (SCD):    -0.601ns
    Clock Pessimism Removal (CPR):    -0.252ns

    Location             Delay type                Incr(ns)  Path(ns)    Netlist Resource(s)
  -------------------------------------------------------------------    -------------------
                         (clock clk_out1_clk_wiz_0 rise edge)
                                                      0.000     0.000 r  
    E3                                                0.000     0.000 r  clk (IN)
                         net (fo=0)                   0.000     0.000    u_clk_wiz_0/inst/clk_in1
    E3                   IBUF (Prop_ibuf_I_O)         0.250     0.250 r  u_clk_wiz_0/inst/clkin1_ibufg/O
                         net (fo=1, routed)           0.440     0.690    u_clk_wiz_0/inst/clk_in1_clk_wiz_0
    MMCME2_ADV_X1Y2      MMCME2_ADV (Prop_mmcme2_adv_CLKIN1_CLKOUT0)
                                                     -2.379    -1.689 r  u_clk_wiz_0/inst/mmcm_adv_inst/CLKOUT0
                         net (fo=1, routed)           0.499    -1.190    u_clk_wiz_0/inst/clk_out1_clk_wiz_0
    BUFGCTRL_X0Y16       BUFG (Prop_bufg_I_O)         0.026    -1.164 r  u_clk_wiz_0/inst/clkout1_buf/O
                         net (fo=301, routed)         0.563    -0.601    u_clock_core/u_btn_min_down/clk_out1
    SLICE_X41Y66         FDRE                                         r  u_clock_core/u_btn_min_down/stable_d_reg/C
  -------------------------------------------------------------------    -------------------
    SLICE_X41Y66         FDRE (Prop_fdre_C_Q)         0.141    -0.460 f  u_clock_core/u_btn_min_down/stable_d_reg/Q
                         net (fo=1, routed)           0.089    -0.371    u_clock_core/u_btn_min_down/stable_d
    SLICE_X40Y66         LUT2 (Prop_lut2_I1_O)        0.045    -0.326 r  u_clock_core/u_btn_min_down/pulse_i_1__2/O
                         net (fo=1, routed)           0.000    -0.326    u_clock_core/u_btn_min_down/pulse0
    SLICE_X40Y66         FDRE                                         r  u_clock_core/u_btn_min_down/pulse_reg/D
  -------------------------------------------------------------------    -------------------

                         (clock clk_out1_clk_wiz_0 rise edge)
                                                      0.000     0.000 r  
    E3                                                0.000     0.000 r  clk (IN)
                         net (fo=0)                   0.000     0.000    u_clk_wiz_0/inst/clk_in1
    E3                   IBUF (Prop_ibuf_I_O)         0.438     0.438 r  u_clk_wiz_0/inst/clkin1_ibufg/O
                         net (fo=1, routed)           0.480     0.918    u_clk_wiz_0/inst/clk_in1_clk_wiz_0
    MMCME2_ADV_X1Y2      MMCME2_ADV (Prop_mmcme2_adv_CLKIN1_CLKOUT0)
                                                     -3.163    -2.245 r  u_clk_wiz_0/inst/mmcm_adv_inst/CLKOUT0
                         net (fo=1, routed)           0.544    -1.702    u_clk_wiz_0/inst/clk_out1_clk_wiz_0
    BUFGCTRL_X0Y16       BUFG (Prop_bufg_I_O)         0.029    -1.673 r  u_clk_wiz_0/inst/clkout1_buf/O
                         net (fo=301, routed)         0.833    -0.840    u_clock_core/u_btn_min_down/clk_out1
    SLICE_X40Y66         FDRE                                         r  u_clock_core/u_btn_min_down/pulse_reg/C
                         clock pessimism              0.252    -0.588    
    SLICE_X40Y66         FDRE (Hold_fdre_C_D)         0.091    -0.497    u_clock_core/u_btn_min_down/pulse_reg
  -------------------------------------------------------------------
                         required time                          0.497    
                         arrival time                          -0.326    
  -------------------------------------------------------------------
                         slack                                  0.171    

Slack (MET) :             0.180ns  (arrival time - required time)
  Source:                 u_clock_core/u_btn_hour_down/sync_reg[0]/C
                            (rising edge-triggered cell FDRE clocked by clk_out1_clk_wiz_0  {rise@0.000ns fall@19.862ns period=39.724ns})
  Destination:            u_clock_core/u_btn_hour_down/sync_reg[1]/D
                            (rising edge-triggered cell FDRE clocked by clk_out1_clk_wiz_0  {rise@0.000ns fall@19.862ns period=39.724ns})
  Path Group:             clk_out1_clk_wiz_0
  Path Type:              Hold (Min at Fast Process Corner)
  Requirement:            0.000ns  (clk_out1_clk_wiz_0 rise@0.000ns - clk_out1_clk_wiz_0 rise@0.000ns)
  Data Path Delay:        0.265ns  (logic 0.164ns (61.839%)  route 0.101ns (38.161%))
  Logic Levels:           0  
  Clock Path Skew:        0.015ns (DCD - SCD - CPR)
    Destination Clock Delay (DCD):    -0.843ns
    Source Clock Delay      (SCD):    -0.605ns
    Clock Pessimism Removal (CPR):    -0.253ns

    Location             Delay type                Incr(ns)  Path(ns)    Netlist Resource(s)
  -------------------------------------------------------------------    -------------------
                         (clock clk_out1_clk_wiz_0 rise edge)
                                                      0.000     0.000 r  
    E3                                                0.000     0.000 r  clk (IN)
                         net (fo=0)                   0.000     0.000    u_clk_wiz_0/inst/clk_in1
    E3                   IBUF (Prop_ibuf_I_O)         0.250     0.250 r  u_clk_wiz_0/inst/clkin1_ibufg/O
                         net (fo=1, routed)           0.440     0.690    u_clk_wiz_0/inst/clk_in1_clk_wiz_0
    MMCME2_ADV_X1Y2      MMCME2_ADV (Prop_mmcme2_adv_CLKIN1_CLKOUT0)
                                                     -2.379    -1.689 r  u_clk_wiz_0/inst/mmcm_adv_inst/CLKOUT0
                         net (fo=1, routed)           0.499    -1.190    u_clk_wiz_0/inst/clk_out1_clk_wiz_0
    BUFGCTRL_X0Y16       BUFG (Prop_bufg_I_O)         0.026    -1.164 r  u_clk_wiz_0/inst/clkout1_buf/O
                         net (fo=301, routed)         0.559    -0.605    u_clock_core/u_btn_hour_down/clk_out1
    SLICE_X38Y70         FDRE                                         r  u_clock_core/u_btn_hour_down/sync_reg[0]/C
  -------------------------------------------------------------------    -------------------
    SLICE_X38Y70         FDRE (Prop_fdre_C_Q)         0.164    -0.441 r  u_clock_core/u_btn_hour_down/sync_reg[0]/Q
                         net (fo=1, routed)           0.101    -0.340    u_clock_core/u_btn_hour_down/sync_reg_n_0_[0]
    SLICE_X40Y69         FDRE                                         r  u_clock_core/u_btn_hour_down/sync_reg[1]/D
  -------------------------------------------------------------------    -------------------

                         (clock clk_out1_clk_wiz_0 rise edge)
                                                      0.000     0.000 r  
    E3                                                0.000     0.000 r  clk (IN)
                         net (fo=0)                   0.000     0.000    u_clk_wiz_0/inst/clk_in1
    E3                   IBUF (Prop_ibuf_I_O)         0.438     0.438 r  u_clk_wiz_0/inst/clkin1_ibufg/O
                         net (fo=1, routed)           0.480     0.918    u_clk_wiz_0/inst/clk_in1_clk_wiz_0
    MMCME2_ADV_X1Y2      MMCME2_ADV (Prop_mmcme2_adv_CLKIN1_CLKOUT0)
                                                     -3.163    -2.245 r  u_clk_wiz_0/inst/mmcm_adv_inst/CLKOUT0
                         net (fo=1, routed)           0.544    -1.702    u_clk_wiz_0/inst/clk_out1_clk_wiz_0
    BUFGCTRL_X0Y16       BUFG (Prop_bufg_I_O)         0.029    -1.673 r  u_clk_wiz_0/inst/clkout1_buf/O
                         net (fo=301, routed)         0.830    -0.843    u_clock_core/u_btn_hour_down/clk_out1
    SLICE_X40Y69         FDRE                                         r  u_clock_core/u_btn_hour_down/sync_reg[1]/C
                         clock pessimism              0.253    -0.590    
    SLICE_X40Y69         FDRE (Hold_fdre_C_D)         0.070    -0.520    u_clock_core/u_btn_hour_down/sync_reg[1]
  -------------------------------------------------------------------
                         required time                          0.520    
                         arrival time                          -0.340    
  -------------------------------------------------------------------
                         slack                                  0.180    

Slack (MET) :             0.195ns  (arrival time - required time)
  Source:                 u_clock_core/min_reg[4]/C
                            (rising edge-triggered cell FDRE clocked by clk_out1_clk_wiz_0  {rise@0.000ns fall@19.862ns period=39.724ns})
  Destination:            u_clock_core/min_reg[5]/D
                            (rising edge-triggered cell FDRE clocked by clk_out1_clk_wiz_0  {rise@0.000ns fall@19.862ns period=39.724ns})
  Path Group:             clk_out1_clk_wiz_0
  Path Type:              Hold (Min at Fast Process Corner)
  Requirement:            0.000ns  (clk_out1_clk_wiz_0 rise@0.000ns - clk_out1_clk_wiz_0 rise@0.000ns)
  Data Path Delay:        0.342ns  (logic 0.248ns (72.464%)  route 0.094ns (27.536%))
  Logic Levels:           2  (LUT6=1 MUXF7=1)
  Clock Path Skew:        0.013ns (DCD - SCD - CPR)
    Destination Clock Delay (DCD):    -0.844ns
    Source Clock Delay      (SCD):    -0.604ns
    Clock Pessimism Removal (CPR):    -0.253ns

    Location             Delay type                Incr(ns)  Path(ns)    Netlist Resource(s)
  -------------------------------------------------------------------    -------------------
                         (clock clk_out1_clk_wiz_0 rise edge)
                                                      0.000     0.000 r  
    E3                                                0.000     0.000 r  clk (IN)
                         net (fo=0)                   0.000     0.000    u_clk_wiz_0/inst/clk_in1
    E3                   IBUF (Prop_ibuf_I_O)         0.250     0.250 r  u_clk_wiz_0/inst/clkin1_ibufg/O
                         net (fo=1, routed)           0.440     0.690    u_clk_wiz_0/inst/clk_in1_clk_wiz_0
    MMCME2_ADV_X1Y2      MMCME2_ADV (Prop_mmcme2_adv_CLKIN1_CLKOUT0)
                                                     -2.379    -1.689 r  u_clk_wiz_0/inst/mmcm_adv_inst/CLKOUT0
                         net (fo=1, routed)           0.499    -1.190    u_clk_wiz_0/inst/clk_out1_clk_wiz_0
    BUFGCTRL_X0Y16       BUFG (Prop_bufg_I_O)         0.026    -1.164 r  u_clk_wiz_0/inst/clkout1_buf/O
                         net (fo=301, routed)         0.560    -0.604    u_clock_core/clk_out1
    SLICE_X61Y67         FDRE                                         r  u_clock_core/min_reg[4]/C
  -------------------------------------------------------------------    -------------------
    SLICE_X61Y67         FDRE (Prop_fdre_C_Q)         0.141    -0.463 r  u_clock_core/min_reg[4]/Q
                         net (fo=9, routed)           0.094    -0.369    u_clock_core/min_reg_n_0_[4]
    SLICE_X60Y67         LUT6 (Prop_lut6_I3_O)        0.045    -0.324 r  u_clock_core/min[5]_i_5/O
                         net (fo=1, routed)           0.000    -0.324    u_clock_core/u_btn_min_down/min_reg[5]
    SLICE_X60Y67         MUXF7 (Prop_muxf7_I0_O)      0.062    -0.262 r  u_clock_core/u_btn_min_down/min_reg[5]_i_2/O
                         net (fo=1, routed)           0.000    -0.262    u_clock_core/u_btn_min_down_n_4
    SLICE_X60Y67         FDRE                                         r  u_clock_core/min_reg[5]/D
  -------------------------------------------------------------------    -------------------

                         (clock clk_out1_clk_wiz_0 rise edge)
                                                      0.000     0.000 r  
    E3                                                0.000     0.000 r  clk (IN)
                         net (fo=0)                   0.000     0.000    u_clk_wiz_0/inst/clk_in1
    E3                   IBUF (Prop_ibuf_I_O)         0.438     0.438 r  u_clk_wiz_0/inst/clkin1_ibufg/O
                         net (fo=1, routed)           0.480     0.918    u_clk_wiz_0/inst/clk_in1_clk_wiz_0
    MMCME2_ADV_X1Y2      MMCME2_ADV (Prop_mmcme2_adv_CLKIN1_CLKOUT0)
                                                     -3.163    -2.245 r  u_clk_wiz_0/inst/mmcm_adv_inst/CLKOUT0
                         net (fo=1, routed)           0.544    -1.702    u_clk_wiz_0/inst/clk_out1_clk_wiz_0
    BUFGCTRL_X0Y16       BUFG (Prop_bufg_I_O)         0.029    -1.673 r  u_clk_wiz_0/inst/clkout1_buf/O
                         net (fo=301, routed)         0.829    -0.844    u_clock_core/clk_out1
    SLICE_X60Y67         FDRE                                         r  u_clock_core/min_reg[5]/C
                         clock pessimism              0.253    -0.591    
    SLICE_X60Y67         FDRE (Hold_fdre_C_D)         0.134    -0.457    u_clock_core/min_reg[5]
  -------------------------------------------------------------------
                         required time                          0.457    
                         arrival time                          -0.262    
  -------------------------------------------------------------------
                         slack                                  0.195    

Slack (MET) :             0.197ns  (arrival time - required time)
  Source:                 u_bram_background/u_bg_rom/U0/inst_blk_mem_gen/gnbram.gnativebmg.native_blk_mem_gen/valid.cstr/has_mux_a.A/no_softecc_sel_reg.ce_pri.sel_pipe_reg[2]/C
                            (rising edge-triggered cell FDRE clocked by clk_out1_clk_wiz_0  {rise@0.000ns fall@19.862ns period=39.724ns})
  Destination:            u_bram_background/u_bg_rom/U0/inst_blk_mem_gen/gnbram.gnativebmg.native_blk_mem_gen/valid.cstr/has_mux_a.A/no_softecc_norm_sel2.has_mem_regs.WITHOUT_ECC_PIPE.ce_pri.sel_pipe_d1_reg[2]/D
                            (rising edge-triggered cell FDRE clocked by clk_out1_clk_wiz_0  {rise@0.000ns fall@19.862ns period=39.724ns})
  Path Group:             clk_out1_clk_wiz_0
  Path Type:              Hold (Min at Fast Process Corner)
  Requirement:            0.000ns  (clk_out1_clk_wiz_0 rise@0.000ns - clk_out1_clk_wiz_0 rise@0.000ns)
  Data Path Delay:        0.276ns  (logic 0.164ns (59.345%)  route 0.112ns (40.655%))
  Logic Levels:           0  
  Clock Path Skew:        0.013ns (DCD - SCD - CPR)
    Destination Clock Delay (DCD):    -0.843ns
    Source Clock Delay      (SCD):    -0.604ns
    Clock Pessimism Removal (CPR):    -0.252ns

    Location             Delay type                Incr(ns)  Path(ns)    Netlist Resource(s)
  -------------------------------------------------------------------    -------------------
                         (clock clk_out1_clk_wiz_0 rise edge)
                                                      0.000     0.000 r  
    E3                                                0.000     0.000 r  clk (IN)
                         net (fo=0)                   0.000     0.000    u_clk_wiz_0/inst/clk_in1
    E3                   IBUF (Prop_ibuf_I_O)         0.250     0.250 r  u_clk_wiz_0/inst/clkin1_ibufg/O
                         net (fo=1, routed)           0.440     0.690    u_clk_wiz_0/inst/clk_in1_clk_wiz_0
    MMCME2_ADV_X1Y2      MMCME2_ADV (Prop_mmcme2_adv_CLKIN1_CLKOUT0)
                                                     -2.379    -1.689 r  u_clk_wiz_0/inst/mmcm_adv_inst/CLKOUT0
                         net (fo=1, routed)           0.499    -1.190    u_clk_wiz_0/inst/clk_out1_clk_wiz_0
    BUFGCTRL_X0Y16       BUFG (Prop_bufg_I_O)         0.026    -1.164 r  u_clk_wiz_0/inst/clkout1_buf/O
                         net (fo=301, routed)         0.560    -0.604    u_bram_background/u_bg_rom/U0/inst_blk_mem_gen/gnbram.gnativebmg.native_blk_mem_gen/valid.cstr/has_mux_a.A/clka
    SLICE_X66Y69         FDRE                                         r  u_bram_background/u_bg_rom/U0/inst_blk_mem_gen/gnbram.gnativebmg.native_blk_mem_gen/valid.cstr/has_mux_a.A/no_softecc_sel_reg.ce_pri.sel_pipe_reg[2]/C
  -------------------------------------------------------------------    -------------------
    SLICE_X66Y69         FDRE (Prop_fdre_C_Q)         0.164    -0.440 r  u_bram_background/u_bg_rom/U0/inst_blk_mem_gen/gnbram.gnativebmg.native_blk_mem_gen/valid.cstr/has_mux_a.A/no_softecc_sel_reg.ce_pri.sel_pipe_reg[2]/Q
                         net (fo=1, routed)           0.112    -0.328    u_bram_background/u_bg_rom/U0/inst_blk_mem_gen/gnbram.gnativebmg.native_blk_mem_gen/valid.cstr/has_mux_a.A/sel_pipe[2]
    SLICE_X67Y69         FDRE                                         r  u_bram_background/u_bg_rom/U0/inst_blk_mem_gen/gnbram.gnativebmg.native_blk_mem_gen/valid.cstr/has_mux_a.A/no_softecc_norm_sel2.has_mem_regs.WITHOUT_ECC_PIPE.ce_pri.sel_pipe_d1_reg[2]/D
  -------------------------------------------------------------------    -------------------

                         (clock clk_out1_clk_wiz_0 rise edge)
                                                      0.000     0.000 r  
    E3                                                0.000     0.000 r  clk (IN)
                         net (fo=0)                   0.000     0.000    u_clk_wiz_0/inst/clk_in1
    E3                   IBUF (Prop_ibuf_I_O)         0.438     0.438 r  u_clk_wiz_0/inst/clkin1_ibufg/O
                         net (fo=1, routed)           0.480     0.918    u_clk_wiz_0/inst/clk_in1_clk_wiz_0
    MMCME2_ADV_X1Y2      MMCME2_ADV (Prop_mmcme2_adv_CLKIN1_CLKOUT0)
                                                     -3.163    -2.245 r  u_clk_wiz_0/inst/mmcm_adv_inst/CLKOUT0
                         net (fo=1, routed)           0.544    -1.702    u_clk_wiz_0/inst/clk_out1_clk_wiz_0
    BUFGCTRL_X0Y16       BUFG (Prop_bufg_I_O)         0.029    -1.673 r  u_clk_wiz_0/inst/clkout1_buf/O
                         net (fo=301, routed)         0.830    -0.843    u_bram_background/u_bg_rom/U0/inst_blk_mem_gen/gnbram.gnativebmg.native_blk_mem_gen/valid.cstr/has_mux_a.A/clka
    SLICE_X67Y69         FDRE                                         r  u_bram_background/u_bg_rom/U0/inst_blk_mem_gen/gnbram.gnativebmg.native_blk_mem_gen/valid.cstr/has_mux_a.A/no_softecc_norm_sel2.has_mem_regs.WITHOUT_ECC_PIPE.ce_pri.sel_pipe_d1_reg[2]/C
                         clock pessimism              0.252    -0.591    
    SLICE_X67Y69         FDRE (Hold_fdre_C_D)         0.066    -0.525    u_bram_background/u_bg_rom/U0/inst_blk_mem_gen/gnbram.gnativebmg.native_blk_mem_gen/valid.cstr/has_mux_a.A/no_softecc_norm_sel2.has_mem_regs.WITHOUT_ECC_PIPE.ce_pri.sel_pipe_d1_reg[2]
  -------------------------------------------------------------------
                         required time                          0.525    
                         arrival time                          -0.328    
  -------------------------------------------------------------------
                         slack                                  0.197    

Slack (MET) :             0.207ns  (arrival time - required time)
  Source:                 u_clock_core/min_reg[2]/C
                            (rising edge-triggered cell FDRE clocked by clk_out1_clk_wiz_0  {rise@0.000ns fall@19.862ns period=39.724ns})
  Destination:            u_clock_core/min_reg[3]/D
                            (rising edge-triggered cell FDRE clocked by clk_out1_clk_wiz_0  {rise@0.000ns fall@19.862ns period=39.724ns})
  Path Group:             clk_out1_clk_wiz_0
  Path Type:              Hold (Min at Fast Process Corner)
  Requirement:            0.000ns  (clk_out1_clk_wiz_0 rise@0.000ns - clk_out1_clk_wiz_0 rise@0.000ns)
  Data Path Delay:        0.312ns  (logic 0.209ns (67.021%)  route 0.103ns (32.979%))
  Logic Levels:           1  (LUT6=1)
  Clock Path Skew:        0.013ns (DCD - SCD - CPR)
    Destination Clock Delay (DCD):    -0.844ns
    Source Clock Delay      (SCD):    -0.604ns
    Clock Pessimism Removal (CPR):    -0.253ns

    Location             Delay type                Incr(ns)  Path(ns)    Netlist Resource(s)
  -------------------------------------------------------------------    -------------------
                         (clock clk_out1_clk_wiz_0 rise edge)
                                                      0.000     0.000 r  
    E3                                                0.000     0.000 r  clk (IN)
                         net (fo=0)                   0.000     0.000    u_clk_wiz_0/inst/clk_in1
    E3                   IBUF (Prop_ibuf_I_O)         0.250     0.250 r  u_clk_wiz_0/inst/clkin1_ibufg/O
                         net (fo=1, routed)           0.440     0.690    u_clk_wiz_0/inst/clk_in1_clk_wiz_0
    MMCME2_ADV_X1Y2      MMCME2_ADV (Prop_mmcme2_adv_CLKIN1_CLKOUT0)
                                                     -2.379    -1.689 r  u_clk_wiz_0/inst/mmcm_adv_inst/CLKOUT0
                         net (fo=1, routed)           0.499    -1.190    u_clk_wiz_0/inst/clk_out1_clk_wiz_0
    BUFGCTRL_X0Y16       BUFG (Prop_bufg_I_O)         0.026    -1.164 r  u_clk_wiz_0/inst/clkout1_buf/O
                         net (fo=301, routed)         0.560    -0.604    u_clock_core/clk_out1
    SLICE_X60Y67         FDRE                                         r  u_clock_core/min_reg[2]/C
  -------------------------------------------------------------------    -------------------
    SLICE_X60Y67         FDRE (Prop_fdre_C_Q)         0.164    -0.440 r  u_clock_core/min_reg[2]/Q
                         net (fo=11, routed)          0.103    -0.337    u_clock_core/u_btn_min_down/min_reg[4]_2[2]
    SLICE_X61Y67         LUT6 (Prop_lut6_I1_O)        0.045    -0.292 r  u_clock_core/u_btn_min_down/min[3]_i_1/O
                         net (fo=1, routed)           0.000    -0.292    u_clock_core/u_btn_min_down_n_6
    SLICE_X61Y67         FDRE                                         r  u_clock_core/min_reg[3]/D
  -------------------------------------------------------------------    -------------------

                         (clock clk_out1_clk_wiz_0 rise edge)
                                                      0.000     0.000 r  
    E3                                                0.000     0.000 r  clk (IN)
                         net (fo=0)                   0.000     0.000    u_clk_wiz_0/inst/clk_in1
    E3                   IBUF (Prop_ibuf_I_O)         0.438     0.438 r  u_clk_wiz_0/inst/clkin1_ibufg/O
                         net (fo=1, routed)           0.480     0.918    u_clk_wiz_0/inst/clk_in1_clk_wiz_0
    MMCME2_ADV_X1Y2      MMCME2_ADV (Prop_mmcme2_adv_CLKIN1_CLKOUT0)
                                                     -3.163    -2.245 r  u_clk_wiz_0/inst/mmcm_adv_inst/CLKOUT0
                         net (fo=1, routed)           0.544    -1.702    u_clk_wiz_0/inst/clk_out1_clk_wiz_0
    BUFGCTRL_X0Y16       BUFG (Prop_bufg_I_O)         0.029    -1.673 r  u_clk_wiz_0/inst/clkout1_buf/O
                         net (fo=301, routed)         0.829    -0.844    u_clock_core/clk_out1
    SLICE_X61Y67         FDRE                                         r  u_clock_core/min_reg[3]/C
                         clock pessimism              0.253    -0.591    
    SLICE_X61Y67         FDRE (Hold_fdre_C_D)         0.092    -0.499    u_clock_core/min_reg[3]
  -------------------------------------------------------------------
                         required time                          0.499    
                         arrival time                          -0.292    
  -------------------------------------------------------------------
                         slack                                  0.207    

Slack (MET) :             0.214ns  (arrival time - required time)
  Source:                 u_bram_background/u_bg_rom/U0/inst_blk_mem_gen/gnbram.gnativebmg.native_blk_mem_gen/valid.cstr/has_mux_a.A/no_softecc_sel_reg.ce_pri.sel_pipe_reg[0]/C
                            (rising edge-triggered cell FDRE clocked by clk_out1_clk_wiz_0  {rise@0.000ns fall@19.862ns period=39.724ns})
  Destination:            u_bram_background/u_bg_rom/U0/inst_blk_mem_gen/gnbram.gnativebmg.native_blk_mem_gen/valid.cstr/has_mux_a.A/no_softecc_norm_sel2.has_mem_regs.WITHOUT_ECC_PIPE.ce_pri.sel_pipe_d1_reg[0]/D
                            (rising edge-triggered cell FDRE clocked by clk_out1_clk_wiz_0  {rise@0.000ns fall@19.862ns period=39.724ns})
  Path Group:             clk_out1_clk_wiz_0
  Path Type:              Hold (Min at Fast Process Corner)
  Requirement:            0.000ns  (clk_out1_clk_wiz_0 rise@0.000ns - clk_out1_clk_wiz_0 rise@0.000ns)
  Data Path Delay:        0.273ns  (logic 0.164ns (59.997%)  route 0.109ns (40.003%))
  Logic Levels:           0  
  Clock Path Skew:        0.000ns (DCD - SCD - CPR)
    Destination Clock Delay (DCD):    -0.842ns
    Source Clock Delay      (SCD):    -0.603ns
    Clock Pessimism Removal (CPR):    -0.239ns

    Location             Delay type                Incr(ns)  Path(ns)    Netlist Resource(s)
  -------------------------------------------------------------------    -------------------
                         (clock clk_out1_clk_wiz_0 rise edge)
                                                      0.000     0.000 r  
    E3                                                0.000     0.000 r  clk (IN)
                         net (fo=0)                   0.000     0.000    u_clk_wiz_0/inst/clk_in1
    E3                   IBUF (Prop_ibuf_I_O)         0.250     0.250 r  u_clk_wiz_0/inst/clkin1_ibufg/O
                         net (fo=1, routed)           0.440     0.690    u_clk_wiz_0/inst/clk_in1_clk_wiz_0
    MMCME2_ADV_X1Y2      MMCME2_ADV (Prop_mmcme2_adv_CLKIN1_CLKOUT0)
                                                     -2.379    -1.689 r  u_clk_wiz_0/inst/mmcm_adv_inst/CLKOUT0
                         net (fo=1, routed)           0.499    -1.190    u_clk_wiz_0/inst/clk_out1_clk_wiz_0
    BUFGCTRL_X0Y16       BUFG (Prop_bufg_I_O)         0.026    -1.164 r  u_clk_wiz_0/inst/clkout1_buf/O
                         net (fo=301, routed)         0.561    -0.603    u_bram_background/u_bg_rom/U0/inst_blk_mem_gen/gnbram.gnativebmg.native_blk_mem_gen/valid.cstr/has_mux_a.A/clka
    SLICE_X66Y68         FDRE                                         r  u_bram_background/u_bg_rom/U0/inst_blk_mem_gen/gnbram.gnativebmg.native_blk_mem_gen/valid.cstr/has_mux_a.A/no_softecc_sel_reg.ce_pri.sel_pipe_reg[0]/C
  -------------------------------------------------------------------    -------------------
    SLICE_X66Y68         FDRE (Prop_fdre_C_Q)         0.164    -0.439 r  u_bram_background/u_bg_rom/U0/inst_blk_mem_gen/gnbram.gnativebmg.native_blk_mem_gen/valid.cstr/has_mux_a.A/no_softecc_sel_reg.ce_pri.sel_pipe_reg[0]/Q
                         net (fo=1, routed)           0.109    -0.330    u_bram_background/u_bg_rom/U0/inst_blk_mem_gen/gnbram.gnativebmg.native_blk_mem_gen/valid.cstr/has_mux_a.A/sel_pipe[0]
    SLICE_X66Y68         FDRE                                         r  u_bram_background/u_bg_rom/U0/inst_blk_mem_gen/gnbram.gnativebmg.native_blk_mem_gen/valid.cstr/has_mux_a.A/no_softecc_norm_sel2.has_mem_regs.WITHOUT_ECC_PIPE.ce_pri.sel_pipe_d1_reg[0]/D
  -------------------------------------------------------------------    -------------------

                         (clock clk_out1_clk_wiz_0 rise edge)
                                                      0.000     0.000 r  
    E3                                                0.000     0.000 r  clk (IN)
                         net (fo=0)                   0.000     0.000    u_clk_wiz_0/inst/clk_in1
    E3                   IBUF (Prop_ibuf_I_O)         0.438     0.438 r  u_clk_wiz_0/inst/clkin1_ibufg/O
                         net (fo=1, routed)           0.480     0.918    u_clk_wiz_0/inst/clk_in1_clk_wiz_0
    MMCME2_ADV_X1Y2      MMCME2_ADV (Prop_mmcme2_adv_CLKIN1_CLKOUT0)
                                                     -3.163    -2.245 r  u_clk_wiz_0/inst/mmcm_adv_inst/CLKOUT0
                         net (fo=1, routed)           0.544    -1.702    u_clk_wiz_0/inst/clk_out1_clk_wiz_0
    BUFGCTRL_X0Y16       BUFG (Prop_bufg_I_O)         0.029    -1.673 r  u_clk_wiz_0/inst/clkout1_buf/O
                         net (fo=301, routed)         0.831    -0.842    u_bram_background/u_bg_rom/U0/inst_blk_mem_gen/gnbram.gnativebmg.native_blk_mem_gen/valid.cstr/has_mux_a.A/clka
    SLICE_X66Y68         FDRE                                         r  u_bram_background/u_bg_rom/U0/inst_blk_mem_gen/gnbram.gnativebmg.native_blk_mem_gen/valid.cstr/has_mux_a.A/no_softecc_norm_sel2.has_mem_regs.WITHOUT_ECC_PIPE.ce_pri.sel_pipe_d1_reg[0]/C
                         clock pessimism              0.239    -0.603    
    SLICE_X66Y68         FDRE (Hold_fdre_C_D)         0.059    -0.544    u_bram_background/u_bg_rom/U0/inst_blk_mem_gen/gnbram.gnativebmg.native_blk_mem_gen/valid.cstr/has_mux_a.A/no_softecc_norm_sel2.has_mem_regs.WITHOUT_ECC_PIPE.ce_pri.sel_pipe_d1_reg[0]
  -------------------------------------------------------------------
                         required time                          0.544    
                         arrival time                          -0.330    
  -------------------------------------------------------------------
                         slack                                  0.214    

Slack (MET) :             0.217ns  (arrival time - required time)
  Source:                 frame_cnt_reg[4]/C
                            (rising edge-triggered cell FDRE clocked by clk_out1_clk_wiz_0  {rise@0.000ns fall@19.862ns period=39.724ns})
  Destination:            frame_cnt_reg[5]/D
                            (rising edge-triggered cell FDRE clocked by clk_out1_clk_wiz_0  {rise@0.000ns fall@19.862ns period=39.724ns})
  Path Group:             clk_out1_clk_wiz_0
  Path Type:              Hold (Min at Fast Process Corner)
  Requirement:            0.000ns  (clk_out1_clk_wiz_0 rise@0.000ns - clk_out1_clk_wiz_0 rise@0.000ns)
  Data Path Delay:        0.338ns  (logic 0.247ns (73.079%)  route 0.091ns (26.921%))
  Logic Levels:           1  (LUT6=1)
  Clock Path Skew:        0.000ns (DCD - SCD - CPR)
    Destination Clock Delay (DCD):    -0.848ns
    Source Clock Delay      (SCD):    -0.607ns
    Clock Pessimism Removal (CPR):    -0.241ns

    Location             Delay type                Incr(ns)  Path(ns)    Netlist Resource(s)
  -------------------------------------------------------------------    -------------------
                         (clock clk_out1_clk_wiz_0 rise edge)
                                                      0.000     0.000 r  
    E3                                                0.000     0.000 r  clk (IN)
                         net (fo=0)                   0.000     0.000    u_clk_wiz_0/inst/clk_in1
    E3                   IBUF (Prop_ibuf_I_O)         0.250     0.250 r  u_clk_wiz_0/inst/clkin1_ibufg/O
                         net (fo=1, routed)           0.440     0.690    u_clk_wiz_0/inst/clk_in1_clk_wiz_0
    MMCME2_ADV_X1Y2      MMCME2_ADV (Prop_mmcme2_adv_CLKIN1_CLKOUT0)
                                                     -2.379    -1.689 r  u_clk_wiz_0/inst/mmcm_adv_inst/CLKOUT0
                         net (fo=1, routed)           0.499    -1.190    u_clk_wiz_0/inst/clk_out1_clk_wiz_0
    BUFGCTRL_X0Y16       BUFG (Prop_bufg_I_O)         0.026    -1.164 r  u_clk_wiz_0/inst/clkout1_buf/O
                         net (fo=301, routed)         0.557    -0.607    pix_clk
    SLICE_X50Y69         FDRE                                         r  frame_cnt_reg[4]/C
  -------------------------------------------------------------------    -------------------
    SLICE_X50Y69         FDRE (Prop_fdre_C_Q)         0.148    -0.459 r  frame_cnt_reg[4]/Q
                         net (fo=2, routed)           0.091    -0.368    frame_cnt_reg_n_0_[4]
    SLICE_X50Y69         LUT6 (Prop_lut6_I5_O)        0.099    -0.269 r  frame_cnt[5]_i_2/O
                         net (fo=1, routed)           0.000    -0.269    p_0_in[5]
    SLICE_X50Y69         FDRE                                         r  frame_cnt_reg[5]/D
  -------------------------------------------------------------------    -------------------

                         (clock clk_out1_clk_wiz_0 rise edge)
                                                      0.000     0.000 r  
    E3                                                0.000     0.000 r  clk (IN)
                         net (fo=0)                   0.000     0.000    u_clk_wiz_0/inst/clk_in1
    E3                   IBUF (Prop_ibuf_I_O)         0.438     0.438 r  u_clk_wiz_0/inst/clkin1_ibufg/O
                         net (fo=1, routed)           0.480     0.918    u_clk_wiz_0/inst/clk_in1_clk_wiz_0
    MMCME2_ADV_X1Y2      MMCME2_ADV (Prop_mmcme2_adv_CLKIN1_CLKOUT0)
                                                     -3.163    -2.245 r  u_clk_wiz_0/inst/mmcm_adv_inst/CLKOUT0
                         net (fo=1, routed)           0.544    -1.702    u_clk_wiz_0/inst/clk_out1_clk_wiz_0
    BUFGCTRL_X0Y16       BUFG (Prop_bufg_I_O)         0.029    -1.673 r  u_clk_wiz_0/inst/clkout1_buf/O
                         net (fo=301, routed)         0.825    -0.848    pix_clk
    SLICE_X50Y69         FDRE                                         r  frame_cnt_reg[5]/C
                         clock pessimism              0.241    -0.607    
    SLICE_X50Y69         FDRE (Hold_fdre_C_D)         0.121    -0.486    frame_cnt_reg[5]
  -------------------------------------------------------------------
                         required time                          0.486    
                         arrival time                          -0.269    
  -------------------------------------------------------------------
                         slack                                  0.217    

Slack (MET) :             0.218ns  (arrival time - required time)
  Source:                 u_clock_core/u_btn_min_up/stable_d_reg/C
                            (rising edge-triggered cell FDRE clocked by clk_out1_clk_wiz_0  {rise@0.000ns fall@19.862ns period=39.724ns})
  Destination:            u_clock_core/u_btn_min_up/pulse_reg/D
                            (rising edge-triggered cell FDRE clocked by clk_out1_clk_wiz_0  {rise@0.000ns fall@19.862ns period=39.724ns})
  Path Group:             clk_out1_clk_wiz_0
  Path Type:              Hold (Min at Fast Process Corner)
  Requirement:            0.000ns  (clk_out1_clk_wiz_0 rise@0.000ns - clk_out1_clk_wiz_0 rise@0.000ns)
  Data Path Delay:        0.323ns  (logic 0.186ns (57.513%)  route 0.137ns (42.487%))
  Logic Levels:           1  (LUT2=1)
  Clock Path Skew:        0.013ns (DCD - SCD - CPR)
    Destination Clock Delay (DCD):    -0.840ns
    Source Clock Delay      (SCD):    -0.601ns
    Clock Pessimism Removal (CPR):    -0.252ns

    Location             Delay type                Incr(ns)  Path(ns)    Netlist Resource(s)
  -------------------------------------------------------------------    -------------------
                         (clock clk_out1_clk_wiz_0 rise edge)
                                                      0.000     0.000 r  
    E3                                                0.000     0.000 r  clk (IN)
                         net (fo=0)                   0.000     0.000    u_clk_wiz_0/inst/clk_in1
    E3                   IBUF (Prop_ibuf_I_O)         0.250     0.250 r  u_clk_wiz_0/inst/clkin1_ibufg/O
                         net (fo=1, routed)           0.440     0.690    u_clk_wiz_0/inst/clk_in1_clk_wiz_0
    MMCME2_ADV_X1Y2      MMCME2_ADV (Prop_mmcme2_adv_CLKIN1_CLKOUT0)
                                                     -2.379    -1.689 r  u_clk_wiz_0/inst/mmcm_adv_inst/CLKOUT0
                         net (fo=1, routed)           0.499    -1.190    u_clk_wiz_0/inst/clk_out1_clk_wiz_0
    BUFGCTRL_X0Y16       BUFG (Prop_bufg_I_O)         0.026    -1.164 r  u_clk_wiz_0/inst/clkout1_buf/O
                         net (fo=301, routed)         0.563    -0.601    u_clock_core/u_btn_min_up/clk_out1
    SLICE_X41Y66         FDRE                                         r  u_clock_core/u_btn_min_up/stable_d_reg/C
  -------------------------------------------------------------------    -------------------
    SLICE_X41Y66         FDRE (Prop_fdre_C_Q)         0.141    -0.460 f  u_clock_core/u_btn_min_up/stable_d_reg/Q
                         net (fo=1, routed)           0.137    -0.323    u_clock_core/u_btn_min_up/stable_d
    SLICE_X40Y66         LUT2 (Prop_lut2_I1_O)        0.045    -0.278 r  u_clock_core/u_btn_min_up/pulse_i_1__1/O
                         net (fo=1, routed)           0.000    -0.278    u_clock_core/u_btn_min_up/pulse0
    SLICE_X40Y66         FDRE                                         r  u_clock_core/u_btn_min_up/pulse_reg/D
  -------------------------------------------------------------------    -------------------

                         (clock clk_out1_clk_wiz_0 rise edge)
                                                      0.000     0.000 r  
    E3                                                0.000     0.000 r  clk (IN)
                         net (fo=0)                   0.000     0.000    u_clk_wiz_0/inst/clk_in1
    E3                   IBUF (Prop_ibuf_I_O)         0.438     0.438 r  u_clk_wiz_0/inst/clkin1_ibufg/O
                         net (fo=1, routed)           0.480     0.918    u_clk_wiz_0/inst/clk_in1_clk_wiz_0
    MMCME2_ADV_X1Y2      MMCME2_ADV (Prop_mmcme2_adv_CLKIN1_CLKOUT0)
                                                     -3.163    -2.245 r  u_clk_wiz_0/inst/mmcm_adv_inst/CLKOUT0
                         net (fo=1, routed)           0.544    -1.702    u_clk_wiz_0/inst/clk_out1_clk_wiz_0
    BUFGCTRL_X0Y16       BUFG (Prop_bufg_I_O)         0.029    -1.673 r  u_clk_wiz_0/inst/clkout1_buf/O
                         net (fo=301, routed)         0.833    -0.840    u_clock_core/u_btn_min_up/clk_out1
    SLICE_X40Y66         FDRE                                         r  u_clock_core/u_btn_min_up/pulse_reg/C
                         clock pessimism              0.252    -0.588    
    SLICE_X40Y66         FDRE (Hold_fdre_C_D)         0.092    -0.496    u_clock_core/u_btn_min_up/pulse_reg
  -------------------------------------------------------------------
                         required time                          0.496    
                         arrival time                          -0.278    
  -------------------------------------------------------------------
                         slack                                  0.218    

Slack (MET) :             0.224ns  (arrival time - required time)
  Source:                 u_vga_timing/pixel_y_reg[6]/C
                            (rising edge-triggered cell FDRE clocked by clk_out1_clk_wiz_0  {rise@0.000ns fall@19.862ns period=39.724ns})
  Destination:            u_vga_timing/pixel_y_reg[8]/D
                            (rising edge-triggered cell FDRE clocked by clk_out1_clk_wiz_0  {rise@0.000ns fall@19.862ns period=39.724ns})
  Path Group:             clk_out1_clk_wiz_0
  Path Type:              Hold (Min at Fast Process Corner)
  Requirement:            0.000ns  (clk_out1_clk_wiz_0 rise@0.000ns - clk_out1_clk_wiz_0 rise@0.000ns)
  Data Path Delay:        0.328ns  (logic 0.186ns (56.701%)  route 0.142ns (43.299%))
  Logic Levels:           1  (LUT4=1)
  Clock Path Skew:        0.013ns (DCD - SCD - CPR)
    Destination Clock Delay (DCD):    -0.842ns
    Source Clock Delay      (SCD):    -0.603ns
    Clock Pessimism Removal (CPR):    -0.252ns

    Location             Delay type                Incr(ns)  Path(ns)    Netlist Resource(s)
  -------------------------------------------------------------------    -------------------
                         (clock clk_out1_clk_wiz_0 rise edge)
                                                      0.000     0.000 r  
    E3                                                0.000     0.000 r  clk (IN)
                         net (fo=0)                   0.000     0.000    u_clk_wiz_0/inst/clk_in1
    E3                   IBUF (Prop_ibuf_I_O)         0.250     0.250 r  u_clk_wiz_0/inst/clkin1_ibufg/O
                         net (fo=1, routed)           0.440     0.690    u_clk_wiz_0/inst/clk_in1_clk_wiz_0
    MMCME2_ADV_X1Y2      MMCME2_ADV (Prop_mmcme2_adv_CLKIN1_CLKOUT0)
                                                     -2.379    -1.689 r  u_clk_wiz_0/inst/mmcm_adv_inst/CLKOUT0
                         net (fo=1, routed)           0.499    -1.190    u_clk_wiz_0/inst/clk_out1_clk_wiz_0
    BUFGCTRL_X0Y16       BUFG (Prop_bufg_I_O)         0.026    -1.164 r  u_clk_wiz_0/inst/clkout1_buf/O
                         net (fo=301, routed)         0.561    -0.603    u_vga_timing/clk_out1
    SLICE_X69Y68         FDRE                                         r  u_vga_timing/pixel_y_reg[6]/C
  -------------------------------------------------------------------    -------------------
    SLICE_X69Y68         FDRE (Prop_fdre_C_Q)         0.141    -0.462 r  u_vga_timing/pixel_y_reg[6]/Q
                         net (fo=30, routed)          0.142    -0.320    u_vga_timing/pixel_y[6]
    SLICE_X68Y68         LUT4 (Prop_lut4_I2_O)        0.045    -0.275 r  u_vga_timing/pixel_y[8]_i_1/O
                         net (fo=1, routed)           0.000    -0.275    u_vga_timing/pixel_y_0[8]
    SLICE_X68Y68         FDRE                                         r  u_vga_timing/pixel_y_reg[8]/D
  -------------------------------------------------------------------    -------------------

                         (clock clk_out1_clk_wiz_0 rise edge)
                                                      0.000     0.000 r  
    E3                                                0.000     0.000 r  clk (IN)
                         net (fo=0)                   0.000     0.000    u_clk_wiz_0/inst/clk_in1
    E3                   IBUF (Prop_ibuf_I_O)         0.438     0.438 r  u_clk_wiz_0/inst/clkin1_ibufg/O
                         net (fo=1, routed)           0.480     0.918    u_clk_wiz_0/inst/clk_in1_clk_wiz_0
    MMCME2_ADV_X1Y2      MMCME2_ADV (Prop_mmcme2_adv_CLKIN1_CLKOUT0)
                                                     -3.163    -2.245 r  u_clk_wiz_0/inst/mmcm_adv_inst/CLKOUT0
                         net (fo=1, routed)           0.544    -1.702    u_clk_wiz_0/inst/clk_out1_clk_wiz_0
    BUFGCTRL_X0Y16       BUFG (Prop_bufg_I_O)         0.029    -1.673 r  u_clk_wiz_0/inst/clkout1_buf/O
                         net (fo=301, routed)         0.831    -0.842    u_vga_timing/clk_out1
    SLICE_X68Y68         FDRE                                         r  u_vga_timing/pixel_y_reg[8]/C
                         clock pessimism              0.252    -0.590    
    SLICE_X68Y68         FDRE (Hold_fdre_C_D)         0.091    -0.499    u_vga_timing/pixel_y_reg[8]
  -------------------------------------------------------------------
                         required time                          0.499    
                         arrival time                          -0.275    
  -------------------------------------------------------------------
                         slack                                  0.224    

Slack (MET) :             0.227ns  (arrival time - required time)
  Source:                 u_clock_core/sec_reg[0]/C
                            (rising edge-triggered cell FDRE clocked by clk_out1_clk_wiz_0  {rise@0.000ns fall@19.862ns period=39.724ns})
  Destination:            u_clock_core/sec_reg[4]/D
                            (rising edge-triggered cell FDRE clocked by clk_out1_clk_wiz_0  {rise@0.000ns fall@19.862ns period=39.724ns})
  Path Group:             clk_out1_clk_wiz_0
  Path Type:              Hold (Min at Fast Process Corner)
  Requirement:            0.000ns  (clk_out1_clk_wiz_0 rise@0.000ns - clk_out1_clk_wiz_0 rise@0.000ns)
  Data Path Delay:        0.347ns  (logic 0.213ns (61.305%)  route 0.134ns (38.695%))
  Logic Levels:           1  (LUT5=1)
  Clock Path Skew:        0.013ns (DCD - SCD - CPR)
    Destination Clock Delay (DCD):    -0.847ns
    Source Clock Delay      (SCD):    -0.607ns
    Clock Pessimism Removal (CPR):    -0.253ns

    Location             Delay type                Incr(ns)  Path(ns)    Netlist Resource(s)
  -------------------------------------------------------------------    -------------------
                         (clock clk_out1_clk_wiz_0 rise edge)
                                                      0.000     0.000 r  
    E3                                                0.000     0.000 r  clk (IN)
                         net (fo=0)                   0.000     0.000    u_clk_wiz_0/inst/clk_in1
    E3                   IBUF (Prop_ibuf_I_O)         0.250     0.250 r  u_clk_wiz_0/inst/clkin1_ibufg/O
                         net (fo=1, routed)           0.440     0.690    u_clk_wiz_0/inst/clk_in1_clk_wiz_0
    MMCME2_ADV_X1Y2      MMCME2_ADV (Prop_mmcme2_adv_CLKIN1_CLKOUT0)
                                                     -2.379    -1.689 r  u_clk_wiz_0/inst/mmcm_adv_inst/CLKOUT0
                         net (fo=1, routed)           0.499    -1.190    u_clk_wiz_0/inst/clk_out1_clk_wiz_0
    BUFGCTRL_X0Y16       BUFG (Prop_bufg_I_O)         0.026    -1.164 r  u_clk_wiz_0/inst/clkout1_buf/O
                         net (fo=301, routed)         0.557    -0.607    u_clock_core/clk_out1
    SLICE_X58Y70         FDRE                                         r  u_clock_core/sec_reg[0]/C
  -------------------------------------------------------------------    -------------------
    SLICE_X58Y70         FDRE (Prop_fdre_C_Q)         0.164    -0.443 r  u_clock_core/sec_reg[0]/Q
                         net (fo=15, routed)          0.134    -0.309    u_clock_core/sec_reg_n_0_[0]
    SLICE_X59Y70         LUT5 (Prop_lut5_I3_O)        0.049    -0.260 r  u_clock_core/sec[4]_i_1/O
                         net (fo=1, routed)           0.000    -0.260    u_clock_core/sec[4]_i_1_n_0
    SLICE_X59Y70         FDRE                                         r  u_clock_core/sec_reg[4]/D
  -------------------------------------------------------------------    -------------------

                         (clock clk_out1_clk_wiz_0 rise edge)
                                                      0.000     0.000 r  
    E3                                                0.000     0.000 r  clk (IN)
                         net (fo=0)                   0.000     0.000    u_clk_wiz_0/inst/clk_in1
    E3                   IBUF (Prop_ibuf_I_O)         0.438     0.438 r  u_clk_wiz_0/inst/clkin1_ibufg/O
                         net (fo=1, routed)           0.480     0.918    u_clk_wiz_0/inst/clk_in1_clk_wiz_0
    MMCME2_ADV_X1Y2      MMCME2_ADV (Prop_mmcme2_adv_CLKIN1_CLKOUT0)
                                                     -3.163    -2.245 r  u_clk_wiz_0/inst/mmcm_adv_inst/CLKOUT0
                         net (fo=1, routed)           0.544    -1.702    u_clk_wiz_0/inst/clk_out1_clk_wiz_0
    BUFGCTRL_X0Y16       BUFG (Prop_bufg_I_O)         0.029    -1.673 r  u_clk_wiz_0/inst/clkout1_buf/O
                         net (fo=301, routed)         0.826    -0.847    u_clock_core/clk_out1
    SLICE_X59Y70         FDRE                                         r  u_clock_core/sec_reg[4]/C
                         clock pessimism              0.253    -0.594    
    SLICE_X59Y70         FDRE (Hold_fdre_C_D)         0.107    -0.487    u_clock_core/sec_reg[4]
  -------------------------------------------------------------------
                         required time                          0.487    
                         arrival time                          -0.260    
  -------------------------------------------------------------------
                         slack                                  0.227    





Pulse Width Checks
--------------------------------------------------------------------------------------
Clock Name:         clk_out1_clk_wiz_0
Waveform(ns):       { 0.000 19.862 }
Period(ns):         39.724
Sources:            { u_clk_wiz_0/inst/mmcm_adv_inst/CLKOUT0 }

Check Type        Corner  Lib Pin             Reference Pin  Required(ns)  Actual(ns)  Slack(ns)  Location         Pin
Min Period        n/a     RAMB36E1/CLKARDCLK  n/a            2.141         39.724      37.583     RAMB36_X3Y13     u_bram_background/u_bg_rom/U0/inst_blk_mem_gen/gnbram.gnativebmg.native_blk_mem_gen/valid.cstr/ramloop[2].ram.r/prim_init.ram/DEVICE_7SERIES.NO_BMM_INFO.SP.CASCADED_PRIM36.ram_B/CLKARDCLK
Min Period        n/a     RAMB36E1/CLKARDCLK  n/a            2.141         39.724      37.583     RAMB36_X3Y11     u_bram_background/u_bg_rom/U0/inst_blk_mem_gen/gnbram.gnativebmg.native_blk_mem_gen/valid.cstr/ramloop[4].ram.r/prim_init.ram/DEVICE_7SERIES.NO_BMM_INFO.SP.CASCADED_PRIM36.ram_T/CLKARDCLK
Min Period        n/a     RAMB36E1/CLKARDCLK  n/a            2.141         39.724      37.583     RAMB36_X3Y14     u_bram_background/u_bg_rom/U0/inst_blk_mem_gen/gnbram.gnativebmg.native_blk_mem_gen/valid.cstr/ramloop[2].ram.r/prim_init.ram/DEVICE_7SERIES.NO_BMM_INFO.SP.CASCADED_PRIM36.ram_T/CLKARDCLK
Min Period        n/a     RAMB36E1/CLKARDCLK  n/a            2.141         39.724      37.583     RAMB36_X3Y10     u_bram_background/u_bg_rom/U0/inst_blk_mem_gen/gnbram.gnativebmg.native_blk_mem_gen/valid.cstr/ramloop[4].ram.r/prim_init.ram/DEVICE_7SERIES.NO_BMM_INFO.SP.CASCADED_PRIM36.ram_B/CLKARDCLK
Min Period        n/a     RAMB36E1/CLKARDCLK  n/a            2.141         39.724      37.583     RAMB36_X2Y8      u_bram_background/u_bg_rom/U0/inst_blk_mem_gen/gnbram.gnativebmg.native_blk_mem_gen/valid.cstr/ramloop[0].ram.r/prim_init.ram/DEVICE_7SERIES.NO_BMM_INFO.SP.CASCADED_PRIM36.ram_B/CLKARDCLK
Min Period        n/a     RAMB36E1/CLKARDCLK  n/a            2.141         39.724      37.583     RAMB36_X2Y9      u_bram_background/u_bg_rom/U0/inst_blk_mem_gen/gnbram.gnativebmg.native_blk_mem_gen/valid.cstr/ramloop[0].ram.r/prim_init.ram/DEVICE_7SERIES.NO_BMM_INFO.SP.CASCADED_PRIM36.ram_T/CLKARDCLK
Min Period        n/a     RAMB18E1/CLKARDCLK  n/a            1.962         39.724      37.762     RAMB18_X1Y36     u_bram_background/u_bg_rom/U0/inst_blk_mem_gen/gnbram.gnativebmg.native_blk_mem_gen/valid.cstr/ramloop[1].ram.r/prim_init.ram/DEVICE_7SERIES.NO_BMM_INFO.SP.SIMPLE_PRIM18.ram/CLKARDCLK
Min Period        n/a     RAMB18E1/CLKBWRCLK  n/a            1.962         39.724      37.762     RAMB18_X1Y36     u_bram_background/u_bg_rom/U0/inst_blk_mem_gen/gnbram.gnativebmg.native_blk_mem_gen/valid.cstr/ramloop[1].ram.r/prim_init.ram/DEVICE_7SERIES.NO_BMM_INFO.SP.SIMPLE_PRIM18.ram/CLKBWRCLK
Min Period        n/a     RAMB36E1/CLKARDCLK  n/a            1.962         39.724      37.762     RAMB36_X1Y9      u_bram_background/u_bg_rom/U0/inst_blk_mem_gen/gnbram.gnativebmg.native_blk_mem_gen/valid.cstr/ramloop[10].ram.r/prim_init.ram/DEVICE_7SERIES.NO_BMM_INFO.SP.SIMPLE_PRIM36.ram/CLKARDCLK
Min Period        n/a     RAMB36E1/CLKBWRCLK  n/a            1.962         39.724      37.762     RAMB36_X1Y9      u_bram_background/u_bg_rom/U0/inst_blk_mem_gen/gnbram.gnativebmg.native_blk_mem_gen/valid.cstr/ramloop[10].ram.r/prim_init.ram/DEVICE_7SERIES.NO_BMM_INFO.SP.SIMPLE_PRIM36.ram/CLKBWRCLK
Max Period        n/a     MMCME2_ADV/CLKOUT0  n/a            213.360       39.724      173.637    MMCME2_ADV_X1Y2  u_clk_wiz_0/inst/mmcm_adv_inst/CLKOUT0
Low Pulse Width   Fast    FDRE/C              n/a            0.500         19.862      19.362     SLICE_X72Y72     u_bram_background/bg_b_reg[0]/C
Low Pulse Width   Fast    FDRE/C              n/a            0.500         19.862      19.362     SLICE_X73Y72     u_bram_background/bg_b_reg[1]/C
Low Pulse Width   Fast    FDRE/C              n/a            0.500         19.862      19.362     SLICE_X73Y72     u_bram_background/bg_b_reg[2]/C
Low Pulse Width   Fast    FDRE/C              n/a            0.500         19.862      19.362     SLICE_X72Y71     u_bram_background/bg_b_reg[3]/C
Low Pulse Width   Fast    FDRE/C              n/a            0.500         19.862      19.362     SLICE_X72Y72     u_bram_background/bg_g_reg[0]/C
Low Pulse Width   Fast    FDRE/C              n/a            0.500         19.862      19.362     SLICE_X72Y71     u_bram_background/bg_g_reg[1]/C
Low Pulse Width   Fast    FDRE/C              n/a            0.500         19.862      19.362     SLICE_X60Y70     u_clock_core/min_reg[0]/C
Low Pulse Width   Fast    FDRE/C              n/a            0.500         19.862      19.362     SLICE_X60Y70     u_clock_core/min_reg[1]/C
Low Pulse Width   Fast    FDRE/C              n/a            0.500         19.862      19.362     SLICE_X72Y71     u_bram_background/bg_r_reg[0]/C
Low Pulse Width   Fast    FDRE/C              n/a            0.500         19.862      19.362     SLICE_X73Y71     u_bram_background/bg_r_reg[1]/C
High Pulse Width  Slow    FDRE/C              n/a            0.500         19.862      19.362     SLICE_X58Y63     u_clock_core/alarm_en_sync_reg[1]/C
High Pulse Width  Slow    FDRE/C              n/a            0.500         19.862      19.362     SLICE_X60Y72     u_clock_core/led_hourly_reg/C
High Pulse Width  Slow    FDRE/C              n/a            0.500         19.862      19.362     SLICE_X72Y70     u_bram_background/bg_g_reg[2]/C
High Pulse Width  Slow    FDRE/C              n/a            0.500         19.862      19.362     SLICE_X72Y70     u_bram_background/bg_g_reg[3]/C
High Pulse Width  Slow    FDRE/C              n/a            0.500         19.862      19.362     SLICE_X53Y61     u_clock_core/tick_cnt_reg[0]/C
High Pulse Width  Slow    FDRE/C              n/a            0.500         19.862      19.362     SLICE_X53Y61     u_clock_core/tick_cnt_reg[1]/C
High Pulse Width  Slow    FDRE/C              n/a            0.500         19.862      19.362     SLICE_X53Y67     u_clock_core/tick_cnt_reg[24]/C
High Pulse Width  Slow    FDRE/C              n/a            0.500         19.862      19.362     SLICE_X53Y61     u_clock_core/tick_cnt_reg[2]/C
High Pulse Width  Slow    FDRE/C              n/a            0.500         19.862      19.362     SLICE_X53Y61     u_clock_core/tick_cnt_reg[3]/C
High Pulse Width  Slow    FDRE/C              n/a            0.500         19.862      19.362     SLICE_X53Y62     u_clock_core/tick_cnt_reg[4]/C



---------------------------------------------------------------------------------------------------
From Clock:  clkfbout_clk_wiz_0
  To Clock:  clkfbout_clk_wiz_0

Setup :           NA  Failing Endpoints,  Worst Slack           NA  ,  Total Violation           NA
Hold  :           NA  Failing Endpoints,  Worst Slack           NA  ,  Total Violation           NA
PW    :            0  Failing Endpoints,  Worst Slack       18.408ns,  Total Violation        0.000ns
---------------------------------------------------------------------------------------------------


Pulse Width Checks
--------------------------------------------------------------------------------------
Clock Name:         clkfbout_clk_wiz_0
Waveform(ns):       { 0.000 10.000 }
Period(ns):         20.000
Sources:            { u_clk_wiz_0/inst/mmcm_adv_inst/CLKFBOUT }

Check Type  Corner  Lib Pin              Reference Pin  Required(ns)  Actual(ns)  Slack(ns)  Location         Pin
Min Period  n/a     BUFG/I               n/a            1.592         20.000      18.408     BUFGCTRL_X0Y17   u_clk_wiz_0/inst/clkf_buf/I
Min Period  n/a     MMCME2_ADV/CLKFBOUT  n/a            1.249         20.000      18.751     MMCME2_ADV_X1Y2  u_clk_wiz_0/inst/mmcm_adv_inst/CLKFBOUT
Min Period  n/a     MMCME2_ADV/CLKFBIN   n/a            1.249         20.000      18.751     MMCME2_ADV_X1Y2  u_clk_wiz_0/inst/mmcm_adv_inst/CLKFBIN
Max Period  n/a     MMCME2_ADV/CLKFBIN   n/a            100.000       20.000      80.000     MMCME2_ADV_X1Y2  u_clk_wiz_0/inst/mmcm_adv_inst/CLKFBIN
Max Period  n/a     MMCME2_ADV/CLKFBOUT  n/a            213.360       20.000      193.360    MMCME2_ADV_X1Y2  u_clk_wiz_0/inst/mmcm_adv_inst/CLKFBOUT



---------------------------------------------------------------------------------------------------
From Clock:  sys_clk_pin
  To Clock:  sys_clk_pin

Setup :           NA  Failing Endpoints,  Worst Slack           NA  ,  Total Violation           NA
Hold  :           NA  Failing Endpoints,  Worst Slack           NA  ,  Total Violation           NA
PW    :            0  Failing Endpoints,  Worst Slack        3.000ns,  Total Violation        0.000ns
---------------------------------------------------------------------------------------------------


Pulse Width Checks
--------------------------------------------------------------------------------------
Clock Name:         sys_clk_pin
Waveform(ns):       { 0.000 5.000 }
Period(ns):         10.000
Sources:            { clk }

Check Type        Corner  Lib Pin            Reference Pin  Required(ns)  Actual(ns)  Slack(ns)  Location         Pin
Min Period        n/a     MMCME2_ADV/CLKIN1  n/a            1.249         10.000      8.751      MMCME2_ADV_X1Y2  u_clk_wiz_0/inst/mmcm_adv_inst/CLKIN1
Max Period        n/a     MMCME2_ADV/CLKIN1  n/a            100.000       10.000      90.000     MMCME2_ADV_X1Y2  u_clk_wiz_0/inst/mmcm_adv_inst/CLKIN1
Low Pulse Width   Fast    MMCME2_ADV/CLKIN1  n/a            2.000         5.000       3.000      MMCME2_ADV_X1Y2  u_clk_wiz_0/inst/mmcm_adv_inst/CLKIN1
Low Pulse Width   Slow    MMCME2_ADV/CLKIN1  n/a            2.000         5.000       3.000      MMCME2_ADV_X1Y2  u_clk_wiz_0/inst/mmcm_adv_inst/CLKIN1
High Pulse Width  Slow    MMCME2_ADV/CLKIN1  n/a            2.000         5.000       3.000      MMCME2_ADV_X1Y2  u_clk_wiz_0/inst/mmcm_adv_inst/CLKIN1
High Pulse Width  Fast    MMCME2_ADV/CLKIN1  n/a            2.000         5.000       3.000      MMCME2_ADV_X1Y2  u_clk_wiz_0/inst/mmcm_adv_inst/CLKIN1



---------------------------------------------------------------------------------------------------
From Clock:  clk_out1_clk_wiz_0_1
  To Clock:  clk_out1_clk_wiz_0_1

Setup :            0  Failing Endpoints,  Worst Slack       34.033ns,  Total Violation        0.000ns
Hold  :            0  Failing Endpoints,  Worst Slack        0.171ns,  Total Violation        0.000ns
PW    :            0  Failing Endpoints,  Worst Slack       19.362ns,  Total Violation        0.000ns
---------------------------------------------------------------------------------------------------


Max Delay Paths
--------------------------------------------------------------------------------------
Slack (MET) :             34.033ns  (required time - arrival time)
  Source:                 u_vga_timing/pixel_y_reg[8]/C
                            (rising edge-triggered cell FDRE clocked by clk_out1_clk_wiz_0_1  {rise@0.000ns fall@19.862ns period=39.724ns})
  Destination:            u_bram_background/u_bg_rom/U0/inst_blk_mem_gen/gnbram.gnativebmg.native_blk_mem_gen/valid.cstr/ramloop[19].ram.r/prim_init.ram/DEVICE_7SERIES.NO_BMM_INFO.SP.SIMPLE_PRIM36.ram/ENARDEN
                            (rising edge-triggered cell RAMB36E1 clocked by clk_out1_clk_wiz_0_1  {rise@0.000ns fall@19.862ns period=39.724ns})
  Path Group:             clk_out1_clk_wiz_0_1
  Path Type:              Setup (Max at Slow Process Corner)
  Requirement:            39.724ns  (clk_out1_clk_wiz_0_1 rise@39.724ns - clk_out1_clk_wiz_0_1 rise@0.000ns)
  Data Path Delay:        5.170ns  (logic 0.939ns (18.164%)  route 4.231ns (81.836%))
  Logic Levels:           3  (CARRY4=1 LUT3=1 LUT5=1)
  Clock Path Skew:        0.054ns (DCD - SCD + CPR)
    Destination Clock Delay (DCD):    -0.670ns = ( 39.053 - 39.724 ) 
    Source Clock Delay      (SCD):    -0.376ns
    Clock Pessimism Removal (CPR):    0.348ns
  Clock Uncertainty:      0.083ns  ((TSJ^2 + DJ^2)^1/2) / 2 + PE
    Total System Jitter     (TSJ):    0.071ns
    Discrete Jitter          (DJ):    0.151ns
    Phase Error              (PE):    0.000ns

    Location             Delay type                Incr(ns)  Path(ns)    Netlist Resource(s)
  -------------------------------------------------------------------    -------------------
                         (clock clk_out1_clk_wiz_0_1 rise edge)
                                                      0.000     0.000 r  
    E3                                                0.000     0.000 r  clk (IN)
                         net (fo=0)                   0.000     0.000    u_clk_wiz_0/inst/clk_in1
    E3                   IBUF (Prop_ibuf_I_O)         1.330     1.330 r  u_clk_wiz_0/inst/clkin1_ibufg/O
                         net (fo=1, routed)           0.974     2.304    u_clk_wiz_0/inst/clk_in1_clk_wiz_0
    MMCME2_ADV_X1Y2      MMCME2_ADV (Prop_mmcme2_adv_CLKIN1_CLKOUT0)
                                                     -5.294    -2.990 r  u_clk_wiz_0/inst/mmcm_adv_inst/CLKOUT0
                         net (fo=1, routed)           1.297    -1.693    u_clk_wiz_0/inst/clk_out1_clk_wiz_0
    BUFGCTRL_X0Y16       BUFG (Prop_bufg_I_O)         0.076    -1.617 r  u_clk_wiz_0/inst/clkout1_buf/O
                         net (fo=301, routed)         1.241    -0.376    u_vga_timing/clk_out1
    SLICE_X68Y68         FDRE                                         r  u_vga_timing/pixel_y_reg[8]/C
  -------------------------------------------------------------------    -------------------
    SLICE_X68Y68         FDRE (Prop_fdre_C_Q)         0.341    -0.035 r  u_vga_timing/pixel_y_reg[8]/Q
                         net (fo=23, routed)          1.231     1.196    u_vga_timing/Q[1]
    SLICE_X66Y69         LUT3 (Prop_lut3_I0_O)        0.097     1.293 r  u_vga_timing/rom_addr__0_carry__1_i_3/O
                         net (fo=1, routed)           0.000     1.293    u_bram_background/no_softecc_sel_reg.ce_pri.sel_pipe_reg[4]_0[1]
    SLICE_X66Y69         CARRY4 (Prop_carry4_S[1]_CO[3])
                                                      0.402     1.695 f  u_bram_background/rom_addr__0_carry__1/CO[3]
                         net (fo=27, routed)          2.323     4.018    u_bram_background/u_bg_rom/U0/inst_blk_mem_gen/gnbram.gnativebmg.native_blk_mem_gen/valid.cstr/bindec_a.bindec_inst_a/addra[4]
    SLICE_X72Y77         LUT5 (Prop_lut5_I1_O)        0.099     4.117 r  u_bram_background/u_bg_rom/U0/inst_blk_mem_gen/gnbram.gnativebmg.native_blk_mem_gen/valid.cstr/bindec_a.bindec_inst_a/DEVICE_7SERIES.NO_BMM_INFO.SP.SIMPLE_PRIM36.ram_i_1__13/O
                         net (fo=1, routed)           0.676     4.793    u_bram_background/u_bg_rom/U0/inst_blk_mem_gen/gnbram.gnativebmg.native_blk_mem_gen/valid.cstr/ramloop[19].ram.r/prim_init.ram/ena_array[0]
    RAMB36_X2Y16         RAMB36E1                                     r  u_bram_background/u_bg_rom/U0/inst_blk_mem_gen/gnbram.gnativebmg.native_blk_mem_gen/valid.cstr/ramloop[19].ram.r/prim_init.ram/DEVICE_7SERIES.NO_BMM_INFO.SP.SIMPLE_PRIM36.ram/ENARDEN
  -------------------------------------------------------------------    -------------------

                         (clock clk_out1_clk_wiz_0_1 rise edge)
                                                     39.724    39.724 r  
    E3                                                0.000    39.724 r  clk (IN)
                         net (fo=0)                   0.000    39.724    u_clk_wiz_0/inst/clk_in1
    E3                   IBUF (Prop_ibuf_I_O)         1.263    40.986 r  u_clk_wiz_0/inst/clkin1_ibufg/O
                         net (fo=1, routed)           0.916    41.903    u_clk_wiz_0/inst/clk_in1_clk_wiz_0
    MMCME2_ADV_X1Y2      MMCME2_ADV (Prop_mmcme2_adv_CLKIN1_CLKOUT0)
                                                     -5.390    36.513 r  u_clk_wiz_0/inst/mmcm_adv_inst/CLKOUT0
                         net (fo=1, routed)           1.234    37.747    u_clk_wiz_0/inst/clk_out1_clk_wiz_0
    BUFGCTRL_X0Y16       BUFG (Prop_bufg_I_O)         0.072    37.819 r  u_clk_wiz_0/inst/clkout1_buf/O
                         net (fo=301, routed)         1.234    39.053    u_bram_background/u_bg_rom/U0/inst_blk_mem_gen/gnbram.gnativebmg.native_blk_mem_gen/valid.cstr/ramloop[19].ram.r/prim_init.ram/clka
    RAMB36_X2Y16         RAMB36E1                                     r  u_bram_background/u_bg_rom/U0/inst_blk_mem_gen/gnbram.gnativebmg.native_blk_mem_gen/valid.cstr/ramloop[19].ram.r/prim_init.ram/DEVICE_7SERIES.NO_BMM_INFO.SP.SIMPLE_PRIM36.ram/CLKARDCLK
                         clock pessimism              0.348    39.401    
                         clock uncertainty           -0.083    39.317    
    RAMB36_X2Y16         RAMB36E1 (Setup_ramb36e1_CLKARDCLK_ENARDEN)
                                                     -0.491    38.826    u_bram_background/u_bg_rom/U0/inst_blk_mem_gen/gnbram.gnativebmg.native_blk_mem_gen/valid.cstr/ramloop[19].ram.r/prim_init.ram/DEVICE_7SERIES.NO_BMM_INFO.SP.SIMPLE_PRIM36.ram
  -------------------------------------------------------------------
                         required time                         38.826    
                         arrival time                          -4.793    
  -------------------------------------------------------------------
                         slack                                 34.033    

Slack (MET) :             34.047ns  (required time - arrival time)
  Source:                 u_vga_timing/pixel_y_reg[8]/C
                            (rising edge-triggered cell FDRE clocked by clk_out1_clk_wiz_0_1  {rise@0.000ns fall@19.862ns period=39.724ns})
  Destination:            u_bram_background/u_bg_rom/U0/inst_blk_mem_gen/gnbram.gnativebmg.native_blk_mem_gen/valid.cstr/ramloop[18].ram.r/prim_init.ram/DEVICE_7SERIES.NO_BMM_INFO.SP.SIMPLE_PRIM36.ram/ENARDEN
                            (rising edge-triggered cell RAMB36E1 clocked by clk_out1_clk_wiz_0_1  {rise@0.000ns fall@19.862ns period=39.724ns})
  Path Group:             clk_out1_clk_wiz_0_1
  Path Type:              Setup (Max at Slow Process Corner)
  Requirement:            39.724ns  (clk_out1_clk_wiz_0_1 rise@39.724ns - clk_out1_clk_wiz_0_1 rise@0.000ns)
  Data Path Delay:        5.302ns  (logic 0.937ns (17.671%)  route 4.365ns (82.329%))
  Logic Levels:           3  (CARRY4=1 LUT3=1 LUT5=1)
  Clock Path Skew:        0.058ns (DCD - SCD + CPR)
    Destination Clock Delay (DCD):    -0.666ns = ( 39.057 - 39.724 ) 
    Source Clock Delay      (SCD):    -0.376ns
    Clock Pessimism Removal (CPR):    0.348ns
  Clock Uncertainty:      0.083ns  ((TSJ^2 + DJ^2)^1/2) / 2 + PE
    Total System Jitter     (TSJ):    0.071ns
    Discrete Jitter          (DJ):    0.151ns
    Phase Error              (PE):    0.000ns

    Location             Delay type                Incr(ns)  Path(ns)    Netlist Resource(s)
  -------------------------------------------------------------------    -------------------
                         (clock clk_out1_clk_wiz_0_1 rise edge)
                                                      0.000     0.000 r  
    E3                                                0.000     0.000 r  clk (IN)
                         net (fo=0)                   0.000     0.000    u_clk_wiz_0/inst/clk_in1
    E3                   IBUF (Prop_ibuf_I_O)         1.330     1.330 r  u_clk_wiz_0/inst/clkin1_ibufg/O
                         net (fo=1, routed)           0.974     2.304    u_clk_wiz_0/inst/clk_in1_clk_wiz_0
    MMCME2_ADV_X1Y2      MMCME2_ADV (Prop_mmcme2_adv_CLKIN1_CLKOUT0)
                                                     -5.294    -2.990 r  u_clk_wiz_0/inst/mmcm_adv_inst/CLKOUT0
                         net (fo=1, routed)           1.297    -1.693    u_clk_wiz_0/inst/clk_out1_clk_wiz_0
    BUFGCTRL_X0Y16       BUFG (Prop_bufg_I_O)         0.076    -1.617 r  u_clk_wiz_0/inst/clkout1_buf/O
                         net (fo=301, routed)         1.241    -0.376    u_vga_timing/clk_out1
    SLICE_X68Y68         FDRE                                         r  u_vga_timing/pixel_y_reg[8]/C
  -------------------------------------------------------------------    -------------------
    SLICE_X68Y68         FDRE (Prop_fdre_C_Q)         0.341    -0.035 r  u_vga_timing/pixel_y_reg[8]/Q
                         net (fo=23, routed)          1.231     1.196    u_vga_timing/Q[1]
    SLICE_X66Y69         LUT3 (Prop_lut3_I0_O)        0.097     1.293 r  u_vga_timing/rom_addr__0_carry__1_i_3/O
                         net (fo=1, routed)           0.000     1.293    u_bram_background/no_softecc_sel_reg.ce_pri.sel_pipe_reg[4]_0[1]
    SLICE_X66Y69         CARRY4 (Prop_carry4_S[1]_CO[3])
                                                      0.402     1.695 f  u_bram_background/rom_addr__0_carry__1/CO[3]
                         net (fo=27, routed)          2.322     4.016    u_bram_background/u_bg_rom/U0/inst_blk_mem_gen/gnbram.gnativebmg.native_blk_mem_gen/valid.cstr/bindec_a.bindec_inst_a/addra[4]
    SLICE_X72Y77         LUT5 (Prop_lut5_I1_O)        0.097     4.113 r  u_bram_background/u_bg_rom/U0/inst_blk_mem_gen/gnbram.gnativebmg.native_blk_mem_gen/valid.cstr/bindec_a.bindec_inst_a/DEVICE_7SERIES.NO_BMM_INFO.SP.SIMPLE_PRIM36.ram_i_1__12/O
                         net (fo=1, routed)           0.813     4.926    u_bram_background/u_bg_rom/U0/inst_blk_mem_gen/gnbram.gnativebmg.native_blk_mem_gen/valid.cstr/ramloop[18].ram.r/prim_init.ram/ena_array[0]
    RAMB36_X2Y17         RAMB36E1                                     r  u_bram_background/u_bg_rom/U0/inst_blk_mem_gen/gnbram.gnativebmg.native_blk_mem_gen/valid.cstr/ramloop[18].ram.r/prim_init.ram/DEVICE_7SERIES.NO_BMM_INFO.SP.SIMPLE_PRIM36.ram/ENARDEN
  -------------------------------------------------------------------    -------------------

                         (clock clk_out1_clk_wiz_0_1 rise edge)
                                                     39.724    39.724 r  
    E3                                                0.000    39.724 r  clk (IN)
                         net (fo=0)                   0.000    39.724    u_clk_wiz_0/inst/clk_in1
    E3                   IBUF (Prop_ibuf_I_O)         1.263    40.986 r  u_clk_wiz_0/inst/clkin1_ibufg/O
                         net (fo=1, routed)           0.916    41.903    u_clk_wiz_0/inst/clk_in1_clk_wiz_0
    MMCME2_ADV_X1Y2      MMCME2_ADV (Prop_mmcme2_adv_CLKIN1_CLKOUT0)
                                                     -5.390    36.513 r  u_clk_wiz_0/inst/mmcm_adv_inst/CLKOUT0
                         net (fo=1, routed)           1.234    37.747    u_clk_wiz_0/inst/clk_out1_clk_wiz_0
    BUFGCTRL_X0Y16       BUFG (Prop_bufg_I_O)         0.072    37.819 r  u_clk_wiz_0/inst/clkout1_buf/O
                         net (fo=301, routed)         1.238    39.057    u_bram_background/u_bg_rom/U0/inst_blk_mem_gen/gnbram.gnativebmg.native_blk_mem_gen/valid.cstr/ramloop[18].ram.r/prim_init.ram/clka
    RAMB36_X2Y17         RAMB36E1                                     r  u_bram_background/u_bg_rom/U0/inst_blk_mem_gen/gnbram.gnativebmg.native_blk_mem_gen/valid.cstr/ramloop[18].ram.r/prim_init.ram/DEVICE_7SERIES.NO_BMM_INFO.SP.SIMPLE_PRIM36.ram/CLKARDCLK
                         clock pessimism              0.348    39.405    
                         clock uncertainty           -0.083    39.321    
    RAMB36_X2Y17         RAMB36E1 (Setup_ramb36e1_CLKARDCLK_ENARDEN)
                                                     -0.348    38.973    u_bram_background/u_bg_rom/U0/inst_blk_mem_gen/gnbram.gnativebmg.native_blk_mem_gen/valid.cstr/ramloop[18].ram.r/prim_init.ram/DEVICE_7SERIES.NO_BMM_INFO.SP.SIMPLE_PRIM36.ram
  -------------------------------------------------------------------
                         required time                         38.973    
                         arrival time                          -4.926    
  -------------------------------------------------------------------
                         slack                                 34.047    

Slack (MET) :             34.193ns  (required time - arrival time)
  Source:                 u_vga_timing/pixel_y_reg[8]/C
                            (rising edge-triggered cell FDRE clocked by clk_out1_clk_wiz_0_1  {rise@0.000ns fall@19.862ns period=39.724ns})
  Destination:            u_bram_background/u_bg_rom/U0/inst_blk_mem_gen/gnbram.gnativebmg.native_blk_mem_gen/valid.cstr/ramloop[13].ram.r/prim_init.ram/DEVICE_7SERIES.NO_BMM_INFO.SP.SIMPLE_PRIM36.ram/ENARDEN
                            (rising edge-triggered cell RAMB36E1 clocked by clk_out1_clk_wiz_0_1  {rise@0.000ns fall@19.862ns period=39.724ns})
  Path Group:             clk_out1_clk_wiz_0_1
  Path Type:              Setup (Max at Slow Process Corner)
  Requirement:            39.724ns  (clk_out1_clk_wiz_0_1 rise@39.724ns - clk_out1_clk_wiz_0_1 rise@0.000ns)
  Data Path Delay:        5.013ns  (logic 0.935ns (18.652%)  route 4.078ns (81.348%))
  Logic Levels:           3  (CARRY4=1 LUT3=1 LUT5=1)
  Clock Path Skew:        0.062ns (DCD - SCD + CPR)
    Destination Clock Delay (DCD):    -0.662ns = ( 39.061 - 39.724 ) 
    Source Clock Delay      (SCD):    -0.376ns
    Clock Pessimism Removal (CPR):    0.348ns
  Clock Uncertainty:      0.083ns  ((TSJ^2 + DJ^2)^1/2) / 2 + PE
    Total System Jitter     (TSJ):    0.071ns
    Discrete Jitter          (DJ):    0.151ns
    Phase Error              (PE):    0.000ns

    Location             Delay type                Incr(ns)  Path(ns)    Netlist Resource(s)
  -------------------------------------------------------------------    -------------------
                         (clock clk_out1_clk_wiz_0_1 rise edge)
                                                      0.000     0.000 r  
    E3                                                0.000     0.000 r  clk (IN)
                         net (fo=0)                   0.000     0.000    u_clk_wiz_0/inst/clk_in1
    E3                   IBUF (Prop_ibuf_I_O)         1.330     1.330 r  u_clk_wiz_0/inst/clkin1_ibufg/O
                         net (fo=1, routed)           0.974     2.304    u_clk_wiz_0/inst/clk_in1_clk_wiz_0
    MMCME2_ADV_X1Y2      MMCME2_ADV (Prop_mmcme2_adv_CLKIN1_CLKOUT0)
                                                     -5.294    -2.990 r  u_clk_wiz_0/inst/mmcm_adv_inst/CLKOUT0
                         net (fo=1, routed)           1.297    -1.693    u_clk_wiz_0/inst/clk_out1_clk_wiz_0
    BUFGCTRL_X0Y16       BUFG (Prop_bufg_I_O)         0.076    -1.617 r  u_clk_wiz_0/inst/clkout1_buf/O
                         net (fo=301, routed)         1.241    -0.376    u_vga_timing/clk_out1
    SLICE_X68Y68         FDRE                                         r  u_vga_timing/pixel_y_reg[8]/C
  -------------------------------------------------------------------    -------------------
    SLICE_X68Y68         FDRE (Prop_fdre_C_Q)         0.341    -0.035 r  u_vga_timing/pixel_y_reg[8]/Q
                         net (fo=23, routed)          1.231     1.196    u_vga_timing/Q[1]
    SLICE_X66Y69         LUT3 (Prop_lut3_I0_O)        0.097     1.293 r  u_vga_timing/rom_addr__0_carry__1_i_3/O
                         net (fo=1, routed)           0.000     1.293    u_bram_background/no_softecc_sel_reg.ce_pri.sel_pipe_reg[4]_0[1]
    SLICE_X66Y69         CARRY4 (Prop_carry4_S[1]_CO[3])
                                                      0.402     1.695 f  u_bram_background/rom_addr__0_carry__1/CO[3]
                         net (fo=27, routed)          2.322     4.016    u_bram_background/u_bg_rom/U0/inst_blk_mem_gen/gnbram.gnativebmg.native_blk_mem_gen/valid.cstr/bindec_a.bindec_inst_a/addra[4]
    SLICE_X72Y77         LUT5 (Prop_lut5_I1_O)        0.095     4.111 r  u_bram_background/u_bg_rom/U0/inst_blk_mem_gen/gnbram.gnativebmg.native_blk_mem_gen/valid.cstr/bindec_a.bindec_inst_a/DEVICE_7SERIES.NO_BMM_INFO.SP.SIMPLE_PRIM36.ram_i_1__7/O
                         net (fo=1, routed)           0.525     4.636    u_bram_background/u_bg_rom/U0/inst_blk_mem_gen/gnbram.gnativebmg.native_blk_mem_gen/valid.cstr/ramloop[13].ram.r/prim_init.ram/ena_array[0]
    RAMB36_X3Y16         RAMB36E1                                     r  u_bram_background/u_bg_rom/U0/inst_blk_mem_gen/gnbram.gnativebmg.native_blk_mem_gen/valid.cstr/ramloop[13].ram.r/prim_init.ram/DEVICE_7SERIES.NO_BMM_INFO.SP.SIMPLE_PRIM36.ram/ENARDEN
  -------------------------------------------------------------------    -------------------

                         (clock clk_out1_clk_wiz_0_1 rise edge)
                                                     39.724    39.724 r  
    E3                                                0.000    39.724 r  clk (IN)
                         net (fo=0)                   0.000    39.724    u_clk_wiz_0/inst/clk_in1
    E3                   IBUF (Prop_ibuf_I_O)         1.263    40.986 r  u_clk_wiz_0/inst/clkin1_ibufg/O
                         net (fo=1, routed)           0.916    41.903    u_clk_wiz_0/inst/clk_in1_clk_wiz_0
    MMCME2_ADV_X1Y2      MMCME2_ADV (Prop_mmcme2_adv_CLKIN1_CLKOUT0)
                                                     -5.390    36.513 r  u_clk_wiz_0/inst/mmcm_adv_inst/CLKOUT0
                         net (fo=1, routed)           1.234    37.747    u_clk_wiz_0/inst/clk_out1_clk_wiz_0
    BUFGCTRL_X0Y16       BUFG (Prop_bufg_I_O)         0.072    37.819 r  u_clk_wiz_0/inst/clkout1_buf/O
                         net (fo=301, routed)         1.242    39.061    u_bram_background/u_bg_rom/U0/inst_blk_mem_gen/gnbram.gnativebmg.native_blk_mem_gen/valid.cstr/ramloop[13].ram.r/prim_init.ram/clka
    RAMB36_X3Y16         RAMB36E1                                     r  u_bram_background/u_bg_rom/U0/inst_blk_mem_gen/gnbram.gnativebmg.native_blk_mem_gen/valid.cstr/ramloop[13].ram.r/prim_init.ram/DEVICE_7SERIES.NO_BMM_INFO.SP.SIMPLE_PRIM36.ram/CLKARDCLK
                         clock pessimism              0.348    39.409    
                         clock uncertainty           -0.083    39.325    
    RAMB36_X3Y16         RAMB36E1 (Setup_ramb36e1_CLKARDCLK_ENARDEN)
                                                     -0.496    38.829    u_bram_background/u_bg_rom/U0/inst_blk_mem_gen/gnbram.gnativebmg.native_blk_mem_gen/valid.cstr/ramloop[13].ram.r/prim_init.ram/DEVICE_7SERIES.NO_BMM_INFO.SP.SIMPLE_PRIM36.ram
  -------------------------------------------------------------------
                         required time                         38.829    
                         arrival time                          -4.636    
  -------------------------------------------------------------------
                         slack                                 34.193    

Slack (MET) :             34.497ns  (required time - arrival time)
  Source:                 u_vga_timing/pixel_y_reg[8]/C
                            (rising edge-triggered cell FDRE clocked by clk_out1_clk_wiz_0_1  {rise@0.000ns fall@19.862ns period=39.724ns})
  Destination:            u_bram_background/u_bg_rom/U0/inst_blk_mem_gen/gnbram.gnativebmg.native_blk_mem_gen/valid.cstr/ramloop[15].ram.r/prim_init.ram/DEVICE_7SERIES.NO_BMM_INFO.SP.SIMPLE_PRIM36.ram/ENARDEN
                            (rising edge-triggered cell RAMB36E1 clocked by clk_out1_clk_wiz_0_1  {rise@0.000ns fall@19.862ns period=39.724ns})
  Path Group:             clk_out1_clk_wiz_0_1
  Path Type:              Setup (Max at Slow Process Corner)
  Requirement:            39.724ns  (clk_out1_clk_wiz_0_1 rise@39.724ns - clk_out1_clk_wiz_0_1 rise@0.000ns)
  Data Path Delay:        4.844ns  (logic 0.937ns (19.343%)  route 3.907ns (80.657%))
  Logic Levels:           3  (CARRY4=1 LUT3=1 LUT5=1)
  Clock Path Skew:        0.050ns (DCD - SCD + CPR)
    Destination Clock Delay (DCD):    -0.674ns = ( 39.049 - 39.724 ) 
    Source Clock Delay      (SCD):    -0.376ns
    Clock Pessimism Removal (CPR):    0.348ns
  Clock Uncertainty:      0.083ns  ((TSJ^2 + DJ^2)^1/2) / 2 + PE
    Total System Jitter     (TSJ):    0.071ns
    Discrete Jitter          (DJ):    0.151ns
    Phase Error              (PE):    0.000ns

    Location             Delay type                Incr(ns)  Path(ns)    Netlist Resource(s)
  -------------------------------------------------------------------    -------------------
                         (clock clk_out1_clk_wiz_0_1 rise edge)
                                                      0.000     0.000 r  
    E3                                                0.000     0.000 r  clk (IN)
                         net (fo=0)                   0.000     0.000    u_clk_wiz_0/inst/clk_in1
    E3                   IBUF (Prop_ibuf_I_O)         1.330     1.330 r  u_clk_wiz_0/inst/clkin1_ibufg/O
                         net (fo=1, routed)           0.974     2.304    u_clk_wiz_0/inst/clk_in1_clk_wiz_0
    MMCME2_ADV_X1Y2      MMCME2_ADV (Prop_mmcme2_adv_CLKIN1_CLKOUT0)
                                                     -5.294    -2.990 r  u_clk_wiz_0/inst/mmcm_adv_inst/CLKOUT0
                         net (fo=1, routed)           1.297    -1.693    u_clk_wiz_0/inst/clk_out1_clk_wiz_0
    BUFGCTRL_X0Y16       BUFG (Prop_bufg_I_O)         0.076    -1.617 r  u_clk_wiz_0/inst/clkout1_buf/O
                         net (fo=301, routed)         1.241    -0.376    u_vga_timing/clk_out1
    SLICE_X68Y68         FDRE                                         r  u_vga_timing/pixel_y_reg[8]/C
  -------------------------------------------------------------------    -------------------
    SLICE_X68Y68         FDRE (Prop_fdre_C_Q)         0.341    -0.035 r  u_vga_timing/pixel_y_reg[8]/Q
                         net (fo=23, routed)          1.231     1.196    u_vga_timing/Q[1]
    SLICE_X66Y69         LUT3 (Prop_lut3_I0_O)        0.097     1.293 r  u_vga_timing/rom_addr__0_carry__1_i_3/O
                         net (fo=1, routed)           0.000     1.293    u_bram_background/no_softecc_sel_reg.ce_pri.sel_pipe_reg[4]_0[1]
    SLICE_X66Y69         CARRY4 (Prop_carry4_S[1]_CO[3])
                                                      0.402     1.695 f  u_bram_background/rom_addr__0_carry__1/CO[3]
                         net (fo=27, routed)          2.323     4.018    u_bram_background/u_bg_rom/U0/inst_blk_mem_gen/gnbram.gnativebmg.native_blk_mem_gen/valid.cstr/bindec_a.bindec_inst_a/addra[4]
    SLICE_X72Y77         LUT5 (Prop_lut5_I1_O)        0.097     4.115 r  u_bram_background/u_bg_rom/U0/inst_blk_mem_gen/gnbram.gnativebmg.native_blk_mem_gen/valid.cstr/bindec_a.bindec_inst_a/DEVICE_7SERIES.NO_BMM_INFO.SP.SIMPLE_PRIM36.ram_i_1__9/O
                         net (fo=1, routed)           0.353     4.468    u_bram_background/u_bg_rom/U0/inst_blk_mem_gen/gnbram.gnativebmg.native_blk_mem_gen/valid.cstr/ramloop[15].ram.r/prim_init.ram/ena_array[0]
    RAMB36_X2Y15         RAMB36E1                                     r  u_bram_background/u_bg_rom/U0/inst_blk_mem_gen/gnbram.gnativebmg.native_blk_mem_gen/valid.cstr/ramloop[15].ram.r/prim_init.ram/DEVICE_7SERIES.NO_BMM_INFO.SP.SIMPLE_PRIM36.ram/ENARDEN
  -------------------------------------------------------------------    -------------------

                         (clock clk_out1_clk_wiz_0_1 rise edge)
                                                     39.724    39.724 r  
    E3                                                0.000    39.724 r  clk (IN)
                         net (fo=0)                   0.000    39.724    u_clk_wiz_0/inst/clk_in1
    E3                   IBUF (Prop_ibuf_I_O)         1.263    40.986 r  u_clk_wiz_0/inst/clkin1_ibufg/O
                         net (fo=1, routed)           0.916    41.903    u_clk_wiz_0/inst/clk_in1_clk_wiz_0
    MMCME2_ADV_X1Y2      MMCME2_ADV (Prop_mmcme2_adv_CLKIN1_CLKOUT0)
                                                     -5.390    36.513 r  u_clk_wiz_0/inst/mmcm_adv_inst/CLKOUT0
                         net (fo=1, routed)           1.234    37.747    u_clk_wiz_0/inst/clk_out1_clk_wiz_0
    BUFGCTRL_X0Y16       BUFG (Prop_bufg_I_O)         0.072    37.819 r  u_clk_wiz_0/inst/clkout1_buf/O
                         net (fo=301, routed)         1.230    39.049    u_bram_background/u_bg_rom/U0/inst_blk_mem_gen/gnbram.gnativebmg.native_blk_mem_gen/valid.cstr/ramloop[15].ram.r/prim_init.ram/clka
    RAMB36_X2Y15         RAMB36E1                                     r  u_bram_background/u_bg_rom/U0/inst_blk_mem_gen/gnbram.gnativebmg.native_blk_mem_gen/valid.cstr/ramloop[15].ram.r/prim_init.ram/DEVICE_7SERIES.NO_BMM_INFO.SP.SIMPLE_PRIM36.ram/CLKARDCLK
                         clock pessimism              0.348    39.397    
                         clock uncertainty           -0.083    39.313    
    RAMB36_X2Y15         RAMB36E1 (Setup_ramb36e1_CLKARDCLK_ENARDEN)
                                                     -0.348    38.965    u_bram_background/u_bg_rom/U0/inst_blk_mem_gen/gnbram.gnativebmg.native_blk_mem_gen/valid.cstr/ramloop[15].ram.r/prim_init.ram/DEVICE_7SERIES.NO_BMM_INFO.SP.SIMPLE_PRIM36.ram
  -------------------------------------------------------------------
                         required time                         38.965    
                         arrival time                          -4.468    
  -------------------------------------------------------------------
                         slack                                 34.497    

Slack (MET) :             34.707ns  (required time - arrival time)
  Source:                 u_vga_timing/pixel_y_reg[8]/C
                            (rising edge-triggered cell FDRE clocked by clk_out1_clk_wiz_0_1  {rise@0.000ns fall@19.862ns period=39.724ns})
  Destination:            u_bram_background/u_bg_rom/U0/inst_blk_mem_gen/gnbram.gnativebmg.native_blk_mem_gen/valid.cstr/ramloop[20].ram.r/prim_init.ram/DEVICE_7SERIES.NO_BMM_INFO.SP.SIMPLE_PRIM36.ram/ENARDEN
                            (rising edge-triggered cell RAMB36E1 clocked by clk_out1_clk_wiz_0_1  {rise@0.000ns fall@19.862ns period=39.724ns})
  Path Group:             clk_out1_clk_wiz_0_1
  Path Type:              Setup (Max at Slow Process Corner)
  Requirement:            39.724ns  (clk_out1_clk_wiz_0_1 rise@39.724ns - clk_out1_clk_wiz_0_1 rise@0.000ns)
  Data Path Delay:        4.643ns  (logic 0.937ns (20.182%)  route 3.706ns (79.818%))
  Logic Levels:           3  (CARRY4=1 LUT3=1 LUT5=1)
  Clock Path Skew:        0.058ns (DCD - SCD + CPR)
    Destination Clock Delay (DCD):    -0.666ns = ( 39.057 - 39.724 ) 
    Source Clock Delay      (SCD):    -0.376ns
    Clock Pessimism Removal (CPR):    0.348ns
  Clock Uncertainty:      0.083ns  ((TSJ^2 + DJ^2)^1/2) / 2 + PE
    Total System Jitter     (TSJ):    0.071ns
    Discrete Jitter          (DJ):    0.151ns
    Phase Error              (PE):    0.000ns

    Location             Delay type                Incr(ns)  Path(ns)    Netlist Resource(s)
  -------------------------------------------------------------------    -------------------
                         (clock clk_out1_clk_wiz_0_1 rise edge)
                                                      0.000     0.000 r  
    E3                                                0.000     0.000 r  clk (IN)
                         net (fo=0)                   0.000     0.000    u_clk_wiz_0/inst/clk_in1
    E3                   IBUF (Prop_ibuf_I_O)         1.330     1.330 r  u_clk_wiz_0/inst/clkin1_ibufg/O
                         net (fo=1, routed)           0.974     2.304    u_clk_wiz_0/inst/clk_in1_clk_wiz_0
    MMCME2_ADV_X1Y2      MMCME2_ADV (Prop_mmcme2_adv_CLKIN1_CLKOUT0)
                                                     -5.294    -2.990 r  u_clk_wiz_0/inst/mmcm_adv_inst/CLKOUT0
                         net (fo=1, routed)           1.297    -1.693    u_clk_wiz_0/inst/clk_out1_clk_wiz_0
    BUFGCTRL_X0Y16       BUFG (Prop_bufg_I_O)         0.076    -1.617 r  u_clk_wiz_0/inst/clkout1_buf/O
                         net (fo=301, routed)         1.241    -0.376    u_vga_timing/clk_out1
    SLICE_X68Y68         FDRE                                         r  u_vga_timing/pixel_y_reg[8]/C
  -------------------------------------------------------------------    -------------------
    SLICE_X68Y68         FDRE (Prop_fdre_C_Q)         0.341    -0.035 r  u_vga_timing/pixel_y_reg[8]/Q
                         net (fo=23, routed)          1.231     1.196    u_vga_timing/Q[1]
    SLICE_X66Y69         LUT3 (Prop_lut3_I0_O)        0.097     1.293 r  u_vga_timing/rom_addr__0_carry__1_i_3/O
                         net (fo=1, routed)           0.000     1.293    u_bram_background/no_softecc_sel_reg.ce_pri.sel_pipe_reg[4]_0[1]
    SLICE_X66Y69         CARRY4 (Prop_carry4_S[1]_CO[3])
                                                      0.402     1.695 f  u_bram_background/rom_addr__0_carry__1/CO[3]
                         net (fo=27, routed)          2.090     3.785    u_bram_background/u_bg_rom/U0/inst_blk_mem_gen/gnbram.gnativebmg.native_blk_mem_gen/valid.cstr/bindec_a.bindec_inst_a/addra[4]
    SLICE_X81Y77         LUT5 (Prop_lut5_I0_O)        0.097     3.882 r  u_bram_background/u_bg_rom/U0/inst_blk_mem_gen/gnbram.gnativebmg.native_blk_mem_gen/valid.cstr/bindec_a.bindec_inst_a/DEVICE_7SERIES.NO_BMM_INFO.SP.SIMPLE_PRIM36.ram_i_1__14/O
                         net (fo=1, routed)           0.385     4.266    u_bram_background/u_bg_rom/U0/inst_blk_mem_gen/gnbram.gnativebmg.native_blk_mem_gen/valid.cstr/ramloop[20].ram.r/prim_init.ram/ena_array[0]
    RAMB36_X3Y15         RAMB36E1                                     r  u_bram_background/u_bg_rom/U0/inst_blk_mem_gen/gnbram.gnativebmg.native_blk_mem_gen/valid.cstr/ramloop[20].ram.r/prim_init.ram/DEVICE_7SERIES.NO_BMM_INFO.SP.SIMPLE_PRIM36.ram/ENARDEN
  -------------------------------------------------------------------    -------------------

                         (clock clk_out1_clk_wiz_0_1 rise edge)
                                                     39.724    39.724 r  
    E3                                                0.000    39.724 r  clk (IN)
                         net (fo=0)                   0.000    39.724    u_clk_wiz_0/inst/clk_in1
    E3                   IBUF (Prop_ibuf_I_O)         1.263    40.986 r  u_clk_wiz_0/inst/clkin1_ibufg/O
                         net (fo=1, routed)           0.916    41.903    u_clk_wiz_0/inst/clk_in1_clk_wiz_0
    MMCME2_ADV_X1Y2      MMCME2_ADV (Prop_mmcme2_adv_CLKIN1_CLKOUT0)
                                                     -5.390    36.513 r  u_clk_wiz_0/inst/mmcm_adv_inst/CLKOUT0
                         net (fo=1, routed)           1.234    37.747    u_clk_wiz_0/inst/clk_out1_clk_wiz_0
    BUFGCTRL_X0Y16       BUFG (Prop_bufg_I_O)         0.072    37.819 r  u_clk_wiz_0/inst/clkout1_buf/O
                         net (fo=301, routed)         1.238    39.057    u_bram_background/u_bg_rom/U0/inst_blk_mem_gen/gnbram.gnativebmg.native_blk_mem_gen/valid.cstr/ramloop[20].ram.r/prim_init.ram/clka
    RAMB36_X3Y15         RAMB36E1                                     r  u_bram_background/u_bg_rom/U0/inst_blk_mem_gen/gnbram.gnativebmg.native_blk_mem_gen/valid.cstr/ramloop[20].ram.r/prim_init.ram/DEVICE_7SERIES.NO_BMM_INFO.SP.SIMPLE_PRIM36.ram/CLKARDCLK
                         clock pessimism              0.348    39.405    
                         clock uncertainty           -0.083    39.321    
    RAMB36_X3Y15         RAMB36E1 (Setup_ramb36e1_CLKARDCLK_ENARDEN)
                                                     -0.348    38.973    u_bram_background/u_bg_rom/U0/inst_blk_mem_gen/gnbram.gnativebmg.native_blk_mem_gen/valid.cstr/ramloop[20].ram.r/prim_init.ram/DEVICE_7SERIES.NO_BMM_INFO.SP.SIMPLE_PRIM36.ram
  -------------------------------------------------------------------
                         required time                         38.973    
                         arrival time                          -4.266    
  -------------------------------------------------------------------
                         slack                                 34.707    

Slack (MET) :             34.891ns  (required time - arrival time)
  Source:                 u_vga_timing/pixel_y_reg[8]/C
                            (rising edge-triggered cell FDRE clocked by clk_out1_clk_wiz_0_1  {rise@0.000ns fall@19.862ns period=39.724ns})
  Destination:            u_bram_background/u_bg_rom/U0/inst_blk_mem_gen/gnbram.gnativebmg.native_blk_mem_gen/valid.cstr/ramloop[9].ram.r/prim_init.ram/DEVICE_7SERIES.NO_BMM_INFO.SP.SIMPLE_PRIM36.ram/ENARDEN
                            (rising edge-triggered cell RAMB36E1 clocked by clk_out1_clk_wiz_0_1  {rise@0.000ns fall@19.862ns period=39.724ns})
  Path Group:             clk_out1_clk_wiz_0_1
  Path Type:              Setup (Max at Slow Process Corner)
  Requirement:            39.724ns  (clk_out1_clk_wiz_0_1 rise@39.724ns - clk_out1_clk_wiz_0_1 rise@0.000ns)
  Data Path Delay:        4.254ns  (logic 1.101ns (25.879%)  route 3.153ns (74.121%))
  Logic Levels:           3  (CARRY4=1 LUT3=1 LUT5=1)
  Clock Path Skew:        -0.004ns (DCD - SCD + CPR)
    Destination Clock Delay (DCD):    -0.728ns = ( 38.995 - 39.724 ) 
    Source Clock Delay      (SCD):    -0.376ns
    Clock Pessimism Removal (CPR):    0.348ns
  Clock Uncertainty:      0.083ns  ((TSJ^2 + DJ^2)^1/2) / 2 + PE
    Total System Jitter     (TSJ):    0.071ns
    Discrete Jitter          (DJ):    0.151ns
    Phase Error              (PE):    0.000ns

    Location             Delay type                Incr(ns)  Path(ns)    Netlist Resource(s)
  -------------------------------------------------------------------    -------------------
                         (clock clk_out1_clk_wiz_0_1 rise edge)
                                                      0.000     0.000 r  
    E3                                                0.000     0.000 r  clk (IN)
                         net (fo=0)                   0.000     0.000    u_clk_wiz_0/inst/clk_in1
    E3                   IBUF (Prop_ibuf_I_O)         1.330     1.330 r  u_clk_wiz_0/inst/clkin1_ibufg/O
                         net (fo=1, routed)           0.974     2.304    u_clk_wiz_0/inst/clk_in1_clk_wiz_0
    MMCME2_ADV_X1Y2      MMCME2_ADV (Prop_mmcme2_adv_CLKIN1_CLKOUT0)
                                                     -5.294    -2.990 r  u_clk_wiz_0/inst/mmcm_adv_inst/CLKOUT0
                         net (fo=1, routed)           1.297    -1.693    u_clk_wiz_0/inst/clk_out1_clk_wiz_0
    BUFGCTRL_X0Y16       BUFG (Prop_bufg_I_O)         0.076    -1.617 r  u_clk_wiz_0/inst/clkout1_buf/O
                         net (fo=301, routed)         1.241    -0.376    u_vga_timing/clk_out1
    SLICE_X68Y68         FDRE                                         r  u_vga_timing/pixel_y_reg[8]/C
  -------------------------------------------------------------------    -------------------
    SLICE_X68Y68         FDRE (Prop_fdre_C_Q)         0.341    -0.035 r  u_vga_timing/pixel_y_reg[8]/Q
                         net (fo=23, routed)          1.231     1.196    u_vga_timing/Q[1]
    SLICE_X66Y69         LUT3 (Prop_lut3_I0_O)        0.097     1.293 r  u_vga_timing/rom_addr__0_carry__1_i_3/O
                         net (fo=1, routed)           0.000     1.293    u_bram_background/no_softecc_sel_reg.ce_pri.sel_pipe_reg[4]_0[1]
    SLICE_X66Y69         CARRY4 (Prop_carry4_S[1]_O[2])
                                                      0.432     1.725 f  u_bram_background/rom_addr__0_carry__1/O[2]
                         net (fo=27, routed)          1.574     3.299    u_bram_background/u_bg_rom/U0/inst_blk_mem_gen/gnbram.gnativebmg.native_blk_mem_gen/valid.cstr/bindec_a.bindec_inst_a/addra[3]
    SLICE_X64Y52         LUT5 (Prop_lut5_I3_O)        0.231     3.530 r  u_bram_background/u_bg_rom/U0/inst_blk_mem_gen/gnbram.gnativebmg.native_blk_mem_gen/valid.cstr/bindec_a.bindec_inst_a/DEVICE_7SERIES.NO_BMM_INFO.SP.SIMPLE_PRIM36.ram_i_1__3/O
                         net (fo=1, routed)           0.348     3.878    u_bram_background/u_bg_rom/U0/inst_blk_mem_gen/gnbram.gnativebmg.native_blk_mem_gen/valid.cstr/ramloop[9].ram.r/prim_init.ram/ena_array[0]
    RAMB36_X1Y10         RAMB36E1                                     r  u_bram_background/u_bg_rom/U0/inst_blk_mem_gen/gnbram.gnativebmg.native_blk_mem_gen/valid.cstr/ramloop[9].ram.r/prim_init.ram/DEVICE_7SERIES.NO_BMM_INFO.SP.SIMPLE_PRIM36.ram/ENARDEN
  -------------------------------------------------------------------    -------------------

                         (clock clk_out1_clk_wiz_0_1 rise edge)
                                                     39.724    39.724 r  
    E3                                                0.000    39.724 r  clk (IN)
                         net (fo=0)                   0.000    39.724    u_clk_wiz_0/inst/clk_in1
    E3                   IBUF (Prop_ibuf_I_O)         1.263    40.986 r  u_clk_wiz_0/inst/clkin1_ibufg/O
                         net (fo=1, routed)           0.916    41.903    u_clk_wiz_0/inst/clk_in1_clk_wiz_0
    MMCME2_ADV_X1Y2      MMCME2_ADV (Prop_mmcme2_adv_CLKIN1_CLKOUT0)
                                                     -5.390    36.513 r  u_clk_wiz_0/inst/mmcm_adv_inst/CLKOUT0
                         net (fo=1, routed)           1.234    37.747    u_clk_wiz_0/inst/clk_out1_clk_wiz_0
    BUFGCTRL_X0Y16       BUFG (Prop_bufg_I_O)         0.072    37.819 r  u_clk_wiz_0/inst/clkout1_buf/O
                         net (fo=301, routed)         1.176    38.995    u_bram_background/u_bg_rom/U0/inst_blk_mem_gen/gnbram.gnativebmg.native_blk_mem_gen/valid.cstr/ramloop[9].ram.r/prim_init.ram/clka
    RAMB36_X1Y10         RAMB36E1                                     r  u_bram_background/u_bg_rom/U0/inst_blk_mem_gen/gnbram.gnativebmg.native_blk_mem_gen/valid.cstr/ramloop[9].ram.r/prim_init.ram/DEVICE_7SERIES.NO_BMM_INFO.SP.SIMPLE_PRIM36.ram/CLKARDCLK
                         clock pessimism              0.348    39.343    
                         clock uncertainty           -0.083    39.259    
    RAMB36_X1Y10         RAMB36E1 (Setup_ramb36e1_CLKARDCLK_ENARDEN)
                                                     -0.490    38.769    u_bram_background/u_bg_rom/U0/inst_blk_mem_gen/gnbram.gnativebmg.native_blk_mem_gen/valid.cstr/ramloop[9].ram.r/prim_init.ram/DEVICE_7SERIES.NO_BMM_INFO.SP.SIMPLE_PRIM36.ram
  -------------------------------------------------------------------
                         required time                         38.769    
                         arrival time                          -3.878    
  -------------------------------------------------------------------
                         slack                                 34.891    

Slack (MET) :             34.934ns  (required time - arrival time)
  Source:                 u_vga_timing/pixel_y_reg[8]/C
                            (rising edge-triggered cell FDRE clocked by clk_out1_clk_wiz_0_1  {rise@0.000ns fall@19.862ns period=39.724ns})
  Destination:            u_bram_background/u_bg_rom/U0/inst_blk_mem_gen/gnbram.gnativebmg.native_blk_mem_gen/valid.cstr/ramloop[6].ram.r/prim_init.ram/DEVICE_7SERIES.NO_BMM_INFO.SP.SIMPLE_PRIM36.ram/ENARDEN
                            (rising edge-triggered cell RAMB36E1 clocked by clk_out1_clk_wiz_0_1  {rise@0.000ns fall@19.862ns period=39.724ns})
  Path Group:             clk_out1_clk_wiz_0_1
  Path Type:              Setup (Max at Slow Process Corner)
  Requirement:            39.724ns  (clk_out1_clk_wiz_0_1 rise@39.724ns - clk_out1_clk_wiz_0_1 rise@0.000ns)
  Data Path Delay:        4.418ns  (logic 1.087ns (24.606%)  route 3.331ns (75.394%))
  Logic Levels:           3  (CARRY4=1 LUT3=1 LUT5=1)
  Clock Path Skew:        0.060ns (DCD - SCD + CPR)
    Destination Clock Delay (DCD):    -0.664ns = ( 39.059 - 39.724 ) 
    Source Clock Delay      (SCD):    -0.376ns
    Clock Pessimism Removal (CPR):    0.348ns
  Clock Uncertainty:      0.083ns  ((TSJ^2 + DJ^2)^1/2) / 2 + PE
    Total System Jitter     (TSJ):    0.071ns
    Discrete Jitter          (DJ):    0.151ns
    Phase Error              (PE):    0.000ns

    Location             Delay type                Incr(ns)  Path(ns)    Netlist Resource(s)
  -------------------------------------------------------------------    -------------------
                         (clock clk_out1_clk_wiz_0_1 rise edge)
                                                      0.000     0.000 r  
    E3                                                0.000     0.000 r  clk (IN)
                         net (fo=0)                   0.000     0.000    u_clk_wiz_0/inst/clk_in1
    E3                   IBUF (Prop_ibuf_I_O)         1.330     1.330 r  u_clk_wiz_0/inst/clkin1_ibufg/O
                         net (fo=1, routed)           0.974     2.304    u_clk_wiz_0/inst/clk_in1_clk_wiz_0
    MMCME2_ADV_X1Y2      MMCME2_ADV (Prop_mmcme2_adv_CLKIN1_CLKOUT0)
                                                     -5.294    -2.990 r  u_clk_wiz_0/inst/mmcm_adv_inst/CLKOUT0
                         net (fo=1, routed)           1.297    -1.693    u_clk_wiz_0/inst/clk_out1_clk_wiz_0
    BUFGCTRL_X0Y16       BUFG (Prop_bufg_I_O)         0.076    -1.617 r  u_clk_wiz_0/inst/clkout1_buf/O
                         net (fo=301, routed)         1.241    -0.376    u_vga_timing/clk_out1
    SLICE_X68Y68         FDRE                                         r  u_vga_timing/pixel_y_reg[8]/C
  -------------------------------------------------------------------    -------------------
    SLICE_X68Y68         FDRE (Prop_fdre_C_Q)         0.341    -0.035 r  u_vga_timing/pixel_y_reg[8]/Q
                         net (fo=23, routed)          1.231     1.196    u_vga_timing/Q[1]
    SLICE_X66Y69         LUT3 (Prop_lut3_I0_O)        0.097     1.293 r  u_vga_timing/rom_addr__0_carry__1_i_3/O
                         net (fo=1, routed)           0.000     1.293    u_bram_background/no_softecc_sel_reg.ce_pri.sel_pipe_reg[4]_0[1]
    SLICE_X66Y69         CARRY4 (Prop_carry4_S[1]_O[2])
                                                      0.432     1.725 f  u_bram_background/rom_addr__0_carry__1/O[2]
                         net (fo=27, routed)          1.574     3.299    u_bram_background/u_bg_rom/U0/inst_blk_mem_gen/gnbram.gnativebmg.native_blk_mem_gen/valid.cstr/bindec_a.bindec_inst_a/addra[3]
    SLICE_X64Y52         LUT5 (Prop_lut5_I3_O)        0.217     3.516 r  u_bram_background/u_bg_rom/U0/inst_blk_mem_gen/gnbram.gnativebmg.native_blk_mem_gen/valid.cstr/bindec_a.bindec_inst_a/DEVICE_7SERIES.NO_BMM_INFO.SP.SIMPLE_PRIM36.ram_i_1__0/O
                         net (fo=1, routed)           0.525     4.041    u_bram_background/u_bg_rom/U0/inst_blk_mem_gen/gnbram.gnativebmg.native_blk_mem_gen/valid.cstr/ramloop[6].ram.r/prim_init.ram/ena_array[0]
    RAMB36_X2Y10         RAMB36E1                                     r  u_bram_background/u_bg_rom/U0/inst_blk_mem_gen/gnbram.gnativebmg.native_blk_mem_gen/valid.cstr/ramloop[6].ram.r/prim_init.ram/DEVICE_7SERIES.NO_BMM_INFO.SP.SIMPLE_PRIM36.ram/ENARDEN
  -------------------------------------------------------------------    -------------------

                         (clock clk_out1_clk_wiz_0_1 rise edge)
                                                     39.724    39.724 r  
    E3                                                0.000    39.724 r  clk (IN)
                         net (fo=0)                   0.000    39.724    u_clk_wiz_0/inst/clk_in1
    E3                   IBUF (Prop_ibuf_I_O)         1.263    40.986 r  u_clk_wiz_0/inst/clkin1_ibufg/O
                         net (fo=1, routed)           0.916    41.903    u_clk_wiz_0/inst/clk_in1_clk_wiz_0
    MMCME2_ADV_X1Y2      MMCME2_ADV (Prop_mmcme2_adv_CLKIN1_CLKOUT0)
                                                     -5.390    36.513 r  u_clk_wiz_0/inst/mmcm_adv_inst/CLKOUT0
                         net (fo=1, routed)           1.234    37.747    u_clk_wiz_0/inst/clk_out1_clk_wiz_0
    BUFGCTRL_X0Y16       BUFG (Prop_bufg_I_O)         0.072    37.819 r  u_clk_wiz_0/inst/clkout1_buf/O
                         net (fo=301, routed)         1.240    39.059    u_bram_background/u_bg_rom/U0/inst_blk_mem_gen/gnbram.gnativebmg.native_blk_mem_gen/valid.cstr/ramloop[6].ram.r/prim_init.ram/clka
    RAMB36_X2Y10         RAMB36E1                                     r  u_bram_background/u_bg_rom/U0/inst_blk_mem_gen/gnbram.gnativebmg.native_blk_mem_gen/valid.cstr/ramloop[6].ram.r/prim_init.ram/DEVICE_7SERIES.NO_BMM_INFO.SP.SIMPLE_PRIM36.ram/CLKARDCLK
                         clock pessimism              0.348    39.407    
                         clock uncertainty           -0.083    39.323    
    RAMB36_X2Y10         RAMB36E1 (Setup_ramb36e1_CLKARDCLK_ENARDEN)
                                                     -0.348    38.975    u_bram_background/u_bg_rom/U0/inst_blk_mem_gen/gnbram.gnativebmg.native_blk_mem_gen/valid.cstr/ramloop[6].ram.r/prim_init.ram/DEVICE_7SERIES.NO_BMM_INFO.SP.SIMPLE_PRIM36.ram
  -------------------------------------------------------------------
                         required time                         38.975    
                         arrival time                          -4.041    
  -------------------------------------------------------------------
                         slack                                 34.934    

Slack (MET) :             34.948ns  (required time - arrival time)
  Source:                 u_clock_core/tick_cnt_reg[5]/C
                            (rising edge-triggered cell FDRE clocked by clk_out1_clk_wiz_0_1  {rise@0.000ns fall@19.862ns period=39.724ns})
  Destination:            u_clock_core/hour_reg[0]/CE
                            (rising edge-triggered cell FDRE clocked by clk_out1_clk_wiz_0_1  {rise@0.000ns fall@19.862ns period=39.724ns})
  Path Group:             clk_out1_clk_wiz_0_1
  Path Type:              Setup (Max at Slow Process Corner)
  Requirement:            39.724ns  (clk_out1_clk_wiz_0_1 rise@39.724ns - clk_out1_clk_wiz_0_1 rise@0.000ns)
  Data Path Delay:        4.390ns  (logic 0.829ns (18.883%)  route 3.561ns (81.117%))
  Logic Levels:           5  (LUT4=1 LUT5=2 LUT6=2)
  Clock Path Skew:        -0.041ns (DCD - SCD + CPR)
    Destination Clock Delay (DCD):    -0.767ns = ( 38.956 - 39.724 ) 
    Source Clock Delay      (SCD):    -0.378ns
    Clock Pessimism Removal (CPR):    0.348ns
  Clock Uncertainty:      0.083ns  ((TSJ^2 + DJ^2)^1/2) / 2 + PE
    Total System Jitter     (TSJ):    0.071ns
    Discrete Jitter          (DJ):    0.151ns
    Phase Error              (PE):    0.000ns

    Location             Delay type                Incr(ns)  Path(ns)    Netlist Resource(s)
  -------------------------------------------------------------------    -------------------
                         (clock clk_out1_clk_wiz_0_1 rise edge)
                                                      0.000     0.000 r  
    E3                                                0.000     0.000 r  clk (IN)
                         net (fo=0)                   0.000     0.000    u_clk_wiz_0/inst/clk_in1
    E3                   IBUF (Prop_ibuf_I_O)         1.330     1.330 r  u_clk_wiz_0/inst/clkin1_ibufg/O
                         net (fo=1, routed)           0.974     2.304    u_clk_wiz_0/inst/clk_in1_clk_wiz_0
    MMCME2_ADV_X1Y2      MMCME2_ADV (Prop_mmcme2_adv_CLKIN1_CLKOUT0)
                                                     -5.294    -2.990 r  u_clk_wiz_0/inst/mmcm_adv_inst/CLKOUT0
                         net (fo=1, routed)           1.297    -1.693    u_clk_wiz_0/inst/clk_out1_clk_wiz_0
    BUFGCTRL_X0Y16       BUFG (Prop_bufg_I_O)         0.076    -1.617 r  u_clk_wiz_0/inst/clkout1_buf/O
                         net (fo=301, routed)         1.238    -0.378    u_clock_core/clk_out1
    SLICE_X53Y62         FDRE                                         r  u_clock_core/tick_cnt_reg[5]/C
  -------------------------------------------------------------------    -------------------
    SLICE_X53Y62         FDRE (Prop_fdre_C_Q)         0.341    -0.037 r  u_clock_core/tick_cnt_reg[5]/Q
                         net (fo=3, routed)           0.618     0.580    u_clock_core/tick_cnt_reg[5]
    SLICE_X52Y64         LUT4 (Prop_lut4_I0_O)        0.097     0.677 f  u_clock_core/sec[5]_i_12/O
                         net (fo=1, routed)           0.415     1.092    u_clock_core/sec[5]_i_12_n_0
    SLICE_X52Y66         LUT6 (Prop_lut6_I1_O)        0.097     1.189 f  u_clock_core/sec[5]_i_8/O
                         net (fo=1, routed)           0.454     1.643    u_clock_core/sec[5]_i_8_n_0
    SLICE_X52Y66         LUT5 (Prop_lut5_I4_O)        0.097     1.740 r  u_clock_core/sec[5]_i_4/O
                         net (fo=6, routed)           0.764     2.504    u_clock_core/sec[5]_i_4_n_0
    SLICE_X59Y70         LUT6 (Prop_lut6_I0_O)        0.097     2.601 r  u_clock_core/min[5]_i_3/O
                         net (fo=2, routed)           0.695     3.295    u_clock_core/u_btn_hour_down/hour_reg[0]_0
    SLICE_X60Y68         LUT5 (Prop_lut5_I4_O)        0.100     3.395 r  u_clock_core/u_btn_hour_down/hour[4]_i_1/O
                         net (fo=5, routed)           0.616     4.012    u_clock_core/u_btn_hour_down_n_1
    SLICE_X62Y68         FDRE                                         r  u_clock_core/hour_reg[0]/CE
  -------------------------------------------------------------------    -------------------

                         (clock clk_out1_clk_wiz_0_1 rise edge)
                                                     39.724    39.724 r  
    E3                                                0.000    39.724 r  clk (IN)
                         net (fo=0)                   0.000    39.724    u_clk_wiz_0/inst/clk_in1
    E3                   IBUF (Prop_ibuf_I_O)         1.263    40.986 r  u_clk_wiz_0/inst/clkin1_ibufg/O
                         net (fo=1, routed)           0.916    41.903    u_clk_wiz_0/inst/clk_in1_clk_wiz_0
    MMCME2_ADV_X1Y2      MMCME2_ADV (Prop_mmcme2_adv_CLKIN1_CLKOUT0)
                                                     -5.390    36.513 r  u_clk_wiz_0/inst/mmcm_adv_inst/CLKOUT0
                         net (fo=1, routed)           1.234    37.747    u_clk_wiz_0/inst/clk_out1_clk_wiz_0
    BUFGCTRL_X0Y16       BUFG (Prop_bufg_I_O)         0.072    37.819 r  u_clk_wiz_0/inst/clkout1_buf/O
                         net (fo=301, routed)         1.137    38.956    u_clock_core/clk_out1
    SLICE_X62Y68         FDRE                                         r  u_clock_core/hour_reg[0]/C
                         clock pessimism              0.348    39.304    
                         clock uncertainty           -0.083    39.221    
    SLICE_X62Y68         FDRE (Setup_fdre_C_CE)      -0.261    38.960    u_clock_core/hour_reg[0]
  -------------------------------------------------------------------
                         required time                         38.960    
                         arrival time                          -4.012    
  -------------------------------------------------------------------
                         slack                                 34.948    

Slack (MET) :             34.997ns  (required time - arrival time)
  Source:                 u_vga_timing/pixel_x_reg[9]/C
                            (rising edge-triggered cell FDRE clocked by clk_out1_clk_wiz_0_1  {rise@0.000ns fall@19.862ns period=39.724ns})
  Destination:            u_bram_background/u_bg_rom/U0/inst_blk_mem_gen/gnbram.gnativebmg.native_blk_mem_gen/valid.cstr/ramloop[0].ram.r/prim_init.ram/DEVICE_7SERIES.NO_BMM_INFO.SP.CASCADED_PRIM36.ram_B/ADDRARDADDR[11]
                            (rising edge-triggered cell RAMB36E1 clocked by clk_out1_clk_wiz_0_1  {rise@0.000ns fall@19.862ns period=39.724ns})
  Path Group:             clk_out1_clk_wiz_0_1
  Path Type:              Setup (Max at Slow Process Corner)
  Requirement:            39.724ns  (clk_out1_clk_wiz_0_1 rise@39.724ns - clk_out1_clk_wiz_0_1 rise@0.000ns)
  Data Path Delay:        4.177ns  (logic 0.844ns (20.207%)  route 3.333ns (79.793%))
  Logic Levels:           2  (CARRY4=1 LUT4=1)
  Clock Path Skew:        0.096ns (DCD - SCD + CPR)
    Destination Clock Delay (DCD):    -0.575ns = ( 39.149 - 39.724 ) 
    Source Clock Delay      (SCD):    -0.377ns
    Clock Pessimism Removal (CPR):    0.293ns
  Clock Uncertainty:      0.083ns  ((TSJ^2 + DJ^2)^1/2) / 2 + PE
    Total System Jitter     (TSJ):    0.071ns
    Discrete Jitter          (DJ):    0.151ns
    Phase Error              (PE):    0.000ns

    Location             Delay type                Incr(ns)  Path(ns)    Netlist Resource(s)
  -------------------------------------------------------------------    -------------------
                         (clock clk_out1_clk_wiz_0_1 rise edge)
                                                      0.000     0.000 r  
    E3                                                0.000     0.000 r  clk (IN)
                         net (fo=0)                   0.000     0.000    u_clk_wiz_0/inst/clk_in1
    E3                   IBUF (Prop_ibuf_I_O)         1.330     1.330 r  u_clk_wiz_0/inst/clkin1_ibufg/O
                         net (fo=1, routed)           0.974     2.304    u_clk_wiz_0/inst/clk_in1_clk_wiz_0
    MMCME2_ADV_X1Y2      MMCME2_ADV (Prop_mmcme2_adv_CLKIN1_CLKOUT0)
                                                     -5.294    -2.990 r  u_clk_wiz_0/inst/mmcm_adv_inst/CLKOUT0
                         net (fo=1, routed)           1.297    -1.693    u_clk_wiz_0/inst/clk_out1_clk_wiz_0
    BUFGCTRL_X0Y16       BUFG (Prop_bufg_I_O)         0.076    -1.617 r  u_clk_wiz_0/inst/clkout1_buf/O
                         net (fo=301, routed)         1.240    -0.377    u_vga_timing/clk_out1
    SLICE_X65Y68         FDRE                                         r  u_vga_timing/pixel_x_reg[9]/C
  -------------------------------------------------------------------    -------------------
    SLICE_X65Y68         FDRE (Prop_fdre_C_Q)         0.341    -0.036 r  u_vga_timing/pixel_x_reg[9]/Q
                         net (fo=23, routed)          1.001     0.964    u_vga_timing/pixel_x[9]
    SLICE_X66Y68         LUT4 (Prop_lut4_I1_O)        0.097     1.061 r  u_vga_timing/rom_addr__0_carry__0_i_8/O
                         net (fo=1, routed)           0.000     1.061    u_bram_background/DEVICE_7SERIES.NO_BMM_INFO.SP.CASCADED_PRIM36.ram_B[0]
    SLICE_X66Y68         CARRY4 (Prop_carry4_S[0]_O[2])
                                                      0.406     1.467 r  u_bram_background/rom_addr__0_carry__0/O[2]
                         net (fo=27, routed)          2.332     3.799    u_bram_background/u_bg_rom/U0/inst_blk_mem_gen/gnbram.gnativebmg.native_blk_mem_gen/valid.cstr/ramloop[0].ram.r/prim_init.ram/addra[11]
    RAMB36_X2Y8          RAMB36E1                                     r  u_bram_background/u_bg_rom/U0/inst_blk_mem_gen/gnbram.gnativebmg.native_blk_mem_gen/valid.cstr/ramloop[0].ram.r/prim_init.ram/DEVICE_7SERIES.NO_BMM_INFO.SP.CASCADED_PRIM36.ram_B/ADDRARDADDR[11]
  -------------------------------------------------------------------    -------------------

                         (clock clk_out1_clk_wiz_0_1 rise edge)
                                                     39.724    39.724 r  
    E3                                                0.000    39.724 r  clk (IN)
                         net (fo=0)                   0.000    39.724    u_clk_wiz_0/inst/clk_in1
    E3                   IBUF (Prop_ibuf_I_O)         1.263    40.986 r  u_clk_wiz_0/inst/clkin1_ibufg/O
                         net (fo=1, routed)           0.916    41.903    u_clk_wiz_0/inst/clk_in1_clk_wiz_0
    MMCME2_ADV_X1Y2      MMCME2_ADV (Prop_mmcme2_adv_CLKIN1_CLKOUT0)
                                                     -5.390    36.513 r  u_clk_wiz_0/inst/mmcm_adv_inst/CLKOUT0
                         net (fo=1, routed)           1.234    37.747    u_clk_wiz_0/inst/clk_out1_clk_wiz_0
    BUFGCTRL_X0Y16       BUFG (Prop_bufg_I_O)         0.072    37.819 r  u_clk_wiz_0/inst/clkout1_buf/O
                         net (fo=301, routed)         1.329    39.149    u_bram_background/u_bg_rom/U0/inst_blk_mem_gen/gnbram.gnativebmg.native_blk_mem_gen/valid.cstr/ramloop[0].ram.r/prim_init.ram/clka
    RAMB36_X2Y8          RAMB36E1                                     r  u_bram_background/u_bg_rom/U0/inst_blk_mem_gen/gnbram.gnativebmg.native_blk_mem_gen/valid.cstr/ramloop[0].ram.r/prim_init.ram/DEVICE_7SERIES.NO_BMM_INFO.SP.CASCADED_PRIM36.ram_B/CLKARDCLK
                         clock pessimism              0.293    39.442    
                         clock uncertainty           -0.083    39.358    
    RAMB36_X2Y8          RAMB36E1 (Setup_ramb36e1_CLKARDCLK_ADDRARDADDR[11])
                                                     -0.562    38.796    u_bram_background/u_bg_rom/U0/inst_blk_mem_gen/gnbram.gnativebmg.native_blk_mem_gen/valid.cstr/ramloop[0].ram.r/prim_init.ram/DEVICE_7SERIES.NO_BMM_INFO.SP.CASCADED_PRIM36.ram_B
  -------------------------------------------------------------------
                         required time                         38.796    
                         arrival time                          -3.799    
  -------------------------------------------------------------------
                         slack                                 34.997    

Slack (MET) :             35.014ns  (required time - arrival time)
  Source:                 u_vga_timing/pixel_y_reg[8]/C
                            (rising edge-triggered cell FDRE clocked by clk_out1_clk_wiz_0_1  {rise@0.000ns fall@19.862ns period=39.724ns})
  Destination:            u_bram_background/u_bg_rom/U0/inst_blk_mem_gen/gnbram.gnativebmg.native_blk_mem_gen/valid.cstr/ramloop[11].ram.r/prim_init.ram/DEVICE_7SERIES.NO_BMM_INFO.SP.SIMPLE_PRIM36.ram/ENARDEN
                            (rising edge-triggered cell RAMB36E1 clocked by clk_out1_clk_wiz_0_1  {rise@0.000ns fall@19.862ns period=39.724ns})
  Path Group:             clk_out1_clk_wiz_0_1
  Path Type:              Setup (Max at Slow Process Corner)
  Requirement:            39.724ns  (clk_out1_clk_wiz_0_1 rise@39.724ns - clk_out1_clk_wiz_0_1 rise@0.000ns)
  Data Path Delay:        4.135ns  (logic 1.090ns (26.357%)  route 3.045ns (73.643%))
  Logic Levels:           3  (CARRY4=1 LUT3=1 LUT5=1)
  Clock Path Skew:        -0.005ns (DCD - SCD + CPR)
    Destination Clock Delay (DCD):    -0.729ns = ( 38.994 - 39.724 ) 
    Source Clock Delay      (SCD):    -0.376ns
    Clock Pessimism Removal (CPR):    0.348ns
  Clock Uncertainty:      0.083ns  ((TSJ^2 + DJ^2)^1/2) / 2 + PE
    Total System Jitter     (TSJ):    0.071ns
    Discrete Jitter          (DJ):    0.151ns
    Phase Error              (PE):    0.000ns

    Location             Delay type                Incr(ns)  Path(ns)    Netlist Resource(s)
  -------------------------------------------------------------------    -------------------
                         (clock clk_out1_clk_wiz_0_1 rise edge)
                                                      0.000     0.000 r  
    E3                                                0.000     0.000 r  clk (IN)
                         net (fo=0)                   0.000     0.000    u_clk_wiz_0/inst/clk_in1
    E3                   IBUF (Prop_ibuf_I_O)         1.330     1.330 r  u_clk_wiz_0/inst/clkin1_ibufg/O
                         net (fo=1, routed)           0.974     2.304    u_clk_wiz_0/inst/clk_in1_clk_wiz_0
    MMCME2_ADV_X1Y2      MMCME2_ADV (Prop_mmcme2_adv_CLKIN1_CLKOUT0)
                                                     -5.294    -2.990 r  u_clk_wiz_0/inst/mmcm_adv_inst/CLKOUT0
                         net (fo=1, routed)           1.297    -1.693    u_clk_wiz_0/inst/clk_out1_clk_wiz_0
    BUFGCTRL_X0Y16       BUFG (Prop_bufg_I_O)         0.076    -1.617 r  u_clk_wiz_0/inst/clkout1_buf/O
                         net (fo=301, routed)         1.241    -0.376    u_vga_timing/clk_out1
    SLICE_X68Y68         FDRE                                         r  u_vga_timing/pixel_y_reg[8]/C
  -------------------------------------------------------------------    -------------------
    SLICE_X68Y68         FDRE (Prop_fdre_C_Q)         0.341    -0.035 r  u_vga_timing/pixel_y_reg[8]/Q
                         net (fo=23, routed)          1.231     1.196    u_vga_timing/Q[1]
    SLICE_X66Y69         LUT3 (Prop_lut3_I0_O)        0.097     1.293 r  u_vga_timing/rom_addr__0_carry__1_i_3/O
                         net (fo=1, routed)           0.000     1.293    u_bram_background/no_softecc_sel_reg.ce_pri.sel_pipe_reg[4]_0[1]
    SLICE_X66Y69         CARRY4 (Prop_carry4_S[1]_O[2])
                                                      0.432     1.725 f  u_bram_background/rom_addr__0_carry__1/O[2]
                         net (fo=27, routed)          1.476     3.201    u_bram_background/u_bg_rom/U0/inst_blk_mem_gen/gnbram.gnativebmg.native_blk_mem_gen/valid.cstr/bindec_a.bindec_inst_a/addra[3]
    SLICE_X62Y55         LUT5 (Prop_lut5_I4_O)        0.220     3.421 r  u_bram_background/u_bg_rom/U0/inst_blk_mem_gen/gnbram.gnativebmg.native_blk_mem_gen/valid.cstr/bindec_a.bindec_inst_a/DEVICE_7SERIES.NO_BMM_INFO.SP.SIMPLE_PRIM36.ram_i_1__5/O
                         net (fo=1, routed)           0.338     3.759    u_bram_background/u_bg_rom/U0/inst_blk_mem_gen/gnbram.gnativebmg.native_blk_mem_gen/valid.cstr/ramloop[11].ram.r/prim_init.ram/ena_array[0]
    RAMB36_X1Y11         RAMB36E1                                     r  u_bram_background/u_bg_rom/U0/inst_blk_mem_gen/gnbram.gnativebmg.native_blk_mem_gen/valid.cstr/ramloop[11].ram.r/prim_init.ram/DEVICE_7SERIES.NO_BMM_INFO.SP.SIMPLE_PRIM36.ram/ENARDEN
  -------------------------------------------------------------------    -------------------

                         (clock clk_out1_clk_wiz_0_1 rise edge)
                                                     39.724    39.724 r  
    E3                                                0.000    39.724 r  clk (IN)
                         net (fo=0)                   0.000    39.724    u_clk_wiz_0/inst/clk_in1
    E3                   IBUF (Prop_ibuf_I_O)         1.263    40.986 r  u_clk_wiz_0/inst/clkin1_ibufg/O
                         net (fo=1, routed)           0.916    41.903    u_clk_wiz_0/inst/clk_in1_clk_wiz_0
    MMCME2_ADV_X1Y2      MMCME2_ADV (Prop_mmcme2_adv_CLKIN1_CLKOUT0)
                                                     -5.390    36.513 r  u_clk_wiz_0/inst/mmcm_adv_inst/CLKOUT0
                         net (fo=1, routed)           1.234    37.747    u_clk_wiz_0/inst/clk_out1_clk_wiz_0
    BUFGCTRL_X0Y16       BUFG (Prop_bufg_I_O)         0.072    37.819 r  u_clk_wiz_0/inst/clkout1_buf/O
                         net (fo=301, routed)         1.175    38.994    u_bram_background/u_bg_rom/U0/inst_blk_mem_gen/gnbram.gnativebmg.native_blk_mem_gen/valid.cstr/ramloop[11].ram.r/prim_init.ram/clka
    RAMB36_X1Y11         RAMB36E1                                     r  u_bram_background/u_bg_rom/U0/inst_blk_mem_gen/gnbram.gnativebmg.native_blk_mem_gen/valid.cstr/ramloop[11].ram.r/prim_init.ram/DEVICE_7SERIES.NO_BMM_INFO.SP.SIMPLE_PRIM36.ram/CLKARDCLK
                         clock pessimism              0.348    39.342    
                         clock uncertainty           -0.083    39.258    
    RAMB36_X1Y11         RAMB36E1 (Setup_ramb36e1_CLKARDCLK_ENARDEN)
                                                     -0.485    38.773    u_bram_background/u_bg_rom/U0/inst_blk_mem_gen/gnbram.gnativebmg.native_blk_mem_gen/valid.cstr/ramloop[11].ram.r/prim_init.ram/DEVICE_7SERIES.NO_BMM_INFO.SP.SIMPLE_PRIM36.ram
  -------------------------------------------------------------------
                         required time                         38.773    
                         arrival time                          -3.759    
  -------------------------------------------------------------------
                         slack                                 35.014    





Min Delay Paths
--------------------------------------------------------------------------------------
Slack (MET) :             0.171ns  (arrival time - required time)
  Source:                 u_clock_core/u_btn_min_down/stable_d_reg/C
                            (rising edge-triggered cell FDRE clocked by clk_out1_clk_wiz_0_1  {rise@0.000ns fall@19.862ns period=39.724ns})
  Destination:            u_clock_core/u_btn_min_down/pulse_reg/D
                            (rising edge-triggered cell FDRE clocked by clk_out1_clk_wiz_0_1  {rise@0.000ns fall@19.862ns period=39.724ns})
  Path Group:             clk_out1_clk_wiz_0_1
  Path Type:              Hold (Min at Fast Process Corner)
  Requirement:            0.000ns  (clk_out1_clk_wiz_0_1 rise@0.000ns - clk_out1_clk_wiz_0_1 rise@0.000ns)
  Data Path Delay:        0.275ns  (logic 0.186ns (67.514%)  route 0.089ns (32.486%))
  Logic Levels:           1  (LUT2=1)
  Clock Path Skew:        0.013ns (DCD - SCD - CPR)
    Destination Clock Delay (DCD):    -0.840ns
    Source Clock Delay      (SCD):    -0.601ns
    Clock Pessimism Removal (CPR):    -0.252ns

    Location             Delay type                Incr(ns)  Path(ns)    Netlist Resource(s)
  -------------------------------------------------------------------    -------------------
                         (clock clk_out1_clk_wiz_0_1 rise edge)
                                                      0.000     0.000 r  
    E3                                                0.000     0.000 r  clk (IN)
                         net (fo=0)                   0.000     0.000    u_clk_wiz_0/inst/clk_in1
    E3                   IBUF (Prop_ibuf_I_O)         0.250     0.250 r  u_clk_wiz_0/inst/clkin1_ibufg/O
                         net (fo=1, routed)           0.440     0.690    u_clk_wiz_0/inst/clk_in1_clk_wiz_0
    MMCME2_ADV_X1Y2      MMCME2_ADV (Prop_mmcme2_adv_CLKIN1_CLKOUT0)
                                                     -2.379    -1.689 r  u_clk_wiz_0/inst/mmcm_adv_inst/CLKOUT0
                         net (fo=1, routed)           0.499    -1.190    u_clk_wiz_0/inst/clk_out1_clk_wiz_0
    BUFGCTRL_X0Y16       BUFG (Prop_bufg_I_O)         0.026    -1.164 r  u_clk_wiz_0/inst/clkout1_buf/O
                         net (fo=301, routed)         0.563    -0.601    u_clock_core/u_btn_min_down/clk_out1
    SLICE_X41Y66         FDRE                                         r  u_clock_core/u_btn_min_down/stable_d_reg/C
  -------------------------------------------------------------------    -------------------
    SLICE_X41Y66         FDRE (Prop_fdre_C_Q)         0.141    -0.460 f  u_clock_core/u_btn_min_down/stable_d_reg/Q
                         net (fo=1, routed)           0.089    -0.371    u_clock_core/u_btn_min_down/stable_d
    SLICE_X40Y66         LUT2 (Prop_lut2_I1_O)        0.045    -0.326 r  u_clock_core/u_btn_min_down/pulse_i_1__2/O
                         net (fo=1, routed)           0.000    -0.326    u_clock_core/u_btn_min_down/pulse0
    SLICE_X40Y66         FDRE                                         r  u_clock_core/u_btn_min_down/pulse_reg/D
  -------------------------------------------------------------------    -------------------

                         (clock clk_out1_clk_wiz_0_1 rise edge)
                                                      0.000     0.000 r  
    E3                                                0.000     0.000 r  clk (IN)
                         net (fo=0)                   0.000     0.000    u_clk_wiz_0/inst/clk_in1
    E3                   IBUF (Prop_ibuf_I_O)         0.438     0.438 r  u_clk_wiz_0/inst/clkin1_ibufg/O
                         net (fo=1, routed)           0.480     0.918    u_clk_wiz_0/inst/clk_in1_clk_wiz_0
    MMCME2_ADV_X1Y2      MMCME2_ADV (Prop_mmcme2_adv_CLKIN1_CLKOUT0)
                                                     -3.163    -2.245 r  u_clk_wiz_0/inst/mmcm_adv_inst/CLKOUT0
                         net (fo=1, routed)           0.544    -1.702    u_clk_wiz_0/inst/clk_out1_clk_wiz_0
    BUFGCTRL_X0Y16       BUFG (Prop_bufg_I_O)         0.029    -1.673 r  u_clk_wiz_0/inst/clkout1_buf/O
                         net (fo=301, routed)         0.833    -0.840    u_clock_core/u_btn_min_down/clk_out1
    SLICE_X40Y66         FDRE                                         r  u_clock_core/u_btn_min_down/pulse_reg/C
                         clock pessimism              0.252    -0.588    
    SLICE_X40Y66         FDRE (Hold_fdre_C_D)         0.091    -0.497    u_clock_core/u_btn_min_down/pulse_reg
  -------------------------------------------------------------------
                         required time                          0.497    
                         arrival time                          -0.326    
  -------------------------------------------------------------------
                         slack                                  0.171    

Slack (MET) :             0.180ns  (arrival time - required time)
  Source:                 u_clock_core/u_btn_hour_down/sync_reg[0]/C
                            (rising edge-triggered cell FDRE clocked by clk_out1_clk_wiz_0_1  {rise@0.000ns fall@19.862ns period=39.724ns})
  Destination:            u_clock_core/u_btn_hour_down/sync_reg[1]/D
                            (rising edge-triggered cell FDRE clocked by clk_out1_clk_wiz_0_1  {rise@0.000ns fall@19.862ns period=39.724ns})
  Path Group:             clk_out1_clk_wiz_0_1
  Path Type:              Hold (Min at Fast Process Corner)
  Requirement:            0.000ns  (clk_out1_clk_wiz_0_1 rise@0.000ns - clk_out1_clk_wiz_0_1 rise@0.000ns)
  Data Path Delay:        0.265ns  (logic 0.164ns (61.839%)  route 0.101ns (38.161%))
  Logic Levels:           0  
  Clock Path Skew:        0.015ns (DCD - SCD - CPR)
    Destination Clock Delay (DCD):    -0.843ns
    Source Clock Delay      (SCD):    -0.605ns
    Clock Pessimism Removal (CPR):    -0.253ns

    Location             Delay type                Incr(ns)  Path(ns)    Netlist Resource(s)
  -------------------------------------------------------------------    -------------------
                         (clock clk_out1_clk_wiz_0_1 rise edge)
                                                      0.000     0.000 r  
    E3                                                0.000     0.000 r  clk (IN)
                         net (fo=0)                   0.000     0.000    u_clk_wiz_0/inst/clk_in1
    E3                   IBUF (Prop_ibuf_I_O)         0.250     0.250 r  u_clk_wiz_0/inst/clkin1_ibufg/O
                         net (fo=1, routed)           0.440     0.690    u_clk_wiz_0/inst/clk_in1_clk_wiz_0
    MMCME2_ADV_X1Y2      MMCME2_ADV (Prop_mmcme2_adv_CLKIN1_CLKOUT0)
                                                     -2.379    -1.689 r  u_clk_wiz_0/inst/mmcm_adv_inst/CLKOUT0
                         net (fo=1, routed)           0.499    -1.190    u_clk_wiz_0/inst/clk_out1_clk_wiz_0
    BUFGCTRL_X0Y16       BUFG (Prop_bufg_I_O)         0.026    -1.164 r  u_clk_wiz_0/inst/clkout1_buf/O
                         net (fo=301, routed)         0.559    -0.605    u_clock_core/u_btn_hour_down/clk_out1
    SLICE_X38Y70         FDRE                                         r  u_clock_core/u_btn_hour_down/sync_reg[0]/C
  -------------------------------------------------------------------    -------------------
    SLICE_X38Y70         FDRE (Prop_fdre_C_Q)         0.164    -0.441 r  u_clock_core/u_btn_hour_down/sync_reg[0]/Q
                         net (fo=1, routed)           0.101    -0.340    u_clock_core/u_btn_hour_down/sync_reg_n_0_[0]
    SLICE_X40Y69         FDRE                                         r  u_clock_core/u_btn_hour_down/sync_reg[1]/D
  -------------------------------------------------------------------    -------------------

                         (clock clk_out1_clk_wiz_0_1 rise edge)
                                                      0.000     0.000 r  
    E3                                                0.000     0.000 r  clk (IN)
                         net (fo=0)                   0.000     0.000    u_clk_wiz_0/inst/clk_in1
    E3                   IBUF (Prop_ibuf_I_O)         0.438     0.438 r  u_clk_wiz_0/inst/clkin1_ibufg/O
                         net (fo=1, routed)           0.480     0.918    u_clk_wiz_0/inst/clk_in1_clk_wiz_0
    MMCME2_ADV_X1Y2      MMCME2_ADV (Prop_mmcme2_adv_CLKIN1_CLKOUT0)
                                                     -3.163    -2.245 r  u_clk_wiz_0/inst/mmcm_adv_inst/CLKOUT0
                         net (fo=1, routed)           0.544    -1.702    u_clk_wiz_0/inst/clk_out1_clk_wiz_0
    BUFGCTRL_X0Y16       BUFG (Prop_bufg_I_O)         0.029    -1.673 r  u_clk_wiz_0/inst/clkout1_buf/O
                         net (fo=301, routed)         0.830    -0.843    u_clock_core/u_btn_hour_down/clk_out1
    SLICE_X40Y69         FDRE                                         r  u_clock_core/u_btn_hour_down/sync_reg[1]/C
                         clock pessimism              0.253    -0.590    
    SLICE_X40Y69         FDRE (Hold_fdre_C_D)         0.070    -0.520    u_clock_core/u_btn_hour_down/sync_reg[1]
  -------------------------------------------------------------------
                         required time                          0.520    
                         arrival time                          -0.340    
  -------------------------------------------------------------------
                         slack                                  0.180    

Slack (MET) :             0.195ns  (arrival time - required time)
  Source:                 u_clock_core/min_reg[4]/C
                            (rising edge-triggered cell FDRE clocked by clk_out1_clk_wiz_0_1  {rise@0.000ns fall@19.862ns period=39.724ns})
  Destination:            u_clock_core/min_reg[5]/D
                            (rising edge-triggered cell FDRE clocked by clk_out1_clk_wiz_0_1  {rise@0.000ns fall@19.862ns period=39.724ns})
  Path Group:             clk_out1_clk_wiz_0_1
  Path Type:              Hold (Min at Fast Process Corner)
  Requirement:            0.000ns  (clk_out1_clk_wiz_0_1 rise@0.000ns - clk_out1_clk_wiz_0_1 rise@0.000ns)
  Data Path Delay:        0.342ns  (logic 0.248ns (72.464%)  route 0.094ns (27.536%))
  Logic Levels:           2  (LUT6=1 MUXF7=1)
  Clock Path Skew:        0.013ns (DCD - SCD - CPR)
    Destination Clock Delay (DCD):    -0.844ns
    Source Clock Delay      (SCD):    -0.604ns
    Clock Pessimism Removal (CPR):    -0.253ns

    Location             Delay type                Incr(ns)  Path(ns)    Netlist Resource(s)
  -------------------------------------------------------------------    -------------------
                         (clock clk_out1_clk_wiz_0_1 rise edge)
                                                      0.000     0.000 r  
    E3                                                0.000     0.000 r  clk (IN)
                         net (fo=0)                   0.000     0.000    u_clk_wiz_0/inst/clk_in1
    E3                   IBUF (Prop_ibuf_I_O)         0.250     0.250 r  u_clk_wiz_0/inst/clkin1_ibufg/O
                         net (fo=1, routed)           0.440     0.690    u_clk_wiz_0/inst/clk_in1_clk_wiz_0
    MMCME2_ADV_X1Y2      MMCME2_ADV (Prop_mmcme2_adv_CLKIN1_CLKOUT0)
                                                     -2.379    -1.689 r  u_clk_wiz_0/inst/mmcm_adv_inst/CLKOUT0
                         net (fo=1, routed)           0.499    -1.190    u_clk_wiz_0/inst/clk_out1_clk_wiz_0
    BUFGCTRL_X0Y16       BUFG (Prop_bufg_I_O)         0.026    -1.164 r  u_clk_wiz_0/inst/clkout1_buf/O
                         net (fo=301, routed)         0.560    -0.604    u_clock_core/clk_out1
    SLICE_X61Y67         FDRE                                         r  u_clock_core/min_reg[4]/C
  -------------------------------------------------------------------    -------------------
    SLICE_X61Y67         FDRE (Prop_fdre_C_Q)         0.141    -0.463 r  u_clock_core/min_reg[4]/Q
                         net (fo=9, routed)           0.094    -0.369    u_clock_core/min_reg_n_0_[4]
    SLICE_X60Y67         LUT6 (Prop_lut6_I3_O)        0.045    -0.324 r  u_clock_core/min[5]_i_5/O
                         net (fo=1, routed)           0.000    -0.324    u_clock_core/u_btn_min_down/min_reg[5]
    SLICE_X60Y67         MUXF7 (Prop_muxf7_I0_O)      0.062    -0.262 r  u_clock_core/u_btn_min_down/min_reg[5]_i_2/O
                         net (fo=1, routed)           0.000    -0.262    u_clock_core/u_btn_min_down_n_4
    SLICE_X60Y67         FDRE                                         r  u_clock_core/min_reg[5]/D
  -------------------------------------------------------------------    -------------------

                         (clock clk_out1_clk_wiz_0_1 rise edge)
                                                      0.000     0.000 r  
    E3                                                0.000     0.000 r  clk (IN)
                         net (fo=0)                   0.000     0.000    u_clk_wiz_0/inst/clk_in1
    E3                   IBUF (Prop_ibuf_I_O)         0.438     0.438 r  u_clk_wiz_0/inst/clkin1_ibufg/O
                         net (fo=1, routed)           0.480     0.918    u_clk_wiz_0/inst/clk_in1_clk_wiz_0
    MMCME2_ADV_X1Y2      MMCME2_ADV (Prop_mmcme2_adv_CLKIN1_CLKOUT0)
                                                     -3.163    -2.245 r  u_clk_wiz_0/inst/mmcm_adv_inst/CLKOUT0
                         net (fo=1, routed)           0.544    -1.702    u_clk_wiz_0/inst/clk_out1_clk_wiz_0
    BUFGCTRL_X0Y16       BUFG (Prop_bufg_I_O)         0.029    -1.673 r  u_clk_wiz_0/inst/clkout1_buf/O
                         net (fo=301, routed)         0.829    -0.844    u_clock_core/clk_out1
    SLICE_X60Y67         FDRE                                         r  u_clock_core/min_reg[5]/C
                         clock pessimism              0.253    -0.591    
    SLICE_X60Y67         FDRE (Hold_fdre_C_D)         0.134    -0.457    u_clock_core/min_reg[5]
  -------------------------------------------------------------------
                         required time                          0.457    
                         arrival time                          -0.262    
  -------------------------------------------------------------------
                         slack                                  0.195    

Slack (MET) :             0.197ns  (arrival time - required time)
  Source:                 u_bram_background/u_bg_rom/U0/inst_blk_mem_gen/gnbram.gnativebmg.native_blk_mem_gen/valid.cstr/has_mux_a.A/no_softecc_sel_reg.ce_pri.sel_pipe_reg[2]/C
                            (rising edge-triggered cell FDRE clocked by clk_out1_clk_wiz_0_1  {rise@0.000ns fall@19.862ns period=39.724ns})
  Destination:            u_bram_background/u_bg_rom/U0/inst_blk_mem_gen/gnbram.gnativebmg.native_blk_mem_gen/valid.cstr/has_mux_a.A/no_softecc_norm_sel2.has_mem_regs.WITHOUT_ECC_PIPE.ce_pri.sel_pipe_d1_reg[2]/D
                            (rising edge-triggered cell FDRE clocked by clk_out1_clk_wiz_0_1  {rise@0.000ns fall@19.862ns period=39.724ns})
  Path Group:             clk_out1_clk_wiz_0_1
  Path Type:              Hold (Min at Fast Process Corner)
  Requirement:            0.000ns  (clk_out1_clk_wiz_0_1 rise@0.000ns - clk_out1_clk_wiz_0_1 rise@0.000ns)
  Data Path Delay:        0.276ns  (logic 0.164ns (59.345%)  route 0.112ns (40.655%))
  Logic Levels:           0  
  Clock Path Skew:        0.013ns (DCD - SCD - CPR)
    Destination Clock Delay (DCD):    -0.843ns
    Source Clock Delay      (SCD):    -0.604ns
    Clock Pessimism Removal (CPR):    -0.252ns

    Location             Delay type                Incr(ns)  Path(ns)    Netlist Resource(s)
  -------------------------------------------------------------------    -------------------
                         (clock clk_out1_clk_wiz_0_1 rise edge)
                                                      0.000     0.000 r  
    E3                                                0.000     0.000 r  clk (IN)
                         net (fo=0)                   0.000     0.000    u_clk_wiz_0/inst/clk_in1
    E3                   IBUF (Prop_ibuf_I_O)         0.250     0.250 r  u_clk_wiz_0/inst/clkin1_ibufg/O
                         net (fo=1, routed)           0.440     0.690    u_clk_wiz_0/inst/clk_in1_clk_wiz_0
    MMCME2_ADV_X1Y2      MMCME2_ADV (Prop_mmcme2_adv_CLKIN1_CLKOUT0)
                                                     -2.379    -1.689 r  u_clk_wiz_0/inst/mmcm_adv_inst/CLKOUT0
                         net (fo=1, routed)           0.499    -1.190    u_clk_wiz_0/inst/clk_out1_clk_wiz_0
    BUFGCTRL_X0Y16       BUFG (Prop_bufg_I_O)         0.026    -1.164 r  u_clk_wiz_0/inst/clkout1_buf/O
                         net (fo=301, routed)         0.560    -0.604    u_bram_background/u_bg_rom/U0/inst_blk_mem_gen/gnbram.gnativebmg.native_blk_mem_gen/valid.cstr/has_mux_a.A/clka
    SLICE_X66Y69         FDRE                                         r  u_bram_background/u_bg_rom/U0/inst_blk_mem_gen/gnbram.gnativebmg.native_blk_mem_gen/valid.cstr/has_mux_a.A/no_softecc_sel_reg.ce_pri.sel_pipe_reg[2]/C
  -------------------------------------------------------------------    -------------------
    SLICE_X66Y69         FDRE (Prop_fdre_C_Q)         0.164    -0.440 r  u_bram_background/u_bg_rom/U0/inst_blk_mem_gen/gnbram.gnativebmg.native_blk_mem_gen/valid.cstr/has_mux_a.A/no_softecc_sel_reg.ce_pri.sel_pipe_reg[2]/Q
                         net (fo=1, routed)           0.112    -0.328    u_bram_background/u_bg_rom/U0/inst_blk_mem_gen/gnbram.gnativebmg.native_blk_mem_gen/valid.cstr/has_mux_a.A/sel_pipe[2]
    SLICE_X67Y69         FDRE                                         r  u_bram_background/u_bg_rom/U0/inst_blk_mem_gen/gnbram.gnativebmg.native_blk_mem_gen/valid.cstr/has_mux_a.A/no_softecc_norm_sel2.has_mem_regs.WITHOUT_ECC_PIPE.ce_pri.sel_pipe_d1_reg[2]/D
  -------------------------------------------------------------------    -------------------

                         (clock clk_out1_clk_wiz_0_1 rise edge)
                                                      0.000     0.000 r  
    E3                                                0.000     0.000 r  clk (IN)
                         net (fo=0)                   0.000     0.000    u_clk_wiz_0/inst/clk_in1
    E3                   IBUF (Prop_ibuf_I_O)         0.438     0.438 r  u_clk_wiz_0/inst/clkin1_ibufg/O
                         net (fo=1, routed)           0.480     0.918    u_clk_wiz_0/inst/clk_in1_clk_wiz_0
    MMCME2_ADV_X1Y2      MMCME2_ADV (Prop_mmcme2_adv_CLKIN1_CLKOUT0)
                                                     -3.163    -2.245 r  u_clk_wiz_0/inst/mmcm_adv_inst/CLKOUT0
                         net (fo=1, routed)           0.544    -1.702    u_clk_wiz_0/inst/clk_out1_clk_wiz_0
    BUFGCTRL_X0Y16       BUFG (Prop_bufg_I_O)         0.029    -1.673 r  u_clk_wiz_0/inst/clkout1_buf/O
                         net (fo=301, routed)         0.830    -0.843    u_bram_background/u_bg_rom/U0/inst_blk_mem_gen/gnbram.gnativebmg.native_blk_mem_gen/valid.cstr/has_mux_a.A/clka
    SLICE_X67Y69         FDRE                                         r  u_bram_background/u_bg_rom/U0/inst_blk_mem_gen/gnbram.gnativebmg.native_blk_mem_gen/valid.cstr/has_mux_a.A/no_softecc_norm_sel2.has_mem_regs.WITHOUT_ECC_PIPE.ce_pri.sel_pipe_d1_reg[2]/C
                         clock pessimism              0.252    -0.591    
    SLICE_X67Y69         FDRE (Hold_fdre_C_D)         0.066    -0.525    u_bram_background/u_bg_rom/U0/inst_blk_mem_gen/gnbram.gnativebmg.native_blk_mem_gen/valid.cstr/has_mux_a.A/no_softecc_norm_sel2.has_mem_regs.WITHOUT_ECC_PIPE.ce_pri.sel_pipe_d1_reg[2]
  -------------------------------------------------------------------
                         required time                          0.525    
                         arrival time                          -0.328    
  -------------------------------------------------------------------
                         slack                                  0.197    

Slack (MET) :             0.207ns  (arrival time - required time)
  Source:                 u_clock_core/min_reg[2]/C
                            (rising edge-triggered cell FDRE clocked by clk_out1_clk_wiz_0_1  {rise@0.000ns fall@19.862ns period=39.724ns})
  Destination:            u_clock_core/min_reg[3]/D
                            (rising edge-triggered cell FDRE clocked by clk_out1_clk_wiz_0_1  {rise@0.000ns fall@19.862ns period=39.724ns})
  Path Group:             clk_out1_clk_wiz_0_1
  Path Type:              Hold (Min at Fast Process Corner)
  Requirement:            0.000ns  (clk_out1_clk_wiz_0_1 rise@0.000ns - clk_out1_clk_wiz_0_1 rise@0.000ns)
  Data Path Delay:        0.312ns  (logic 0.209ns (67.021%)  route 0.103ns (32.979%))
  Logic Levels:           1  (LUT6=1)
  Clock Path Skew:        0.013ns (DCD - SCD - CPR)
    Destination Clock Delay (DCD):    -0.844ns
    Source Clock Delay      (SCD):    -0.604ns
    Clock Pessimism Removal (CPR):    -0.253ns

    Location             Delay type                Incr(ns)  Path(ns)    Netlist Resource(s)
  -------------------------------------------------------------------    -------------------
                         (clock clk_out1_clk_wiz_0_1 rise edge)
                                                      0.000     0.000 r  
    E3                                                0.000     0.000 r  clk (IN)
                         net (fo=0)                   0.000     0.000    u_clk_wiz_0/inst/clk_in1
    E3                   IBUF (Prop_ibuf_I_O)         0.250     0.250 r  u_clk_wiz_0/inst/clkin1_ibufg/O
                         net (fo=1, routed)           0.440     0.690    u_clk_wiz_0/inst/clk_in1_clk_wiz_0
    MMCME2_ADV_X1Y2      MMCME2_ADV (Prop_mmcme2_adv_CLKIN1_CLKOUT0)
                                                     -2.379    -1.689 r  u_clk_wiz_0/inst/mmcm_adv_inst/CLKOUT0
                         net (fo=1, routed)           0.499    -1.190    u_clk_wiz_0/inst/clk_out1_clk_wiz_0
    BUFGCTRL_X0Y16       BUFG (Prop_bufg_I_O)         0.026    -1.164 r  u_clk_wiz_0/inst/clkout1_buf/O
                         net (fo=301, routed)         0.560    -0.604    u_clock_core/clk_out1
    SLICE_X60Y67         FDRE                                         r  u_clock_core/min_reg[2]/C
  -------------------------------------------------------------------    -------------------
    SLICE_X60Y67         FDRE (Prop_fdre_C_Q)         0.164    -0.440 r  u_clock_core/min_reg[2]/Q
                         net (fo=11, routed)          0.103    -0.337    u_clock_core/u_btn_min_down/min_reg[4]_2[2]
    SLICE_X61Y67         LUT6 (Prop_lut6_I1_O)        0.045    -0.292 r  u_clock_core/u_btn_min_down/min[3]_i_1/O
                         net (fo=1, routed)           0.000    -0.292    u_clock_core/u_btn_min_down_n_6
    SLICE_X61Y67         FDRE                                         r  u_clock_core/min_reg[3]/D
  -------------------------------------------------------------------    -------------------

                         (clock clk_out1_clk_wiz_0_1 rise edge)
                                                      0.000     0.000 r  
    E3                                                0.000     0.000 r  clk (IN)
                         net (fo=0)                   0.000     0.000    u_clk_wiz_0/inst/clk_in1
    E3                   IBUF (Prop_ibuf_I_O)         0.438     0.438 r  u_clk_wiz_0/inst/clkin1_ibufg/O
                         net (fo=1, routed)           0.480     0.918    u_clk_wiz_0/inst/clk_in1_clk_wiz_0
    MMCME2_ADV_X1Y2      MMCME2_ADV (Prop_mmcme2_adv_CLKIN1_CLKOUT0)
                                                     -3.163    -2.245 r  u_clk_wiz_0/inst/mmcm_adv_inst/CLKOUT0
                         net (fo=1, routed)           0.544    -1.702    u_clk_wiz_0/inst/clk_out1_clk_wiz_0
    BUFGCTRL_X0Y16       BUFG (Prop_bufg_I_O)         0.029    -1.673 r  u_clk_wiz_0/inst/clkout1_buf/O
                         net (fo=301, routed)         0.829    -0.844    u_clock_core/clk_out1
    SLICE_X61Y67         FDRE                                         r  u_clock_core/min_reg[3]/C
                         clock pessimism              0.253    -0.591    
    SLICE_X61Y67         FDRE (Hold_fdre_C_D)         0.092    -0.499    u_clock_core/min_reg[3]
  -------------------------------------------------------------------
                         required time                          0.499    
                         arrival time                          -0.292    
  -------------------------------------------------------------------
                         slack                                  0.207    

Slack (MET) :             0.214ns  (arrival time - required time)
  Source:                 u_bram_background/u_bg_rom/U0/inst_blk_mem_gen/gnbram.gnativebmg.native_blk_mem_gen/valid.cstr/has_mux_a.A/no_softecc_sel_reg.ce_pri.sel_pipe_reg[0]/C
                            (rising edge-triggered cell FDRE clocked by clk_out1_clk_wiz_0_1  {rise@0.000ns fall@19.862ns period=39.724ns})
  Destination:            u_bram_background/u_bg_rom/U0/inst_blk_mem_gen/gnbram.gnativebmg.native_blk_mem_gen/valid.cstr/has_mux_a.A/no_softecc_norm_sel2.has_mem_regs.WITHOUT_ECC_PIPE.ce_pri.sel_pipe_d1_reg[0]/D
                            (rising edge-triggered cell FDRE clocked by clk_out1_clk_wiz_0_1  {rise@0.000ns fall@19.862ns period=39.724ns})
  Path Group:             clk_out1_clk_wiz_0_1
  Path Type:              Hold (Min at Fast Process Corner)
  Requirement:            0.000ns  (clk_out1_clk_wiz_0_1 rise@0.000ns - clk_out1_clk_wiz_0_1 rise@0.000ns)
  Data Path Delay:        0.273ns  (logic 0.164ns (59.997%)  route 0.109ns (40.003%))
  Logic Levels:           0  
  Clock Path Skew:        0.000ns (DCD - SCD - CPR)
    Destination Clock Delay (DCD):    -0.842ns
    Source Clock Delay      (SCD):    -0.603ns
    Clock Pessimism Removal (CPR):    -0.239ns

    Location             Delay type                Incr(ns)  Path(ns)    Netlist Resource(s)
  -------------------------------------------------------------------    -------------------
                         (clock clk_out1_clk_wiz_0_1 rise edge)
                                                      0.000     0.000 r  
    E3                                                0.000     0.000 r  clk (IN)
                         net (fo=0)                   0.000     0.000    u_clk_wiz_0/inst/clk_in1
    E3                   IBUF (Prop_ibuf_I_O)         0.250     0.250 r  u_clk_wiz_0/inst/clkin1_ibufg/O
                         net (fo=1, routed)           0.440     0.690    u_clk_wiz_0/inst/clk_in1_clk_wiz_0
    MMCME2_ADV_X1Y2      MMCME2_ADV (Prop_mmcme2_adv_CLKIN1_CLKOUT0)
                                                     -2.379    -1.689 r  u_clk_wiz_0/inst/mmcm_adv_inst/CLKOUT0
                         net (fo=1, routed)           0.499    -1.190    u_clk_wiz_0/inst/clk_out1_clk_wiz_0
    BUFGCTRL_X0Y16       BUFG (Prop_bufg_I_O)         0.026    -1.164 r  u_clk_wiz_0/inst/clkout1_buf/O
                         net (fo=301, routed)         0.561    -0.603    u_bram_background/u_bg_rom/U0/inst_blk_mem_gen/gnbram.gnativebmg.native_blk_mem_gen/valid.cstr/has_mux_a.A/clka
    SLICE_X66Y68         FDRE                                         r  u_bram_background/u_bg_rom/U0/inst_blk_mem_gen/gnbram.gnativebmg.native_blk_mem_gen/valid.cstr/has_mux_a.A/no_softecc_sel_reg.ce_pri.sel_pipe_reg[0]/C
  -------------------------------------------------------------------    -------------------
    SLICE_X66Y68         FDRE (Prop_fdre_C_Q)         0.164    -0.439 r  u_bram_background/u_bg_rom/U0/inst_blk_mem_gen/gnbram.gnativebmg.native_blk_mem_gen/valid.cstr/has_mux_a.A/no_softecc_sel_reg.ce_pri.sel_pipe_reg[0]/Q
                         net (fo=1, routed)           0.109    -0.330    u_bram_background/u_bg_rom/U0/inst_blk_mem_gen/gnbram.gnativebmg.native_blk_mem_gen/valid.cstr/has_mux_a.A/sel_pipe[0]
    SLICE_X66Y68         FDRE                                         r  u_bram_background/u_bg_rom/U0/inst_blk_mem_gen/gnbram.gnativebmg.native_blk_mem_gen/valid.cstr/has_mux_a.A/no_softecc_norm_sel2.has_mem_regs.WITHOUT_ECC_PIPE.ce_pri.sel_pipe_d1_reg[0]/D
  -------------------------------------------------------------------    -------------------

                         (clock clk_out1_clk_wiz_0_1 rise edge)
                                                      0.000     0.000 r  
    E3                                                0.000     0.000 r  clk (IN)
                         net (fo=0)                   0.000     0.000    u_clk_wiz_0/inst/clk_in1
    E3                   IBUF (Prop_ibuf_I_O)         0.438     0.438 r  u_clk_wiz_0/inst/clkin1_ibufg/O
                         net (fo=1, routed)           0.480     0.918    u_clk_wiz_0/inst/clk_in1_clk_wiz_0
    MMCME2_ADV_X1Y2      MMCME2_ADV (Prop_mmcme2_adv_CLKIN1_CLKOUT0)
                                                     -3.163    -2.245 r  u_clk_wiz_0/inst/mmcm_adv_inst/CLKOUT0
                         net (fo=1, routed)           0.544    -1.702    u_clk_wiz_0/inst/clk_out1_clk_wiz_0
    BUFGCTRL_X0Y16       BUFG (Prop_bufg_I_O)         0.029    -1.673 r  u_clk_wiz_0/inst/clkout1_buf/O
                         net (fo=301, routed)         0.831    -0.842    u_bram_background/u_bg_rom/U0/inst_blk_mem_gen/gnbram.gnativebmg.native_blk_mem_gen/valid.cstr/has_mux_a.A/clka
    SLICE_X66Y68         FDRE                                         r  u_bram_background/u_bg_rom/U0/inst_blk_mem_gen/gnbram.gnativebmg.native_blk_mem_gen/valid.cstr/has_mux_a.A/no_softecc_norm_sel2.has_mem_regs.WITHOUT_ECC_PIPE.ce_pri.sel_pipe_d1_reg[0]/C
                         clock pessimism              0.239    -0.603    
    SLICE_X66Y68         FDRE (Hold_fdre_C_D)         0.059    -0.544    u_bram_background/u_bg_rom/U0/inst_blk_mem_gen/gnbram.gnativebmg.native_blk_mem_gen/valid.cstr/has_mux_a.A/no_softecc_norm_sel2.has_mem_regs.WITHOUT_ECC_PIPE.ce_pri.sel_pipe_d1_reg[0]
  -------------------------------------------------------------------
                         required time                          0.544    
                         arrival time                          -0.330    
  -------------------------------------------------------------------
                         slack                                  0.214    

Slack (MET) :             0.217ns  (arrival time - required time)
  Source:                 frame_cnt_reg[4]/C
                            (rising edge-triggered cell FDRE clocked by clk_out1_clk_wiz_0_1  {rise@0.000ns fall@19.862ns period=39.724ns})
  Destination:            frame_cnt_reg[5]/D
                            (rising edge-triggered cell FDRE clocked by clk_out1_clk_wiz_0_1  {rise@0.000ns fall@19.862ns period=39.724ns})
  Path Group:             clk_out1_clk_wiz_0_1
  Path Type:              Hold (Min at Fast Process Corner)
  Requirement:            0.000ns  (clk_out1_clk_wiz_0_1 rise@0.000ns - clk_out1_clk_wiz_0_1 rise@0.000ns)
  Data Path Delay:        0.338ns  (logic 0.247ns (73.079%)  route 0.091ns (26.921%))
  Logic Levels:           1  (LUT6=1)
  Clock Path Skew:        0.000ns (DCD - SCD - CPR)
    Destination Clock Delay (DCD):    -0.848ns
    Source Clock Delay      (SCD):    -0.607ns
    Clock Pessimism Removal (CPR):    -0.241ns

    Location             Delay type                Incr(ns)  Path(ns)    Netlist Resource(s)
  -------------------------------------------------------------------    -------------------
                         (clock clk_out1_clk_wiz_0_1 rise edge)
                                                      0.000     0.000 r  
    E3                                                0.000     0.000 r  clk (IN)
                         net (fo=0)                   0.000     0.000    u_clk_wiz_0/inst/clk_in1
    E3                   IBUF (Prop_ibuf_I_O)         0.250     0.250 r  u_clk_wiz_0/inst/clkin1_ibufg/O
                         net (fo=1, routed)           0.440     0.690    u_clk_wiz_0/inst/clk_in1_clk_wiz_0
    MMCME2_ADV_X1Y2      MMCME2_ADV (Prop_mmcme2_adv_CLKIN1_CLKOUT0)
                                                     -2.379    -1.689 r  u_clk_wiz_0/inst/mmcm_adv_inst/CLKOUT0
                         net (fo=1, routed)           0.499    -1.190    u_clk_wiz_0/inst/clk_out1_clk_wiz_0
    BUFGCTRL_X0Y16       BUFG (Prop_bufg_I_O)         0.026    -1.164 r  u_clk_wiz_0/inst/clkout1_buf/O
                         net (fo=301, routed)         0.557    -0.607    pix_clk
    SLICE_X50Y69         FDRE                                         r  frame_cnt_reg[4]/C
  -------------------------------------------------------------------    -------------------
    SLICE_X50Y69         FDRE (Prop_fdre_C_Q)         0.148    -0.459 r  frame_cnt_reg[4]/Q
                         net (fo=2, routed)           0.091    -0.368    frame_cnt_reg_n_0_[4]
    SLICE_X50Y69         LUT6 (Prop_lut6_I5_O)        0.099    -0.269 r  frame_cnt[5]_i_2/O
                         net (fo=1, routed)           0.000    -0.269    p_0_in[5]
    SLICE_X50Y69         FDRE                                         r  frame_cnt_reg[5]/D
  -------------------------------------------------------------------    -------------------

                         (clock clk_out1_clk_wiz_0_1 rise edge)
                                                      0.000     0.000 r  
    E3                                                0.000     0.000 r  clk (IN)
                         net (fo=0)                   0.000     0.000    u_clk_wiz_0/inst/clk_in1
    E3                   IBUF (Prop_ibuf_I_O)         0.438     0.438 r  u_clk_wiz_0/inst/clkin1_ibufg/O
                         net (fo=1, routed)           0.480     0.918    u_clk_wiz_0/inst/clk_in1_clk_wiz_0
    MMCME2_ADV_X1Y2      MMCME2_ADV (Prop_mmcme2_adv_CLKIN1_CLKOUT0)
                                                     -3.163    -2.245 r  u_clk_wiz_0/inst/mmcm_adv_inst/CLKOUT0
                         net (fo=1, routed)           0.544    -1.702    u_clk_wiz_0/inst/clk_out1_clk_wiz_0
    BUFGCTRL_X0Y16       BUFG (Prop_bufg_I_O)         0.029    -1.673 r  u_clk_wiz_0/inst/clkout1_buf/O
                         net (fo=301, routed)         0.825    -0.848    pix_clk
    SLICE_X50Y69         FDRE                                         r  frame_cnt_reg[5]/C
                         clock pessimism              0.241    -0.607    
    SLICE_X50Y69         FDRE (Hold_fdre_C_D)         0.121    -0.486    frame_cnt_reg[5]
  -------------------------------------------------------------------
                         required time                          0.486    
                         arrival time                          -0.269    
  -------------------------------------------------------------------
                         slack                                  0.217    

Slack (MET) :             0.218ns  (arrival time - required time)
  Source:                 u_clock_core/u_btn_min_up/stable_d_reg/C
                            (rising edge-triggered cell FDRE clocked by clk_out1_clk_wiz_0_1  {rise@0.000ns fall@19.862ns period=39.724ns})
  Destination:            u_clock_core/u_btn_min_up/pulse_reg/D
                            (rising edge-triggered cell FDRE clocked by clk_out1_clk_wiz_0_1  {rise@0.000ns fall@19.862ns period=39.724ns})
  Path Group:             clk_out1_clk_wiz_0_1
  Path Type:              Hold (Min at Fast Process Corner)
  Requirement:            0.000ns  (clk_out1_clk_wiz_0_1 rise@0.000ns - clk_out1_clk_wiz_0_1 rise@0.000ns)
  Data Path Delay:        0.323ns  (logic 0.186ns (57.513%)  route 0.137ns (42.487%))
  Logic Levels:           1  (LUT2=1)
  Clock Path Skew:        0.013ns (DCD - SCD - CPR)
    Destination Clock Delay (DCD):    -0.840ns
    Source Clock Delay      (SCD):    -0.601ns
    Clock Pessimism Removal (CPR):    -0.252ns

    Location             Delay type                Incr(ns)  Path(ns)    Netlist Resource(s)
  -------------------------------------------------------------------    -------------------
                         (clock clk_out1_clk_wiz_0_1 rise edge)
                                                      0.000     0.000 r  
    E3                                                0.000     0.000 r  clk (IN)
                         net (fo=0)                   0.000     0.000    u_clk_wiz_0/inst/clk_in1
    E3                   IBUF (Prop_ibuf_I_O)         0.250     0.250 r  u_clk_wiz_0/inst/clkin1_ibufg/O
                         net (fo=1, routed)           0.440     0.690    u_clk_wiz_0/inst/clk_in1_clk_wiz_0
    MMCME2_ADV_X1Y2      MMCME2_ADV (Prop_mmcme2_adv_CLKIN1_CLKOUT0)
                                                     -2.379    -1.689 r  u_clk_wiz_0/inst/mmcm_adv_inst/CLKOUT0
                         net (fo=1, routed)           0.499    -1.190    u_clk_wiz_0/inst/clk_out1_clk_wiz_0
    BUFGCTRL_X0Y16       BUFG (Prop_bufg_I_O)         0.026    -1.164 r  u_clk_wiz_0/inst/clkout1_buf/O
                         net (fo=301, routed)         0.563    -0.601    u_clock_core/u_btn_min_up/clk_out1
    SLICE_X41Y66         FDRE                                         r  u_clock_core/u_btn_min_up/stable_d_reg/C
  -------------------------------------------------------------------    -------------------
    SLICE_X41Y66         FDRE (Prop_fdre_C_Q)         0.141    -0.460 f  u_clock_core/u_btn_min_up/stable_d_reg/Q
                         net (fo=1, routed)           0.137    -0.323    u_clock_core/u_btn_min_up/stable_d
    SLICE_X40Y66         LUT2 (Prop_lut2_I1_O)        0.045    -0.278 r  u_clock_core/u_btn_min_up/pulse_i_1__1/O
                         net (fo=1, routed)           0.000    -0.278    u_clock_core/u_btn_min_up/pulse0
    SLICE_X40Y66         FDRE                                         r  u_clock_core/u_btn_min_up/pulse_reg/D
  -------------------------------------------------------------------    -------------------

                         (clock clk_out1_clk_wiz_0_1 rise edge)
                                                      0.000     0.000 r  
    E3                                                0.000     0.000 r  clk (IN)
                         net (fo=0)                   0.000     0.000    u_clk_wiz_0/inst/clk_in1
    E3                   IBUF (Prop_ibuf_I_O)         0.438     0.438 r  u_clk_wiz_0/inst/clkin1_ibufg/O
                         net (fo=1, routed)           0.480     0.918    u_clk_wiz_0/inst/clk_in1_clk_wiz_0
    MMCME2_ADV_X1Y2      MMCME2_ADV (Prop_mmcme2_adv_CLKIN1_CLKOUT0)
                                                     -3.163    -2.245 r  u_clk_wiz_0/inst/mmcm_adv_inst/CLKOUT0
                         net (fo=1, routed)           0.544    -1.702    u_clk_wiz_0/inst/clk_out1_clk_wiz_0
    BUFGCTRL_X0Y16       BUFG (Prop_bufg_I_O)         0.029    -1.673 r  u_clk_wiz_0/inst/clkout1_buf/O
                         net (fo=301, routed)         0.833    -0.840    u_clock_core/u_btn_min_up/clk_out1
    SLICE_X40Y66         FDRE                                         r  u_clock_core/u_btn_min_up/pulse_reg/C
                         clock pessimism              0.252    -0.588    
    SLICE_X40Y66         FDRE (Hold_fdre_C_D)         0.092    -0.496    u_clock_core/u_btn_min_up/pulse_reg
  -------------------------------------------------------------------
                         required time                          0.496    
                         arrival time                          -0.278    
  -------------------------------------------------------------------
                         slack                                  0.218    

Slack (MET) :             0.224ns  (arrival time - required time)
  Source:                 u_vga_timing/pixel_y_reg[6]/C
                            (rising edge-triggered cell FDRE clocked by clk_out1_clk_wiz_0_1  {rise@0.000ns fall@19.862ns period=39.724ns})
  Destination:            u_vga_timing/pixel_y_reg[8]/D
                            (rising edge-triggered cell FDRE clocked by clk_out1_clk_wiz_0_1  {rise@0.000ns fall@19.862ns period=39.724ns})
  Path Group:             clk_out1_clk_wiz_0_1
  Path Type:              Hold (Min at Fast Process Corner)
  Requirement:            0.000ns  (clk_out1_clk_wiz_0_1 rise@0.000ns - clk_out1_clk_wiz_0_1 rise@0.000ns)
  Data Path Delay:        0.328ns  (logic 0.186ns (56.701%)  route 0.142ns (43.299%))
  Logic Levels:           1  (LUT4=1)
  Clock Path Skew:        0.013ns (DCD - SCD - CPR)
    Destination Clock Delay (DCD):    -0.842ns
    Source Clock Delay      (SCD):    -0.603ns
    Clock Pessimism Removal (CPR):    -0.252ns

    Location             Delay type                Incr(ns)  Path(ns)    Netlist Resource(s)
  -------------------------------------------------------------------    -------------------
                         (clock clk_out1_clk_wiz_0_1 rise edge)
                                                      0.000     0.000 r  
    E3                                                0.000     0.000 r  clk (IN)
                         net (fo=0)                   0.000     0.000    u_clk_wiz_0/inst/clk_in1
    E3                   IBUF (Prop_ibuf_I_O)         0.250     0.250 r  u_clk_wiz_0/inst/clkin1_ibufg/O
                         net (fo=1, routed)           0.440     0.690    u_clk_wiz_0/inst/clk_in1_clk_wiz_0
    MMCME2_ADV_X1Y2      MMCME2_ADV (Prop_mmcme2_adv_CLKIN1_CLKOUT0)
                                                     -2.379    -1.689 r  u_clk_wiz_0/inst/mmcm_adv_inst/CLKOUT0
                         net (fo=1, routed)           0.499    -1.190    u_clk_wiz_0/inst/clk_out1_clk_wiz_0
    BUFGCTRL_X0Y16       BUFG (Prop_bufg_I_O)         0.026    -1.164 r  u_clk_wiz_0/inst/clkout1_buf/O
                         net (fo=301, routed)         0.561    -0.603    u_vga_timing/clk_out1
    SLICE_X69Y68         FDRE                                         r  u_vga_timing/pixel_y_reg[6]/C
  -------------------------------------------------------------------    -------------------
    SLICE_X69Y68         FDRE (Prop_fdre_C_Q)         0.141    -0.462 r  u_vga_timing/pixel_y_reg[6]/Q
                         net (fo=30, routed)          0.142    -0.320    u_vga_timing/pixel_y[6]
    SLICE_X68Y68         LUT4 (Prop_lut4_I2_O)        0.045    -0.275 r  u_vga_timing/pixel_y[8]_i_1/O
                         net (fo=1, routed)           0.000    -0.275    u_vga_timing/pixel_y_0[8]
    SLICE_X68Y68         FDRE                                         r  u_vga_timing/pixel_y_reg[8]/D
  -------------------------------------------------------------------    -------------------

                         (clock clk_out1_clk_wiz_0_1 rise edge)
                                                      0.000     0.000 r  
    E3                                                0.000     0.000 r  clk (IN)
                         net (fo=0)                   0.000     0.000    u_clk_wiz_0/inst/clk_in1
    E3                   IBUF (Prop_ibuf_I_O)         0.438     0.438 r  u_clk_wiz_0/inst/clkin1_ibufg/O
                         net (fo=1, routed)           0.480     0.918    u_clk_wiz_0/inst/clk_in1_clk_wiz_0
    MMCME2_ADV_X1Y2      MMCME2_ADV (Prop_mmcme2_adv_CLKIN1_CLKOUT0)
                                                     -3.163    -2.245 r  u_clk_wiz_0/inst/mmcm_adv_inst/CLKOUT0
                         net (fo=1, routed)           0.544    -1.702    u_clk_wiz_0/inst/clk_out1_clk_wiz_0
    BUFGCTRL_X0Y16       BUFG (Prop_bufg_I_O)         0.029    -1.673 r  u_clk_wiz_0/inst/clkout1_buf/O
                         net (fo=301, routed)         0.831    -0.842    u_vga_timing/clk_out1
    SLICE_X68Y68         FDRE                                         r  u_vga_timing/pixel_y_reg[8]/C
                         clock pessimism              0.252    -0.590    
    SLICE_X68Y68         FDRE (Hold_fdre_C_D)         0.091    -0.499    u_vga_timing/pixel_y_reg[8]
  -------------------------------------------------------------------
                         required time                          0.499    
                         arrival time                          -0.275    
  -------------------------------------------------------------------
                         slack                                  0.224    

Slack (MET) :             0.227ns  (arrival time - required time)
  Source:                 u_clock_core/sec_reg[0]/C
                            (rising edge-triggered cell FDRE clocked by clk_out1_clk_wiz_0_1  {rise@0.000ns fall@19.862ns period=39.724ns})
  Destination:            u_clock_core/sec_reg[4]/D
                            (rising edge-triggered cell FDRE clocked by clk_out1_clk_wiz_0_1  {rise@0.000ns fall@19.862ns period=39.724ns})
  Path Group:             clk_out1_clk_wiz_0_1
  Path Type:              Hold (Min at Fast Process Corner)
  Requirement:            0.000ns  (clk_out1_clk_wiz_0_1 rise@0.000ns - clk_out1_clk_wiz_0_1 rise@0.000ns)
  Data Path Delay:        0.347ns  (logic 0.213ns (61.305%)  route 0.134ns (38.695%))
  Logic Levels:           1  (LUT5=1)
  Clock Path Skew:        0.013ns (DCD - SCD - CPR)
    Destination Clock Delay (DCD):    -0.847ns
    Source Clock Delay      (SCD):    -0.607ns
    Clock Pessimism Removal (CPR):    -0.253ns

    Location             Delay type                Incr(ns)  Path(ns)    Netlist Resource(s)
  -------------------------------------------------------------------    -------------------
                         (clock clk_out1_clk_wiz_0_1 rise edge)
                                                      0.000     0.000 r  
    E3                                                0.000     0.000 r  clk (IN)
                         net (fo=0)                   0.000     0.000    u_clk_wiz_0/inst/clk_in1
    E3                   IBUF (Prop_ibuf_I_O)         0.250     0.250 r  u_clk_wiz_0/inst/clkin1_ibufg/O
                         net (fo=1, routed)           0.440     0.690    u_clk_wiz_0/inst/clk_in1_clk_wiz_0
    MMCME2_ADV_X1Y2      MMCME2_ADV (Prop_mmcme2_adv_CLKIN1_CLKOUT0)
                                                     -2.379    -1.689 r  u_clk_wiz_0/inst/mmcm_adv_inst/CLKOUT0
                         net (fo=1, routed)           0.499    -1.190    u_clk_wiz_0/inst/clk_out1_clk_wiz_0
    BUFGCTRL_X0Y16       BUFG (Prop_bufg_I_O)         0.026    -1.164 r  u_clk_wiz_0/inst/clkout1_buf/O
                         net (fo=301, routed)         0.557    -0.607    u_clock_core/clk_out1
    SLICE_X58Y70         FDRE                                         r  u_clock_core/sec_reg[0]/C
  -------------------------------------------------------------------    -------------------
    SLICE_X58Y70         FDRE (Prop_fdre_C_Q)         0.164    -0.443 r  u_clock_core/sec_reg[0]/Q
                         net (fo=15, routed)          0.134    -0.309    u_clock_core/sec_reg_n_0_[0]
    SLICE_X59Y70         LUT5 (Prop_lut5_I3_O)        0.049    -0.260 r  u_clock_core/sec[4]_i_1/O
                         net (fo=1, routed)           0.000    -0.260    u_clock_core/sec[4]_i_1_n_0
    SLICE_X59Y70         FDRE                                         r  u_clock_core/sec_reg[4]/D
  -------------------------------------------------------------------    -------------------

                         (clock clk_out1_clk_wiz_0_1 rise edge)
                                                      0.000     0.000 r  
    E3                                                0.000     0.000 r  clk (IN)
                         net (fo=0)                   0.000     0.000    u_clk_wiz_0/inst/clk_in1
    E3                   IBUF (Prop_ibuf_I_O)         0.438     0.438 r  u_clk_wiz_0/inst/clkin1_ibufg/O
                         net (fo=1, routed)           0.480     0.918    u_clk_wiz_0/inst/clk_in1_clk_wiz_0
    MMCME2_ADV_X1Y2      MMCME2_ADV (Prop_mmcme2_adv_CLKIN1_CLKOUT0)
                                                     -3.163    -2.245 r  u_clk_wiz_0/inst/mmcm_adv_inst/CLKOUT0
                         net (fo=1, routed)           0.544    -1.702    u_clk_wiz_0/inst/clk_out1_clk_wiz_0
    BUFGCTRL_X0Y16       BUFG (Prop_bufg_I_O)         0.029    -1.673 r  u_clk_wiz_0/inst/clkout1_buf/O
                         net (fo=301, routed)         0.826    -0.847    u_clock_core/clk_out1
    SLICE_X59Y70         FDRE                                         r  u_clock_core/sec_reg[4]/C
                         clock pessimism              0.253    -0.594    
    SLICE_X59Y70         FDRE (Hold_fdre_C_D)         0.107    -0.487    u_clock_core/sec_reg[4]
  -------------------------------------------------------------------
                         required time                          0.487    
                         arrival time                          -0.260    
  -------------------------------------------------------------------
                         slack                                  0.227    





Pulse Width Checks
--------------------------------------------------------------------------------------
Clock Name:         clk_out1_clk_wiz_0_1
Waveform(ns):       { 0.000 19.862 }
Period(ns):         39.724
Sources:            { u_clk_wiz_0/inst/mmcm_adv_inst/CLKOUT0 }

Check Type        Corner  Lib Pin             Reference Pin  Required(ns)  Actual(ns)  Slack(ns)  Location         Pin
Min Period        n/a     RAMB36E1/CLKARDCLK  n/a            2.141         39.724      37.583     RAMB36_X3Y13     u_bram_background/u_bg_rom/U0/inst_blk_mem_gen/gnbram.gnativebmg.native_blk_mem_gen/valid.cstr/ramloop[2].ram.r/prim_init.ram/DEVICE_7SERIES.NO_BMM_INFO.SP.CASCADED_PRIM36.ram_B/CLKARDCLK
Min Period        n/a     RAMB36E1/CLKARDCLK  n/a            2.141         39.724      37.583     RAMB36_X3Y11     u_bram_background/u_bg_rom/U0/inst_blk_mem_gen/gnbram.gnativebmg.native_blk_mem_gen/valid.cstr/ramloop[4].ram.r/prim_init.ram/DEVICE_7SERIES.NO_BMM_INFO.SP.CASCADED_PRIM36.ram_T/CLKARDCLK
Min Period        n/a     RAMB36E1/CLKARDCLK  n/a            2.141         39.724      37.583     RAMB36_X3Y14     u_bram_background/u_bg_rom/U0/inst_blk_mem_gen/gnbram.gnativebmg.native_blk_mem_gen/valid.cstr/ramloop[2].ram.r/prim_init.ram/DEVICE_7SERIES.NO_BMM_INFO.SP.CASCADED_PRIM36.ram_T/CLKARDCLK
Min Period        n/a     RAMB36E1/CLKARDCLK  n/a            2.141         39.724      37.583     RAMB36_X3Y10     u_bram_background/u_bg_rom/U0/inst_blk_mem_gen/gnbram.gnativebmg.native_blk_mem_gen/valid.cstr/ramloop[4].ram.r/prim_init.ram/DEVICE_7SERIES.NO_BMM_INFO.SP.CASCADED_PRIM36.ram_B/CLKARDCLK
Min Period        n/a     RAMB36E1/CLKARDCLK  n/a            2.141         39.724      37.583     RAMB36_X2Y8      u_bram_background/u_bg_rom/U0/inst_blk_mem_gen/gnbram.gnativebmg.native_blk_mem_gen/valid.cstr/ramloop[0].ram.r/prim_init.ram/DEVICE_7SERIES.NO_BMM_INFO.SP.CASCADED_PRIM36.ram_B/CLKARDCLK
Min Period        n/a     RAMB36E1/CLKARDCLK  n/a            2.141         39.724      37.583     RAMB36_X2Y9      u_bram_background/u_bg_rom/U0/inst_blk_mem_gen/gnbram.gnativebmg.native_blk_mem_gen/valid.cstr/ramloop[0].ram.r/prim_init.ram/DEVICE_7SERIES.NO_BMM_INFO.SP.CASCADED_PRIM36.ram_T/CLKARDCLK
Min Period        n/a     RAMB18E1/CLKARDCLK  n/a            1.962         39.724      37.762     RAMB18_X1Y36     u_bram_background/u_bg_rom/U0/inst_blk_mem_gen/gnbram.gnativebmg.native_blk_mem_gen/valid.cstr/ramloop[1].ram.r/prim_init.ram/DEVICE_7SERIES.NO_BMM_INFO.SP.SIMPLE_PRIM18.ram/CLKARDCLK
Min Period        n/a     RAMB18E1/CLKBWRCLK  n/a            1.962         39.724      37.762     RAMB18_X1Y36     u_bram_background/u_bg_rom/U0/inst_blk_mem_gen/gnbram.gnativebmg.native_blk_mem_gen/valid.cstr/ramloop[1].ram.r/prim_init.ram/DEVICE_7SERIES.NO_BMM_INFO.SP.SIMPLE_PRIM18.ram/CLKBWRCLK
Min Period        n/a     RAMB36E1/CLKARDCLK  n/a            1.962         39.724      37.762     RAMB36_X1Y9      u_bram_background/u_bg_rom/U0/inst_blk_mem_gen/gnbram.gnativebmg.native_blk_mem_gen/valid.cstr/ramloop[10].ram.r/prim_init.ram/DEVICE_7SERIES.NO_BMM_INFO.SP.SIMPLE_PRIM36.ram/CLKARDCLK
Min Period        n/a     RAMB36E1/CLKBWRCLK  n/a            1.962         39.724      37.762     RAMB36_X1Y9      u_bram_background/u_bg_rom/U0/inst_blk_mem_gen/gnbram.gnativebmg.native_blk_mem_gen/valid.cstr/ramloop[10].ram.r/prim_init.ram/DEVICE_7SERIES.NO_BMM_INFO.SP.SIMPLE_PRIM36.ram/CLKBWRCLK
Max Period        n/a     MMCME2_ADV/CLKOUT0  n/a            213.360       39.724      173.637    MMCME2_ADV_X1Y2  u_clk_wiz_0/inst/mmcm_adv_inst/CLKOUT0
Low Pulse Width   Fast    FDRE/C              n/a            0.500         19.862      19.362     SLICE_X72Y72     u_bram_background/bg_b_reg[0]/C
Low Pulse Width   Fast    FDRE/C              n/a            0.500         19.862      19.362     SLICE_X73Y72     u_bram_background/bg_b_reg[1]/C
Low Pulse Width   Fast    FDRE/C              n/a            0.500         19.862      19.362     SLICE_X73Y72     u_bram_background/bg_b_reg[2]/C
Low Pulse Width   Fast    FDRE/C              n/a            0.500         19.862      19.362     SLICE_X72Y71     u_bram_background/bg_b_reg[3]/C
Low Pulse Width   Fast    FDRE/C              n/a            0.500         19.862      19.362     SLICE_X72Y72     u_bram_background/bg_g_reg[0]/C
Low Pulse Width   Fast    FDRE/C              n/a            0.500         19.862      19.362     SLICE_X72Y71     u_bram_background/bg_g_reg[1]/C
Low Pulse Width   Fast    FDRE/C              n/a            0.500         19.862      19.362     SLICE_X60Y70     u_clock_core/min_reg[0]/C
Low Pulse Width   Fast    FDRE/C              n/a            0.500         19.862      19.362     SLICE_X60Y70     u_clock_core/min_reg[1]/C
Low Pulse Width   Fast    FDRE/C              n/a            0.500         19.862      19.362     SLICE_X72Y71     u_bram_background/bg_r_reg[0]/C
Low Pulse Width   Fast    FDRE/C              n/a            0.500         19.862      19.362     SLICE_X73Y71     u_bram_background/bg_r_reg[1]/C
High Pulse Width  Slow    FDRE/C              n/a            0.500         19.862      19.362     SLICE_X58Y63     u_clock_core/alarm_en_sync_reg[1]/C
High Pulse Width  Slow    FDRE/C              n/a            0.500         19.862      19.362     SLICE_X60Y72     u_clock_core/led_hourly_reg/C
High Pulse Width  Slow    FDRE/C              n/a            0.500         19.862      19.362     SLICE_X72Y70     u_bram_background/bg_g_reg[2]/C
High Pulse Width  Slow    FDRE/C              n/a            0.500         19.862      19.362     SLICE_X72Y70     u_bram_background/bg_g_reg[3]/C
High Pulse Width  Slow    FDRE/C              n/a            0.500         19.862      19.362     SLICE_X53Y61     u_clock_core/tick_cnt_reg[0]/C
High Pulse Width  Slow    FDRE/C              n/a            0.500         19.862      19.362     SLICE_X53Y61     u_clock_core/tick_cnt_reg[1]/C
High Pulse Width  Slow    FDRE/C              n/a            0.500         19.862      19.362     SLICE_X53Y67     u_clock_core/tick_cnt_reg[24]/C
High Pulse Width  Slow    FDRE/C              n/a            0.500         19.862      19.362     SLICE_X53Y61     u_clock_core/tick_cnt_reg[2]/C
High Pulse Width  Slow    FDRE/C              n/a            0.500         19.862      19.362     SLICE_X53Y61     u_clock_core/tick_cnt_reg[3]/C
High Pulse Width  Slow    FDRE/C              n/a            0.500         19.862      19.362     SLICE_X53Y62     u_clock_core/tick_cnt_reg[4]/C



---------------------------------------------------------------------------------------------------
From Clock:  clkfbout_clk_wiz_0_1
  To Clock:  clkfbout_clk_wiz_0_1

Setup :           NA  Failing Endpoints,  Worst Slack           NA  ,  Total Violation           NA
Hold  :           NA  Failing Endpoints,  Worst Slack           NA  ,  Total Violation           NA
PW    :            0  Failing Endpoints,  Worst Slack       18.408ns,  Total Violation        0.000ns
---------------------------------------------------------------------------------------------------


Pulse Width Checks
--------------------------------------------------------------------------------------
Clock Name:         clkfbout_clk_wiz_0_1
Waveform(ns):       { 0.000 10.000 }
Period(ns):         20.000
Sources:            { u_clk_wiz_0/inst/mmcm_adv_inst/CLKFBOUT }

Check Type  Corner  Lib Pin              Reference Pin  Required(ns)  Actual(ns)  Slack(ns)  Location         Pin
Min Period  n/a     BUFG/I               n/a            1.592         20.000      18.408     BUFGCTRL_X0Y17   u_clk_wiz_0/inst/clkf_buf/I
Min Period  n/a     MMCME2_ADV/CLKFBOUT  n/a            1.249         20.000      18.751     MMCME2_ADV_X1Y2  u_clk_wiz_0/inst/mmcm_adv_inst/CLKFBOUT
Min Period  n/a     MMCME2_ADV/CLKFBIN   n/a            1.249         20.000      18.751     MMCME2_ADV_X1Y2  u_clk_wiz_0/inst/mmcm_adv_inst/CLKFBIN
Max Period  n/a     MMCME2_ADV/CLKFBIN   n/a            100.000       20.000      80.000     MMCME2_ADV_X1Y2  u_clk_wiz_0/inst/mmcm_adv_inst/CLKFBIN
Max Period  n/a     MMCME2_ADV/CLKFBOUT  n/a            213.360       20.000      193.360    MMCME2_ADV_X1Y2  u_clk_wiz_0/inst/mmcm_adv_inst/CLKFBOUT



---------------------------------------------------------------------------------------------------
From Clock:  clk_out1_clk_wiz_0_1
  To Clock:  clk_out1_clk_wiz_0

Setup :            0  Failing Endpoints,  Worst Slack       34.030ns,  Total Violation        0.000ns
Hold  :            0  Failing Endpoints,  Worst Slack        0.085ns,  Total Violation        0.000ns
---------------------------------------------------------------------------------------------------


Max Delay Paths
--------------------------------------------------------------------------------------
Slack (MET) :             34.030ns  (required time - arrival time)
  Source:                 u_vga_timing/pixel_y_reg[8]/C
                            (rising edge-triggered cell FDRE clocked by clk_out1_clk_wiz_0_1  {rise@0.000ns fall@19.862ns period=39.724ns})
  Destination:            u_bram_background/u_bg_rom/U0/inst_blk_mem_gen/gnbram.gnativebmg.native_blk_mem_gen/valid.cstr/ramloop[19].ram.r/prim_init.ram/DEVICE_7SERIES.NO_BMM_INFO.SP.SIMPLE_PRIM36.ram/ENARDEN
                            (rising edge-triggered cell RAMB36E1 clocked by clk_out1_clk_wiz_0  {rise@0.000ns fall@19.862ns period=39.724ns})
  Path Group:             clk_out1_clk_wiz_0
  Path Type:              Setup (Max at Slow Process Corner)
  Requirement:            39.724ns  (clk_out1_clk_wiz_0 rise@39.724ns - clk_out1_clk_wiz_0_1 rise@0.000ns)
  Data Path Delay:        5.170ns  (logic 0.939ns (18.164%)  route 4.231ns (81.836%))
  Logic Levels:           3  (CARRY4=1 LUT3=1 LUT5=1)
  Clock Path Skew:        0.054ns (DCD - SCD + CPR)
    Destination Clock Delay (DCD):    -0.670ns = ( 39.053 - 39.724 ) 
    Source Clock Delay      (SCD):    -0.376ns
    Clock Pessimism Removal (CPR):    0.348ns
  Clock Uncertainty:      0.086ns  ((TSJ^2 + DJ^2)^1/2) / 2 + PE
    Total System Jitter     (TSJ):    0.071ns
    Discrete Jitter          (DJ):    0.157ns
    Phase Error              (PE):    0.000ns
  Clock Domain Crossing:  Inter clock paths are considered valid unless explicitly excluded by timing constraints such as set_clock_groups or set_false_path.

    Location             Delay type                Incr(ns)  Path(ns)    Netlist Resource(s)
  -------------------------------------------------------------------    -------------------
                         (clock clk_out1_clk_wiz_0_1 rise edge)
                                                      0.000     0.000 r  
    E3                                                0.000     0.000 r  clk (IN)
                         net (fo=0)                   0.000     0.000    u_clk_wiz_0/inst/clk_in1
    E3                   IBUF (Prop_ibuf_I_O)         1.330     1.330 r  u_clk_wiz_0/inst/clkin1_ibufg/O
                         net (fo=1, routed)           0.974     2.304    u_clk_wiz_0/inst/clk_in1_clk_wiz_0
    MMCME2_ADV_X1Y2      MMCME2_ADV (Prop_mmcme2_adv_CLKIN1_CLKOUT0)
                                                     -5.294    -2.990 r  u_clk_wiz_0/inst/mmcm_adv_inst/CLKOUT0
                         net (fo=1, routed)           1.297    -1.693    u_clk_wiz_0/inst/clk_out1_clk_wiz_0
    BUFGCTRL_X0Y16       BUFG (Prop_bufg_I_O)         0.076    -1.617 r  u_clk_wiz_0/inst/clkout1_buf/O
                         net (fo=301, routed)         1.241    -0.376    u_vga_timing/clk_out1
    SLICE_X68Y68         FDRE                                         r  u_vga_timing/pixel_y_reg[8]/C
  -------------------------------------------------------------------    -------------------
    SLICE_X68Y68         FDRE (Prop_fdre_C_Q)         0.341    -0.035 r  u_vga_timing/pixel_y_reg[8]/Q
                         net (fo=23, routed)          1.231     1.196    u_vga_timing/Q[1]
    SLICE_X66Y69         LUT3 (Prop_lut3_I0_O)        0.097     1.293 r  u_vga_timing/rom_addr__0_carry__1_i_3/O
                         net (fo=1, routed)           0.000     1.293    u_bram_background/no_softecc_sel_reg.ce_pri.sel_pipe_reg[4]_0[1]
    SLICE_X66Y69         CARRY4 (Prop_carry4_S[1]_CO[3])
                                                      0.402     1.695 f  u_bram_background/rom_addr__0_carry__1/CO[3]
                         net (fo=27, routed)          2.323     4.018    u_bram_background/u_bg_rom/U0/inst_blk_mem_gen/gnbram.gnativebmg.native_blk_mem_gen/valid.cstr/bindec_a.bindec_inst_a/addra[4]
    SLICE_X72Y77         LUT5 (Prop_lut5_I1_O)        0.099     4.117 r  u_bram_background/u_bg_rom/U0/inst_blk_mem_gen/gnbram.gnativebmg.native_blk_mem_gen/valid.cstr/bindec_a.bindec_inst_a/DEVICE_7SERIES.NO_BMM_INFO.SP.SIMPLE_PRIM36.ram_i_1__13/O
                         net (fo=1, routed)           0.676     4.793    u_bram_background/u_bg_rom/U0/inst_blk_mem_gen/gnbram.gnativebmg.native_blk_mem_gen/valid.cstr/ramloop[19].ram.r/prim_init.ram/ena_array[0]
    RAMB36_X2Y16         RAMB36E1                                     r  u_bram_background/u_bg_rom/U0/inst_blk_mem_gen/gnbram.gnativebmg.native_blk_mem_gen/valid.cstr/ramloop[19].ram.r/prim_init.ram/DEVICE_7SERIES.NO_BMM_INFO.SP.SIMPLE_PRIM36.ram/ENARDEN
  -------------------------------------------------------------------    -------------------

                         (clock clk_out1_clk_wiz_0 rise edge)
                                                     39.724    39.724 r  
    E3                                                0.000    39.724 r  clk (IN)
                         net (fo=0)                   0.000    39.724    u_clk_wiz_0/inst/clk_in1
    E3                   IBUF (Prop_ibuf_I_O)         1.263    40.986 r  u_clk_wiz_0/inst/clkin1_ibufg/O
                         net (fo=1, routed)           0.916    41.903    u_clk_wiz_0/inst/clk_in1_clk_wiz_0
    MMCME2_ADV_X1Y2      MMCME2_ADV (Prop_mmcme2_adv_CLKIN1_CLKOUT0)
                                                     -5.390    36.513 r  u_clk_wiz_0/inst/mmcm_adv_inst/CLKOUT0
                         net (fo=1, routed)           1.234    37.747    u_clk_wiz_0/inst/clk_out1_clk_wiz_0
    BUFGCTRL_X0Y16       BUFG (Prop_bufg_I_O)         0.072    37.819 r  u_clk_wiz_0/inst/clkout1_buf/O
                         net (fo=301, routed)         1.234    39.053    u_bram_background/u_bg_rom/U0/inst_blk_mem_gen/gnbram.gnativebmg.native_blk_mem_gen/valid.cstr/ramloop[19].ram.r/prim_init.ram/clka
    RAMB36_X2Y16         RAMB36E1                                     r  u_bram_background/u_bg_rom/U0/inst_blk_mem_gen/gnbram.gnativebmg.native_blk_mem_gen/valid.cstr/ramloop[19].ram.r/prim_init.ram/DEVICE_7SERIES.NO_BMM_INFO.SP.SIMPLE_PRIM36.ram/CLKARDCLK
                         clock pessimism              0.348    39.401    
                         clock uncertainty           -0.086    39.315    
    RAMB36_X2Y16         RAMB36E1 (Setup_ramb36e1_CLKARDCLK_ENARDEN)
                                                     -0.491    38.824    u_bram_background/u_bg_rom/U0/inst_blk_mem_gen/gnbram.gnativebmg.native_blk_mem_gen/valid.cstr/ramloop[19].ram.r/prim_init.ram/DEVICE_7SERIES.NO_BMM_INFO.SP.SIMPLE_PRIM36.ram
  -------------------------------------------------------------------
                         required time                         38.824    
                         arrival time                          -4.793    
  -------------------------------------------------------------------
                         slack                                 34.030    

Slack (MET) :             34.045ns  (required time - arrival time)
  Source:                 u_vga_timing/pixel_y_reg[8]/C
                            (rising edge-triggered cell FDRE clocked by clk_out1_clk_wiz_0_1  {rise@0.000ns fall@19.862ns period=39.724ns})
  Destination:            u_bram_background/u_bg_rom/U0/inst_blk_mem_gen/gnbram.gnativebmg.native_blk_mem_gen/valid.cstr/ramloop[18].ram.r/prim_init.ram/DEVICE_7SERIES.NO_BMM_INFO.SP.SIMPLE_PRIM36.ram/ENARDEN
                            (rising edge-triggered cell RAMB36E1 clocked by clk_out1_clk_wiz_0  {rise@0.000ns fall@19.862ns period=39.724ns})
  Path Group:             clk_out1_clk_wiz_0
  Path Type:              Setup (Max at Slow Process Corner)
  Requirement:            39.724ns  (clk_out1_clk_wiz_0 rise@39.724ns - clk_out1_clk_wiz_0_1 rise@0.000ns)
  Data Path Delay:        5.302ns  (logic 0.937ns (17.671%)  route 4.365ns (82.329%))
  Logic Levels:           3  (CARRY4=1 LUT3=1 LUT5=1)
  Clock Path Skew:        0.058ns (DCD - SCD + CPR)
    Destination Clock Delay (DCD):    -0.666ns = ( 39.057 - 39.724 ) 
    Source Clock Delay      (SCD):    -0.376ns
    Clock Pessimism Removal (CPR):    0.348ns
  Clock Uncertainty:      0.086ns  ((TSJ^2 + DJ^2)^1/2) / 2 + PE
    Total System Jitter     (TSJ):    0.071ns
    Discrete Jitter          (DJ):    0.157ns
    Phase Error              (PE):    0.000ns
  Clock Domain Crossing:  Inter clock paths are considered valid unless explicitly excluded by timing constraints such as set_clock_groups or set_false_path.

    Location             Delay type                Incr(ns)  Path(ns)    Netlist Resource(s)
  -------------------------------------------------------------------    -------------------
                         (clock clk_out1_clk_wiz_0_1 rise edge)
                                                      0.000     0.000 r  
    E3                                                0.000     0.000 r  clk (IN)
                         net (fo=0)                   0.000     0.000    u_clk_wiz_0/inst/clk_in1
    E3                   IBUF (Prop_ibuf_I_O)         1.330     1.330 r  u_clk_wiz_0/inst/clkin1_ibufg/O
                         net (fo=1, routed)           0.974     2.304    u_clk_wiz_0/inst/clk_in1_clk_wiz_0
    MMCME2_ADV_X1Y2      MMCME2_ADV (Prop_mmcme2_adv_CLKIN1_CLKOUT0)
                                                     -5.294    -2.990 r  u_clk_wiz_0/inst/mmcm_adv_inst/CLKOUT0
                         net (fo=1, routed)           1.297    -1.693    u_clk_wiz_0/inst/clk_out1_clk_wiz_0
    BUFGCTRL_X0Y16       BUFG (Prop_bufg_I_O)         0.076    -1.617 r  u_clk_wiz_0/inst/clkout1_buf/O
                         net (fo=301, routed)         1.241    -0.376    u_vga_timing/clk_out1
    SLICE_X68Y68         FDRE                                         r  u_vga_timing/pixel_y_reg[8]/C
  -------------------------------------------------------------------    -------------------
    SLICE_X68Y68         FDRE (Prop_fdre_C_Q)         0.341    -0.035 r  u_vga_timing/pixel_y_reg[8]/Q
                         net (fo=23, routed)          1.231     1.196    u_vga_timing/Q[1]
    SLICE_X66Y69         LUT3 (Prop_lut3_I0_O)        0.097     1.293 r  u_vga_timing/rom_addr__0_carry__1_i_3/O
                         net (fo=1, routed)           0.000     1.293    u_bram_background/no_softecc_sel_reg.ce_pri.sel_pipe_reg[4]_0[1]
    SLICE_X66Y69         CARRY4 (Prop_carry4_S[1]_CO[3])
                                                      0.402     1.695 f  u_bram_background/rom_addr__0_carry__1/CO[3]
                         net (fo=27, routed)          2.322     4.016    u_bram_background/u_bg_rom/U0/inst_blk_mem_gen/gnbram.gnativebmg.native_blk_mem_gen/valid.cstr/bindec_a.bindec_inst_a/addra[4]
    SLICE_X72Y77         LUT5 (Prop_lut5_I1_O)        0.097     4.113 r  u_bram_background/u_bg_rom/U0/inst_blk_mem_gen/gnbram.gnativebmg.native_blk_mem_gen/valid.cstr/bindec_a.bindec_inst_a/DEVICE_7SERIES.NO_BMM_INFO.SP.SIMPLE_PRIM36.ram_i_1__12/O
                         net (fo=1, routed)           0.813     4.926    u_bram_background/u_bg_rom/U0/inst_blk_mem_gen/gnbram.gnativebmg.native_blk_mem_gen/valid.cstr/ramloop[18].ram.r/prim_init.ram/ena_array[0]
    RAMB36_X2Y17         RAMB36E1                                     r  u_bram_background/u_bg_rom/U0/inst_blk_mem_gen/gnbram.gnativebmg.native_blk_mem_gen/valid.cstr/ramloop[18].ram.r/prim_init.ram/DEVICE_7SERIES.NO_BMM_INFO.SP.SIMPLE_PRIM36.ram/ENARDEN
  -------------------------------------------------------------------    -------------------

                         (clock clk_out1_clk_wiz_0 rise edge)
                                                     39.724    39.724 r  
    E3                                                0.000    39.724 r  clk (IN)
                         net (fo=0)                   0.000    39.724    u_clk_wiz_0/inst/clk_in1
    E3                   IBUF (Prop_ibuf_I_O)         1.263    40.986 r  u_clk_wiz_0/inst/clkin1_ibufg/O
                         net (fo=1, routed)           0.916    41.903    u_clk_wiz_0/inst/clk_in1_clk_wiz_0
    MMCME2_ADV_X1Y2      MMCME2_ADV (Prop_mmcme2_adv_CLKIN1_CLKOUT0)
                                                     -5.390    36.513 r  u_clk_wiz_0/inst/mmcm_adv_inst/CLKOUT0
                         net (fo=1, routed)           1.234    37.747    u_clk_wiz_0/inst/clk_out1_clk_wiz_0
    BUFGCTRL_X0Y16       BUFG (Prop_bufg_I_O)         0.072    37.819 r  u_clk_wiz_0/inst/clkout1_buf/O
                         net (fo=301, routed)         1.238    39.057    u_bram_background/u_bg_rom/U0/inst_blk_mem_gen/gnbram.gnativebmg.native_blk_mem_gen/valid.cstr/ramloop[18].ram.r/prim_init.ram/clka
    RAMB36_X2Y17         RAMB36E1                                     r  u_bram_background/u_bg_rom/U0/inst_blk_mem_gen/gnbram.gnativebmg.native_blk_mem_gen/valid.cstr/ramloop[18].ram.r/prim_init.ram/DEVICE_7SERIES.NO_BMM_INFO.SP.SIMPLE_PRIM36.ram/CLKARDCLK
                         clock pessimism              0.348    39.405    
                         clock uncertainty           -0.086    39.319    
    RAMB36_X2Y17         RAMB36E1 (Setup_ramb36e1_CLKARDCLK_ENARDEN)
                                                     -0.348    38.971    u_bram_background/u_bg_rom/U0/inst_blk_mem_gen/gnbram.gnativebmg.native_blk_mem_gen/valid.cstr/ramloop[18].ram.r/prim_init.ram/DEVICE_7SERIES.NO_BMM_INFO.SP.SIMPLE_PRIM36.ram
  -------------------------------------------------------------------
                         required time                         38.971    
                         arrival time                          -4.926    
  -------------------------------------------------------------------
                         slack                                 34.045    

Slack (MET) :             34.190ns  (required time - arrival time)
  Source:                 u_vga_timing/pixel_y_reg[8]/C
                            (rising edge-triggered cell FDRE clocked by clk_out1_clk_wiz_0_1  {rise@0.000ns fall@19.862ns period=39.724ns})
  Destination:            u_bram_background/u_bg_rom/U0/inst_blk_mem_gen/gnbram.gnativebmg.native_blk_mem_gen/valid.cstr/ramloop[13].ram.r/prim_init.ram/DEVICE_7SERIES.NO_BMM_INFO.SP.SIMPLE_PRIM36.ram/ENARDEN
                            (rising edge-triggered cell RAMB36E1 clocked by clk_out1_clk_wiz_0  {rise@0.000ns fall@19.862ns period=39.724ns})
  Path Group:             clk_out1_clk_wiz_0
  Path Type:              Setup (Max at Slow Process Corner)
  Requirement:            39.724ns  (clk_out1_clk_wiz_0 rise@39.724ns - clk_out1_clk_wiz_0_1 rise@0.000ns)
  Data Path Delay:        5.013ns  (logic 0.935ns (18.652%)  route 4.078ns (81.348%))
  Logic Levels:           3  (CARRY4=1 LUT3=1 LUT5=1)
  Clock Path Skew:        0.062ns (DCD - SCD + CPR)
    Destination Clock Delay (DCD):    -0.662ns = ( 39.061 - 39.724 ) 
    Source Clock Delay      (SCD):    -0.376ns
    Clock Pessimism Removal (CPR):    0.348ns
  Clock Uncertainty:      0.086ns  ((TSJ^2 + DJ^2)^1/2) / 2 + PE
    Total System Jitter     (TSJ):    0.071ns
    Discrete Jitter          (DJ):    0.157ns
    Phase Error              (PE):    0.000ns
  Clock Domain Crossing:  Inter clock paths are considered valid unless explicitly excluded by timing constraints such as set_clock_groups or set_false_path.

    Location             Delay type                Incr(ns)  Path(ns)    Netlist Resource(s)
  -------------------------------------------------------------------    -------------------
                         (clock clk_out1_clk_wiz_0_1 rise edge)
                                                      0.000     0.000 r  
    E3                                                0.000     0.000 r  clk (IN)
                         net (fo=0)                   0.000     0.000    u_clk_wiz_0/inst/clk_in1
    E3                   IBUF (Prop_ibuf_I_O)         1.330     1.330 r  u_clk_wiz_0/inst/clkin1_ibufg/O
                         net (fo=1, routed)           0.974     2.304    u_clk_wiz_0/inst/clk_in1_clk_wiz_0
    MMCME2_ADV_X1Y2      MMCME2_ADV (Prop_mmcme2_adv_CLKIN1_CLKOUT0)
                                                     -5.294    -2.990 r  u_clk_wiz_0/inst/mmcm_adv_inst/CLKOUT0
                         net (fo=1, routed)           1.297    -1.693    u_clk_wiz_0/inst/clk_out1_clk_wiz_0
    BUFGCTRL_X0Y16       BUFG (Prop_bufg_I_O)         0.076    -1.617 r  u_clk_wiz_0/inst/clkout1_buf/O
                         net (fo=301, routed)         1.241    -0.376    u_vga_timing/clk_out1
    SLICE_X68Y68         FDRE                                         r  u_vga_timing/pixel_y_reg[8]/C
  -------------------------------------------------------------------    -------------------
    SLICE_X68Y68         FDRE (Prop_fdre_C_Q)         0.341    -0.035 r  u_vga_timing/pixel_y_reg[8]/Q
                         net (fo=23, routed)          1.231     1.196    u_vga_timing/Q[1]
    SLICE_X66Y69         LUT3 (Prop_lut3_I0_O)        0.097     1.293 r  u_vga_timing/rom_addr__0_carry__1_i_3/O
                         net (fo=1, routed)           0.000     1.293    u_bram_background/no_softecc_sel_reg.ce_pri.sel_pipe_reg[4]_0[1]
    SLICE_X66Y69         CARRY4 (Prop_carry4_S[1]_CO[3])
                                                      0.402     1.695 f  u_bram_background/rom_addr__0_carry__1/CO[3]
                         net (fo=27, routed)          2.322     4.016    u_bram_background/u_bg_rom/U0/inst_blk_mem_gen/gnbram.gnativebmg.native_blk_mem_gen/valid.cstr/bindec_a.bindec_inst_a/addra[4]
    SLICE_X72Y77         LUT5 (Prop_lut5_I1_O)        0.095     4.111 r  u_bram_background/u_bg_rom/U0/inst_blk_mem_gen/gnbram.gnativebmg.native_blk_mem_gen/valid.cstr/bindec_a.bindec_inst_a/DEVICE_7SERIES.NO_BMM_INFO.SP.SIMPLE_PRIM36.ram_i_1__7/O
                         net (fo=1, routed)           0.525     4.636    u_bram_background/u_bg_rom/U0/inst_blk_mem_gen/gnbram.gnativebmg.native_blk_mem_gen/valid.cstr/ramloop[13].ram.r/prim_init.ram/ena_array[0]
    RAMB36_X3Y16         RAMB36E1                                     r  u_bram_background/u_bg_rom/U0/inst_blk_mem_gen/gnbram.gnativebmg.native_blk_mem_gen/valid.cstr/ramloop[13].ram.r/prim_init.ram/DEVICE_7SERIES.NO_BMM_INFO.SP.SIMPLE_PRIM36.ram/ENARDEN
  -------------------------------------------------------------------    -------------------

                         (clock clk_out1_clk_wiz_0 rise edge)
                                                     39.724    39.724 r  
    E3                                                0.000    39.724 r  clk (IN)
                         net (fo=0)                   0.000    39.724    u_clk_wiz_0/inst/clk_in1
    E3                   IBUF (Prop_ibuf_I_O)         1.263    40.986 r  u_clk_wiz_0/inst/clkin1_ibufg/O
                         net (fo=1, routed)           0.916    41.903    u_clk_wiz_0/inst/clk_in1_clk_wiz_0
    MMCME2_ADV_X1Y2      MMCME2_ADV (Prop_mmcme2_adv_CLKIN1_CLKOUT0)
                                                     -5.390    36.513 r  u_clk_wiz_0/inst/mmcm_adv_inst/CLKOUT0
                         net (fo=1, routed)           1.234    37.747    u_clk_wiz_0/inst/clk_out1_clk_wiz_0
    BUFGCTRL_X0Y16       BUFG (Prop_bufg_I_O)         0.072    37.819 r  u_clk_wiz_0/inst/clkout1_buf/O
                         net (fo=301, routed)         1.242    39.061    u_bram_background/u_bg_rom/U0/inst_blk_mem_gen/gnbram.gnativebmg.native_blk_mem_gen/valid.cstr/ramloop[13].ram.r/prim_init.ram/clka
    RAMB36_X3Y16         RAMB36E1                                     r  u_bram_background/u_bg_rom/U0/inst_blk_mem_gen/gnbram.gnativebmg.native_blk_mem_gen/valid.cstr/ramloop[13].ram.r/prim_init.ram/DEVICE_7SERIES.NO_BMM_INFO.SP.SIMPLE_PRIM36.ram/CLKARDCLK
                         clock pessimism              0.348    39.409    
                         clock uncertainty           -0.086    39.323    
    RAMB36_X3Y16         RAMB36E1 (Setup_ramb36e1_CLKARDCLK_ENARDEN)
                                                     -0.496    38.827    u_bram_background/u_bg_rom/U0/inst_blk_mem_gen/gnbram.gnativebmg.native_blk_mem_gen/valid.cstr/ramloop[13].ram.r/prim_init.ram/DEVICE_7SERIES.NO_BMM_INFO.SP.SIMPLE_PRIM36.ram
  -------------------------------------------------------------------
                         required time                         38.827    
                         arrival time                          -4.636    
  -------------------------------------------------------------------
                         slack                                 34.190    

Slack (MET) :             34.495ns  (required time - arrival time)
  Source:                 u_vga_timing/pixel_y_reg[8]/C
                            (rising edge-triggered cell FDRE clocked by clk_out1_clk_wiz_0_1  {rise@0.000ns fall@19.862ns period=39.724ns})
  Destination:            u_bram_background/u_bg_rom/U0/inst_blk_mem_gen/gnbram.gnativebmg.native_blk_mem_gen/valid.cstr/ramloop[15].ram.r/prim_init.ram/DEVICE_7SERIES.NO_BMM_INFO.SP.SIMPLE_PRIM36.ram/ENARDEN
                            (rising edge-triggered cell RAMB36E1 clocked by clk_out1_clk_wiz_0  {rise@0.000ns fall@19.862ns period=39.724ns})
  Path Group:             clk_out1_clk_wiz_0
  Path Type:              Setup (Max at Slow Process Corner)
  Requirement:            39.724ns  (clk_out1_clk_wiz_0 rise@39.724ns - clk_out1_clk_wiz_0_1 rise@0.000ns)
  Data Path Delay:        4.844ns  (logic 0.937ns (19.343%)  route 3.907ns (80.657%))
  Logic Levels:           3  (CARRY4=1 LUT3=1 LUT5=1)
  Clock Path Skew:        0.050ns (DCD - SCD + CPR)
    Destination Clock Delay (DCD):    -0.674ns = ( 39.049 - 39.724 ) 
    Source Clock Delay      (SCD):    -0.376ns
    Clock Pessimism Removal (CPR):    0.348ns
  Clock Uncertainty:      0.086ns  ((TSJ^2 + DJ^2)^1/2) / 2 + PE
    Total System Jitter     (TSJ):    0.071ns
    Discrete Jitter          (DJ):    0.157ns
    Phase Error              (PE):    0.000ns
  Clock Domain Crossing:  Inter clock paths are considered valid unless explicitly excluded by timing constraints such as set_clock_groups or set_false_path.

    Location             Delay type                Incr(ns)  Path(ns)    Netlist Resource(s)
  -------------------------------------------------------------------    -------------------
                         (clock clk_out1_clk_wiz_0_1 rise edge)
                                                      0.000     0.000 r  
    E3                                                0.000     0.000 r  clk (IN)
                         net (fo=0)                   0.000     0.000    u_clk_wiz_0/inst/clk_in1
    E3                   IBUF (Prop_ibuf_I_O)         1.330     1.330 r  u_clk_wiz_0/inst/clkin1_ibufg/O
                         net (fo=1, routed)           0.974     2.304    u_clk_wiz_0/inst/clk_in1_clk_wiz_0
    MMCME2_ADV_X1Y2      MMCME2_ADV (Prop_mmcme2_adv_CLKIN1_CLKOUT0)
                                                     -5.294    -2.990 r  u_clk_wiz_0/inst/mmcm_adv_inst/CLKOUT0
                         net (fo=1, routed)           1.297    -1.693    u_clk_wiz_0/inst/clk_out1_clk_wiz_0
    BUFGCTRL_X0Y16       BUFG (Prop_bufg_I_O)         0.076    -1.617 r  u_clk_wiz_0/inst/clkout1_buf/O
                         net (fo=301, routed)         1.241    -0.376    u_vga_timing/clk_out1
    SLICE_X68Y68         FDRE                                         r  u_vga_timing/pixel_y_reg[8]/C
  -------------------------------------------------------------------    -------------------
    SLICE_X68Y68         FDRE (Prop_fdre_C_Q)         0.341    -0.035 r  u_vga_timing/pixel_y_reg[8]/Q
                         net (fo=23, routed)          1.231     1.196    u_vga_timing/Q[1]
    SLICE_X66Y69         LUT3 (Prop_lut3_I0_O)        0.097     1.293 r  u_vga_timing/rom_addr__0_carry__1_i_3/O
                         net (fo=1, routed)           0.000     1.293    u_bram_background/no_softecc_sel_reg.ce_pri.sel_pipe_reg[4]_0[1]
    SLICE_X66Y69         CARRY4 (Prop_carry4_S[1]_CO[3])
                                                      0.402     1.695 f  u_bram_background/rom_addr__0_carry__1/CO[3]
                         net (fo=27, routed)          2.323     4.018    u_bram_background/u_bg_rom/U0/inst_blk_mem_gen/gnbram.gnativebmg.native_blk_mem_gen/valid.cstr/bindec_a.bindec_inst_a/addra[4]
    SLICE_X72Y77         LUT5 (Prop_lut5_I1_O)        0.097     4.115 r  u_bram_background/u_bg_rom/U0/inst_blk_mem_gen/gnbram.gnativebmg.native_blk_mem_gen/valid.cstr/bindec_a.bindec_inst_a/DEVICE_7SERIES.NO_BMM_INFO.SP.SIMPLE_PRIM36.ram_i_1__9/O
                         net (fo=1, routed)           0.353     4.468    u_bram_background/u_bg_rom/U0/inst_blk_mem_gen/gnbram.gnativebmg.native_blk_mem_gen/valid.cstr/ramloop[15].ram.r/prim_init.ram/ena_array[0]
    RAMB36_X2Y15         RAMB36E1                                     r  u_bram_background/u_bg_rom/U0/inst_blk_mem_gen/gnbram.gnativebmg.native_blk_mem_gen/valid.cstr/ramloop[15].ram.r/prim_init.ram/DEVICE_7SERIES.NO_BMM_INFO.SP.SIMPLE_PRIM36.ram/ENARDEN
  -------------------------------------------------------------------    -------------------

                         (clock clk_out1_clk_wiz_0 rise edge)
                                                     39.724    39.724 r  
    E3                                                0.000    39.724 r  clk (IN)
                         net (fo=0)                   0.000    39.724    u_clk_wiz_0/inst/clk_in1
    E3                   IBUF (Prop_ibuf_I_O)         1.263    40.986 r  u_clk_wiz_0/inst/clkin1_ibufg/O
                         net (fo=1, routed)           0.916    41.903    u_clk_wiz_0/inst/clk_in1_clk_wiz_0
    MMCME2_ADV_X1Y2      MMCME2_ADV (Prop_mmcme2_adv_CLKIN1_CLKOUT0)
                                                     -5.390    36.513 r  u_clk_wiz_0/inst/mmcm_adv_inst/CLKOUT0
                         net (fo=1, routed)           1.234    37.747    u_clk_wiz_0/inst/clk_out1_clk_wiz_0
    BUFGCTRL_X0Y16       BUFG (Prop_bufg_I_O)         0.072    37.819 r  u_clk_wiz_0/inst/clkout1_buf/O
                         net (fo=301, routed)         1.230    39.049    u_bram_background/u_bg_rom/U0/inst_blk_mem_gen/gnbram.gnativebmg.native_blk_mem_gen/valid.cstr/ramloop[15].ram.r/prim_init.ram/clka
    RAMB36_X2Y15         RAMB36E1                                     r  u_bram_background/u_bg_rom/U0/inst_blk_mem_gen/gnbram.gnativebmg.native_blk_mem_gen/valid.cstr/ramloop[15].ram.r/prim_init.ram/DEVICE_7SERIES.NO_BMM_INFO.SP.SIMPLE_PRIM36.ram/CLKARDCLK
                         clock pessimism              0.348    39.397    
                         clock uncertainty           -0.086    39.311    
    RAMB36_X2Y15         RAMB36E1 (Setup_ramb36e1_CLKARDCLK_ENARDEN)
                                                     -0.348    38.963    u_bram_background/u_bg_rom/U0/inst_blk_mem_gen/gnbram.gnativebmg.native_blk_mem_gen/valid.cstr/ramloop[15].ram.r/prim_init.ram/DEVICE_7SERIES.NO_BMM_INFO.SP.SIMPLE_PRIM36.ram
  -------------------------------------------------------------------
                         required time                         38.963    
                         arrival time                          -4.468    
  -------------------------------------------------------------------
                         slack                                 34.495    

Slack (MET) :             34.704ns  (required time - arrival time)
  Source:                 u_vga_timing/pixel_y_reg[8]/C
                            (rising edge-triggered cell FDRE clocked by clk_out1_clk_wiz_0_1  {rise@0.000ns fall@19.862ns period=39.724ns})
  Destination:            u_bram_background/u_bg_rom/U0/inst_blk_mem_gen/gnbram.gnativebmg.native_blk_mem_gen/valid.cstr/ramloop[20].ram.r/prim_init.ram/DEVICE_7SERIES.NO_BMM_INFO.SP.SIMPLE_PRIM36.ram/ENARDEN
                            (rising edge-triggered cell RAMB36E1 clocked by clk_out1_clk_wiz_0  {rise@0.000ns fall@19.862ns period=39.724ns})
  Path Group:             clk_out1_clk_wiz_0
  Path Type:              Setup (Max at Slow Process Corner)
  Requirement:            39.724ns  (clk_out1_clk_wiz_0 rise@39.724ns - clk_out1_clk_wiz_0_1 rise@0.000ns)
  Data Path Delay:        4.643ns  (logic 0.937ns (20.182%)  route 3.706ns (79.818%))
  Logic Levels:           3  (CARRY4=1 LUT3=1 LUT5=1)
  Clock Path Skew:        0.058ns (DCD - SCD + CPR)
    Destination Clock Delay (DCD):    -0.666ns = ( 39.057 - 39.724 ) 
    Source Clock Delay      (SCD):    -0.376ns
    Clock Pessimism Removal (CPR):    0.348ns
  Clock Uncertainty:      0.086ns  ((TSJ^2 + DJ^2)^1/2) / 2 + PE
    Total System Jitter     (TSJ):    0.071ns
    Discrete Jitter          (DJ):    0.157ns
    Phase Error              (PE):    0.000ns
  Clock Domain Crossing:  Inter clock paths are considered valid unless explicitly excluded by timing constraints such as set_clock_groups or set_false_path.

    Location             Delay type                Incr(ns)  Path(ns)    Netlist Resource(s)
  -------------------------------------------------------------------    -------------------
                         (clock clk_out1_clk_wiz_0_1 rise edge)
                                                      0.000     0.000 r  
    E3                                                0.000     0.000 r  clk (IN)
                         net (fo=0)                   0.000     0.000    u_clk_wiz_0/inst/clk_in1
    E3                   IBUF (Prop_ibuf_I_O)         1.330     1.330 r  u_clk_wiz_0/inst/clkin1_ibufg/O
                         net (fo=1, routed)           0.974     2.304    u_clk_wiz_0/inst/clk_in1_clk_wiz_0
    MMCME2_ADV_X1Y2      MMCME2_ADV (Prop_mmcme2_adv_CLKIN1_CLKOUT0)
                                                     -5.294    -2.990 r  u_clk_wiz_0/inst/mmcm_adv_inst/CLKOUT0
                         net (fo=1, routed)           1.297    -1.693    u_clk_wiz_0/inst/clk_out1_clk_wiz_0
    BUFGCTRL_X0Y16       BUFG (Prop_bufg_I_O)         0.076    -1.617 r  u_clk_wiz_0/inst/clkout1_buf/O
                         net (fo=301, routed)         1.241    -0.376    u_vga_timing/clk_out1
    SLICE_X68Y68         FDRE                                         r  u_vga_timing/pixel_y_reg[8]/C
  -------------------------------------------------------------------    -------------------
    SLICE_X68Y68         FDRE (Prop_fdre_C_Q)         0.341    -0.035 r  u_vga_timing/pixel_y_reg[8]/Q
                         net (fo=23, routed)          1.231     1.196    u_vga_timing/Q[1]
    SLICE_X66Y69         LUT3 (Prop_lut3_I0_O)        0.097     1.293 r  u_vga_timing/rom_addr__0_carry__1_i_3/O
                         net (fo=1, routed)           0.000     1.293    u_bram_background/no_softecc_sel_reg.ce_pri.sel_pipe_reg[4]_0[1]
    SLICE_X66Y69         CARRY4 (Prop_carry4_S[1]_CO[3])
                                                      0.402     1.695 f  u_bram_background/rom_addr__0_carry__1/CO[3]
                         net (fo=27, routed)          2.090     3.785    u_bram_background/u_bg_rom/U0/inst_blk_mem_gen/gnbram.gnativebmg.native_blk_mem_gen/valid.cstr/bindec_a.bindec_inst_a/addra[4]
    SLICE_X81Y77         LUT5 (Prop_lut5_I0_O)        0.097     3.882 r  u_bram_background/u_bg_rom/U0/inst_blk_mem_gen/gnbram.gnativebmg.native_blk_mem_gen/valid.cstr/bindec_a.bindec_inst_a/DEVICE_7SERIES.NO_BMM_INFO.SP.SIMPLE_PRIM36.ram_i_1__14/O
                         net (fo=1, routed)           0.385     4.266    u_bram_background/u_bg_rom/U0/inst_blk_mem_gen/gnbram.gnativebmg.native_blk_mem_gen/valid.cstr/ramloop[20].ram.r/prim_init.ram/ena_array[0]
    RAMB36_X3Y15         RAMB36E1                                     r  u_bram_background/u_bg_rom/U0/inst_blk_mem_gen/gnbram.gnativebmg.native_blk_mem_gen/valid.cstr/ramloop[20].ram.r/prim_init.ram/DEVICE_7SERIES.NO_BMM_INFO.SP.SIMPLE_PRIM36.ram/ENARDEN
  -------------------------------------------------------------------    -------------------

                         (clock clk_out1_clk_wiz_0 rise edge)
                                                     39.724    39.724 r  
    E3                                                0.000    39.724 r  clk (IN)
                         net (fo=0)                   0.000    39.724    u_clk_wiz_0/inst/clk_in1
    E3                   IBUF (Prop_ibuf_I_O)         1.263    40.986 r  u_clk_wiz_0/inst/clkin1_ibufg/O
                         net (fo=1, routed)           0.916    41.903    u_clk_wiz_0/inst/clk_in1_clk_wiz_0
    MMCME2_ADV_X1Y2      MMCME2_ADV (Prop_mmcme2_adv_CLKIN1_CLKOUT0)
                                                     -5.390    36.513 r  u_clk_wiz_0/inst/mmcm_adv_inst/CLKOUT0
                         net (fo=1, routed)           1.234    37.747    u_clk_wiz_0/inst/clk_out1_clk_wiz_0
    BUFGCTRL_X0Y16       BUFG (Prop_bufg_I_O)         0.072    37.819 r  u_clk_wiz_0/inst/clkout1_buf/O
                         net (fo=301, routed)         1.238    39.057    u_bram_background/u_bg_rom/U0/inst_blk_mem_gen/gnbram.gnativebmg.native_blk_mem_gen/valid.cstr/ramloop[20].ram.r/prim_init.ram/clka
    RAMB36_X3Y15         RAMB36E1                                     r  u_bram_background/u_bg_rom/U0/inst_blk_mem_gen/gnbram.gnativebmg.native_blk_mem_gen/valid.cstr/ramloop[20].ram.r/prim_init.ram/DEVICE_7SERIES.NO_BMM_INFO.SP.SIMPLE_PRIM36.ram/CLKARDCLK
                         clock pessimism              0.348    39.405    
                         clock uncertainty           -0.086    39.319    
    RAMB36_X3Y15         RAMB36E1 (Setup_ramb36e1_CLKARDCLK_ENARDEN)
                                                     -0.348    38.971    u_bram_background/u_bg_rom/U0/inst_blk_mem_gen/gnbram.gnativebmg.native_blk_mem_gen/valid.cstr/ramloop[20].ram.r/prim_init.ram/DEVICE_7SERIES.NO_BMM_INFO.SP.SIMPLE_PRIM36.ram
  -------------------------------------------------------------------
                         required time                         38.971    
                         arrival time                          -4.266    
  -------------------------------------------------------------------
                         slack                                 34.704    

Slack (MET) :             34.889ns  (required time - arrival time)
  Source:                 u_vga_timing/pixel_y_reg[8]/C
                            (rising edge-triggered cell FDRE clocked by clk_out1_clk_wiz_0_1  {rise@0.000ns fall@19.862ns period=39.724ns})
  Destination:            u_bram_background/u_bg_rom/U0/inst_blk_mem_gen/gnbram.gnativebmg.native_blk_mem_gen/valid.cstr/ramloop[9].ram.r/prim_init.ram/DEVICE_7SERIES.NO_BMM_INFO.SP.SIMPLE_PRIM36.ram/ENARDEN
                            (rising edge-triggered cell RAMB36E1 clocked by clk_out1_clk_wiz_0  {rise@0.000ns fall@19.862ns period=39.724ns})
  Path Group:             clk_out1_clk_wiz_0
  Path Type:              Setup (Max at Slow Process Corner)
  Requirement:            39.724ns  (clk_out1_clk_wiz_0 rise@39.724ns - clk_out1_clk_wiz_0_1 rise@0.000ns)
  Data Path Delay:        4.254ns  (logic 1.101ns (25.879%)  route 3.153ns (74.121%))
  Logic Levels:           3  (CARRY4=1 LUT3=1 LUT5=1)
  Clock Path Skew:        -0.004ns (DCD - SCD + CPR)
    Destination Clock Delay (DCD):    -0.728ns = ( 38.995 - 39.724 ) 
    Source Clock Delay      (SCD):    -0.376ns
    Clock Pessimism Removal (CPR):    0.348ns
  Clock Uncertainty:      0.086ns  ((TSJ^2 + DJ^2)^1/2) / 2 + PE
    Total System Jitter     (TSJ):    0.071ns
    Discrete Jitter          (DJ):    0.157ns
    Phase Error              (PE):    0.000ns
  Clock Domain Crossing:  Inter clock paths are considered valid unless explicitly excluded by timing constraints such as set_clock_groups or set_false_path.

    Location             Delay type                Incr(ns)  Path(ns)    Netlist Resource(s)
  -------------------------------------------------------------------    -------------------
                         (clock clk_out1_clk_wiz_0_1 rise edge)
                                                      0.000     0.000 r  
    E3                                                0.000     0.000 r  clk (IN)
                         net (fo=0)                   0.000     0.000    u_clk_wiz_0/inst/clk_in1
    E3                   IBUF (Prop_ibuf_I_O)         1.330     1.330 r  u_clk_wiz_0/inst/clkin1_ibufg/O
                         net (fo=1, routed)           0.974     2.304    u_clk_wiz_0/inst/clk_in1_clk_wiz_0
    MMCME2_ADV_X1Y2      MMCME2_ADV (Prop_mmcme2_adv_CLKIN1_CLKOUT0)
                                                     -5.294    -2.990 r  u_clk_wiz_0/inst/mmcm_adv_inst/CLKOUT0
                         net (fo=1, routed)           1.297    -1.693    u_clk_wiz_0/inst/clk_out1_clk_wiz_0
    BUFGCTRL_X0Y16       BUFG (Prop_bufg_I_O)         0.076    -1.617 r  u_clk_wiz_0/inst/clkout1_buf/O
                         net (fo=301, routed)         1.241    -0.376    u_vga_timing/clk_out1
    SLICE_X68Y68         FDRE                                         r  u_vga_timing/pixel_y_reg[8]/C
  -------------------------------------------------------------------    -------------------
    SLICE_X68Y68         FDRE (Prop_fdre_C_Q)         0.341    -0.035 r  u_vga_timing/pixel_y_reg[8]/Q
                         net (fo=23, routed)          1.231     1.196    u_vga_timing/Q[1]
    SLICE_X66Y69         LUT3 (Prop_lut3_I0_O)        0.097     1.293 r  u_vga_timing/rom_addr__0_carry__1_i_3/O
                         net (fo=1, routed)           0.000     1.293    u_bram_background/no_softecc_sel_reg.ce_pri.sel_pipe_reg[4]_0[1]
    SLICE_X66Y69         CARRY4 (Prop_carry4_S[1]_O[2])
                                                      0.432     1.725 f  u_bram_background/rom_addr__0_carry__1/O[2]
                         net (fo=27, routed)          1.574     3.299    u_bram_background/u_bg_rom/U0/inst_blk_mem_gen/gnbram.gnativebmg.native_blk_mem_gen/valid.cstr/bindec_a.bindec_inst_a/addra[3]
    SLICE_X64Y52         LUT5 (Prop_lut5_I3_O)        0.231     3.530 r  u_bram_background/u_bg_rom/U0/inst_blk_mem_gen/gnbram.gnativebmg.native_blk_mem_gen/valid.cstr/bindec_a.bindec_inst_a/DEVICE_7SERIES.NO_BMM_INFO.SP.SIMPLE_PRIM36.ram_i_1__3/O
                         net (fo=1, routed)           0.348     3.878    u_bram_background/u_bg_rom/U0/inst_blk_mem_gen/gnbram.gnativebmg.native_blk_mem_gen/valid.cstr/ramloop[9].ram.r/prim_init.ram/ena_array[0]
    RAMB36_X1Y10         RAMB36E1                                     r  u_bram_background/u_bg_rom/U0/inst_blk_mem_gen/gnbram.gnativebmg.native_blk_mem_gen/valid.cstr/ramloop[9].ram.r/prim_init.ram/DEVICE_7SERIES.NO_BMM_INFO.SP.SIMPLE_PRIM36.ram/ENARDEN
  -------------------------------------------------------------------    -------------------

                         (clock clk_out1_clk_wiz_0 rise edge)
                                                     39.724    39.724 r  
    E3                                                0.000    39.724 r  clk (IN)
                         net (fo=0)                   0.000    39.724    u_clk_wiz_0/inst/clk_in1
    E3                   IBUF (Prop_ibuf_I_O)         1.263    40.986 r  u_clk_wiz_0/inst/clkin1_ibufg/O
                         net (fo=1, routed)           0.916    41.903    u_clk_wiz_0/inst/clk_in1_clk_wiz_0
    MMCME2_ADV_X1Y2      MMCME2_ADV (Prop_mmcme2_adv_CLKIN1_CLKOUT0)
                                                     -5.390    36.513 r  u_clk_wiz_0/inst/mmcm_adv_inst/CLKOUT0
                         net (fo=1, routed)           1.234    37.747    u_clk_wiz_0/inst/clk_out1_clk_wiz_0
    BUFGCTRL_X0Y16       BUFG (Prop_bufg_I_O)         0.072    37.819 r  u_clk_wiz_0/inst/clkout1_buf/O
                         net (fo=301, routed)         1.176    38.995    u_bram_background/u_bg_rom/U0/inst_blk_mem_gen/gnbram.gnativebmg.native_blk_mem_gen/valid.cstr/ramloop[9].ram.r/prim_init.ram/clka
    RAMB36_X1Y10         RAMB36E1                                     r  u_bram_background/u_bg_rom/U0/inst_blk_mem_gen/gnbram.gnativebmg.native_blk_mem_gen/valid.cstr/ramloop[9].ram.r/prim_init.ram/DEVICE_7SERIES.NO_BMM_INFO.SP.SIMPLE_PRIM36.ram/CLKARDCLK
                         clock pessimism              0.348    39.343    
                         clock uncertainty           -0.086    39.257    
    RAMB36_X1Y10         RAMB36E1 (Setup_ramb36e1_CLKARDCLK_ENARDEN)
                                                     -0.490    38.767    u_bram_background/u_bg_rom/U0/inst_blk_mem_gen/gnbram.gnativebmg.native_blk_mem_gen/valid.cstr/ramloop[9].ram.r/prim_init.ram/DEVICE_7SERIES.NO_BMM_INFO.SP.SIMPLE_PRIM36.ram
  -------------------------------------------------------------------
                         required time                         38.767    
                         arrival time                          -3.878    
  -------------------------------------------------------------------
                         slack                                 34.889    

Slack (MET) :             34.931ns  (required time - arrival time)
  Source:                 u_vga_timing/pixel_y_reg[8]/C
                            (rising edge-triggered cell FDRE clocked by clk_out1_clk_wiz_0_1  {rise@0.000ns fall@19.862ns period=39.724ns})
  Destination:            u_bram_background/u_bg_rom/U0/inst_blk_mem_gen/gnbram.gnativebmg.native_blk_mem_gen/valid.cstr/ramloop[6].ram.r/prim_init.ram/DEVICE_7SERIES.NO_BMM_INFO.SP.SIMPLE_PRIM36.ram/ENARDEN
                            (rising edge-triggered cell RAMB36E1 clocked by clk_out1_clk_wiz_0  {rise@0.000ns fall@19.862ns period=39.724ns})
  Path Group:             clk_out1_clk_wiz_0
  Path Type:              Setup (Max at Slow Process Corner)
  Requirement:            39.724ns  (clk_out1_clk_wiz_0 rise@39.724ns - clk_out1_clk_wiz_0_1 rise@0.000ns)
  Data Path Delay:        4.418ns  (logic 1.087ns (24.606%)  route 3.331ns (75.394%))
  Logic Levels:           3  (CARRY4=1 LUT3=1 LUT5=1)
  Clock Path Skew:        0.060ns (DCD - SCD + CPR)
    Destination Clock Delay (DCD):    -0.664ns = ( 39.059 - 39.724 ) 
    Source Clock Delay      (SCD):    -0.376ns
    Clock Pessimism Removal (CPR):    0.348ns
  Clock Uncertainty:      0.086ns  ((TSJ^2 + DJ^2)^1/2) / 2 + PE
    Total System Jitter     (TSJ):    0.071ns
    Discrete Jitter          (DJ):    0.157ns
    Phase Error              (PE):    0.000ns
  Clock Domain Crossing:  Inter clock paths are considered valid unless explicitly excluded by timing constraints such as set_clock_groups or set_false_path.

    Location             Delay type                Incr(ns)  Path(ns)    Netlist Resource(s)
  -------------------------------------------------------------------    -------------------
                         (clock clk_out1_clk_wiz_0_1 rise edge)
                                                      0.000     0.000 r  
    E3                                                0.000     0.000 r  clk (IN)
                         net (fo=0)                   0.000     0.000    u_clk_wiz_0/inst/clk_in1
    E3                   IBUF (Prop_ibuf_I_O)         1.330     1.330 r  u_clk_wiz_0/inst/clkin1_ibufg/O
                         net (fo=1, routed)           0.974     2.304    u_clk_wiz_0/inst/clk_in1_clk_wiz_0
    MMCME2_ADV_X1Y2      MMCME2_ADV (Prop_mmcme2_adv_CLKIN1_CLKOUT0)
                                                     -5.294    -2.990 r  u_clk_wiz_0/inst/mmcm_adv_inst/CLKOUT0
                         net (fo=1, routed)           1.297    -1.693    u_clk_wiz_0/inst/clk_out1_clk_wiz_0
    BUFGCTRL_X0Y16       BUFG (Prop_bufg_I_O)         0.076    -1.617 r  u_clk_wiz_0/inst/clkout1_buf/O
                         net (fo=301, routed)         1.241    -0.376    u_vga_timing/clk_out1
    SLICE_X68Y68         FDRE                                         r  u_vga_timing/pixel_y_reg[8]/C
  -------------------------------------------------------------------    -------------------
    SLICE_X68Y68         FDRE (Prop_fdre_C_Q)         0.341    -0.035 r  u_vga_timing/pixel_y_reg[8]/Q
                         net (fo=23, routed)          1.231     1.196    u_vga_timing/Q[1]
    SLICE_X66Y69         LUT3 (Prop_lut3_I0_O)        0.097     1.293 r  u_vga_timing/rom_addr__0_carry__1_i_3/O
                         net (fo=1, routed)           0.000     1.293    u_bram_background/no_softecc_sel_reg.ce_pri.sel_pipe_reg[4]_0[1]
    SLICE_X66Y69         CARRY4 (Prop_carry4_S[1]_O[2])
                                                      0.432     1.725 f  u_bram_background/rom_addr__0_carry__1/O[2]
                         net (fo=27, routed)          1.574     3.299    u_bram_background/u_bg_rom/U0/inst_blk_mem_gen/gnbram.gnativebmg.native_blk_mem_gen/valid.cstr/bindec_a.bindec_inst_a/addra[3]
    SLICE_X64Y52         LUT5 (Prop_lut5_I3_O)        0.217     3.516 r  u_bram_background/u_bg_rom/U0/inst_blk_mem_gen/gnbram.gnativebmg.native_blk_mem_gen/valid.cstr/bindec_a.bindec_inst_a/DEVICE_7SERIES.NO_BMM_INFO.SP.SIMPLE_PRIM36.ram_i_1__0/O
                         net (fo=1, routed)           0.525     4.041    u_bram_background/u_bg_rom/U0/inst_blk_mem_gen/gnbram.gnativebmg.native_blk_mem_gen/valid.cstr/ramloop[6].ram.r/prim_init.ram/ena_array[0]
    RAMB36_X2Y10         RAMB36E1                                     r  u_bram_background/u_bg_rom/U0/inst_blk_mem_gen/gnbram.gnativebmg.native_blk_mem_gen/valid.cstr/ramloop[6].ram.r/prim_init.ram/DEVICE_7SERIES.NO_BMM_INFO.SP.SIMPLE_PRIM36.ram/ENARDEN
  -------------------------------------------------------------------    -------------------

                         (clock clk_out1_clk_wiz_0 rise edge)
                                                     39.724    39.724 r  
    E3                                                0.000    39.724 r  clk (IN)
                         net (fo=0)                   0.000    39.724    u_clk_wiz_0/inst/clk_in1
    E3                   IBUF (Prop_ibuf_I_O)         1.263    40.986 r  u_clk_wiz_0/inst/clkin1_ibufg/O
                         net (fo=1, routed)           0.916    41.903    u_clk_wiz_0/inst/clk_in1_clk_wiz_0
    MMCME2_ADV_X1Y2      MMCME2_ADV (Prop_mmcme2_adv_CLKIN1_CLKOUT0)
                                                     -5.390    36.513 r  u_clk_wiz_0/inst/mmcm_adv_inst/CLKOUT0
                         net (fo=1, routed)           1.234    37.747    u_clk_wiz_0/inst/clk_out1_clk_wiz_0
    BUFGCTRL_X0Y16       BUFG (Prop_bufg_I_O)         0.072    37.819 r  u_clk_wiz_0/inst/clkout1_buf/O
                         net (fo=301, routed)         1.240    39.059    u_bram_background/u_bg_rom/U0/inst_blk_mem_gen/gnbram.gnativebmg.native_blk_mem_gen/valid.cstr/ramloop[6].ram.r/prim_init.ram/clka
    RAMB36_X2Y10         RAMB36E1                                     r  u_bram_background/u_bg_rom/U0/inst_blk_mem_gen/gnbram.gnativebmg.native_blk_mem_gen/valid.cstr/ramloop[6].ram.r/prim_init.ram/DEVICE_7SERIES.NO_BMM_INFO.SP.SIMPLE_PRIM36.ram/CLKARDCLK
                         clock pessimism              0.348    39.407    
                         clock uncertainty           -0.086    39.321    
    RAMB36_X2Y10         RAMB36E1 (Setup_ramb36e1_CLKARDCLK_ENARDEN)
                                                     -0.348    38.973    u_bram_background/u_bg_rom/U0/inst_blk_mem_gen/gnbram.gnativebmg.native_blk_mem_gen/valid.cstr/ramloop[6].ram.r/prim_init.ram/DEVICE_7SERIES.NO_BMM_INFO.SP.SIMPLE_PRIM36.ram
  -------------------------------------------------------------------
                         required time                         38.973    
                         arrival time                          -4.041    
  -------------------------------------------------------------------
                         slack                                 34.931    

Slack (MET) :             34.945ns  (required time - arrival time)
  Source:                 u_clock_core/tick_cnt_reg[5]/C
                            (rising edge-triggered cell FDRE clocked by clk_out1_clk_wiz_0_1  {rise@0.000ns fall@19.862ns period=39.724ns})
  Destination:            u_clock_core/hour_reg[0]/CE
                            (rising edge-triggered cell FDRE clocked by clk_out1_clk_wiz_0  {rise@0.000ns fall@19.862ns period=39.724ns})
  Path Group:             clk_out1_clk_wiz_0
  Path Type:              Setup (Max at Slow Process Corner)
  Requirement:            39.724ns  (clk_out1_clk_wiz_0 rise@39.724ns - clk_out1_clk_wiz_0_1 rise@0.000ns)
  Data Path Delay:        4.390ns  (logic 0.829ns (18.883%)  route 3.561ns (81.117%))
  Logic Levels:           5  (LUT4=1 LUT5=2 LUT6=2)
  Clock Path Skew:        -0.041ns (DCD - SCD + CPR)
    Destination Clock Delay (DCD):    -0.767ns = ( 38.956 - 39.724 ) 
    Source Clock Delay      (SCD):    -0.378ns
    Clock Pessimism Removal (CPR):    0.348ns
  Clock Uncertainty:      0.086ns  ((TSJ^2 + DJ^2)^1/2) / 2 + PE
    Total System Jitter     (TSJ):    0.071ns
    Discrete Jitter          (DJ):    0.157ns
    Phase Error              (PE):    0.000ns
  Clock Domain Crossing:  Inter clock paths are considered valid unless explicitly excluded by timing constraints such as set_clock_groups or set_false_path.

    Location             Delay type                Incr(ns)  Path(ns)    Netlist Resource(s)
  -------------------------------------------------------------------    -------------------
                         (clock clk_out1_clk_wiz_0_1 rise edge)
                                                      0.000     0.000 r  
    E3                                                0.000     0.000 r  clk (IN)
                         net (fo=0)                   0.000     0.000    u_clk_wiz_0/inst/clk_in1
    E3                   IBUF (Prop_ibuf_I_O)         1.330     1.330 r  u_clk_wiz_0/inst/clkin1_ibufg/O
                         net (fo=1, routed)           0.974     2.304    u_clk_wiz_0/inst/clk_in1_clk_wiz_0
    MMCME2_ADV_X1Y2      MMCME2_ADV (Prop_mmcme2_adv_CLKIN1_CLKOUT0)
                                                     -5.294    -2.990 r  u_clk_wiz_0/inst/mmcm_adv_inst/CLKOUT0
                         net (fo=1, routed)           1.297    -1.693    u_clk_wiz_0/inst/clk_out1_clk_wiz_0
    BUFGCTRL_X0Y16       BUFG (Prop_bufg_I_O)         0.076    -1.617 r  u_clk_wiz_0/inst/clkout1_buf/O
                         net (fo=301, routed)         1.238    -0.378    u_clock_core/clk_out1
    SLICE_X53Y62         FDRE                                         r  u_clock_core/tick_cnt_reg[5]/C
  -------------------------------------------------------------------    -------------------
    SLICE_X53Y62         FDRE (Prop_fdre_C_Q)         0.341    -0.037 r  u_clock_core/tick_cnt_reg[5]/Q
                         net (fo=3, routed)           0.618     0.580    u_clock_core/tick_cnt_reg[5]
    SLICE_X52Y64         LUT4 (Prop_lut4_I0_O)        0.097     0.677 f  u_clock_core/sec[5]_i_12/O
                         net (fo=1, routed)           0.415     1.092    u_clock_core/sec[5]_i_12_n_0
    SLICE_X52Y66         LUT6 (Prop_lut6_I1_O)        0.097     1.189 f  u_clock_core/sec[5]_i_8/O
                         net (fo=1, routed)           0.454     1.643    u_clock_core/sec[5]_i_8_n_0
    SLICE_X52Y66         LUT5 (Prop_lut5_I4_O)        0.097     1.740 r  u_clock_core/sec[5]_i_4/O
                         net (fo=6, routed)           0.764     2.504    u_clock_core/sec[5]_i_4_n_0
    SLICE_X59Y70         LUT6 (Prop_lut6_I0_O)        0.097     2.601 r  u_clock_core/min[5]_i_3/O
                         net (fo=2, routed)           0.695     3.295    u_clock_core/u_btn_hour_down/hour_reg[0]_0
    SLICE_X60Y68         LUT5 (Prop_lut5_I4_O)        0.100     3.395 r  u_clock_core/u_btn_hour_down/hour[4]_i_1/O
                         net (fo=5, routed)           0.616     4.012    u_clock_core/u_btn_hour_down_n_1
    SLICE_X62Y68         FDRE                                         r  u_clock_core/hour_reg[0]/CE
  -------------------------------------------------------------------    -------------------

                         (clock clk_out1_clk_wiz_0 rise edge)
                                                     39.724    39.724 r  
    E3                                                0.000    39.724 r  clk (IN)
                         net (fo=0)                   0.000    39.724    u_clk_wiz_0/inst/clk_in1
    E3                   IBUF (Prop_ibuf_I_O)         1.263    40.986 r  u_clk_wiz_0/inst/clkin1_ibufg/O
                         net (fo=1, routed)           0.916    41.903    u_clk_wiz_0/inst/clk_in1_clk_wiz_0
    MMCME2_ADV_X1Y2      MMCME2_ADV (Prop_mmcme2_adv_CLKIN1_CLKOUT0)
                                                     -5.390    36.513 r  u_clk_wiz_0/inst/mmcm_adv_inst/CLKOUT0
                         net (fo=1, routed)           1.234    37.747    u_clk_wiz_0/inst/clk_out1_clk_wiz_0
    BUFGCTRL_X0Y16       BUFG (Prop_bufg_I_O)         0.072    37.819 r  u_clk_wiz_0/inst/clkout1_buf/O
                         net (fo=301, routed)         1.137    38.956    u_clock_core/clk_out1
    SLICE_X62Y68         FDRE                                         r  u_clock_core/hour_reg[0]/C
                         clock pessimism              0.348    39.304    
                         clock uncertainty           -0.086    39.218    
    SLICE_X62Y68         FDRE (Setup_fdre_C_CE)      -0.261    38.957    u_clock_core/hour_reg[0]
  -------------------------------------------------------------------
                         required time                         38.957    
                         arrival time                          -4.012    
  -------------------------------------------------------------------
                         slack                                 34.945    

Slack (MET) :             34.994ns  (required time - arrival time)
  Source:                 u_vga_timing/pixel_x_reg[9]/C
                            (rising edge-triggered cell FDRE clocked by clk_out1_clk_wiz_0_1  {rise@0.000ns fall@19.862ns period=39.724ns})
  Destination:            u_bram_background/u_bg_rom/U0/inst_blk_mem_gen/gnbram.gnativebmg.native_blk_mem_gen/valid.cstr/ramloop[0].ram.r/prim_init.ram/DEVICE_7SERIES.NO_BMM_INFO.SP.CASCADED_PRIM36.ram_B/ADDRARDADDR[11]
                            (rising edge-triggered cell RAMB36E1 clocked by clk_out1_clk_wiz_0  {rise@0.000ns fall@19.862ns period=39.724ns})
  Path Group:             clk_out1_clk_wiz_0
  Path Type:              Setup (Max at Slow Process Corner)
  Requirement:            39.724ns  (clk_out1_clk_wiz_0 rise@39.724ns - clk_out1_clk_wiz_0_1 rise@0.000ns)
  Data Path Delay:        4.177ns  (logic 0.844ns (20.207%)  route 3.333ns (79.793%))
  Logic Levels:           2  (CARRY4=1 LUT4=1)
  Clock Path Skew:        0.096ns (DCD - SCD + CPR)
    Destination Clock Delay (DCD):    -0.575ns = ( 39.149 - 39.724 ) 
    Source Clock Delay      (SCD):    -0.377ns
    Clock Pessimism Removal (CPR):    0.293ns
  Clock Uncertainty:      0.086ns  ((TSJ^2 + DJ^2)^1/2) / 2 + PE
    Total System Jitter     (TSJ):    0.071ns
    Discrete Jitter          (DJ):    0.157ns
    Phase Error              (PE):    0.000ns
  Clock Domain Crossing:  Inter clock paths are considered valid unless explicitly excluded by timing constraints such as set_clock_groups or set_false_path.

    Location             Delay type                Incr(ns)  Path(ns)    Netlist Resource(s)
  -------------------------------------------------------------------    -------------------
                         (clock clk_out1_clk_wiz_0_1 rise edge)
                                                      0.000     0.000 r  
    E3                                                0.000     0.000 r  clk (IN)
                         net (fo=0)                   0.000     0.000    u_clk_wiz_0/inst/clk_in1
    E3                   IBUF (Prop_ibuf_I_O)         1.330     1.330 r  u_clk_wiz_0/inst/clkin1_ibufg/O
                         net (fo=1, routed)           0.974     2.304    u_clk_wiz_0/inst/clk_in1_clk_wiz_0
    MMCME2_ADV_X1Y2      MMCME2_ADV (Prop_mmcme2_adv_CLKIN1_CLKOUT0)
                                                     -5.294    -2.990 r  u_clk_wiz_0/inst/mmcm_adv_inst/CLKOUT0
                         net (fo=1, routed)           1.297    -1.693    u_clk_wiz_0/inst/clk_out1_clk_wiz_0
    BUFGCTRL_X0Y16       BUFG (Prop_bufg_I_O)         0.076    -1.617 r  u_clk_wiz_0/inst/clkout1_buf/O
                         net (fo=301, routed)         1.240    -0.377    u_vga_timing/clk_out1
    SLICE_X65Y68         FDRE                                         r  u_vga_timing/pixel_x_reg[9]/C
  -------------------------------------------------------------------    -------------------
    SLICE_X65Y68         FDRE (Prop_fdre_C_Q)         0.341    -0.036 r  u_vga_timing/pixel_x_reg[9]/Q
                         net (fo=23, routed)          1.001     0.964    u_vga_timing/pixel_x[9]
    SLICE_X66Y68         LUT4 (Prop_lut4_I1_O)        0.097     1.061 r  u_vga_timing/rom_addr__0_carry__0_i_8/O
                         net (fo=1, routed)           0.000     1.061    u_bram_background/DEVICE_7SERIES.NO_BMM_INFO.SP.CASCADED_PRIM36.ram_B[0]
    SLICE_X66Y68         CARRY4 (Prop_carry4_S[0]_O[2])
                                                      0.406     1.467 r  u_bram_background/rom_addr__0_carry__0/O[2]
                         net (fo=27, routed)          2.332     3.799    u_bram_background/u_bg_rom/U0/inst_blk_mem_gen/gnbram.gnativebmg.native_blk_mem_gen/valid.cstr/ramloop[0].ram.r/prim_init.ram/addra[11]
    RAMB36_X2Y8          RAMB36E1                                     r  u_bram_background/u_bg_rom/U0/inst_blk_mem_gen/gnbram.gnativebmg.native_blk_mem_gen/valid.cstr/ramloop[0].ram.r/prim_init.ram/DEVICE_7SERIES.NO_BMM_INFO.SP.CASCADED_PRIM36.ram_B/ADDRARDADDR[11]
  -------------------------------------------------------------------    -------------------

                         (clock clk_out1_clk_wiz_0 rise edge)
                                                     39.724    39.724 r  
    E3                                                0.000    39.724 r  clk (IN)
                         net (fo=0)                   0.000    39.724    u_clk_wiz_0/inst/clk_in1
    E3                   IBUF (Prop_ibuf_I_O)         1.263    40.986 r  u_clk_wiz_0/inst/clkin1_ibufg/O
                         net (fo=1, routed)           0.916    41.903    u_clk_wiz_0/inst/clk_in1_clk_wiz_0
    MMCME2_ADV_X1Y2      MMCME2_ADV (Prop_mmcme2_adv_CLKIN1_CLKOUT0)
                                                     -5.390    36.513 r  u_clk_wiz_0/inst/mmcm_adv_inst/CLKOUT0
                         net (fo=1, routed)           1.234    37.747    u_clk_wiz_0/inst/clk_out1_clk_wiz_0
    BUFGCTRL_X0Y16       BUFG (Prop_bufg_I_O)         0.072    37.819 r  u_clk_wiz_0/inst/clkout1_buf/O
                         net (fo=301, routed)         1.329    39.149    u_bram_background/u_bg_rom/U0/inst_blk_mem_gen/gnbram.gnativebmg.native_blk_mem_gen/valid.cstr/ramloop[0].ram.r/prim_init.ram/clka
    RAMB36_X2Y8          RAMB36E1                                     r  u_bram_background/u_bg_rom/U0/inst_blk_mem_gen/gnbram.gnativebmg.native_blk_mem_gen/valid.cstr/ramloop[0].ram.r/prim_init.ram/DEVICE_7SERIES.NO_BMM_INFO.SP.CASCADED_PRIM36.ram_B/CLKARDCLK
                         clock pessimism              0.293    39.442    
                         clock uncertainty           -0.086    39.356    
    RAMB36_X2Y8          RAMB36E1 (Setup_ramb36e1_CLKARDCLK_ADDRARDADDR[11])
                                                     -0.562    38.794    u_bram_background/u_bg_rom/U0/inst_blk_mem_gen/gnbram.gnativebmg.native_blk_mem_gen/valid.cstr/ramloop[0].ram.r/prim_init.ram/DEVICE_7SERIES.NO_BMM_INFO.SP.CASCADED_PRIM36.ram_B
  -------------------------------------------------------------------
                         required time                         38.794    
                         arrival time                          -3.799    
  -------------------------------------------------------------------
                         slack                                 34.994    

Slack (MET) :             35.012ns  (required time - arrival time)
  Source:                 u_vga_timing/pixel_y_reg[8]/C
                            (rising edge-triggered cell FDRE clocked by clk_out1_clk_wiz_0_1  {rise@0.000ns fall@19.862ns period=39.724ns})
  Destination:            u_bram_background/u_bg_rom/U0/inst_blk_mem_gen/gnbram.gnativebmg.native_blk_mem_gen/valid.cstr/ramloop[11].ram.r/prim_init.ram/DEVICE_7SERIES.NO_BMM_INFO.SP.SIMPLE_PRIM36.ram/ENARDEN
                            (rising edge-triggered cell RAMB36E1 clocked by clk_out1_clk_wiz_0  {rise@0.000ns fall@19.862ns period=39.724ns})
  Path Group:             clk_out1_clk_wiz_0
  Path Type:              Setup (Max at Slow Process Corner)
  Requirement:            39.724ns  (clk_out1_clk_wiz_0 rise@39.724ns - clk_out1_clk_wiz_0_1 rise@0.000ns)
  Data Path Delay:        4.135ns  (logic 1.090ns (26.357%)  route 3.045ns (73.643%))
  Logic Levels:           3  (CARRY4=1 LUT3=1 LUT5=1)
  Clock Path Skew:        -0.005ns (DCD - SCD + CPR)
    Destination Clock Delay (DCD):    -0.729ns = ( 38.994 - 39.724 ) 
    Source Clock Delay      (SCD):    -0.376ns
    Clock Pessimism Removal (CPR):    0.348ns
  Clock Uncertainty:      0.086ns  ((TSJ^2 + DJ^2)^1/2) / 2 + PE
    Total System Jitter     (TSJ):    0.071ns
    Discrete Jitter          (DJ):    0.157ns
    Phase Error              (PE):    0.000ns
  Clock Domain Crossing:  Inter clock paths are considered valid unless explicitly excluded by timing constraints such as set_clock_groups or set_false_path.

    Location             Delay type                Incr(ns)  Path(ns)    Netlist Resource(s)
  -------------------------------------------------------------------    -------------------
                         (clock clk_out1_clk_wiz_0_1 rise edge)
                                                      0.000     0.000 r  
    E3                                                0.000     0.000 r  clk (IN)
                         net (fo=0)                   0.000     0.000    u_clk_wiz_0/inst/clk_in1
    E3                   IBUF (Prop_ibuf_I_O)         1.330     1.330 r  u_clk_wiz_0/inst/clkin1_ibufg/O
                         net (fo=1, routed)           0.974     2.304    u_clk_wiz_0/inst/clk_in1_clk_wiz_0
    MMCME2_ADV_X1Y2      MMCME2_ADV (Prop_mmcme2_adv_CLKIN1_CLKOUT0)
                                                     -5.294    -2.990 r  u_clk_wiz_0/inst/mmcm_adv_inst/CLKOUT0
                         net (fo=1, routed)           1.297    -1.693    u_clk_wiz_0/inst/clk_out1_clk_wiz_0
    BUFGCTRL_X0Y16       BUFG (Prop_bufg_I_O)         0.076    -1.617 r  u_clk_wiz_0/inst/clkout1_buf/O
                         net (fo=301, routed)         1.241    -0.376    u_vga_timing/clk_out1
    SLICE_X68Y68         FDRE                                         r  u_vga_timing/pixel_y_reg[8]/C
  -------------------------------------------------------------------    -------------------
    SLICE_X68Y68         FDRE (Prop_fdre_C_Q)         0.341    -0.035 r  u_vga_timing/pixel_y_reg[8]/Q
                         net (fo=23, routed)          1.231     1.196    u_vga_timing/Q[1]
    SLICE_X66Y69         LUT3 (Prop_lut3_I0_O)        0.097     1.293 r  u_vga_timing/rom_addr__0_carry__1_i_3/O
                         net (fo=1, routed)           0.000     1.293    u_bram_background/no_softecc_sel_reg.ce_pri.sel_pipe_reg[4]_0[1]
    SLICE_X66Y69         CARRY4 (Prop_carry4_S[1]_O[2])
                                                      0.432     1.725 f  u_bram_background/rom_addr__0_carry__1/O[2]
                         net (fo=27, routed)          1.476     3.201    u_bram_background/u_bg_rom/U0/inst_blk_mem_gen/gnbram.gnativebmg.native_blk_mem_gen/valid.cstr/bindec_a.bindec_inst_a/addra[3]
    SLICE_X62Y55         LUT5 (Prop_lut5_I4_O)        0.220     3.421 r  u_bram_background/u_bg_rom/U0/inst_blk_mem_gen/gnbram.gnativebmg.native_blk_mem_gen/valid.cstr/bindec_a.bindec_inst_a/DEVICE_7SERIES.NO_BMM_INFO.SP.SIMPLE_PRIM36.ram_i_1__5/O
                         net (fo=1, routed)           0.338     3.759    u_bram_background/u_bg_rom/U0/inst_blk_mem_gen/gnbram.gnativebmg.native_blk_mem_gen/valid.cstr/ramloop[11].ram.r/prim_init.ram/ena_array[0]
    RAMB36_X1Y11         RAMB36E1                                     r  u_bram_background/u_bg_rom/U0/inst_blk_mem_gen/gnbram.gnativebmg.native_blk_mem_gen/valid.cstr/ramloop[11].ram.r/prim_init.ram/DEVICE_7SERIES.NO_BMM_INFO.SP.SIMPLE_PRIM36.ram/ENARDEN
  -------------------------------------------------------------------    -------------------

                         (clock clk_out1_clk_wiz_0 rise edge)
                                                     39.724    39.724 r  
    E3                                                0.000    39.724 r  clk (IN)
                         net (fo=0)                   0.000    39.724    u_clk_wiz_0/inst/clk_in1
    E3                   IBUF (Prop_ibuf_I_O)         1.263    40.986 r  u_clk_wiz_0/inst/clkin1_ibufg/O
                         net (fo=1, routed)           0.916    41.903    u_clk_wiz_0/inst/clk_in1_clk_wiz_0
    MMCME2_ADV_X1Y2      MMCME2_ADV (Prop_mmcme2_adv_CLKIN1_CLKOUT0)
                                                     -5.390    36.513 r  u_clk_wiz_0/inst/mmcm_adv_inst/CLKOUT0
                         net (fo=1, routed)           1.234    37.747    u_clk_wiz_0/inst/clk_out1_clk_wiz_0
    BUFGCTRL_X0Y16       BUFG (Prop_bufg_I_O)         0.072    37.819 r  u_clk_wiz_0/inst/clkout1_buf/O
                         net (fo=301, routed)         1.175    38.994    u_bram_background/u_bg_rom/U0/inst_blk_mem_gen/gnbram.gnativebmg.native_blk_mem_gen/valid.cstr/ramloop[11].ram.r/prim_init.ram/clka
    RAMB36_X1Y11         RAMB36E1                                     r  u_bram_background/u_bg_rom/U0/inst_blk_mem_gen/gnbram.gnativebmg.native_blk_mem_gen/valid.cstr/ramloop[11].ram.r/prim_init.ram/DEVICE_7SERIES.NO_BMM_INFO.SP.SIMPLE_PRIM36.ram/CLKARDCLK
                         clock pessimism              0.348    39.342    
                         clock uncertainty           -0.086    39.256    
    RAMB36_X1Y11         RAMB36E1 (Setup_ramb36e1_CLKARDCLK_ENARDEN)
                                                     -0.485    38.771    u_bram_background/u_bg_rom/U0/inst_blk_mem_gen/gnbram.gnativebmg.native_blk_mem_gen/valid.cstr/ramloop[11].ram.r/prim_init.ram/DEVICE_7SERIES.NO_BMM_INFO.SP.SIMPLE_PRIM36.ram
  -------------------------------------------------------------------
                         required time                         38.771    
                         arrival time                          -3.759    
  -------------------------------------------------------------------
                         slack                                 35.012    





Min Delay Paths
--------------------------------------------------------------------------------------
Slack (MET) :             0.085ns  (arrival time - required time)
  Source:                 u_clock_core/u_btn_min_down/stable_d_reg/C
                            (rising edge-triggered cell FDRE clocked by clk_out1_clk_wiz_0_1  {rise@0.000ns fall@19.862ns period=39.724ns})
  Destination:            u_clock_core/u_btn_min_down/pulse_reg/D
                            (rising edge-triggered cell FDRE clocked by clk_out1_clk_wiz_0  {rise@0.000ns fall@19.862ns period=39.724ns})
  Path Group:             clk_out1_clk_wiz_0
  Path Type:              Hold (Min at Fast Process Corner)
  Requirement:            0.000ns  (clk_out1_clk_wiz_0 rise@0.000ns - clk_out1_clk_wiz_0_1 rise@0.000ns)
  Data Path Delay:        0.275ns  (logic 0.186ns (67.514%)  route 0.089ns (32.486%))
  Logic Levels:           1  (LUT2=1)
  Clock Path Skew:        0.013ns (DCD - SCD - CPR)
    Destination Clock Delay (DCD):    -0.840ns
    Source Clock Delay      (SCD):    -0.601ns
    Clock Pessimism Removal (CPR):    -0.252ns
  Clock Uncertainty:      0.086ns  ((TSJ^2 + DJ^2)^1/2) / 2 + PE
    Total System Jitter     (TSJ):    0.071ns
    Discrete Jitter          (DJ):    0.157ns
    Phase Error              (PE):    0.000ns
  Clock Domain Crossing:  Inter clock paths are considered valid unless explicitly excluded by timing constraints such as set_clock_groups or set_false_path.

    Location             Delay type                Incr(ns)  Path(ns)    Netlist Resource(s)
  -------------------------------------------------------------------    -------------------
                         (clock clk_out1_clk_wiz_0_1 rise edge)
                                                      0.000     0.000 r  
    E3                                                0.000     0.000 r  clk (IN)
                         net (fo=0)                   0.000     0.000    u_clk_wiz_0/inst/clk_in1
    E3                   IBUF (Prop_ibuf_I_O)         0.250     0.250 r  u_clk_wiz_0/inst/clkin1_ibufg/O
                         net (fo=1, routed)           0.440     0.690    u_clk_wiz_0/inst/clk_in1_clk_wiz_0
    MMCME2_ADV_X1Y2      MMCME2_ADV (Prop_mmcme2_adv_CLKIN1_CLKOUT0)
                                                     -2.379    -1.689 r  u_clk_wiz_0/inst/mmcm_adv_inst/CLKOUT0
                         net (fo=1, routed)           0.499    -1.190    u_clk_wiz_0/inst/clk_out1_clk_wiz_0
    BUFGCTRL_X0Y16       BUFG (Prop_bufg_I_O)         0.026    -1.164 r  u_clk_wiz_0/inst/clkout1_buf/O
                         net (fo=301, routed)         0.563    -0.601    u_clock_core/u_btn_min_down/clk_out1
    SLICE_X41Y66         FDRE                                         r  u_clock_core/u_btn_min_down/stable_d_reg/C
  -------------------------------------------------------------------    -------------------
    SLICE_X41Y66         FDRE (Prop_fdre_C_Q)         0.141    -0.460 f  u_clock_core/u_btn_min_down/stable_d_reg/Q
                         net (fo=1, routed)           0.089    -0.371    u_clock_core/u_btn_min_down/stable_d
    SLICE_X40Y66         LUT2 (Prop_lut2_I1_O)        0.045    -0.326 r  u_clock_core/u_btn_min_down/pulse_i_1__2/O
                         net (fo=1, routed)           0.000    -0.326    u_clock_core/u_btn_min_down/pulse0
    SLICE_X40Y66         FDRE                                         r  u_clock_core/u_btn_min_down/pulse_reg/D
  -------------------------------------------------------------------    -------------------

                         (clock clk_out1_clk_wiz_0 rise edge)
                                                      0.000     0.000 r  
    E3                                                0.000     0.000 r  clk (IN)
                         net (fo=0)                   0.000     0.000    u_clk_wiz_0/inst/clk_in1
    E3                   IBUF (Prop_ibuf_I_O)         0.438     0.438 r  u_clk_wiz_0/inst/clkin1_ibufg/O
                         net (fo=1, routed)           0.480     0.918    u_clk_wiz_0/inst/clk_in1_clk_wiz_0
    MMCME2_ADV_X1Y2      MMCME2_ADV (Prop_mmcme2_adv_CLKIN1_CLKOUT0)
                                                     -3.163    -2.245 r  u_clk_wiz_0/inst/mmcm_adv_inst/CLKOUT0
                         net (fo=1, routed)           0.544    -1.702    u_clk_wiz_0/inst/clk_out1_clk_wiz_0
    BUFGCTRL_X0Y16       BUFG (Prop_bufg_I_O)         0.029    -1.673 r  u_clk_wiz_0/inst/clkout1_buf/O
                         net (fo=301, routed)         0.833    -0.840    u_clock_core/u_btn_min_down/clk_out1
    SLICE_X40Y66         FDRE                                         r  u_clock_core/u_btn_min_down/pulse_reg/C
                         clock pessimism              0.252    -0.588    
                         clock uncertainty            0.086    -0.502    
    SLICE_X40Y66         FDRE (Hold_fdre_C_D)         0.091    -0.411    u_clock_core/u_btn_min_down/pulse_reg
  -------------------------------------------------------------------
                         required time                          0.411    
                         arrival time                          -0.326    
  -------------------------------------------------------------------
                         slack                                  0.085    

Slack (MET) :             0.094ns  (arrival time - required time)
  Source:                 u_clock_core/u_btn_hour_down/sync_reg[0]/C
                            (rising edge-triggered cell FDRE clocked by clk_out1_clk_wiz_0_1  {rise@0.000ns fall@19.862ns period=39.724ns})
  Destination:            u_clock_core/u_btn_hour_down/sync_reg[1]/D
                            (rising edge-triggered cell FDRE clocked by clk_out1_clk_wiz_0  {rise@0.000ns fall@19.862ns period=39.724ns})
  Path Group:             clk_out1_clk_wiz_0
  Path Type:              Hold (Min at Fast Process Corner)
  Requirement:            0.000ns  (clk_out1_clk_wiz_0 rise@0.000ns - clk_out1_clk_wiz_0_1 rise@0.000ns)
  Data Path Delay:        0.265ns  (logic 0.164ns (61.839%)  route 0.101ns (38.161%))
  Logic Levels:           0  
  Clock Path Skew:        0.015ns (DCD - SCD - CPR)
    Destination Clock Delay (DCD):    -0.843ns
    Source Clock Delay      (SCD):    -0.605ns
    Clock Pessimism Removal (CPR):    -0.253ns
  Clock Uncertainty:      0.086ns  ((TSJ^2 + DJ^2)^1/2) / 2 + PE
    Total System Jitter     (TSJ):    0.071ns
    Discrete Jitter          (DJ):    0.157ns
    Phase Error              (PE):    0.000ns
  Clock Domain Crossing:  Inter clock paths are considered valid unless explicitly excluded by timing constraints such as set_clock_groups or set_false_path.

    Location             Delay type                Incr(ns)  Path(ns)    Netlist Resource(s)
  -------------------------------------------------------------------    -------------------
                         (clock clk_out1_clk_wiz_0_1 rise edge)
                                                      0.000     0.000 r  
    E3                                                0.000     0.000 r  clk (IN)
                         net (fo=0)                   0.000     0.000    u_clk_wiz_0/inst/clk_in1
    E3                   IBUF (Prop_ibuf_I_O)         0.250     0.250 r  u_clk_wiz_0/inst/clkin1_ibufg/O
                         net (fo=1, routed)           0.440     0.690    u_clk_wiz_0/inst/clk_in1_clk_wiz_0
    MMCME2_ADV_X1Y2      MMCME2_ADV (Prop_mmcme2_adv_CLKIN1_CLKOUT0)
                                                     -2.379    -1.689 r  u_clk_wiz_0/inst/mmcm_adv_inst/CLKOUT0
                         net (fo=1, routed)           0.499    -1.190    u_clk_wiz_0/inst/clk_out1_clk_wiz_0
    BUFGCTRL_X0Y16       BUFG (Prop_bufg_I_O)         0.026    -1.164 r  u_clk_wiz_0/inst/clkout1_buf/O
                         net (fo=301, routed)         0.559    -0.605    u_clock_core/u_btn_hour_down/clk_out1
    SLICE_X38Y70         FDRE                                         r  u_clock_core/u_btn_hour_down/sync_reg[0]/C
  -------------------------------------------------------------------    -------------------
    SLICE_X38Y70         FDRE (Prop_fdre_C_Q)         0.164    -0.441 r  u_clock_core/u_btn_hour_down/sync_reg[0]/Q
                         net (fo=1, routed)           0.101    -0.340    u_clock_core/u_btn_hour_down/sync_reg_n_0_[0]
    SLICE_X40Y69         FDRE                                         r  u_clock_core/u_btn_hour_down/sync_reg[1]/D
  -------------------------------------------------------------------    -------------------

                         (clock clk_out1_clk_wiz_0 rise edge)
                                                      0.000     0.000 r  
    E3                                                0.000     0.000 r  clk (IN)
                         net (fo=0)                   0.000     0.000    u_clk_wiz_0/inst/clk_in1
    E3                   IBUF (Prop_ibuf_I_O)         0.438     0.438 r  u_clk_wiz_0/inst/clkin1_ibufg/O
                         net (fo=1, routed)           0.480     0.918    u_clk_wiz_0/inst/clk_in1_clk_wiz_0
    MMCME2_ADV_X1Y2      MMCME2_ADV (Prop_mmcme2_adv_CLKIN1_CLKOUT0)
                                                     -3.163    -2.245 r  u_clk_wiz_0/inst/mmcm_adv_inst/CLKOUT0
                         net (fo=1, routed)           0.544    -1.702    u_clk_wiz_0/inst/clk_out1_clk_wiz_0
    BUFGCTRL_X0Y16       BUFG (Prop_bufg_I_O)         0.029    -1.673 r  u_clk_wiz_0/inst/clkout1_buf/O
                         net (fo=301, routed)         0.830    -0.843    u_clock_core/u_btn_hour_down/clk_out1
    SLICE_X40Y69         FDRE                                         r  u_clock_core/u_btn_hour_down/sync_reg[1]/C
                         clock pessimism              0.253    -0.590    
                         clock uncertainty            0.086    -0.504    
    SLICE_X40Y69         FDRE (Hold_fdre_C_D)         0.070    -0.434    u_clock_core/u_btn_hour_down/sync_reg[1]
  -------------------------------------------------------------------
                         required time                          0.434    
                         arrival time                          -0.340    
  -------------------------------------------------------------------
                         slack                                  0.094    

Slack (MET) :             0.109ns  (arrival time - required time)
  Source:                 u_clock_core/min_reg[4]/C
                            (rising edge-triggered cell FDRE clocked by clk_out1_clk_wiz_0_1  {rise@0.000ns fall@19.862ns period=39.724ns})
  Destination:            u_clock_core/min_reg[5]/D
                            (rising edge-triggered cell FDRE clocked by clk_out1_clk_wiz_0  {rise@0.000ns fall@19.862ns period=39.724ns})
  Path Group:             clk_out1_clk_wiz_0
  Path Type:              Hold (Min at Fast Process Corner)
  Requirement:            0.000ns  (clk_out1_clk_wiz_0 rise@0.000ns - clk_out1_clk_wiz_0_1 rise@0.000ns)
  Data Path Delay:        0.342ns  (logic 0.248ns (72.464%)  route 0.094ns (27.536%))
  Logic Levels:           2  (LUT6=1 MUXF7=1)
  Clock Path Skew:        0.013ns (DCD - SCD - CPR)
    Destination Clock Delay (DCD):    -0.844ns
    Source Clock Delay      (SCD):    -0.604ns
    Clock Pessimism Removal (CPR):    -0.253ns
  Clock Uncertainty:      0.086ns  ((TSJ^2 + DJ^2)^1/2) / 2 + PE
    Total System Jitter     (TSJ):    0.071ns
    Discrete Jitter          (DJ):    0.157ns
    Phase Error              (PE):    0.000ns
  Clock Domain Crossing:  Inter clock paths are considered valid unless explicitly excluded by timing constraints such as set_clock_groups or set_false_path.

    Location             Delay type                Incr(ns)  Path(ns)    Netlist Resource(s)
  -------------------------------------------------------------------    -------------------
                         (clock clk_out1_clk_wiz_0_1 rise edge)
                                                      0.000     0.000 r  
    E3                                                0.000     0.000 r  clk (IN)
                         net (fo=0)                   0.000     0.000    u_clk_wiz_0/inst/clk_in1
    E3                   IBUF (Prop_ibuf_I_O)         0.250     0.250 r  u_clk_wiz_0/inst/clkin1_ibufg/O
                         net (fo=1, routed)           0.440     0.690    u_clk_wiz_0/inst/clk_in1_clk_wiz_0
    MMCME2_ADV_X1Y2      MMCME2_ADV (Prop_mmcme2_adv_CLKIN1_CLKOUT0)
                                                     -2.379    -1.689 r  u_clk_wiz_0/inst/mmcm_adv_inst/CLKOUT0
                         net (fo=1, routed)           0.499    -1.190    u_clk_wiz_0/inst/clk_out1_clk_wiz_0
    BUFGCTRL_X0Y16       BUFG (Prop_bufg_I_O)         0.026    -1.164 r  u_clk_wiz_0/inst/clkout1_buf/O
                         net (fo=301, routed)         0.560    -0.604    u_clock_core/clk_out1
    SLICE_X61Y67         FDRE                                         r  u_clock_core/min_reg[4]/C
  -------------------------------------------------------------------    -------------------
    SLICE_X61Y67         FDRE (Prop_fdre_C_Q)         0.141    -0.463 r  u_clock_core/min_reg[4]/Q
                         net (fo=9, routed)           0.094    -0.369    u_clock_core/min_reg_n_0_[4]
    SLICE_X60Y67         LUT6 (Prop_lut6_I3_O)        0.045    -0.324 r  u_clock_core/min[5]_i_5/O
                         net (fo=1, routed)           0.000    -0.324    u_clock_core/u_btn_min_down/min_reg[5]
    SLICE_X60Y67         MUXF7 (Prop_muxf7_I0_O)      0.062    -0.262 r  u_clock_core/u_btn_min_down/min_reg[5]_i_2/O
                         net (fo=1, routed)           0.000    -0.262    u_clock_core/u_btn_min_down_n_4
    SLICE_X60Y67         FDRE                                         r  u_clock_core/min_reg[5]/D
  -------------------------------------------------------------------    -------------------

                         (clock clk_out1_clk_wiz_0 rise edge)
                                                      0.000     0.000 r  
    E3                                                0.000     0.000 r  clk (IN)
                         net (fo=0)                   0.000     0.000    u_clk_wiz_0/inst/clk_in1
    E3                   IBUF (Prop_ibuf_I_O)         0.438     0.438 r  u_clk_wiz_0/inst/clkin1_ibufg/O
                         net (fo=1, routed)           0.480     0.918    u_clk_wiz_0/inst/clk_in1_clk_wiz_0
    MMCME2_ADV_X1Y2      MMCME2_ADV (Prop_mmcme2_adv_CLKIN1_CLKOUT0)
                                                     -3.163    -2.245 r  u_clk_wiz_0/inst/mmcm_adv_inst/CLKOUT0
                         net (fo=1, routed)           0.544    -1.702    u_clk_wiz_0/inst/clk_out1_clk_wiz_0
    BUFGCTRL_X0Y16       BUFG (Prop_bufg_I_O)         0.029    -1.673 r  u_clk_wiz_0/inst/clkout1_buf/O
                         net (fo=301, routed)         0.829    -0.844    u_clock_core/clk_out1
    SLICE_X60Y67         FDRE                                         r  u_clock_core/min_reg[5]/C
                         clock pessimism              0.253    -0.591    
                         clock uncertainty            0.086    -0.505    
    SLICE_X60Y67         FDRE (Hold_fdre_C_D)         0.134    -0.371    u_clock_core/min_reg[5]
  -------------------------------------------------------------------
                         required time                          0.371    
                         arrival time                          -0.262    
  -------------------------------------------------------------------
                         slack                                  0.109    

Slack (MET) :             0.111ns  (arrival time - required time)
  Source:                 u_bram_background/u_bg_rom/U0/inst_blk_mem_gen/gnbram.gnativebmg.native_blk_mem_gen/valid.cstr/has_mux_a.A/no_softecc_sel_reg.ce_pri.sel_pipe_reg[2]/C
                            (rising edge-triggered cell FDRE clocked by clk_out1_clk_wiz_0_1  {rise@0.000ns fall@19.862ns period=39.724ns})
  Destination:            u_bram_background/u_bg_rom/U0/inst_blk_mem_gen/gnbram.gnativebmg.native_blk_mem_gen/valid.cstr/has_mux_a.A/no_softecc_norm_sel2.has_mem_regs.WITHOUT_ECC_PIPE.ce_pri.sel_pipe_d1_reg[2]/D
                            (rising edge-triggered cell FDRE clocked by clk_out1_clk_wiz_0  {rise@0.000ns fall@19.862ns period=39.724ns})
  Path Group:             clk_out1_clk_wiz_0
  Path Type:              Hold (Min at Fast Process Corner)
  Requirement:            0.000ns  (clk_out1_clk_wiz_0 rise@0.000ns - clk_out1_clk_wiz_0_1 rise@0.000ns)
  Data Path Delay:        0.276ns  (logic 0.164ns (59.345%)  route 0.112ns (40.655%))
  Logic Levels:           0  
  Clock Path Skew:        0.013ns (DCD - SCD - CPR)
    Destination Clock Delay (DCD):    -0.843ns
    Source Clock Delay      (SCD):    -0.604ns
    Clock Pessimism Removal (CPR):    -0.252ns
  Clock Uncertainty:      0.086ns  ((TSJ^2 + DJ^2)^1/2) / 2 + PE
    Total System Jitter     (TSJ):    0.071ns
    Discrete Jitter          (DJ):    0.157ns
    Phase Error              (PE):    0.000ns
  Clock Domain Crossing:  Inter clock paths are considered valid unless explicitly excluded by timing constraints such as set_clock_groups or set_false_path.

    Location             Delay type                Incr(ns)  Path(ns)    Netlist Resource(s)
  -------------------------------------------------------------------    -------------------
                         (clock clk_out1_clk_wiz_0_1 rise edge)
                                                      0.000     0.000 r  
    E3                                                0.000     0.000 r  clk (IN)
                         net (fo=0)                   0.000     0.000    u_clk_wiz_0/inst/clk_in1
    E3                   IBUF (Prop_ibuf_I_O)         0.250     0.250 r  u_clk_wiz_0/inst/clkin1_ibufg/O
                         net (fo=1, routed)           0.440     0.690    u_clk_wiz_0/inst/clk_in1_clk_wiz_0
    MMCME2_ADV_X1Y2      MMCME2_ADV (Prop_mmcme2_adv_CLKIN1_CLKOUT0)
                                                     -2.379    -1.689 r  u_clk_wiz_0/inst/mmcm_adv_inst/CLKOUT0
                         net (fo=1, routed)           0.499    -1.190    u_clk_wiz_0/inst/clk_out1_clk_wiz_0
    BUFGCTRL_X0Y16       BUFG (Prop_bufg_I_O)         0.026    -1.164 r  u_clk_wiz_0/inst/clkout1_buf/O
                         net (fo=301, routed)         0.560    -0.604    u_bram_background/u_bg_rom/U0/inst_blk_mem_gen/gnbram.gnativebmg.native_blk_mem_gen/valid.cstr/has_mux_a.A/clka
    SLICE_X66Y69         FDRE                                         r  u_bram_background/u_bg_rom/U0/inst_blk_mem_gen/gnbram.gnativebmg.native_blk_mem_gen/valid.cstr/has_mux_a.A/no_softecc_sel_reg.ce_pri.sel_pipe_reg[2]/C
  -------------------------------------------------------------------    -------------------
    SLICE_X66Y69         FDRE (Prop_fdre_C_Q)         0.164    -0.440 r  u_bram_background/u_bg_rom/U0/inst_blk_mem_gen/gnbram.gnativebmg.native_blk_mem_gen/valid.cstr/has_mux_a.A/no_softecc_sel_reg.ce_pri.sel_pipe_reg[2]/Q
                         net (fo=1, routed)           0.112    -0.328    u_bram_background/u_bg_rom/U0/inst_blk_mem_gen/gnbram.gnativebmg.native_blk_mem_gen/valid.cstr/has_mux_a.A/sel_pipe[2]
    SLICE_X67Y69         FDRE                                         r  u_bram_background/u_bg_rom/U0/inst_blk_mem_gen/gnbram.gnativebmg.native_blk_mem_gen/valid.cstr/has_mux_a.A/no_softecc_norm_sel2.has_mem_regs.WITHOUT_ECC_PIPE.ce_pri.sel_pipe_d1_reg[2]/D
  -------------------------------------------------------------------    -------------------

                         (clock clk_out1_clk_wiz_0 rise edge)
                                                      0.000     0.000 r  
    E3                                                0.000     0.000 r  clk (IN)
                         net (fo=0)                   0.000     0.000    u_clk_wiz_0/inst/clk_in1
    E3                   IBUF (Prop_ibuf_I_O)         0.438     0.438 r  u_clk_wiz_0/inst/clkin1_ibufg/O
                         net (fo=1, routed)           0.480     0.918    u_clk_wiz_0/inst/clk_in1_clk_wiz_0
    MMCME2_ADV_X1Y2      MMCME2_ADV (Prop_mmcme2_adv_CLKIN1_CLKOUT0)
                                                     -3.163    -2.245 r  u_clk_wiz_0/inst/mmcm_adv_inst/CLKOUT0
                         net (fo=1, routed)           0.544    -1.702    u_clk_wiz_0/inst/clk_out1_clk_wiz_0
    BUFGCTRL_X0Y16       BUFG (Prop_bufg_I_O)         0.029    -1.673 r  u_clk_wiz_0/inst/clkout1_buf/O
                         net (fo=301, routed)         0.830    -0.843    u_bram_background/u_bg_rom/U0/inst_blk_mem_gen/gnbram.gnativebmg.native_blk_mem_gen/valid.cstr/has_mux_a.A/clka
    SLICE_X67Y69         FDRE                                         r  u_bram_background/u_bg_rom/U0/inst_blk_mem_gen/gnbram.gnativebmg.native_blk_mem_gen/valid.cstr/has_mux_a.A/no_softecc_norm_sel2.has_mem_regs.WITHOUT_ECC_PIPE.ce_pri.sel_pipe_d1_reg[2]/C
                         clock pessimism              0.252    -0.591    
                         clock uncertainty            0.086    -0.505    
    SLICE_X67Y69         FDRE (Hold_fdre_C_D)         0.066    -0.439    u_bram_background/u_bg_rom/U0/inst_blk_mem_gen/gnbram.gnativebmg.native_blk_mem_gen/valid.cstr/has_mux_a.A/no_softecc_norm_sel2.has_mem_regs.WITHOUT_ECC_PIPE.ce_pri.sel_pipe_d1_reg[2]
  -------------------------------------------------------------------
                         required time                          0.439    
                         arrival time                          -0.328    
  -------------------------------------------------------------------
                         slack                                  0.111    

Slack (MET) :             0.121ns  (arrival time - required time)
  Source:                 u_clock_core/min_reg[2]/C
                            (rising edge-triggered cell FDRE clocked by clk_out1_clk_wiz_0_1  {rise@0.000ns fall@19.862ns period=39.724ns})
  Destination:            u_clock_core/min_reg[3]/D
                            (rising edge-triggered cell FDRE clocked by clk_out1_clk_wiz_0  {rise@0.000ns fall@19.862ns period=39.724ns})
  Path Group:             clk_out1_clk_wiz_0
  Path Type:              Hold (Min at Fast Process Corner)
  Requirement:            0.000ns  (clk_out1_clk_wiz_0 rise@0.000ns - clk_out1_clk_wiz_0_1 rise@0.000ns)
  Data Path Delay:        0.312ns  (logic 0.209ns (67.021%)  route 0.103ns (32.979%))
  Logic Levels:           1  (LUT6=1)
  Clock Path Skew:        0.013ns (DCD - SCD - CPR)
    Destination Clock Delay (DCD):    -0.844ns
    Source Clock Delay      (SCD):    -0.604ns
    Clock Pessimism Removal (CPR):    -0.253ns
  Clock Uncertainty:      0.086ns  ((TSJ^2 + DJ^2)^1/2) / 2 + PE
    Total System Jitter     (TSJ):    0.071ns
    Discrete Jitter          (DJ):    0.157ns
    Phase Error              (PE):    0.000ns
  Clock Domain Crossing:  Inter clock paths are considered valid unless explicitly excluded by timing constraints such as set_clock_groups or set_false_path.

    Location             Delay type                Incr(ns)  Path(ns)    Netlist Resource(s)
  -------------------------------------------------------------------    -------------------
                         (clock clk_out1_clk_wiz_0_1 rise edge)
                                                      0.000     0.000 r  
    E3                                                0.000     0.000 r  clk (IN)
                         net (fo=0)                   0.000     0.000    u_clk_wiz_0/inst/clk_in1
    E3                   IBUF (Prop_ibuf_I_O)         0.250     0.250 r  u_clk_wiz_0/inst/clkin1_ibufg/O
                         net (fo=1, routed)           0.440     0.690    u_clk_wiz_0/inst/clk_in1_clk_wiz_0
    MMCME2_ADV_X1Y2      MMCME2_ADV (Prop_mmcme2_adv_CLKIN1_CLKOUT0)
                                                     -2.379    -1.689 r  u_clk_wiz_0/inst/mmcm_adv_inst/CLKOUT0
                         net (fo=1, routed)           0.499    -1.190    u_clk_wiz_0/inst/clk_out1_clk_wiz_0
    BUFGCTRL_X0Y16       BUFG (Prop_bufg_I_O)         0.026    -1.164 r  u_clk_wiz_0/inst/clkout1_buf/O
                         net (fo=301, routed)         0.560    -0.604    u_clock_core/clk_out1
    SLICE_X60Y67         FDRE                                         r  u_clock_core/min_reg[2]/C
  -------------------------------------------------------------------    -------------------
    SLICE_X60Y67         FDRE (Prop_fdre_C_Q)         0.164    -0.440 r  u_clock_core/min_reg[2]/Q
                         net (fo=11, routed)          0.103    -0.337    u_clock_core/u_btn_min_down/min_reg[4]_2[2]
    SLICE_X61Y67         LUT6 (Prop_lut6_I1_O)        0.045    -0.292 r  u_clock_core/u_btn_min_down/min[3]_i_1/O
                         net (fo=1, routed)           0.000    -0.292    u_clock_core/u_btn_min_down_n_6
    SLICE_X61Y67         FDRE                                         r  u_clock_core/min_reg[3]/D
  -------------------------------------------------------------------    -------------------

                         (clock clk_out1_clk_wiz_0 rise edge)
                                                      0.000     0.000 r  
    E3                                                0.000     0.000 r  clk (IN)
                         net (fo=0)                   0.000     0.000    u_clk_wiz_0/inst/clk_in1
    E3                   IBUF (Prop_ibuf_I_O)         0.438     0.438 r  u_clk_wiz_0/inst/clkin1_ibufg/O
                         net (fo=1, routed)           0.480     0.918    u_clk_wiz_0/inst/clk_in1_clk_wiz_0
    MMCME2_ADV_X1Y2      MMCME2_ADV (Prop_mmcme2_adv_CLKIN1_CLKOUT0)
                                                     -3.163    -2.245 r  u_clk_wiz_0/inst/mmcm_adv_inst/CLKOUT0
                         net (fo=1, routed)           0.544    -1.702    u_clk_wiz_0/inst/clk_out1_clk_wiz_0
    BUFGCTRL_X0Y16       BUFG (Prop_bufg_I_O)         0.029    -1.673 r  u_clk_wiz_0/inst/clkout1_buf/O
                         net (fo=301, routed)         0.829    -0.844    u_clock_core/clk_out1
    SLICE_X61Y67         FDRE                                         r  u_clock_core/min_reg[3]/C
                         clock pessimism              0.253    -0.591    
                         clock uncertainty            0.086    -0.505    
    SLICE_X61Y67         FDRE (Hold_fdre_C_D)         0.092    -0.413    u_clock_core/min_reg[3]
  -------------------------------------------------------------------
                         required time                          0.413    
                         arrival time                          -0.292    
  -------------------------------------------------------------------
                         slack                                  0.121    

Slack (MET) :             0.128ns  (arrival time - required time)
  Source:                 u_bram_background/u_bg_rom/U0/inst_blk_mem_gen/gnbram.gnativebmg.native_blk_mem_gen/valid.cstr/has_mux_a.A/no_softecc_sel_reg.ce_pri.sel_pipe_reg[0]/C
                            (rising edge-triggered cell FDRE clocked by clk_out1_clk_wiz_0_1  {rise@0.000ns fall@19.862ns period=39.724ns})
  Destination:            u_bram_background/u_bg_rom/U0/inst_blk_mem_gen/gnbram.gnativebmg.native_blk_mem_gen/valid.cstr/has_mux_a.A/no_softecc_norm_sel2.has_mem_regs.WITHOUT_ECC_PIPE.ce_pri.sel_pipe_d1_reg[0]/D
                            (rising edge-triggered cell FDRE clocked by clk_out1_clk_wiz_0  {rise@0.000ns fall@19.862ns period=39.724ns})
  Path Group:             clk_out1_clk_wiz_0
  Path Type:              Hold (Min at Fast Process Corner)
  Requirement:            0.000ns  (clk_out1_clk_wiz_0 rise@0.000ns - clk_out1_clk_wiz_0_1 rise@0.000ns)
  Data Path Delay:        0.273ns  (logic 0.164ns (59.997%)  route 0.109ns (40.003%))
  Logic Levels:           0  
  Clock Path Skew:        0.000ns (DCD - SCD - CPR)
    Destination Clock Delay (DCD):    -0.842ns
    Source Clock Delay      (SCD):    -0.603ns
    Clock Pessimism Removal (CPR):    -0.239ns
  Clock Uncertainty:      0.086ns  ((TSJ^2 + DJ^2)^1/2) / 2 + PE
    Total System Jitter     (TSJ):    0.071ns
    Discrete Jitter          (DJ):    0.157ns
    Phase Error              (PE):    0.000ns
  Clock Domain Crossing:  Inter clock paths are considered valid unless explicitly excluded by timing constraints such as set_clock_groups or set_false_path.

    Location             Delay type                Incr(ns)  Path(ns)    Netlist Resource(s)
  -------------------------------------------------------------------    -------------------
                         (clock clk_out1_clk_wiz_0_1 rise edge)
                                                      0.000     0.000 r  
    E3                                                0.000     0.000 r  clk (IN)
                         net (fo=0)                   0.000     0.000    u_clk_wiz_0/inst/clk_in1
    E3                   IBUF (Prop_ibuf_I_O)         0.250     0.250 r  u_clk_wiz_0/inst/clkin1_ibufg/O
                         net (fo=1, routed)           0.440     0.690    u_clk_wiz_0/inst/clk_in1_clk_wiz_0
    MMCME2_ADV_X1Y2      MMCME2_ADV (Prop_mmcme2_adv_CLKIN1_CLKOUT0)
                                                     -2.379    -1.689 r  u_clk_wiz_0/inst/mmcm_adv_inst/CLKOUT0
                         net (fo=1, routed)           0.499    -1.190    u_clk_wiz_0/inst/clk_out1_clk_wiz_0
    BUFGCTRL_X0Y16       BUFG (Prop_bufg_I_O)         0.026    -1.164 r  u_clk_wiz_0/inst/clkout1_buf/O
                         net (fo=301, routed)         0.561    -0.603    u_bram_background/u_bg_rom/U0/inst_blk_mem_gen/gnbram.gnativebmg.native_blk_mem_gen/valid.cstr/has_mux_a.A/clka
    SLICE_X66Y68         FDRE                                         r  u_bram_background/u_bg_rom/U0/inst_blk_mem_gen/gnbram.gnativebmg.native_blk_mem_gen/valid.cstr/has_mux_a.A/no_softecc_sel_reg.ce_pri.sel_pipe_reg[0]/C
  -------------------------------------------------------------------    -------------------
    SLICE_X66Y68         FDRE (Prop_fdre_C_Q)         0.164    -0.439 r  u_bram_background/u_bg_rom/U0/inst_blk_mem_gen/gnbram.gnativebmg.native_blk_mem_gen/valid.cstr/has_mux_a.A/no_softecc_sel_reg.ce_pri.sel_pipe_reg[0]/Q
                         net (fo=1, routed)           0.109    -0.330    u_bram_background/u_bg_rom/U0/inst_blk_mem_gen/gnbram.gnativebmg.native_blk_mem_gen/valid.cstr/has_mux_a.A/sel_pipe[0]
    SLICE_X66Y68         FDRE                                         r  u_bram_background/u_bg_rom/U0/inst_blk_mem_gen/gnbram.gnativebmg.native_blk_mem_gen/valid.cstr/has_mux_a.A/no_softecc_norm_sel2.has_mem_regs.WITHOUT_ECC_PIPE.ce_pri.sel_pipe_d1_reg[0]/D
  -------------------------------------------------------------------    -------------------

                         (clock clk_out1_clk_wiz_0 rise edge)
                                                      0.000     0.000 r  
    E3                                                0.000     0.000 r  clk (IN)
                         net (fo=0)                   0.000     0.000    u_clk_wiz_0/inst/clk_in1
    E3                   IBUF (Prop_ibuf_I_O)         0.438     0.438 r  u_clk_wiz_0/inst/clkin1_ibufg/O
                         net (fo=1, routed)           0.480     0.918    u_clk_wiz_0/inst/clk_in1_clk_wiz_0
    MMCME2_ADV_X1Y2      MMCME2_ADV (Prop_mmcme2_adv_CLKIN1_CLKOUT0)
                                                     -3.163    -2.245 r  u_clk_wiz_0/inst/mmcm_adv_inst/CLKOUT0
                         net (fo=1, routed)           0.544    -1.702    u_clk_wiz_0/inst/clk_out1_clk_wiz_0
    BUFGCTRL_X0Y16       BUFG (Prop_bufg_I_O)         0.029    -1.673 r  u_clk_wiz_0/inst/clkout1_buf/O
                         net (fo=301, routed)         0.831    -0.842    u_bram_background/u_bg_rom/U0/inst_blk_mem_gen/gnbram.gnativebmg.native_blk_mem_gen/valid.cstr/has_mux_a.A/clka
    SLICE_X66Y68         FDRE                                         r  u_bram_background/u_bg_rom/U0/inst_blk_mem_gen/gnbram.gnativebmg.native_blk_mem_gen/valid.cstr/has_mux_a.A/no_softecc_norm_sel2.has_mem_regs.WITHOUT_ECC_PIPE.ce_pri.sel_pipe_d1_reg[0]/C
                         clock pessimism              0.239    -0.603    
                         clock uncertainty            0.086    -0.517    
    SLICE_X66Y68         FDRE (Hold_fdre_C_D)         0.059    -0.458    u_bram_background/u_bg_rom/U0/inst_blk_mem_gen/gnbram.gnativebmg.native_blk_mem_gen/valid.cstr/has_mux_a.A/no_softecc_norm_sel2.has_mem_regs.WITHOUT_ECC_PIPE.ce_pri.sel_pipe_d1_reg[0]
  -------------------------------------------------------------------
                         required time                          0.458    
                         arrival time                          -0.330    
  -------------------------------------------------------------------
                         slack                                  0.128    

Slack (MET) :             0.131ns  (arrival time - required time)
  Source:                 frame_cnt_reg[4]/C
                            (rising edge-triggered cell FDRE clocked by clk_out1_clk_wiz_0_1  {rise@0.000ns fall@19.862ns period=39.724ns})
  Destination:            frame_cnt_reg[5]/D
                            (rising edge-triggered cell FDRE clocked by clk_out1_clk_wiz_0  {rise@0.000ns fall@19.862ns period=39.724ns})
  Path Group:             clk_out1_clk_wiz_0
  Path Type:              Hold (Min at Fast Process Corner)
  Requirement:            0.000ns  (clk_out1_clk_wiz_0 rise@0.000ns - clk_out1_clk_wiz_0_1 rise@0.000ns)
  Data Path Delay:        0.338ns  (logic 0.247ns (73.079%)  route 0.091ns (26.921%))
  Logic Levels:           1  (LUT6=1)
  Clock Path Skew:        0.000ns (DCD - SCD - CPR)
    Destination Clock Delay (DCD):    -0.848ns
    Source Clock Delay      (SCD):    -0.607ns
    Clock Pessimism Removal (CPR):    -0.241ns
  Clock Uncertainty:      0.086ns  ((TSJ^2 + DJ^2)^1/2) / 2 + PE
    Total System Jitter     (TSJ):    0.071ns
    Discrete Jitter          (DJ):    0.157ns
    Phase Error              (PE):    0.000ns
  Clock Domain Crossing:  Inter clock paths are considered valid unless explicitly excluded by timing constraints such as set_clock_groups or set_false_path.

    Location             Delay type                Incr(ns)  Path(ns)    Netlist Resource(s)
  -------------------------------------------------------------------    -------------------
                         (clock clk_out1_clk_wiz_0_1 rise edge)
                                                      0.000     0.000 r  
    E3                                                0.000     0.000 r  clk (IN)
                         net (fo=0)                   0.000     0.000    u_clk_wiz_0/inst/clk_in1
    E3                   IBUF (Prop_ibuf_I_O)         0.250     0.250 r  u_clk_wiz_0/inst/clkin1_ibufg/O
                         net (fo=1, routed)           0.440     0.690    u_clk_wiz_0/inst/clk_in1_clk_wiz_0
    MMCME2_ADV_X1Y2      MMCME2_ADV (Prop_mmcme2_adv_CLKIN1_CLKOUT0)
                                                     -2.379    -1.689 r  u_clk_wiz_0/inst/mmcm_adv_inst/CLKOUT0
                         net (fo=1, routed)           0.499    -1.190    u_clk_wiz_0/inst/clk_out1_clk_wiz_0
    BUFGCTRL_X0Y16       BUFG (Prop_bufg_I_O)         0.026    -1.164 r  u_clk_wiz_0/inst/clkout1_buf/O
                         net (fo=301, routed)         0.557    -0.607    pix_clk
    SLICE_X50Y69         FDRE                                         r  frame_cnt_reg[4]/C
  -------------------------------------------------------------------    -------------------
    SLICE_X50Y69         FDRE (Prop_fdre_C_Q)         0.148    -0.459 r  frame_cnt_reg[4]/Q
                         net (fo=2, routed)           0.091    -0.368    frame_cnt_reg_n_0_[4]
    SLICE_X50Y69         LUT6 (Prop_lut6_I5_O)        0.099    -0.269 r  frame_cnt[5]_i_2/O
                         net (fo=1, routed)           0.000    -0.269    p_0_in[5]
    SLICE_X50Y69         FDRE                                         r  frame_cnt_reg[5]/D
  -------------------------------------------------------------------    -------------------

                         (clock clk_out1_clk_wiz_0 rise edge)
                                                      0.000     0.000 r  
    E3                                                0.000     0.000 r  clk (IN)
                         net (fo=0)                   0.000     0.000    u_clk_wiz_0/inst/clk_in1
    E3                   IBUF (Prop_ibuf_I_O)         0.438     0.438 r  u_clk_wiz_0/inst/clkin1_ibufg/O
                         net (fo=1, routed)           0.480     0.918    u_clk_wiz_0/inst/clk_in1_clk_wiz_0
    MMCME2_ADV_X1Y2      MMCME2_ADV (Prop_mmcme2_adv_CLKIN1_CLKOUT0)
                                                     -3.163    -2.245 r  u_clk_wiz_0/inst/mmcm_adv_inst/CLKOUT0
                         net (fo=1, routed)           0.544    -1.702    u_clk_wiz_0/inst/clk_out1_clk_wiz_0
    BUFGCTRL_X0Y16       BUFG (Prop_bufg_I_O)         0.029    -1.673 r  u_clk_wiz_0/inst/clkout1_buf/O
                         net (fo=301, routed)         0.825    -0.848    pix_clk
    SLICE_X50Y69         FDRE                                         r  frame_cnt_reg[5]/C
                         clock pessimism              0.241    -0.607    
                         clock uncertainty            0.086    -0.521    
    SLICE_X50Y69         FDRE (Hold_fdre_C_D)         0.121    -0.400    frame_cnt_reg[5]
  -------------------------------------------------------------------
                         required time                          0.400    
                         arrival time                          -0.269    
  -------------------------------------------------------------------
                         slack                                  0.131    

Slack (MET) :             0.132ns  (arrival time - required time)
  Source:                 u_clock_core/u_btn_min_up/stable_d_reg/C
                            (rising edge-triggered cell FDRE clocked by clk_out1_clk_wiz_0_1  {rise@0.000ns fall@19.862ns period=39.724ns})
  Destination:            u_clock_core/u_btn_min_up/pulse_reg/D
                            (rising edge-triggered cell FDRE clocked by clk_out1_clk_wiz_0  {rise@0.000ns fall@19.862ns period=39.724ns})
  Path Group:             clk_out1_clk_wiz_0
  Path Type:              Hold (Min at Fast Process Corner)
  Requirement:            0.000ns  (clk_out1_clk_wiz_0 rise@0.000ns - clk_out1_clk_wiz_0_1 rise@0.000ns)
  Data Path Delay:        0.323ns  (logic 0.186ns (57.513%)  route 0.137ns (42.487%))
  Logic Levels:           1  (LUT2=1)
  Clock Path Skew:        0.013ns (DCD - SCD - CPR)
    Destination Clock Delay (DCD):    -0.840ns
    Source Clock Delay      (SCD):    -0.601ns
    Clock Pessimism Removal (CPR):    -0.252ns
  Clock Uncertainty:      0.086ns  ((TSJ^2 + DJ^2)^1/2) / 2 + PE
    Total System Jitter     (TSJ):    0.071ns
    Discrete Jitter          (DJ):    0.157ns
    Phase Error              (PE):    0.000ns
  Clock Domain Crossing:  Inter clock paths are considered valid unless explicitly excluded by timing constraints such as set_clock_groups or set_false_path.

    Location             Delay type                Incr(ns)  Path(ns)    Netlist Resource(s)
  -------------------------------------------------------------------    -------------------
                         (clock clk_out1_clk_wiz_0_1 rise edge)
                                                      0.000     0.000 r  
    E3                                                0.000     0.000 r  clk (IN)
                         net (fo=0)                   0.000     0.000    u_clk_wiz_0/inst/clk_in1
    E3                   IBUF (Prop_ibuf_I_O)         0.250     0.250 r  u_clk_wiz_0/inst/clkin1_ibufg/O
                         net (fo=1, routed)           0.440     0.690    u_clk_wiz_0/inst/clk_in1_clk_wiz_0
    MMCME2_ADV_X1Y2      MMCME2_ADV (Prop_mmcme2_adv_CLKIN1_CLKOUT0)
                                                     -2.379    -1.689 r  u_clk_wiz_0/inst/mmcm_adv_inst/CLKOUT0
                         net (fo=1, routed)           0.499    -1.190    u_clk_wiz_0/inst/clk_out1_clk_wiz_0
    BUFGCTRL_X0Y16       BUFG (Prop_bufg_I_O)         0.026    -1.164 r  u_clk_wiz_0/inst/clkout1_buf/O
                         net (fo=301, routed)         0.563    -0.601    u_clock_core/u_btn_min_up/clk_out1
    SLICE_X41Y66         FDRE                                         r  u_clock_core/u_btn_min_up/stable_d_reg/C
  -------------------------------------------------------------------    -------------------
    SLICE_X41Y66         FDRE (Prop_fdre_C_Q)         0.141    -0.460 f  u_clock_core/u_btn_min_up/stable_d_reg/Q
                         net (fo=1, routed)           0.137    -0.323    u_clock_core/u_btn_min_up/stable_d
    SLICE_X40Y66         LUT2 (Prop_lut2_I1_O)        0.045    -0.278 r  u_clock_core/u_btn_min_up/pulse_i_1__1/O
                         net (fo=1, routed)           0.000    -0.278    u_clock_core/u_btn_min_up/pulse0
    SLICE_X40Y66         FDRE                                         r  u_clock_core/u_btn_min_up/pulse_reg/D
  -------------------------------------------------------------------    -------------------

                         (clock clk_out1_clk_wiz_0 rise edge)
                                                      0.000     0.000 r  
    E3                                                0.000     0.000 r  clk (IN)
                         net (fo=0)                   0.000     0.000    u_clk_wiz_0/inst/clk_in1
    E3                   IBUF (Prop_ibuf_I_O)         0.438     0.438 r  u_clk_wiz_0/inst/clkin1_ibufg/O
                         net (fo=1, routed)           0.480     0.918    u_clk_wiz_0/inst/clk_in1_clk_wiz_0
    MMCME2_ADV_X1Y2      MMCME2_ADV (Prop_mmcme2_adv_CLKIN1_CLKOUT0)
                                                     -3.163    -2.245 r  u_clk_wiz_0/inst/mmcm_adv_inst/CLKOUT0
                         net (fo=1, routed)           0.544    -1.702    u_clk_wiz_0/inst/clk_out1_clk_wiz_0
    BUFGCTRL_X0Y16       BUFG (Prop_bufg_I_O)         0.029    -1.673 r  u_clk_wiz_0/inst/clkout1_buf/O
                         net (fo=301, routed)         0.833    -0.840    u_clock_core/u_btn_min_up/clk_out1
    SLICE_X40Y66         FDRE                                         r  u_clock_core/u_btn_min_up/pulse_reg/C
                         clock pessimism              0.252    -0.588    
                         clock uncertainty            0.086    -0.502    
    SLICE_X40Y66         FDRE (Hold_fdre_C_D)         0.092    -0.410    u_clock_core/u_btn_min_up/pulse_reg
  -------------------------------------------------------------------
                         required time                          0.410    
                         arrival time                          -0.278    
  -------------------------------------------------------------------
                         slack                                  0.132    

Slack (MET) :             0.138ns  (arrival time - required time)
  Source:                 u_vga_timing/pixel_y_reg[6]/C
                            (rising edge-triggered cell FDRE clocked by clk_out1_clk_wiz_0_1  {rise@0.000ns fall@19.862ns period=39.724ns})
  Destination:            u_vga_timing/pixel_y_reg[8]/D
                            (rising edge-triggered cell FDRE clocked by clk_out1_clk_wiz_0  {rise@0.000ns fall@19.862ns period=39.724ns})
  Path Group:             clk_out1_clk_wiz_0
  Path Type:              Hold (Min at Fast Process Corner)
  Requirement:            0.000ns  (clk_out1_clk_wiz_0 rise@0.000ns - clk_out1_clk_wiz_0_1 rise@0.000ns)
  Data Path Delay:        0.328ns  (logic 0.186ns (56.701%)  route 0.142ns (43.299%))
  Logic Levels:           1  (LUT4=1)
  Clock Path Skew:        0.013ns (DCD - SCD - CPR)
    Destination Clock Delay (DCD):    -0.842ns
    Source Clock Delay      (SCD):    -0.603ns
    Clock Pessimism Removal (CPR):    -0.252ns
  Clock Uncertainty:      0.086ns  ((TSJ^2 + DJ^2)^1/2) / 2 + PE
    Total System Jitter     (TSJ):    0.071ns
    Discrete Jitter          (DJ):    0.157ns
    Phase Error              (PE):    0.000ns
  Clock Domain Crossing:  Inter clock paths are considered valid unless explicitly excluded by timing constraints such as set_clock_groups or set_false_path.

    Location             Delay type                Incr(ns)  Path(ns)    Netlist Resource(s)
  -------------------------------------------------------------------    -------------------
                         (clock clk_out1_clk_wiz_0_1 rise edge)
                                                      0.000     0.000 r  
    E3                                                0.000     0.000 r  clk (IN)
                         net (fo=0)                   0.000     0.000    u_clk_wiz_0/inst/clk_in1
    E3                   IBUF (Prop_ibuf_I_O)         0.250     0.250 r  u_clk_wiz_0/inst/clkin1_ibufg/O
                         net (fo=1, routed)           0.440     0.690    u_clk_wiz_0/inst/clk_in1_clk_wiz_0
    MMCME2_ADV_X1Y2      MMCME2_ADV (Prop_mmcme2_adv_CLKIN1_CLKOUT0)
                                                     -2.379    -1.689 r  u_clk_wiz_0/inst/mmcm_adv_inst/CLKOUT0
                         net (fo=1, routed)           0.499    -1.190    u_clk_wiz_0/inst/clk_out1_clk_wiz_0
    BUFGCTRL_X0Y16       BUFG (Prop_bufg_I_O)         0.026    -1.164 r  u_clk_wiz_0/inst/clkout1_buf/O
                         net (fo=301, routed)         0.561    -0.603    u_vga_timing/clk_out1
    SLICE_X69Y68         FDRE                                         r  u_vga_timing/pixel_y_reg[6]/C
  -------------------------------------------------------------------    -------------------
    SLICE_X69Y68         FDRE (Prop_fdre_C_Q)         0.141    -0.462 r  u_vga_timing/pixel_y_reg[6]/Q
                         net (fo=30, routed)          0.142    -0.320    u_vga_timing/pixel_y[6]
    SLICE_X68Y68         LUT4 (Prop_lut4_I2_O)        0.045    -0.275 r  u_vga_timing/pixel_y[8]_i_1/O
                         net (fo=1, routed)           0.000    -0.275    u_vga_timing/pixel_y_0[8]
    SLICE_X68Y68         FDRE                                         r  u_vga_timing/pixel_y_reg[8]/D
  -------------------------------------------------------------------    -------------------

                         (clock clk_out1_clk_wiz_0 rise edge)
                                                      0.000     0.000 r  
    E3                                                0.000     0.000 r  clk (IN)
                         net (fo=0)                   0.000     0.000    u_clk_wiz_0/inst/clk_in1
    E3                   IBUF (Prop_ibuf_I_O)         0.438     0.438 r  u_clk_wiz_0/inst/clkin1_ibufg/O
                         net (fo=1, routed)           0.480     0.918    u_clk_wiz_0/inst/clk_in1_clk_wiz_0
    MMCME2_ADV_X1Y2      MMCME2_ADV (Prop_mmcme2_adv_CLKIN1_CLKOUT0)
                                                     -3.163    -2.245 r  u_clk_wiz_0/inst/mmcm_adv_inst/CLKOUT0
                         net (fo=1, routed)           0.544    -1.702    u_clk_wiz_0/inst/clk_out1_clk_wiz_0
    BUFGCTRL_X0Y16       BUFG (Prop_bufg_I_O)         0.029    -1.673 r  u_clk_wiz_0/inst/clkout1_buf/O
                         net (fo=301, routed)         0.831    -0.842    u_vga_timing/clk_out1
    SLICE_X68Y68         FDRE                                         r  u_vga_timing/pixel_y_reg[8]/C
                         clock pessimism              0.252    -0.590    
                         clock uncertainty            0.086    -0.504    
    SLICE_X68Y68         FDRE (Hold_fdre_C_D)         0.091    -0.413    u_vga_timing/pixel_y_reg[8]
  -------------------------------------------------------------------
                         required time                          0.413    
                         arrival time                          -0.275    
  -------------------------------------------------------------------
                         slack                                  0.138    

Slack (MET) :             0.141ns  (arrival time - required time)
  Source:                 u_clock_core/sec_reg[0]/C
                            (rising edge-triggered cell FDRE clocked by clk_out1_clk_wiz_0_1  {rise@0.000ns fall@19.862ns period=39.724ns})
  Destination:            u_clock_core/sec_reg[4]/D
                            (rising edge-triggered cell FDRE clocked by clk_out1_clk_wiz_0  {rise@0.000ns fall@19.862ns period=39.724ns})
  Path Group:             clk_out1_clk_wiz_0
  Path Type:              Hold (Min at Fast Process Corner)
  Requirement:            0.000ns  (clk_out1_clk_wiz_0 rise@0.000ns - clk_out1_clk_wiz_0_1 rise@0.000ns)
  Data Path Delay:        0.347ns  (logic 0.213ns (61.305%)  route 0.134ns (38.695%))
  Logic Levels:           1  (LUT5=1)
  Clock Path Skew:        0.013ns (DCD - SCD - CPR)
    Destination Clock Delay (DCD):    -0.847ns
    Source Clock Delay      (SCD):    -0.607ns
    Clock Pessimism Removal (CPR):    -0.253ns
  Clock Uncertainty:      0.086ns  ((TSJ^2 + DJ^2)^1/2) / 2 + PE
    Total System Jitter     (TSJ):    0.071ns
    Discrete Jitter          (DJ):    0.157ns
    Phase Error              (PE):    0.000ns
  Clock Domain Crossing:  Inter clock paths are considered valid unless explicitly excluded by timing constraints such as set_clock_groups or set_false_path.

    Location             Delay type                Incr(ns)  Path(ns)    Netlist Resource(s)
  -------------------------------------------------------------------    -------------------
                         (clock clk_out1_clk_wiz_0_1 rise edge)
                                                      0.000     0.000 r  
    E3                                                0.000     0.000 r  clk (IN)
                         net (fo=0)                   0.000     0.000    u_clk_wiz_0/inst/clk_in1
    E3                   IBUF (Prop_ibuf_I_O)         0.250     0.250 r  u_clk_wiz_0/inst/clkin1_ibufg/O
                         net (fo=1, routed)           0.440     0.690    u_clk_wiz_0/inst/clk_in1_clk_wiz_0
    MMCME2_ADV_X1Y2      MMCME2_ADV (Prop_mmcme2_adv_CLKIN1_CLKOUT0)
                                                     -2.379    -1.689 r  u_clk_wiz_0/inst/mmcm_adv_inst/CLKOUT0
                         net (fo=1, routed)           0.499    -1.190    u_clk_wiz_0/inst/clk_out1_clk_wiz_0
    BUFGCTRL_X0Y16       BUFG (Prop_bufg_I_O)         0.026    -1.164 r  u_clk_wiz_0/inst/clkout1_buf/O
                         net (fo=301, routed)         0.557    -0.607    u_clock_core/clk_out1
    SLICE_X58Y70         FDRE                                         r  u_clock_core/sec_reg[0]/C
  -------------------------------------------------------------------    -------------------
    SLICE_X58Y70         FDRE (Prop_fdre_C_Q)         0.164    -0.443 r  u_clock_core/sec_reg[0]/Q
                         net (fo=15, routed)          0.134    -0.309    u_clock_core/sec_reg_n_0_[0]
    SLICE_X59Y70         LUT5 (Prop_lut5_I3_O)        0.049    -0.260 r  u_clock_core/sec[4]_i_1/O
                         net (fo=1, routed)           0.000    -0.260    u_clock_core/sec[4]_i_1_n_0
    SLICE_X59Y70         FDRE                                         r  u_clock_core/sec_reg[4]/D
  -------------------------------------------------------------------    -------------------

                         (clock clk_out1_clk_wiz_0 rise edge)
                                                      0.000     0.000 r  
    E3                                                0.000     0.000 r  clk (IN)
                         net (fo=0)                   0.000     0.000    u_clk_wiz_0/inst/clk_in1
    E3                   IBUF (Prop_ibuf_I_O)         0.438     0.438 r  u_clk_wiz_0/inst/clkin1_ibufg/O
                         net (fo=1, routed)           0.480     0.918    u_clk_wiz_0/inst/clk_in1_clk_wiz_0
    MMCME2_ADV_X1Y2      MMCME2_ADV (Prop_mmcme2_adv_CLKIN1_CLKOUT0)
                                                     -3.163    -2.245 r  u_clk_wiz_0/inst/mmcm_adv_inst/CLKOUT0
                         net (fo=1, routed)           0.544    -1.702    u_clk_wiz_0/inst/clk_out1_clk_wiz_0
    BUFGCTRL_X0Y16       BUFG (Prop_bufg_I_O)         0.029    -1.673 r  u_clk_wiz_0/inst/clkout1_buf/O
                         net (fo=301, routed)         0.826    -0.847    u_clock_core/clk_out1
    SLICE_X59Y70         FDRE                                         r  u_clock_core/sec_reg[4]/C
                         clock pessimism              0.253    -0.594    
                         clock uncertainty            0.086    -0.508    
    SLICE_X59Y70         FDRE (Hold_fdre_C_D)         0.107    -0.401    u_clock_core/sec_reg[4]
  -------------------------------------------------------------------
                         required time                          0.401    
                         arrival time                          -0.260    
  -------------------------------------------------------------------
                         slack                                  0.141    





---------------------------------------------------------------------------------------------------
From Clock:  clk_out1_clk_wiz_0
  To Clock:  clk_out1_clk_wiz_0_1

Setup :            0  Failing Endpoints,  Worst Slack       34.030ns,  Total Violation        0.000ns
Hold  :            0  Failing Endpoints,  Worst Slack        0.085ns,  Total Violation        0.000ns
---------------------------------------------------------------------------------------------------


Max Delay Paths
--------------------------------------------------------------------------------------
Slack (MET) :             34.030ns  (required time - arrival time)
  Source:                 u_vga_timing/pixel_y_reg[8]/C
                            (rising edge-triggered cell FDRE clocked by clk_out1_clk_wiz_0  {rise@0.000ns fall@19.862ns period=39.724ns})
  Destination:            u_bram_background/u_bg_rom/U0/inst_blk_mem_gen/gnbram.gnativebmg.native_blk_mem_gen/valid.cstr/ramloop[19].ram.r/prim_init.ram/DEVICE_7SERIES.NO_BMM_INFO.SP.SIMPLE_PRIM36.ram/ENARDEN
                            (rising edge-triggered cell RAMB36E1 clocked by clk_out1_clk_wiz_0_1  {rise@0.000ns fall@19.862ns period=39.724ns})
  Path Group:             clk_out1_clk_wiz_0_1
  Path Type:              Setup (Max at Slow Process Corner)
  Requirement:            39.724ns  (clk_out1_clk_wiz_0_1 rise@39.724ns - clk_out1_clk_wiz_0 rise@0.000ns)
  Data Path Delay:        5.170ns  (logic 0.939ns (18.164%)  route 4.231ns (81.836%))
  Logic Levels:           3  (CARRY4=1 LUT3=1 LUT5=1)
  Clock Path Skew:        0.054ns (DCD - SCD + CPR)
    Destination Clock Delay (DCD):    -0.670ns = ( 39.053 - 39.724 ) 
    Source Clock Delay      (SCD):    -0.376ns
    Clock Pessimism Removal (CPR):    0.348ns
  Clock Uncertainty:      0.086ns  ((TSJ^2 + DJ^2)^1/2) / 2 + PE
    Total System Jitter     (TSJ):    0.071ns
    Discrete Jitter          (DJ):    0.157ns
    Phase Error              (PE):    0.000ns
  Clock Domain Crossing:  Inter clock paths are considered valid unless explicitly excluded by timing constraints such as set_clock_groups or set_false_path.

    Location             Delay type                Incr(ns)  Path(ns)    Netlist Resource(s)
  -------------------------------------------------------------------    -------------------
                         (clock clk_out1_clk_wiz_0 rise edge)
                                                      0.000     0.000 r  
    E3                                                0.000     0.000 r  clk (IN)
                         net (fo=0)                   0.000     0.000    u_clk_wiz_0/inst/clk_in1
    E3                   IBUF (Prop_ibuf_I_O)         1.330     1.330 r  u_clk_wiz_0/inst/clkin1_ibufg/O
                         net (fo=1, routed)           0.974     2.304    u_clk_wiz_0/inst/clk_in1_clk_wiz_0
    MMCME2_ADV_X1Y2      MMCME2_ADV (Prop_mmcme2_adv_CLKIN1_CLKOUT0)
                                                     -5.294    -2.990 r  u_clk_wiz_0/inst/mmcm_adv_inst/CLKOUT0
                         net (fo=1, routed)           1.297    -1.693    u_clk_wiz_0/inst/clk_out1_clk_wiz_0
    BUFGCTRL_X0Y16       BUFG (Prop_bufg_I_O)         0.076    -1.617 r  u_clk_wiz_0/inst/clkout1_buf/O
                         net (fo=301, routed)         1.241    -0.376    u_vga_timing/clk_out1
    SLICE_X68Y68         FDRE                                         r  u_vga_timing/pixel_y_reg[8]/C
  -------------------------------------------------------------------    -------------------
    SLICE_X68Y68         FDRE (Prop_fdre_C_Q)         0.341    -0.035 r  u_vga_timing/pixel_y_reg[8]/Q
                         net (fo=23, routed)          1.231     1.196    u_vga_timing/Q[1]
    SLICE_X66Y69         LUT3 (Prop_lut3_I0_O)        0.097     1.293 r  u_vga_timing/rom_addr__0_carry__1_i_3/O
                         net (fo=1, routed)           0.000     1.293    u_bram_background/no_softecc_sel_reg.ce_pri.sel_pipe_reg[4]_0[1]
    SLICE_X66Y69         CARRY4 (Prop_carry4_S[1]_CO[3])
                                                      0.402     1.695 f  u_bram_background/rom_addr__0_carry__1/CO[3]
                         net (fo=27, routed)          2.323     4.018    u_bram_background/u_bg_rom/U0/inst_blk_mem_gen/gnbram.gnativebmg.native_blk_mem_gen/valid.cstr/bindec_a.bindec_inst_a/addra[4]
    SLICE_X72Y77         LUT5 (Prop_lut5_I1_O)        0.099     4.117 r  u_bram_background/u_bg_rom/U0/inst_blk_mem_gen/gnbram.gnativebmg.native_blk_mem_gen/valid.cstr/bindec_a.bindec_inst_a/DEVICE_7SERIES.NO_BMM_INFO.SP.SIMPLE_PRIM36.ram_i_1__13/O
                         net (fo=1, routed)           0.676     4.793    u_bram_background/u_bg_rom/U0/inst_blk_mem_gen/gnbram.gnativebmg.native_blk_mem_gen/valid.cstr/ramloop[19].ram.r/prim_init.ram/ena_array[0]
    RAMB36_X2Y16         RAMB36E1                                     r  u_bram_background/u_bg_rom/U0/inst_blk_mem_gen/gnbram.gnativebmg.native_blk_mem_gen/valid.cstr/ramloop[19].ram.r/prim_init.ram/DEVICE_7SERIES.NO_BMM_INFO.SP.SIMPLE_PRIM36.ram/ENARDEN
  -------------------------------------------------------------------    -------------------

                         (clock clk_out1_clk_wiz_0_1 rise edge)
                                                     39.724    39.724 r  
    E3                                                0.000    39.724 r  clk (IN)
                         net (fo=0)                   0.000    39.724    u_clk_wiz_0/inst/clk_in1
    E3                   IBUF (Prop_ibuf_I_O)         1.263    40.986 r  u_clk_wiz_0/inst/clkin1_ibufg/O
                         net (fo=1, routed)           0.916    41.903    u_clk_wiz_0/inst/clk_in1_clk_wiz_0
    MMCME2_ADV_X1Y2      MMCME2_ADV (Prop_mmcme2_adv_CLKIN1_CLKOUT0)
                                                     -5.390    36.513 r  u_clk_wiz_0/inst/mmcm_adv_inst/CLKOUT0
                         net (fo=1, routed)           1.234    37.747    u_clk_wiz_0/inst/clk_out1_clk_wiz_0
    BUFGCTRL_X0Y16       BUFG (Prop_bufg_I_O)         0.072    37.819 r  u_clk_wiz_0/inst/clkout1_buf/O
                         net (fo=301, routed)         1.234    39.053    u_bram_background/u_bg_rom/U0/inst_blk_mem_gen/gnbram.gnativebmg.native_blk_mem_gen/valid.cstr/ramloop[19].ram.r/prim_init.ram/clka
    RAMB36_X2Y16         RAMB36E1                                     r  u_bram_background/u_bg_rom/U0/inst_blk_mem_gen/gnbram.gnativebmg.native_blk_mem_gen/valid.cstr/ramloop[19].ram.r/prim_init.ram/DEVICE_7SERIES.NO_BMM_INFO.SP.SIMPLE_PRIM36.ram/CLKARDCLK
                         clock pessimism              0.348    39.401    
                         clock uncertainty           -0.086    39.315    
    RAMB36_X2Y16         RAMB36E1 (Setup_ramb36e1_CLKARDCLK_ENARDEN)
                                                     -0.491    38.824    u_bram_background/u_bg_rom/U0/inst_blk_mem_gen/gnbram.gnativebmg.native_blk_mem_gen/valid.cstr/ramloop[19].ram.r/prim_init.ram/DEVICE_7SERIES.NO_BMM_INFO.SP.SIMPLE_PRIM36.ram
  -------------------------------------------------------------------
                         required time                         38.824    
                         arrival time                          -4.793    
  -------------------------------------------------------------------
                         slack                                 34.030    

Slack (MET) :             34.045ns  (required time - arrival time)
  Source:                 u_vga_timing/pixel_y_reg[8]/C
                            (rising edge-triggered cell FDRE clocked by clk_out1_clk_wiz_0  {rise@0.000ns fall@19.862ns period=39.724ns})
  Destination:            u_bram_background/u_bg_rom/U0/inst_blk_mem_gen/gnbram.gnativebmg.native_blk_mem_gen/valid.cstr/ramloop[18].ram.r/prim_init.ram/DEVICE_7SERIES.NO_BMM_INFO.SP.SIMPLE_PRIM36.ram/ENARDEN
                            (rising edge-triggered cell RAMB36E1 clocked by clk_out1_clk_wiz_0_1  {rise@0.000ns fall@19.862ns period=39.724ns})
  Path Group:             clk_out1_clk_wiz_0_1
  Path Type:              Setup (Max at Slow Process Corner)
  Requirement:            39.724ns  (clk_out1_clk_wiz_0_1 rise@39.724ns - clk_out1_clk_wiz_0 rise@0.000ns)
  Data Path Delay:        5.302ns  (logic 0.937ns (17.671%)  route 4.365ns (82.329%))
  Logic Levels:           3  (CARRY4=1 LUT3=1 LUT5=1)
  Clock Path Skew:        0.058ns (DCD - SCD + CPR)
    Destination Clock Delay (DCD):    -0.666ns = ( 39.057 - 39.724 ) 
    Source Clock Delay      (SCD):    -0.376ns
    Clock Pessimism Removal (CPR):    0.348ns
  Clock Uncertainty:      0.086ns  ((TSJ^2 + DJ^2)^1/2) / 2 + PE
    Total System Jitter     (TSJ):    0.071ns
    Discrete Jitter          (DJ):    0.157ns
    Phase Error              (PE):    0.000ns
  Clock Domain Crossing:  Inter clock paths are considered valid unless explicitly excluded by timing constraints such as set_clock_groups or set_false_path.

    Location             Delay type                Incr(ns)  Path(ns)    Netlist Resource(s)
  -------------------------------------------------------------------    -------------------
                         (clock clk_out1_clk_wiz_0 rise edge)
                                                      0.000     0.000 r  
    E3                                                0.000     0.000 r  clk (IN)
                         net (fo=0)                   0.000     0.000    u_clk_wiz_0/inst/clk_in1
    E3                   IBUF (Prop_ibuf_I_O)         1.330     1.330 r  u_clk_wiz_0/inst/clkin1_ibufg/O
                         net (fo=1, routed)           0.974     2.304    u_clk_wiz_0/inst/clk_in1_clk_wiz_0
    MMCME2_ADV_X1Y2      MMCME2_ADV (Prop_mmcme2_adv_CLKIN1_CLKOUT0)
                                                     -5.294    -2.990 r  u_clk_wiz_0/inst/mmcm_adv_inst/CLKOUT0
                         net (fo=1, routed)           1.297    -1.693    u_clk_wiz_0/inst/clk_out1_clk_wiz_0
    BUFGCTRL_X0Y16       BUFG (Prop_bufg_I_O)         0.076    -1.617 r  u_clk_wiz_0/inst/clkout1_buf/O
                         net (fo=301, routed)         1.241    -0.376    u_vga_timing/clk_out1
    SLICE_X68Y68         FDRE                                         r  u_vga_timing/pixel_y_reg[8]/C
  -------------------------------------------------------------------    -------------------
    SLICE_X68Y68         FDRE (Prop_fdre_C_Q)         0.341    -0.035 r  u_vga_timing/pixel_y_reg[8]/Q
                         net (fo=23, routed)          1.231     1.196    u_vga_timing/Q[1]
    SLICE_X66Y69         LUT3 (Prop_lut3_I0_O)        0.097     1.293 r  u_vga_timing/rom_addr__0_carry__1_i_3/O
                         net (fo=1, routed)           0.000     1.293    u_bram_background/no_softecc_sel_reg.ce_pri.sel_pipe_reg[4]_0[1]
    SLICE_X66Y69         CARRY4 (Prop_carry4_S[1]_CO[3])
                                                      0.402     1.695 f  u_bram_background/rom_addr__0_carry__1/CO[3]
                         net (fo=27, routed)          2.322     4.016    u_bram_background/u_bg_rom/U0/inst_blk_mem_gen/gnbram.gnativebmg.native_blk_mem_gen/valid.cstr/bindec_a.bindec_inst_a/addra[4]
    SLICE_X72Y77         LUT5 (Prop_lut5_I1_O)        0.097     4.113 r  u_bram_background/u_bg_rom/U0/inst_blk_mem_gen/gnbram.gnativebmg.native_blk_mem_gen/valid.cstr/bindec_a.bindec_inst_a/DEVICE_7SERIES.NO_BMM_INFO.SP.SIMPLE_PRIM36.ram_i_1__12/O
                         net (fo=1, routed)           0.813     4.926    u_bram_background/u_bg_rom/U0/inst_blk_mem_gen/gnbram.gnativebmg.native_blk_mem_gen/valid.cstr/ramloop[18].ram.r/prim_init.ram/ena_array[0]
    RAMB36_X2Y17         RAMB36E1                                     r  u_bram_background/u_bg_rom/U0/inst_blk_mem_gen/gnbram.gnativebmg.native_blk_mem_gen/valid.cstr/ramloop[18].ram.r/prim_init.ram/DEVICE_7SERIES.NO_BMM_INFO.SP.SIMPLE_PRIM36.ram/ENARDEN
  -------------------------------------------------------------------    -------------------

                         (clock clk_out1_clk_wiz_0_1 rise edge)
                                                     39.724    39.724 r  
    E3                                                0.000    39.724 r  clk (IN)
                         net (fo=0)                   0.000    39.724    u_clk_wiz_0/inst/clk_in1
    E3                   IBUF (Prop_ibuf_I_O)         1.263    40.986 r  u_clk_wiz_0/inst/clkin1_ibufg/O
                         net (fo=1, routed)           0.916    41.903    u_clk_wiz_0/inst/clk_in1_clk_wiz_0
    MMCME2_ADV_X1Y2      MMCME2_ADV (Prop_mmcme2_adv_CLKIN1_CLKOUT0)
                                                     -5.390    36.513 r  u_clk_wiz_0/inst/mmcm_adv_inst/CLKOUT0
                         net (fo=1, routed)           1.234    37.747    u_clk_wiz_0/inst/clk_out1_clk_wiz_0
    BUFGCTRL_X0Y16       BUFG (Prop_bufg_I_O)         0.072    37.819 r  u_clk_wiz_0/inst/clkout1_buf/O
                         net (fo=301, routed)         1.238    39.057    u_bram_background/u_bg_rom/U0/inst_blk_mem_gen/gnbram.gnativebmg.native_blk_mem_gen/valid.cstr/ramloop[18].ram.r/prim_init.ram/clka
    RAMB36_X2Y17         RAMB36E1                                     r  u_bram_background/u_bg_rom/U0/inst_blk_mem_gen/gnbram.gnativebmg.native_blk_mem_gen/valid.cstr/ramloop[18].ram.r/prim_init.ram/DEVICE_7SERIES.NO_BMM_INFO.SP.SIMPLE_PRIM36.ram/CLKARDCLK
                         clock pessimism              0.348    39.405    
                         clock uncertainty           -0.086    39.319    
    RAMB36_X2Y17         RAMB36E1 (Setup_ramb36e1_CLKARDCLK_ENARDEN)
                                                     -0.348    38.971    u_bram_background/u_bg_rom/U0/inst_blk_mem_gen/gnbram.gnativebmg.native_blk_mem_gen/valid.cstr/ramloop[18].ram.r/prim_init.ram/DEVICE_7SERIES.NO_BMM_INFO.SP.SIMPLE_PRIM36.ram
  -------------------------------------------------------------------
                         required time                         38.971    
                         arrival time                          -4.926    
  -------------------------------------------------------------------
                         slack                                 34.045    

Slack (MET) :             34.190ns  (required time - arrival time)
  Source:                 u_vga_timing/pixel_y_reg[8]/C
                            (rising edge-triggered cell FDRE clocked by clk_out1_clk_wiz_0  {rise@0.000ns fall@19.862ns period=39.724ns})
  Destination:            u_bram_background/u_bg_rom/U0/inst_blk_mem_gen/gnbram.gnativebmg.native_blk_mem_gen/valid.cstr/ramloop[13].ram.r/prim_init.ram/DEVICE_7SERIES.NO_BMM_INFO.SP.SIMPLE_PRIM36.ram/ENARDEN
                            (rising edge-triggered cell RAMB36E1 clocked by clk_out1_clk_wiz_0_1  {rise@0.000ns fall@19.862ns period=39.724ns})
  Path Group:             clk_out1_clk_wiz_0_1
  Path Type:              Setup (Max at Slow Process Corner)
  Requirement:            39.724ns  (clk_out1_clk_wiz_0_1 rise@39.724ns - clk_out1_clk_wiz_0 rise@0.000ns)
  Data Path Delay:        5.013ns  (logic 0.935ns (18.652%)  route 4.078ns (81.348%))
  Logic Levels:           3  (CARRY4=1 LUT3=1 LUT5=1)
  Clock Path Skew:        0.062ns (DCD - SCD + CPR)
    Destination Clock Delay (DCD):    -0.662ns = ( 39.061 - 39.724 ) 
    Source Clock Delay      (SCD):    -0.376ns
    Clock Pessimism Removal (CPR):    0.348ns
  Clock Uncertainty:      0.086ns  ((TSJ^2 + DJ^2)^1/2) / 2 + PE
    Total System Jitter     (TSJ):    0.071ns
    Discrete Jitter          (DJ):    0.157ns
    Phase Error              (PE):    0.000ns
  Clock Domain Crossing:  Inter clock paths are considered valid unless explicitly excluded by timing constraints such as set_clock_groups or set_false_path.

    Location             Delay type                Incr(ns)  Path(ns)    Netlist Resource(s)
  -------------------------------------------------------------------    -------------------
                         (clock clk_out1_clk_wiz_0 rise edge)
                                                      0.000     0.000 r  
    E3                                                0.000     0.000 r  clk (IN)
                         net (fo=0)                   0.000     0.000    u_clk_wiz_0/inst/clk_in1
    E3                   IBUF (Prop_ibuf_I_O)         1.330     1.330 r  u_clk_wiz_0/inst/clkin1_ibufg/O
                         net (fo=1, routed)           0.974     2.304    u_clk_wiz_0/inst/clk_in1_clk_wiz_0
    MMCME2_ADV_X1Y2      MMCME2_ADV (Prop_mmcme2_adv_CLKIN1_CLKOUT0)
                                                     -5.294    -2.990 r  u_clk_wiz_0/inst/mmcm_adv_inst/CLKOUT0
                         net (fo=1, routed)           1.297    -1.693    u_clk_wiz_0/inst/clk_out1_clk_wiz_0
    BUFGCTRL_X0Y16       BUFG (Prop_bufg_I_O)         0.076    -1.617 r  u_clk_wiz_0/inst/clkout1_buf/O
                         net (fo=301, routed)         1.241    -0.376    u_vga_timing/clk_out1
    SLICE_X68Y68         FDRE                                         r  u_vga_timing/pixel_y_reg[8]/C
  -------------------------------------------------------------------    -------------------
    SLICE_X68Y68         FDRE (Prop_fdre_C_Q)         0.341    -0.035 r  u_vga_timing/pixel_y_reg[8]/Q
                         net (fo=23, routed)          1.231     1.196    u_vga_timing/Q[1]
    SLICE_X66Y69         LUT3 (Prop_lut3_I0_O)        0.097     1.293 r  u_vga_timing/rom_addr__0_carry__1_i_3/O
                         net (fo=1, routed)           0.000     1.293    u_bram_background/no_softecc_sel_reg.ce_pri.sel_pipe_reg[4]_0[1]
    SLICE_X66Y69         CARRY4 (Prop_carry4_S[1]_CO[3])
                                                      0.402     1.695 f  u_bram_background/rom_addr__0_carry__1/CO[3]
                         net (fo=27, routed)          2.322     4.016    u_bram_background/u_bg_rom/U0/inst_blk_mem_gen/gnbram.gnativebmg.native_blk_mem_gen/valid.cstr/bindec_a.bindec_inst_a/addra[4]
    SLICE_X72Y77         LUT5 (Prop_lut5_I1_O)        0.095     4.111 r  u_bram_background/u_bg_rom/U0/inst_blk_mem_gen/gnbram.gnativebmg.native_blk_mem_gen/valid.cstr/bindec_a.bindec_inst_a/DEVICE_7SERIES.NO_BMM_INFO.SP.SIMPLE_PRIM36.ram_i_1__7/O
                         net (fo=1, routed)           0.525     4.636    u_bram_background/u_bg_rom/U0/inst_blk_mem_gen/gnbram.gnativebmg.native_blk_mem_gen/valid.cstr/ramloop[13].ram.r/prim_init.ram/ena_array[0]
    RAMB36_X3Y16         RAMB36E1                                     r  u_bram_background/u_bg_rom/U0/inst_blk_mem_gen/gnbram.gnativebmg.native_blk_mem_gen/valid.cstr/ramloop[13].ram.r/prim_init.ram/DEVICE_7SERIES.NO_BMM_INFO.SP.SIMPLE_PRIM36.ram/ENARDEN
  -------------------------------------------------------------------    -------------------

                         (clock clk_out1_clk_wiz_0_1 rise edge)
                                                     39.724    39.724 r  
    E3                                                0.000    39.724 r  clk (IN)
                         net (fo=0)                   0.000    39.724    u_clk_wiz_0/inst/clk_in1
    E3                   IBUF (Prop_ibuf_I_O)         1.263    40.986 r  u_clk_wiz_0/inst/clkin1_ibufg/O
                         net (fo=1, routed)           0.916    41.903    u_clk_wiz_0/inst/clk_in1_clk_wiz_0
    MMCME2_ADV_X1Y2      MMCME2_ADV (Prop_mmcme2_adv_CLKIN1_CLKOUT0)
                                                     -5.390    36.513 r  u_clk_wiz_0/inst/mmcm_adv_inst/CLKOUT0
                         net (fo=1, routed)           1.234    37.747    u_clk_wiz_0/inst/clk_out1_clk_wiz_0
    BUFGCTRL_X0Y16       BUFG (Prop_bufg_I_O)         0.072    37.819 r  u_clk_wiz_0/inst/clkout1_buf/O
                         net (fo=301, routed)         1.242    39.061    u_bram_background/u_bg_rom/U0/inst_blk_mem_gen/gnbram.gnativebmg.native_blk_mem_gen/valid.cstr/ramloop[13].ram.r/prim_init.ram/clka
    RAMB36_X3Y16         RAMB36E1                                     r  u_bram_background/u_bg_rom/U0/inst_blk_mem_gen/gnbram.gnativebmg.native_blk_mem_gen/valid.cstr/ramloop[13].ram.r/prim_init.ram/DEVICE_7SERIES.NO_BMM_INFO.SP.SIMPLE_PRIM36.ram/CLKARDCLK
                         clock pessimism              0.348    39.409    
                         clock uncertainty           -0.086    39.323    
    RAMB36_X3Y16         RAMB36E1 (Setup_ramb36e1_CLKARDCLK_ENARDEN)
                                                     -0.496    38.827    u_bram_background/u_bg_rom/U0/inst_blk_mem_gen/gnbram.gnativebmg.native_blk_mem_gen/valid.cstr/ramloop[13].ram.r/prim_init.ram/DEVICE_7SERIES.NO_BMM_INFO.SP.SIMPLE_PRIM36.ram
  -------------------------------------------------------------------
                         required time                         38.827    
                         arrival time                          -4.636    
  -------------------------------------------------------------------
                         slack                                 34.190    

Slack (MET) :             34.495ns  (required time - arrival time)
  Source:                 u_vga_timing/pixel_y_reg[8]/C
                            (rising edge-triggered cell FDRE clocked by clk_out1_clk_wiz_0  {rise@0.000ns fall@19.862ns period=39.724ns})
  Destination:            u_bram_background/u_bg_rom/U0/inst_blk_mem_gen/gnbram.gnativebmg.native_blk_mem_gen/valid.cstr/ramloop[15].ram.r/prim_init.ram/DEVICE_7SERIES.NO_BMM_INFO.SP.SIMPLE_PRIM36.ram/ENARDEN
                            (rising edge-triggered cell RAMB36E1 clocked by clk_out1_clk_wiz_0_1  {rise@0.000ns fall@19.862ns period=39.724ns})
  Path Group:             clk_out1_clk_wiz_0_1
  Path Type:              Setup (Max at Slow Process Corner)
  Requirement:            39.724ns  (clk_out1_clk_wiz_0_1 rise@39.724ns - clk_out1_clk_wiz_0 rise@0.000ns)
  Data Path Delay:        4.844ns  (logic 0.937ns (19.343%)  route 3.907ns (80.657%))
  Logic Levels:           3  (CARRY4=1 LUT3=1 LUT5=1)
  Clock Path Skew:        0.050ns (DCD - SCD + CPR)
    Destination Clock Delay (DCD):    -0.674ns = ( 39.049 - 39.724 ) 
    Source Clock Delay      (SCD):    -0.376ns
    Clock Pessimism Removal (CPR):    0.348ns
  Clock Uncertainty:      0.086ns  ((TSJ^2 + DJ^2)^1/2) / 2 + PE
    Total System Jitter     (TSJ):    0.071ns
    Discrete Jitter          (DJ):    0.157ns
    Phase Error              (PE):    0.000ns
  Clock Domain Crossing:  Inter clock paths are considered valid unless explicitly excluded by timing constraints such as set_clock_groups or set_false_path.

    Location             Delay type                Incr(ns)  Path(ns)    Netlist Resource(s)
  -------------------------------------------------------------------    -------------------
                         (clock clk_out1_clk_wiz_0 rise edge)
                                                      0.000     0.000 r  
    E3                                                0.000     0.000 r  clk (IN)
                         net (fo=0)                   0.000     0.000    u_clk_wiz_0/inst/clk_in1
    E3                   IBUF (Prop_ibuf_I_O)         1.330     1.330 r  u_clk_wiz_0/inst/clkin1_ibufg/O
                         net (fo=1, routed)           0.974     2.304    u_clk_wiz_0/inst/clk_in1_clk_wiz_0
    MMCME2_ADV_X1Y2      MMCME2_ADV (Prop_mmcme2_adv_CLKIN1_CLKOUT0)
                                                     -5.294    -2.990 r  u_clk_wiz_0/inst/mmcm_adv_inst/CLKOUT0
                         net (fo=1, routed)           1.297    -1.693    u_clk_wiz_0/inst/clk_out1_clk_wiz_0
    BUFGCTRL_X0Y16       BUFG (Prop_bufg_I_O)         0.076    -1.617 r  u_clk_wiz_0/inst/clkout1_buf/O
                         net (fo=301, routed)         1.241    -0.376    u_vga_timing/clk_out1
    SLICE_X68Y68         FDRE                                         r  u_vga_timing/pixel_y_reg[8]/C
  -------------------------------------------------------------------    -------------------
    SLICE_X68Y68         FDRE (Prop_fdre_C_Q)         0.341    -0.035 r  u_vga_timing/pixel_y_reg[8]/Q
                         net (fo=23, routed)          1.231     1.196    u_vga_timing/Q[1]
    SLICE_X66Y69         LUT3 (Prop_lut3_I0_O)        0.097     1.293 r  u_vga_timing/rom_addr__0_carry__1_i_3/O
                         net (fo=1, routed)           0.000     1.293    u_bram_background/no_softecc_sel_reg.ce_pri.sel_pipe_reg[4]_0[1]
    SLICE_X66Y69         CARRY4 (Prop_carry4_S[1]_CO[3])
                                                      0.402     1.695 f  u_bram_background/rom_addr__0_carry__1/CO[3]
                         net (fo=27, routed)          2.323     4.018    u_bram_background/u_bg_rom/U0/inst_blk_mem_gen/gnbram.gnativebmg.native_blk_mem_gen/valid.cstr/bindec_a.bindec_inst_a/addra[4]
    SLICE_X72Y77         LUT5 (Prop_lut5_I1_O)        0.097     4.115 r  u_bram_background/u_bg_rom/U0/inst_blk_mem_gen/gnbram.gnativebmg.native_blk_mem_gen/valid.cstr/bindec_a.bindec_inst_a/DEVICE_7SERIES.NO_BMM_INFO.SP.SIMPLE_PRIM36.ram_i_1__9/O
                         net (fo=1, routed)           0.353     4.468    u_bram_background/u_bg_rom/U0/inst_blk_mem_gen/gnbram.gnativebmg.native_blk_mem_gen/valid.cstr/ramloop[15].ram.r/prim_init.ram/ena_array[0]
    RAMB36_X2Y15         RAMB36E1                                     r  u_bram_background/u_bg_rom/U0/inst_blk_mem_gen/gnbram.gnativebmg.native_blk_mem_gen/valid.cstr/ramloop[15].ram.r/prim_init.ram/DEVICE_7SERIES.NO_BMM_INFO.SP.SIMPLE_PRIM36.ram/ENARDEN
  -------------------------------------------------------------------    -------------------

                         (clock clk_out1_clk_wiz_0_1 rise edge)
                                                     39.724    39.724 r  
    E3                                                0.000    39.724 r  clk (IN)
                         net (fo=0)                   0.000    39.724    u_clk_wiz_0/inst/clk_in1
    E3                   IBUF (Prop_ibuf_I_O)         1.263    40.986 r  u_clk_wiz_0/inst/clkin1_ibufg/O
                         net (fo=1, routed)           0.916    41.903    u_clk_wiz_0/inst/clk_in1_clk_wiz_0
    MMCME2_ADV_X1Y2      MMCME2_ADV (Prop_mmcme2_adv_CLKIN1_CLKOUT0)
                                                     -5.390    36.513 r  u_clk_wiz_0/inst/mmcm_adv_inst/CLKOUT0
                         net (fo=1, routed)           1.234    37.747    u_clk_wiz_0/inst/clk_out1_clk_wiz_0
    BUFGCTRL_X0Y16       BUFG (Prop_bufg_I_O)         0.072    37.819 r  u_clk_wiz_0/inst/clkout1_buf/O
                         net (fo=301, routed)         1.230    39.049    u_bram_background/u_bg_rom/U0/inst_blk_mem_gen/gnbram.gnativebmg.native_blk_mem_gen/valid.cstr/ramloop[15].ram.r/prim_init.ram/clka
    RAMB36_X2Y15         RAMB36E1                                     r  u_bram_background/u_bg_rom/U0/inst_blk_mem_gen/gnbram.gnativebmg.native_blk_mem_gen/valid.cstr/ramloop[15].ram.r/prim_init.ram/DEVICE_7SERIES.NO_BMM_INFO.SP.SIMPLE_PRIM36.ram/CLKARDCLK
                         clock pessimism              0.348    39.397    
                         clock uncertainty           -0.086    39.311    
    RAMB36_X2Y15         RAMB36E1 (Setup_ramb36e1_CLKARDCLK_ENARDEN)
                                                     -0.348    38.963    u_bram_background/u_bg_rom/U0/inst_blk_mem_gen/gnbram.gnativebmg.native_blk_mem_gen/valid.cstr/ramloop[15].ram.r/prim_init.ram/DEVICE_7SERIES.NO_BMM_INFO.SP.SIMPLE_PRIM36.ram
  -------------------------------------------------------------------
                         required time                         38.963    
                         arrival time                          -4.468    
  -------------------------------------------------------------------
                         slack                                 34.495    

Slack (MET) :             34.704ns  (required time - arrival time)
  Source:                 u_vga_timing/pixel_y_reg[8]/C
                            (rising edge-triggered cell FDRE clocked by clk_out1_clk_wiz_0  {rise@0.000ns fall@19.862ns period=39.724ns})
  Destination:            u_bram_background/u_bg_rom/U0/inst_blk_mem_gen/gnbram.gnativebmg.native_blk_mem_gen/valid.cstr/ramloop[20].ram.r/prim_init.ram/DEVICE_7SERIES.NO_BMM_INFO.SP.SIMPLE_PRIM36.ram/ENARDEN
                            (rising edge-triggered cell RAMB36E1 clocked by clk_out1_clk_wiz_0_1  {rise@0.000ns fall@19.862ns period=39.724ns})
  Path Group:             clk_out1_clk_wiz_0_1
  Path Type:              Setup (Max at Slow Process Corner)
  Requirement:            39.724ns  (clk_out1_clk_wiz_0_1 rise@39.724ns - clk_out1_clk_wiz_0 rise@0.000ns)
  Data Path Delay:        4.643ns  (logic 0.937ns (20.182%)  route 3.706ns (79.818%))
  Logic Levels:           3  (CARRY4=1 LUT3=1 LUT5=1)
  Clock Path Skew:        0.058ns (DCD - SCD + CPR)
    Destination Clock Delay (DCD):    -0.666ns = ( 39.057 - 39.724 ) 
    Source Clock Delay      (SCD):    -0.376ns
    Clock Pessimism Removal (CPR):    0.348ns
  Clock Uncertainty:      0.086ns  ((TSJ^2 + DJ^2)^1/2) / 2 + PE
    Total System Jitter     (TSJ):    0.071ns
    Discrete Jitter          (DJ):    0.157ns
    Phase Error              (PE):    0.000ns
  Clock Domain Crossing:  Inter clock paths are considered valid unless explicitly excluded by timing constraints such as set_clock_groups or set_false_path.

    Location             Delay type                Incr(ns)  Path(ns)    Netlist Resource(s)
  -------------------------------------------------------------------    -------------------
                         (clock clk_out1_clk_wiz_0 rise edge)
                                                      0.000     0.000 r  
    E3                                                0.000     0.000 r  clk (IN)
                         net (fo=0)                   0.000     0.000    u_clk_wiz_0/inst/clk_in1
    E3                   IBUF (Prop_ibuf_I_O)         1.330     1.330 r  u_clk_wiz_0/inst/clkin1_ibufg/O
                         net (fo=1, routed)           0.974     2.304    u_clk_wiz_0/inst/clk_in1_clk_wiz_0
    MMCME2_ADV_X1Y2      MMCME2_ADV (Prop_mmcme2_adv_CLKIN1_CLKOUT0)
                                                     -5.294    -2.990 r  u_clk_wiz_0/inst/mmcm_adv_inst/CLKOUT0
                         net (fo=1, routed)           1.297    -1.693    u_clk_wiz_0/inst/clk_out1_clk_wiz_0
    BUFGCTRL_X0Y16       BUFG (Prop_bufg_I_O)         0.076    -1.617 r  u_clk_wiz_0/inst/clkout1_buf/O
                         net (fo=301, routed)         1.241    -0.376    u_vga_timing/clk_out1
    SLICE_X68Y68         FDRE                                         r  u_vga_timing/pixel_y_reg[8]/C
  -------------------------------------------------------------------    -------------------
    SLICE_X68Y68         FDRE (Prop_fdre_C_Q)         0.341    -0.035 r  u_vga_timing/pixel_y_reg[8]/Q
                         net (fo=23, routed)          1.231     1.196    u_vga_timing/Q[1]
    SLICE_X66Y69         LUT3 (Prop_lut3_I0_O)        0.097     1.293 r  u_vga_timing/rom_addr__0_carry__1_i_3/O
                         net (fo=1, routed)           0.000     1.293    u_bram_background/no_softecc_sel_reg.ce_pri.sel_pipe_reg[4]_0[1]
    SLICE_X66Y69         CARRY4 (Prop_carry4_S[1]_CO[3])
                                                      0.402     1.695 f  u_bram_background/rom_addr__0_carry__1/CO[3]
                         net (fo=27, routed)          2.090     3.785    u_bram_background/u_bg_rom/U0/inst_blk_mem_gen/gnbram.gnativebmg.native_blk_mem_gen/valid.cstr/bindec_a.bindec_inst_a/addra[4]
    SLICE_X81Y77         LUT5 (Prop_lut5_I0_O)        0.097     3.882 r  u_bram_background/u_bg_rom/U0/inst_blk_mem_gen/gnbram.gnativebmg.native_blk_mem_gen/valid.cstr/bindec_a.bindec_inst_a/DEVICE_7SERIES.NO_BMM_INFO.SP.SIMPLE_PRIM36.ram_i_1__14/O
                         net (fo=1, routed)           0.385     4.266    u_bram_background/u_bg_rom/U0/inst_blk_mem_gen/gnbram.gnativebmg.native_blk_mem_gen/valid.cstr/ramloop[20].ram.r/prim_init.ram/ena_array[0]
    RAMB36_X3Y15         RAMB36E1                                     r  u_bram_background/u_bg_rom/U0/inst_blk_mem_gen/gnbram.gnativebmg.native_blk_mem_gen/valid.cstr/ramloop[20].ram.r/prim_init.ram/DEVICE_7SERIES.NO_BMM_INFO.SP.SIMPLE_PRIM36.ram/ENARDEN
  -------------------------------------------------------------------    -------------------

                         (clock clk_out1_clk_wiz_0_1 rise edge)
                                                     39.724    39.724 r  
    E3                                                0.000    39.724 r  clk (IN)
                         net (fo=0)                   0.000    39.724    u_clk_wiz_0/inst/clk_in1
    E3                   IBUF (Prop_ibuf_I_O)         1.263    40.986 r  u_clk_wiz_0/inst/clkin1_ibufg/O
                         net (fo=1, routed)           0.916    41.903    u_clk_wiz_0/inst/clk_in1_clk_wiz_0
    MMCME2_ADV_X1Y2      MMCME2_ADV (Prop_mmcme2_adv_CLKIN1_CLKOUT0)
                                                     -5.390    36.513 r  u_clk_wiz_0/inst/mmcm_adv_inst/CLKOUT0
                         net (fo=1, routed)           1.234    37.747    u_clk_wiz_0/inst/clk_out1_clk_wiz_0
    BUFGCTRL_X0Y16       BUFG (Prop_bufg_I_O)         0.072    37.819 r  u_clk_wiz_0/inst/clkout1_buf/O
                         net (fo=301, routed)         1.238    39.057    u_bram_background/u_bg_rom/U0/inst_blk_mem_gen/gnbram.gnativebmg.native_blk_mem_gen/valid.cstr/ramloop[20].ram.r/prim_init.ram/clka
    RAMB36_X3Y15         RAMB36E1                                     r  u_bram_background/u_bg_rom/U0/inst_blk_mem_gen/gnbram.gnativebmg.native_blk_mem_gen/valid.cstr/ramloop[20].ram.r/prim_init.ram/DEVICE_7SERIES.NO_BMM_INFO.SP.SIMPLE_PRIM36.ram/CLKARDCLK
                         clock pessimism              0.348    39.405    
                         clock uncertainty           -0.086    39.319    
    RAMB36_X3Y15         RAMB36E1 (Setup_ramb36e1_CLKARDCLK_ENARDEN)
                                                     -0.348    38.971    u_bram_background/u_bg_rom/U0/inst_blk_mem_gen/gnbram.gnativebmg.native_blk_mem_gen/valid.cstr/ramloop[20].ram.r/prim_init.ram/DEVICE_7SERIES.NO_BMM_INFO.SP.SIMPLE_PRIM36.ram
  -------------------------------------------------------------------
                         required time                         38.971    
                         arrival time                          -4.266    
  -------------------------------------------------------------------
                         slack                                 34.704    

Slack (MET) :             34.889ns  (required time - arrival time)
  Source:                 u_vga_timing/pixel_y_reg[8]/C
                            (rising edge-triggered cell FDRE clocked by clk_out1_clk_wiz_0  {rise@0.000ns fall@19.862ns period=39.724ns})
  Destination:            u_bram_background/u_bg_rom/U0/inst_blk_mem_gen/gnbram.gnativebmg.native_blk_mem_gen/valid.cstr/ramloop[9].ram.r/prim_init.ram/DEVICE_7SERIES.NO_BMM_INFO.SP.SIMPLE_PRIM36.ram/ENARDEN
                            (rising edge-triggered cell RAMB36E1 clocked by clk_out1_clk_wiz_0_1  {rise@0.000ns fall@19.862ns period=39.724ns})
  Path Group:             clk_out1_clk_wiz_0_1
  Path Type:              Setup (Max at Slow Process Corner)
  Requirement:            39.724ns  (clk_out1_clk_wiz_0_1 rise@39.724ns - clk_out1_clk_wiz_0 rise@0.000ns)
  Data Path Delay:        4.254ns  (logic 1.101ns (25.879%)  route 3.153ns (74.121%))
  Logic Levels:           3  (CARRY4=1 LUT3=1 LUT5=1)
  Clock Path Skew:        -0.004ns (DCD - SCD + CPR)
    Destination Clock Delay (DCD):    -0.728ns = ( 38.995 - 39.724 ) 
    Source Clock Delay      (SCD):    -0.376ns
    Clock Pessimism Removal (CPR):    0.348ns
  Clock Uncertainty:      0.086ns  ((TSJ^2 + DJ^2)^1/2) / 2 + PE
    Total System Jitter     (TSJ):    0.071ns
    Discrete Jitter          (DJ):    0.157ns
    Phase Error              (PE):    0.000ns
  Clock Domain Crossing:  Inter clock paths are considered valid unless explicitly excluded by timing constraints such as set_clock_groups or set_false_path.

    Location             Delay type                Incr(ns)  Path(ns)    Netlist Resource(s)
  -------------------------------------------------------------------    -------------------
                         (clock clk_out1_clk_wiz_0 rise edge)
                                                      0.000     0.000 r  
    E3                                                0.000     0.000 r  clk (IN)
                         net (fo=0)                   0.000     0.000    u_clk_wiz_0/inst/clk_in1
    E3                   IBUF (Prop_ibuf_I_O)         1.330     1.330 r  u_clk_wiz_0/inst/clkin1_ibufg/O
                         net (fo=1, routed)           0.974     2.304    u_clk_wiz_0/inst/clk_in1_clk_wiz_0
    MMCME2_ADV_X1Y2      MMCME2_ADV (Prop_mmcme2_adv_CLKIN1_CLKOUT0)
                                                     -5.294    -2.990 r  u_clk_wiz_0/inst/mmcm_adv_inst/CLKOUT0
                         net (fo=1, routed)           1.297    -1.693    u_clk_wiz_0/inst/clk_out1_clk_wiz_0
    BUFGCTRL_X0Y16       BUFG (Prop_bufg_I_O)         0.076    -1.617 r  u_clk_wiz_0/inst/clkout1_buf/O
                         net (fo=301, routed)         1.241    -0.376    u_vga_timing/clk_out1
    SLICE_X68Y68         FDRE                                         r  u_vga_timing/pixel_y_reg[8]/C
  -------------------------------------------------------------------    -------------------
    SLICE_X68Y68         FDRE (Prop_fdre_C_Q)         0.341    -0.035 r  u_vga_timing/pixel_y_reg[8]/Q
                         net (fo=23, routed)          1.231     1.196    u_vga_timing/Q[1]
    SLICE_X66Y69         LUT3 (Prop_lut3_I0_O)        0.097     1.293 r  u_vga_timing/rom_addr__0_carry__1_i_3/O
                         net (fo=1, routed)           0.000     1.293    u_bram_background/no_softecc_sel_reg.ce_pri.sel_pipe_reg[4]_0[1]
    SLICE_X66Y69         CARRY4 (Prop_carry4_S[1]_O[2])
                                                      0.432     1.725 f  u_bram_background/rom_addr__0_carry__1/O[2]
                         net (fo=27, routed)          1.574     3.299    u_bram_background/u_bg_rom/U0/inst_blk_mem_gen/gnbram.gnativebmg.native_blk_mem_gen/valid.cstr/bindec_a.bindec_inst_a/addra[3]
    SLICE_X64Y52         LUT5 (Prop_lut5_I3_O)        0.231     3.530 r  u_bram_background/u_bg_rom/U0/inst_blk_mem_gen/gnbram.gnativebmg.native_blk_mem_gen/valid.cstr/bindec_a.bindec_inst_a/DEVICE_7SERIES.NO_BMM_INFO.SP.SIMPLE_PRIM36.ram_i_1__3/O
                         net (fo=1, routed)           0.348     3.878    u_bram_background/u_bg_rom/U0/inst_blk_mem_gen/gnbram.gnativebmg.native_blk_mem_gen/valid.cstr/ramloop[9].ram.r/prim_init.ram/ena_array[0]
    RAMB36_X1Y10         RAMB36E1                                     r  u_bram_background/u_bg_rom/U0/inst_blk_mem_gen/gnbram.gnativebmg.native_blk_mem_gen/valid.cstr/ramloop[9].ram.r/prim_init.ram/DEVICE_7SERIES.NO_BMM_INFO.SP.SIMPLE_PRIM36.ram/ENARDEN
  -------------------------------------------------------------------    -------------------

                         (clock clk_out1_clk_wiz_0_1 rise edge)
                                                     39.724    39.724 r  
    E3                                                0.000    39.724 r  clk (IN)
                         net (fo=0)                   0.000    39.724    u_clk_wiz_0/inst/clk_in1
    E3                   IBUF (Prop_ibuf_I_O)         1.263    40.986 r  u_clk_wiz_0/inst/clkin1_ibufg/O
                         net (fo=1, routed)           0.916    41.903    u_clk_wiz_0/inst/clk_in1_clk_wiz_0
    MMCME2_ADV_X1Y2      MMCME2_ADV (Prop_mmcme2_adv_CLKIN1_CLKOUT0)
                                                     -5.390    36.513 r  u_clk_wiz_0/inst/mmcm_adv_inst/CLKOUT0
                         net (fo=1, routed)           1.234    37.747    u_clk_wiz_0/inst/clk_out1_clk_wiz_0
    BUFGCTRL_X0Y16       BUFG (Prop_bufg_I_O)         0.072    37.819 r  u_clk_wiz_0/inst/clkout1_buf/O
                         net (fo=301, routed)         1.176    38.995    u_bram_background/u_bg_rom/U0/inst_blk_mem_gen/gnbram.gnativebmg.native_blk_mem_gen/valid.cstr/ramloop[9].ram.r/prim_init.ram/clka
    RAMB36_X1Y10         RAMB36E1                                     r  u_bram_background/u_bg_rom/U0/inst_blk_mem_gen/gnbram.gnativebmg.native_blk_mem_gen/valid.cstr/ramloop[9].ram.r/prim_init.ram/DEVICE_7SERIES.NO_BMM_INFO.SP.SIMPLE_PRIM36.ram/CLKARDCLK
                         clock pessimism              0.348    39.343    
                         clock uncertainty           -0.086    39.257    
    RAMB36_X1Y10         RAMB36E1 (Setup_ramb36e1_CLKARDCLK_ENARDEN)
                                                     -0.490    38.767    u_bram_background/u_bg_rom/U0/inst_blk_mem_gen/gnbram.gnativebmg.native_blk_mem_gen/valid.cstr/ramloop[9].ram.r/prim_init.ram/DEVICE_7SERIES.NO_BMM_INFO.SP.SIMPLE_PRIM36.ram
  -------------------------------------------------------------------
                         required time                         38.767    
                         arrival time                          -3.878    
  -------------------------------------------------------------------
                         slack                                 34.889    

Slack (MET) :             34.931ns  (required time - arrival time)
  Source:                 u_vga_timing/pixel_y_reg[8]/C
                            (rising edge-triggered cell FDRE clocked by clk_out1_clk_wiz_0  {rise@0.000ns fall@19.862ns period=39.724ns})
  Destination:            u_bram_background/u_bg_rom/U0/inst_blk_mem_gen/gnbram.gnativebmg.native_blk_mem_gen/valid.cstr/ramloop[6].ram.r/prim_init.ram/DEVICE_7SERIES.NO_BMM_INFO.SP.SIMPLE_PRIM36.ram/ENARDEN
                            (rising edge-triggered cell RAMB36E1 clocked by clk_out1_clk_wiz_0_1  {rise@0.000ns fall@19.862ns period=39.724ns})
  Path Group:             clk_out1_clk_wiz_0_1
  Path Type:              Setup (Max at Slow Process Corner)
  Requirement:            39.724ns  (clk_out1_clk_wiz_0_1 rise@39.724ns - clk_out1_clk_wiz_0 rise@0.000ns)
  Data Path Delay:        4.418ns  (logic 1.087ns (24.606%)  route 3.331ns (75.394%))
  Logic Levels:           3  (CARRY4=1 LUT3=1 LUT5=1)
  Clock Path Skew:        0.060ns (DCD - SCD + CPR)
    Destination Clock Delay (DCD):    -0.664ns = ( 39.059 - 39.724 ) 
    Source Clock Delay      (SCD):    -0.376ns
    Clock Pessimism Removal (CPR):    0.348ns
  Clock Uncertainty:      0.086ns  ((TSJ^2 + DJ^2)^1/2) / 2 + PE
    Total System Jitter     (TSJ):    0.071ns
    Discrete Jitter          (DJ):    0.157ns
    Phase Error              (PE):    0.000ns
  Clock Domain Crossing:  Inter clock paths are considered valid unless explicitly excluded by timing constraints such as set_clock_groups or set_false_path.

    Location             Delay type                Incr(ns)  Path(ns)    Netlist Resource(s)
  -------------------------------------------------------------------    -------------------
                         (clock clk_out1_clk_wiz_0 rise edge)
                                                      0.000     0.000 r  
    E3                                                0.000     0.000 r  clk (IN)
                         net (fo=0)                   0.000     0.000    u_clk_wiz_0/inst/clk_in1
    E3                   IBUF (Prop_ibuf_I_O)         1.330     1.330 r  u_clk_wiz_0/inst/clkin1_ibufg/O
                         net (fo=1, routed)           0.974     2.304    u_clk_wiz_0/inst/clk_in1_clk_wiz_0
    MMCME2_ADV_X1Y2      MMCME2_ADV (Prop_mmcme2_adv_CLKIN1_CLKOUT0)
                                                     -5.294    -2.990 r  u_clk_wiz_0/inst/mmcm_adv_inst/CLKOUT0
                         net (fo=1, routed)           1.297    -1.693    u_clk_wiz_0/inst/clk_out1_clk_wiz_0
    BUFGCTRL_X0Y16       BUFG (Prop_bufg_I_O)         0.076    -1.617 r  u_clk_wiz_0/inst/clkout1_buf/O
                         net (fo=301, routed)         1.241    -0.376    u_vga_timing/clk_out1
    SLICE_X68Y68         FDRE                                         r  u_vga_timing/pixel_y_reg[8]/C
  -------------------------------------------------------------------    -------------------
    SLICE_X68Y68         FDRE (Prop_fdre_C_Q)         0.341    -0.035 r  u_vga_timing/pixel_y_reg[8]/Q
                         net (fo=23, routed)          1.231     1.196    u_vga_timing/Q[1]
    SLICE_X66Y69         LUT3 (Prop_lut3_I0_O)        0.097     1.293 r  u_vga_timing/rom_addr__0_carry__1_i_3/O
                         net (fo=1, routed)           0.000     1.293    u_bram_background/no_softecc_sel_reg.ce_pri.sel_pipe_reg[4]_0[1]
    SLICE_X66Y69         CARRY4 (Prop_carry4_S[1]_O[2])
                                                      0.432     1.725 f  u_bram_background/rom_addr__0_carry__1/O[2]
                         net (fo=27, routed)          1.574     3.299    u_bram_background/u_bg_rom/U0/inst_blk_mem_gen/gnbram.gnativebmg.native_blk_mem_gen/valid.cstr/bindec_a.bindec_inst_a/addra[3]
    SLICE_X64Y52         LUT5 (Prop_lut5_I3_O)        0.217     3.516 r  u_bram_background/u_bg_rom/U0/inst_blk_mem_gen/gnbram.gnativebmg.native_blk_mem_gen/valid.cstr/bindec_a.bindec_inst_a/DEVICE_7SERIES.NO_BMM_INFO.SP.SIMPLE_PRIM36.ram_i_1__0/O
                         net (fo=1, routed)           0.525     4.041    u_bram_background/u_bg_rom/U0/inst_blk_mem_gen/gnbram.gnativebmg.native_blk_mem_gen/valid.cstr/ramloop[6].ram.r/prim_init.ram/ena_array[0]
    RAMB36_X2Y10         RAMB36E1                                     r  u_bram_background/u_bg_rom/U0/inst_blk_mem_gen/gnbram.gnativebmg.native_blk_mem_gen/valid.cstr/ramloop[6].ram.r/prim_init.ram/DEVICE_7SERIES.NO_BMM_INFO.SP.SIMPLE_PRIM36.ram/ENARDEN
  -------------------------------------------------------------------    -------------------

                         (clock clk_out1_clk_wiz_0_1 rise edge)
                                                     39.724    39.724 r  
    E3                                                0.000    39.724 r  clk (IN)
                         net (fo=0)                   0.000    39.724    u_clk_wiz_0/inst/clk_in1
    E3                   IBUF (Prop_ibuf_I_O)         1.263    40.986 r  u_clk_wiz_0/inst/clkin1_ibufg/O
                         net (fo=1, routed)           0.916    41.903    u_clk_wiz_0/inst/clk_in1_clk_wiz_0
    MMCME2_ADV_X1Y2      MMCME2_ADV (Prop_mmcme2_adv_CLKIN1_CLKOUT0)
                                                     -5.390    36.513 r  u_clk_wiz_0/inst/mmcm_adv_inst/CLKOUT0
                         net (fo=1, routed)           1.234    37.747    u_clk_wiz_0/inst/clk_out1_clk_wiz_0
    BUFGCTRL_X0Y16       BUFG (Prop_bufg_I_O)         0.072    37.819 r  u_clk_wiz_0/inst/clkout1_buf/O
                         net (fo=301, routed)         1.240    39.059    u_bram_background/u_bg_rom/U0/inst_blk_mem_gen/gnbram.gnativebmg.native_blk_mem_gen/valid.cstr/ramloop[6].ram.r/prim_init.ram/clka
    RAMB36_X2Y10         RAMB36E1                                     r  u_bram_background/u_bg_rom/U0/inst_blk_mem_gen/gnbram.gnativebmg.native_blk_mem_gen/valid.cstr/ramloop[6].ram.r/prim_init.ram/DEVICE_7SERIES.NO_BMM_INFO.SP.SIMPLE_PRIM36.ram/CLKARDCLK
                         clock pessimism              0.348    39.407    
                         clock uncertainty           -0.086    39.321    
    RAMB36_X2Y10         RAMB36E1 (Setup_ramb36e1_CLKARDCLK_ENARDEN)
                                                     -0.348    38.973    u_bram_background/u_bg_rom/U0/inst_blk_mem_gen/gnbram.gnativebmg.native_blk_mem_gen/valid.cstr/ramloop[6].ram.r/prim_init.ram/DEVICE_7SERIES.NO_BMM_INFO.SP.SIMPLE_PRIM36.ram
  -------------------------------------------------------------------
                         required time                         38.973    
                         arrival time                          -4.041    
  -------------------------------------------------------------------
                         slack                                 34.931    

Slack (MET) :             34.945ns  (required time - arrival time)
  Source:                 u_clock_core/tick_cnt_reg[5]/C
                            (rising edge-triggered cell FDRE clocked by clk_out1_clk_wiz_0  {rise@0.000ns fall@19.862ns period=39.724ns})
  Destination:            u_clock_core/hour_reg[0]/CE
                            (rising edge-triggered cell FDRE clocked by clk_out1_clk_wiz_0_1  {rise@0.000ns fall@19.862ns period=39.724ns})
  Path Group:             clk_out1_clk_wiz_0_1
  Path Type:              Setup (Max at Slow Process Corner)
  Requirement:            39.724ns  (clk_out1_clk_wiz_0_1 rise@39.724ns - clk_out1_clk_wiz_0 rise@0.000ns)
  Data Path Delay:        4.390ns  (logic 0.829ns (18.883%)  route 3.561ns (81.117%))
  Logic Levels:           5  (LUT4=1 LUT5=2 LUT6=2)
  Clock Path Skew:        -0.041ns (DCD - SCD + CPR)
    Destination Clock Delay (DCD):    -0.767ns = ( 38.956 - 39.724 ) 
    Source Clock Delay      (SCD):    -0.378ns
    Clock Pessimism Removal (CPR):    0.348ns
  Clock Uncertainty:      0.086ns  ((TSJ^2 + DJ^2)^1/2) / 2 + PE
    Total System Jitter     (TSJ):    0.071ns
    Discrete Jitter          (DJ):    0.157ns
    Phase Error              (PE):    0.000ns
  Clock Domain Crossing:  Inter clock paths are considered valid unless explicitly excluded by timing constraints such as set_clock_groups or set_false_path.

    Location             Delay type                Incr(ns)  Path(ns)    Netlist Resource(s)
  -------------------------------------------------------------------    -------------------
                         (clock clk_out1_clk_wiz_0 rise edge)
                                                      0.000     0.000 r  
    E3                                                0.000     0.000 r  clk (IN)
                         net (fo=0)                   0.000     0.000    u_clk_wiz_0/inst/clk_in1
    E3                   IBUF (Prop_ibuf_I_O)         1.330     1.330 r  u_clk_wiz_0/inst/clkin1_ibufg/O
                         net (fo=1, routed)           0.974     2.304    u_clk_wiz_0/inst/clk_in1_clk_wiz_0
    MMCME2_ADV_X1Y2      MMCME2_ADV (Prop_mmcme2_adv_CLKIN1_CLKOUT0)
                                                     -5.294    -2.990 r  u_clk_wiz_0/inst/mmcm_adv_inst/CLKOUT0
                         net (fo=1, routed)           1.297    -1.693    u_clk_wiz_0/inst/clk_out1_clk_wiz_0
    BUFGCTRL_X0Y16       BUFG (Prop_bufg_I_O)         0.076    -1.617 r  u_clk_wiz_0/inst/clkout1_buf/O
                         net (fo=301, routed)         1.238    -0.378    u_clock_core/clk_out1
    SLICE_X53Y62         FDRE                                         r  u_clock_core/tick_cnt_reg[5]/C
  -------------------------------------------------------------------    -------------------
    SLICE_X53Y62         FDRE (Prop_fdre_C_Q)         0.341    -0.037 r  u_clock_core/tick_cnt_reg[5]/Q
                         net (fo=3, routed)           0.618     0.580    u_clock_core/tick_cnt_reg[5]
    SLICE_X52Y64         LUT4 (Prop_lut4_I0_O)        0.097     0.677 f  u_clock_core/sec[5]_i_12/O
                         net (fo=1, routed)           0.415     1.092    u_clock_core/sec[5]_i_12_n_0
    SLICE_X52Y66         LUT6 (Prop_lut6_I1_O)        0.097     1.189 f  u_clock_core/sec[5]_i_8/O
                         net (fo=1, routed)           0.454     1.643    u_clock_core/sec[5]_i_8_n_0
    SLICE_X52Y66         LUT5 (Prop_lut5_I4_O)        0.097     1.740 r  u_clock_core/sec[5]_i_4/O
                         net (fo=6, routed)           0.764     2.504    u_clock_core/sec[5]_i_4_n_0
    SLICE_X59Y70         LUT6 (Prop_lut6_I0_O)        0.097     2.601 r  u_clock_core/min[5]_i_3/O
                         net (fo=2, routed)           0.695     3.295    u_clock_core/u_btn_hour_down/hour_reg[0]_0
    SLICE_X60Y68         LUT5 (Prop_lut5_I4_O)        0.100     3.395 r  u_clock_core/u_btn_hour_down/hour[4]_i_1/O
                         net (fo=5, routed)           0.616     4.012    u_clock_core/u_btn_hour_down_n_1
    SLICE_X62Y68         FDRE                                         r  u_clock_core/hour_reg[0]/CE
  -------------------------------------------------------------------    -------------------

                         (clock clk_out1_clk_wiz_0_1 rise edge)
                                                     39.724    39.724 r  
    E3                                                0.000    39.724 r  clk (IN)
                         net (fo=0)                   0.000    39.724    u_clk_wiz_0/inst/clk_in1
    E3                   IBUF (Prop_ibuf_I_O)         1.263    40.986 r  u_clk_wiz_0/inst/clkin1_ibufg/O
                         net (fo=1, routed)           0.916    41.903    u_clk_wiz_0/inst/clk_in1_clk_wiz_0
    MMCME2_ADV_X1Y2      MMCME2_ADV (Prop_mmcme2_adv_CLKIN1_CLKOUT0)
                                                     -5.390    36.513 r  u_clk_wiz_0/inst/mmcm_adv_inst/CLKOUT0
                         net (fo=1, routed)           1.234    37.747    u_clk_wiz_0/inst/clk_out1_clk_wiz_0
    BUFGCTRL_X0Y16       BUFG (Prop_bufg_I_O)         0.072    37.819 r  u_clk_wiz_0/inst/clkout1_buf/O
                         net (fo=301, routed)         1.137    38.956    u_clock_core/clk_out1
    SLICE_X62Y68         FDRE                                         r  u_clock_core/hour_reg[0]/C
                         clock pessimism              0.348    39.304    
                         clock uncertainty           -0.086    39.218    
    SLICE_X62Y68         FDRE (Setup_fdre_C_CE)      -0.261    38.957    u_clock_core/hour_reg[0]
  -------------------------------------------------------------------
                         required time                         38.957    
                         arrival time                          -4.012    
  -------------------------------------------------------------------
                         slack                                 34.945    

Slack (MET) :             34.994ns  (required time - arrival time)
  Source:                 u_vga_timing/pixel_x_reg[9]/C
                            (rising edge-triggered cell FDRE clocked by clk_out1_clk_wiz_0  {rise@0.000ns fall@19.862ns period=39.724ns})
  Destination:            u_bram_background/u_bg_rom/U0/inst_blk_mem_gen/gnbram.gnativebmg.native_blk_mem_gen/valid.cstr/ramloop[0].ram.r/prim_init.ram/DEVICE_7SERIES.NO_BMM_INFO.SP.CASCADED_PRIM36.ram_B/ADDRARDADDR[11]
                            (rising edge-triggered cell RAMB36E1 clocked by clk_out1_clk_wiz_0_1  {rise@0.000ns fall@19.862ns period=39.724ns})
  Path Group:             clk_out1_clk_wiz_0_1
  Path Type:              Setup (Max at Slow Process Corner)
  Requirement:            39.724ns  (clk_out1_clk_wiz_0_1 rise@39.724ns - clk_out1_clk_wiz_0 rise@0.000ns)
  Data Path Delay:        4.177ns  (logic 0.844ns (20.207%)  route 3.333ns (79.793%))
  Logic Levels:           2  (CARRY4=1 LUT4=1)
  Clock Path Skew:        0.096ns (DCD - SCD + CPR)
    Destination Clock Delay (DCD):    -0.575ns = ( 39.149 - 39.724 ) 
    Source Clock Delay      (SCD):    -0.377ns
    Clock Pessimism Removal (CPR):    0.293ns
  Clock Uncertainty:      0.086ns  ((TSJ^2 + DJ^2)^1/2) / 2 + PE
    Total System Jitter     (TSJ):    0.071ns
    Discrete Jitter          (DJ):    0.157ns
    Phase Error              (PE):    0.000ns
  Clock Domain Crossing:  Inter clock paths are considered valid unless explicitly excluded by timing constraints such as set_clock_groups or set_false_path.

    Location             Delay type                Incr(ns)  Path(ns)    Netlist Resource(s)
  -------------------------------------------------------------------    -------------------
                         (clock clk_out1_clk_wiz_0 rise edge)
                                                      0.000     0.000 r  
    E3                                                0.000     0.000 r  clk (IN)
                         net (fo=0)                   0.000     0.000    u_clk_wiz_0/inst/clk_in1
    E3                   IBUF (Prop_ibuf_I_O)         1.330     1.330 r  u_clk_wiz_0/inst/clkin1_ibufg/O
                         net (fo=1, routed)           0.974     2.304    u_clk_wiz_0/inst/clk_in1_clk_wiz_0
    MMCME2_ADV_X1Y2      MMCME2_ADV (Prop_mmcme2_adv_CLKIN1_CLKOUT0)
                                                     -5.294    -2.990 r  u_clk_wiz_0/inst/mmcm_adv_inst/CLKOUT0
                         net (fo=1, routed)           1.297    -1.693    u_clk_wiz_0/inst/clk_out1_clk_wiz_0
    BUFGCTRL_X0Y16       BUFG (Prop_bufg_I_O)         0.076    -1.617 r  u_clk_wiz_0/inst/clkout1_buf/O
                         net (fo=301, routed)         1.240    -0.377    u_vga_timing/clk_out1
    SLICE_X65Y68         FDRE                                         r  u_vga_timing/pixel_x_reg[9]/C
  -------------------------------------------------------------------    -------------------
    SLICE_X65Y68         FDRE (Prop_fdre_C_Q)         0.341    -0.036 r  u_vga_timing/pixel_x_reg[9]/Q
                         net (fo=23, routed)          1.001     0.964    u_vga_timing/pixel_x[9]
    SLICE_X66Y68         LUT4 (Prop_lut4_I1_O)        0.097     1.061 r  u_vga_timing/rom_addr__0_carry__0_i_8/O
                         net (fo=1, routed)           0.000     1.061    u_bram_background/DEVICE_7SERIES.NO_BMM_INFO.SP.CASCADED_PRIM36.ram_B[0]
    SLICE_X66Y68         CARRY4 (Prop_carry4_S[0]_O[2])
                                                      0.406     1.467 r  u_bram_background/rom_addr__0_carry__0/O[2]
                         net (fo=27, routed)          2.332     3.799    u_bram_background/u_bg_rom/U0/inst_blk_mem_gen/gnbram.gnativebmg.native_blk_mem_gen/valid.cstr/ramloop[0].ram.r/prim_init.ram/addra[11]
    RAMB36_X2Y8          RAMB36E1                                     r  u_bram_background/u_bg_rom/U0/inst_blk_mem_gen/gnbram.gnativebmg.native_blk_mem_gen/valid.cstr/ramloop[0].ram.r/prim_init.ram/DEVICE_7SERIES.NO_BMM_INFO.SP.CASCADED_PRIM36.ram_B/ADDRARDADDR[11]
  -------------------------------------------------------------------    -------------------

                         (clock clk_out1_clk_wiz_0_1 rise edge)
                                                     39.724    39.724 r  
    E3                                                0.000    39.724 r  clk (IN)
                         net (fo=0)                   0.000    39.724    u_clk_wiz_0/inst/clk_in1
    E3                   IBUF (Prop_ibuf_I_O)         1.263    40.986 r  u_clk_wiz_0/inst/clkin1_ibufg/O
                         net (fo=1, routed)           0.916    41.903    u_clk_wiz_0/inst/clk_in1_clk_wiz_0
    MMCME2_ADV_X1Y2      MMCME2_ADV (Prop_mmcme2_adv_CLKIN1_CLKOUT0)
                                                     -5.390    36.513 r  u_clk_wiz_0/inst/mmcm_adv_inst/CLKOUT0
                         net (fo=1, routed)           1.234    37.747    u_clk_wiz_0/inst/clk_out1_clk_wiz_0
    BUFGCTRL_X0Y16       BUFG (Prop_bufg_I_O)         0.072    37.819 r  u_clk_wiz_0/inst/clkout1_buf/O
                         net (fo=301, routed)         1.329    39.149    u_bram_background/u_bg_rom/U0/inst_blk_mem_gen/gnbram.gnativebmg.native_blk_mem_gen/valid.cstr/ramloop[0].ram.r/prim_init.ram/clka
    RAMB36_X2Y8          RAMB36E1                                     r  u_bram_background/u_bg_rom/U0/inst_blk_mem_gen/gnbram.gnativebmg.native_blk_mem_gen/valid.cstr/ramloop[0].ram.r/prim_init.ram/DEVICE_7SERIES.NO_BMM_INFO.SP.CASCADED_PRIM36.ram_B/CLKARDCLK
                         clock pessimism              0.293    39.442    
                         clock uncertainty           -0.086    39.356    
    RAMB36_X2Y8          RAMB36E1 (Setup_ramb36e1_CLKARDCLK_ADDRARDADDR[11])
                                                     -0.562    38.794    u_bram_background/u_bg_rom/U0/inst_blk_mem_gen/gnbram.gnativebmg.native_blk_mem_gen/valid.cstr/ramloop[0].ram.r/prim_init.ram/DEVICE_7SERIES.NO_BMM_INFO.SP.CASCADED_PRIM36.ram_B
  -------------------------------------------------------------------
                         required time                         38.794    
                         arrival time                          -3.799    
  -------------------------------------------------------------------
                         slack                                 34.994    

Slack (MET) :             35.012ns  (required time - arrival time)
  Source:                 u_vga_timing/pixel_y_reg[8]/C
                            (rising edge-triggered cell FDRE clocked by clk_out1_clk_wiz_0  {rise@0.000ns fall@19.862ns period=39.724ns})
  Destination:            u_bram_background/u_bg_rom/U0/inst_blk_mem_gen/gnbram.gnativebmg.native_blk_mem_gen/valid.cstr/ramloop[11].ram.r/prim_init.ram/DEVICE_7SERIES.NO_BMM_INFO.SP.SIMPLE_PRIM36.ram/ENARDEN
                            (rising edge-triggered cell RAMB36E1 clocked by clk_out1_clk_wiz_0_1  {rise@0.000ns fall@19.862ns period=39.724ns})
  Path Group:             clk_out1_clk_wiz_0_1
  Path Type:              Setup (Max at Slow Process Corner)
  Requirement:            39.724ns  (clk_out1_clk_wiz_0_1 rise@39.724ns - clk_out1_clk_wiz_0 rise@0.000ns)
  Data Path Delay:        4.135ns  (logic 1.090ns (26.357%)  route 3.045ns (73.643%))
  Logic Levels:           3  (CARRY4=1 LUT3=1 LUT5=1)
  Clock Path Skew:        -0.005ns (DCD - SCD + CPR)
    Destination Clock Delay (DCD):    -0.729ns = ( 38.994 - 39.724 ) 
    Source Clock Delay      (SCD):    -0.376ns
    Clock Pessimism Removal (CPR):    0.348ns
  Clock Uncertainty:      0.086ns  ((TSJ^2 + DJ^2)^1/2) / 2 + PE
    Total System Jitter     (TSJ):    0.071ns
    Discrete Jitter          (DJ):    0.157ns
    Phase Error              (PE):    0.000ns
  Clock Domain Crossing:  Inter clock paths are considered valid unless explicitly excluded by timing constraints such as set_clock_groups or set_false_path.

    Location             Delay type                Incr(ns)  Path(ns)    Netlist Resource(s)
  -------------------------------------------------------------------    -------------------
                         (clock clk_out1_clk_wiz_0 rise edge)
                                                      0.000     0.000 r  
    E3                                                0.000     0.000 r  clk (IN)
                         net (fo=0)                   0.000     0.000    u_clk_wiz_0/inst/clk_in1
    E3                   IBUF (Prop_ibuf_I_O)         1.330     1.330 r  u_clk_wiz_0/inst/clkin1_ibufg/O
                         net (fo=1, routed)           0.974     2.304    u_clk_wiz_0/inst/clk_in1_clk_wiz_0
    MMCME2_ADV_X1Y2      MMCME2_ADV (Prop_mmcme2_adv_CLKIN1_CLKOUT0)
                                                     -5.294    -2.990 r  u_clk_wiz_0/inst/mmcm_adv_inst/CLKOUT0
                         net (fo=1, routed)           1.297    -1.693    u_clk_wiz_0/inst/clk_out1_clk_wiz_0
    BUFGCTRL_X0Y16       BUFG (Prop_bufg_I_O)         0.076    -1.617 r  u_clk_wiz_0/inst/clkout1_buf/O
                         net (fo=301, routed)         1.241    -0.376    u_vga_timing/clk_out1
    SLICE_X68Y68         FDRE                                         r  u_vga_timing/pixel_y_reg[8]/C
  -------------------------------------------------------------------    -------------------
    SLICE_X68Y68         FDRE (Prop_fdre_C_Q)         0.341    -0.035 r  u_vga_timing/pixel_y_reg[8]/Q
                         net (fo=23, routed)          1.231     1.196    u_vga_timing/Q[1]
    SLICE_X66Y69         LUT3 (Prop_lut3_I0_O)        0.097     1.293 r  u_vga_timing/rom_addr__0_carry__1_i_3/O
                         net (fo=1, routed)           0.000     1.293    u_bram_background/no_softecc_sel_reg.ce_pri.sel_pipe_reg[4]_0[1]
    SLICE_X66Y69         CARRY4 (Prop_carry4_S[1]_O[2])
                                                      0.432     1.725 f  u_bram_background/rom_addr__0_carry__1/O[2]
                         net (fo=27, routed)          1.476     3.201    u_bram_background/u_bg_rom/U0/inst_blk_mem_gen/gnbram.gnativebmg.native_blk_mem_gen/valid.cstr/bindec_a.bindec_inst_a/addra[3]
    SLICE_X62Y55         LUT5 (Prop_lut5_I4_O)        0.220     3.421 r  u_bram_background/u_bg_rom/U0/inst_blk_mem_gen/gnbram.gnativebmg.native_blk_mem_gen/valid.cstr/bindec_a.bindec_inst_a/DEVICE_7SERIES.NO_BMM_INFO.SP.SIMPLE_PRIM36.ram_i_1__5/O
                         net (fo=1, routed)           0.338     3.759    u_bram_background/u_bg_rom/U0/inst_blk_mem_gen/gnbram.gnativebmg.native_blk_mem_gen/valid.cstr/ramloop[11].ram.r/prim_init.ram/ena_array[0]
    RAMB36_X1Y11         RAMB36E1                                     r  u_bram_background/u_bg_rom/U0/inst_blk_mem_gen/gnbram.gnativebmg.native_blk_mem_gen/valid.cstr/ramloop[11].ram.r/prim_init.ram/DEVICE_7SERIES.NO_BMM_INFO.SP.SIMPLE_PRIM36.ram/ENARDEN
  -------------------------------------------------------------------    -------------------

                         (clock clk_out1_clk_wiz_0_1 rise edge)
                                                     39.724    39.724 r  
    E3                                                0.000    39.724 r  clk (IN)
                         net (fo=0)                   0.000    39.724    u_clk_wiz_0/inst/clk_in1
    E3                   IBUF (Prop_ibuf_I_O)         1.263    40.986 r  u_clk_wiz_0/inst/clkin1_ibufg/O
                         net (fo=1, routed)           0.916    41.903    u_clk_wiz_0/inst/clk_in1_clk_wiz_0
    MMCME2_ADV_X1Y2      MMCME2_ADV (Prop_mmcme2_adv_CLKIN1_CLKOUT0)
                                                     -5.390    36.513 r  u_clk_wiz_0/inst/mmcm_adv_inst/CLKOUT0
                         net (fo=1, routed)           1.234    37.747    u_clk_wiz_0/inst/clk_out1_clk_wiz_0
    BUFGCTRL_X0Y16       BUFG (Prop_bufg_I_O)         0.072    37.819 r  u_clk_wiz_0/inst/clkout1_buf/O
                         net (fo=301, routed)         1.175    38.994    u_bram_background/u_bg_rom/U0/inst_blk_mem_gen/gnbram.gnativebmg.native_blk_mem_gen/valid.cstr/ramloop[11].ram.r/prim_init.ram/clka
    RAMB36_X1Y11         RAMB36E1                                     r  u_bram_background/u_bg_rom/U0/inst_blk_mem_gen/gnbram.gnativebmg.native_blk_mem_gen/valid.cstr/ramloop[11].ram.r/prim_init.ram/DEVICE_7SERIES.NO_BMM_INFO.SP.SIMPLE_PRIM36.ram/CLKARDCLK
                         clock pessimism              0.348    39.342    
                         clock uncertainty           -0.086    39.256    
    RAMB36_X1Y11         RAMB36E1 (Setup_ramb36e1_CLKARDCLK_ENARDEN)
                                                     -0.485    38.771    u_bram_background/u_bg_rom/U0/inst_blk_mem_gen/gnbram.gnativebmg.native_blk_mem_gen/valid.cstr/ramloop[11].ram.r/prim_init.ram/DEVICE_7SERIES.NO_BMM_INFO.SP.SIMPLE_PRIM36.ram
  -------------------------------------------------------------------
                         required time                         38.771    
                         arrival time                          -3.759    
  -------------------------------------------------------------------
                         slack                                 35.012    





Min Delay Paths
--------------------------------------------------------------------------------------
Slack (MET) :             0.085ns  (arrival time - required time)
  Source:                 u_clock_core/u_btn_min_down/stable_d_reg/C
                            (rising edge-triggered cell FDRE clocked by clk_out1_clk_wiz_0  {rise@0.000ns fall@19.862ns period=39.724ns})
  Destination:            u_clock_core/u_btn_min_down/pulse_reg/D
                            (rising edge-triggered cell FDRE clocked by clk_out1_clk_wiz_0_1  {rise@0.000ns fall@19.862ns period=39.724ns})
  Path Group:             clk_out1_clk_wiz_0_1
  Path Type:              Hold (Min at Fast Process Corner)
  Requirement:            0.000ns  (clk_out1_clk_wiz_0_1 rise@0.000ns - clk_out1_clk_wiz_0 rise@0.000ns)
  Data Path Delay:        0.275ns  (logic 0.186ns (67.514%)  route 0.089ns (32.486%))
  Logic Levels:           1  (LUT2=1)
  Clock Path Skew:        0.013ns (DCD - SCD - CPR)
    Destination Clock Delay (DCD):    -0.840ns
    Source Clock Delay      (SCD):    -0.601ns
    Clock Pessimism Removal (CPR):    -0.252ns
  Clock Uncertainty:      0.086ns  ((TSJ^2 + DJ^2)^1/2) / 2 + PE
    Total System Jitter     (TSJ):    0.071ns
    Discrete Jitter          (DJ):    0.157ns
    Phase Error              (PE):    0.000ns
  Clock Domain Crossing:  Inter clock paths are considered valid unless explicitly excluded by timing constraints such as set_clock_groups or set_false_path.

    Location             Delay type                Incr(ns)  Path(ns)    Netlist Resource(s)
  -------------------------------------------------------------------    -------------------
                         (clock clk_out1_clk_wiz_0 rise edge)
                                                      0.000     0.000 r  
    E3                                                0.000     0.000 r  clk (IN)
                         net (fo=0)                   0.000     0.000    u_clk_wiz_0/inst/clk_in1
    E3                   IBUF (Prop_ibuf_I_O)         0.250     0.250 r  u_clk_wiz_0/inst/clkin1_ibufg/O
                         net (fo=1, routed)           0.440     0.690    u_clk_wiz_0/inst/clk_in1_clk_wiz_0
    MMCME2_ADV_X1Y2      MMCME2_ADV (Prop_mmcme2_adv_CLKIN1_CLKOUT0)
                                                     -2.379    -1.689 r  u_clk_wiz_0/inst/mmcm_adv_inst/CLKOUT0
                         net (fo=1, routed)           0.499    -1.190    u_clk_wiz_0/inst/clk_out1_clk_wiz_0
    BUFGCTRL_X0Y16       BUFG (Prop_bufg_I_O)         0.026    -1.164 r  u_clk_wiz_0/inst/clkout1_buf/O
                         net (fo=301, routed)         0.563    -0.601    u_clock_core/u_btn_min_down/clk_out1
    SLICE_X41Y66         FDRE                                         r  u_clock_core/u_btn_min_down/stable_d_reg/C
  -------------------------------------------------------------------    -------------------
    SLICE_X41Y66         FDRE (Prop_fdre_C_Q)         0.141    -0.460 f  u_clock_core/u_btn_min_down/stable_d_reg/Q
                         net (fo=1, routed)           0.089    -0.371    u_clock_core/u_btn_min_down/stable_d
    SLICE_X40Y66         LUT2 (Prop_lut2_I1_O)        0.045    -0.326 r  u_clock_core/u_btn_min_down/pulse_i_1__2/O
                         net (fo=1, routed)           0.000    -0.326    u_clock_core/u_btn_min_down/pulse0
    SLICE_X40Y66         FDRE                                         r  u_clock_core/u_btn_min_down/pulse_reg/D
  -------------------------------------------------------------------    -------------------

                         (clock clk_out1_clk_wiz_0_1 rise edge)
                                                      0.000     0.000 r  
    E3                                                0.000     0.000 r  clk (IN)
                         net (fo=0)                   0.000     0.000    u_clk_wiz_0/inst/clk_in1
    E3                   IBUF (Prop_ibuf_I_O)         0.438     0.438 r  u_clk_wiz_0/inst/clkin1_ibufg/O
                         net (fo=1, routed)           0.480     0.918    u_clk_wiz_0/inst/clk_in1_clk_wiz_0
    MMCME2_ADV_X1Y2      MMCME2_ADV (Prop_mmcme2_adv_CLKIN1_CLKOUT0)
                                                     -3.163    -2.245 r  u_clk_wiz_0/inst/mmcm_adv_inst/CLKOUT0
                         net (fo=1, routed)           0.544    -1.702    u_clk_wiz_0/inst/clk_out1_clk_wiz_0
    BUFGCTRL_X0Y16       BUFG (Prop_bufg_I_O)         0.029    -1.673 r  u_clk_wiz_0/inst/clkout1_buf/O
                         net (fo=301, routed)         0.833    -0.840    u_clock_core/u_btn_min_down/clk_out1
    SLICE_X40Y66         FDRE                                         r  u_clock_core/u_btn_min_down/pulse_reg/C
                         clock pessimism              0.252    -0.588    
                         clock uncertainty            0.086    -0.502    
    SLICE_X40Y66         FDRE (Hold_fdre_C_D)         0.091    -0.411    u_clock_core/u_btn_min_down/pulse_reg
  -------------------------------------------------------------------
                         required time                          0.411    
                         arrival time                          -0.326    
  -------------------------------------------------------------------
                         slack                                  0.085    

Slack (MET) :             0.094ns  (arrival time - required time)
  Source:                 u_clock_core/u_btn_hour_down/sync_reg[0]/C
                            (rising edge-triggered cell FDRE clocked by clk_out1_clk_wiz_0  {rise@0.000ns fall@19.862ns period=39.724ns})
  Destination:            u_clock_core/u_btn_hour_down/sync_reg[1]/D
                            (rising edge-triggered cell FDRE clocked by clk_out1_clk_wiz_0_1  {rise@0.000ns fall@19.862ns period=39.724ns})
  Path Group:             clk_out1_clk_wiz_0_1
  Path Type:              Hold (Min at Fast Process Corner)
  Requirement:            0.000ns  (clk_out1_clk_wiz_0_1 rise@0.000ns - clk_out1_clk_wiz_0 rise@0.000ns)
  Data Path Delay:        0.265ns  (logic 0.164ns (61.839%)  route 0.101ns (38.161%))
  Logic Levels:           0  
  Clock Path Skew:        0.015ns (DCD - SCD - CPR)
    Destination Clock Delay (DCD):    -0.843ns
    Source Clock Delay      (SCD):    -0.605ns
    Clock Pessimism Removal (CPR):    -0.253ns
  Clock Uncertainty:      0.086ns  ((TSJ^2 + DJ^2)^1/2) / 2 + PE
    Total System Jitter     (TSJ):    0.071ns
    Discrete Jitter          (DJ):    0.157ns
    Phase Error              (PE):    0.000ns
  Clock Domain Crossing:  Inter clock paths are considered valid unless explicitly excluded by timing constraints such as set_clock_groups or set_false_path.

    Location             Delay type                Incr(ns)  Path(ns)    Netlist Resource(s)
  -------------------------------------------------------------------    -------------------
                         (clock clk_out1_clk_wiz_0 rise edge)
                                                      0.000     0.000 r  
    E3                                                0.000     0.000 r  clk (IN)
                         net (fo=0)                   0.000     0.000    u_clk_wiz_0/inst/clk_in1
    E3                   IBUF (Prop_ibuf_I_O)         0.250     0.250 r  u_clk_wiz_0/inst/clkin1_ibufg/O
                         net (fo=1, routed)           0.440     0.690    u_clk_wiz_0/inst/clk_in1_clk_wiz_0
    MMCME2_ADV_X1Y2      MMCME2_ADV (Prop_mmcme2_adv_CLKIN1_CLKOUT0)
                                                     -2.379    -1.689 r  u_clk_wiz_0/inst/mmcm_adv_inst/CLKOUT0
                         net (fo=1, routed)           0.499    -1.190    u_clk_wiz_0/inst/clk_out1_clk_wiz_0
    BUFGCTRL_X0Y16       BUFG (Prop_bufg_I_O)         0.026    -1.164 r  u_clk_wiz_0/inst/clkout1_buf/O
                         net (fo=301, routed)         0.559    -0.605    u_clock_core/u_btn_hour_down/clk_out1
    SLICE_X38Y70         FDRE                                         r  u_clock_core/u_btn_hour_down/sync_reg[0]/C
  -------------------------------------------------------------------    -------------------
    SLICE_X38Y70         FDRE (Prop_fdre_C_Q)         0.164    -0.441 r  u_clock_core/u_btn_hour_down/sync_reg[0]/Q
                         net (fo=1, routed)           0.101    -0.340    u_clock_core/u_btn_hour_down/sync_reg_n_0_[0]
    SLICE_X40Y69         FDRE                                         r  u_clock_core/u_btn_hour_down/sync_reg[1]/D
  -------------------------------------------------------------------    -------------------

                         (clock clk_out1_clk_wiz_0_1 rise edge)
                                                      0.000     0.000 r  
    E3                                                0.000     0.000 r  clk (IN)
                         net (fo=0)                   0.000     0.000    u_clk_wiz_0/inst/clk_in1
    E3                   IBUF (Prop_ibuf_I_O)         0.438     0.438 r  u_clk_wiz_0/inst/clkin1_ibufg/O
                         net (fo=1, routed)           0.480     0.918    u_clk_wiz_0/inst/clk_in1_clk_wiz_0
    MMCME2_ADV_X1Y2      MMCME2_ADV (Prop_mmcme2_adv_CLKIN1_CLKOUT0)
                                                     -3.163    -2.245 r  u_clk_wiz_0/inst/mmcm_adv_inst/CLKOUT0
                         net (fo=1, routed)           0.544    -1.702    u_clk_wiz_0/inst/clk_out1_clk_wiz_0
    BUFGCTRL_X0Y16       BUFG (Prop_bufg_I_O)         0.029    -1.673 r  u_clk_wiz_0/inst/clkout1_buf/O
                         net (fo=301, routed)         0.830    -0.843    u_clock_core/u_btn_hour_down/clk_out1
    SLICE_X40Y69         FDRE                                         r  u_clock_core/u_btn_hour_down/sync_reg[1]/C
                         clock pessimism              0.253    -0.590    
                         clock uncertainty            0.086    -0.504    
    SLICE_X40Y69         FDRE (Hold_fdre_C_D)         0.070    -0.434    u_clock_core/u_btn_hour_down/sync_reg[1]
  -------------------------------------------------------------------
                         required time                          0.434    
                         arrival time                          -0.340    
  -------------------------------------------------------------------
                         slack                                  0.094    

Slack (MET) :             0.109ns  (arrival time - required time)
  Source:                 u_clock_core/min_reg[4]/C
                            (rising edge-triggered cell FDRE clocked by clk_out1_clk_wiz_0  {rise@0.000ns fall@19.862ns period=39.724ns})
  Destination:            u_clock_core/min_reg[5]/D
                            (rising edge-triggered cell FDRE clocked by clk_out1_clk_wiz_0_1  {rise@0.000ns fall@19.862ns period=39.724ns})
  Path Group:             clk_out1_clk_wiz_0_1
  Path Type:              Hold (Min at Fast Process Corner)
  Requirement:            0.000ns  (clk_out1_clk_wiz_0_1 rise@0.000ns - clk_out1_clk_wiz_0 rise@0.000ns)
  Data Path Delay:        0.342ns  (logic 0.248ns (72.464%)  route 0.094ns (27.536%))
  Logic Levels:           2  (LUT6=1 MUXF7=1)
  Clock Path Skew:        0.013ns (DCD - SCD - CPR)
    Destination Clock Delay (DCD):    -0.844ns
    Source Clock Delay      (SCD):    -0.604ns
    Clock Pessimism Removal (CPR):    -0.253ns
  Clock Uncertainty:      0.086ns  ((TSJ^2 + DJ^2)^1/2) / 2 + PE
    Total System Jitter     (TSJ):    0.071ns
    Discrete Jitter          (DJ):    0.157ns
    Phase Error              (PE):    0.000ns
  Clock Domain Crossing:  Inter clock paths are considered valid unless explicitly excluded by timing constraints such as set_clock_groups or set_false_path.

    Location             Delay type                Incr(ns)  Path(ns)    Netlist Resource(s)
  -------------------------------------------------------------------    -------------------
                         (clock clk_out1_clk_wiz_0 rise edge)
                                                      0.000     0.000 r  
    E3                                                0.000     0.000 r  clk (IN)
                         net (fo=0)                   0.000     0.000    u_clk_wiz_0/inst/clk_in1
    E3                   IBUF (Prop_ibuf_I_O)         0.250     0.250 r  u_clk_wiz_0/inst/clkin1_ibufg/O
                         net (fo=1, routed)           0.440     0.690    u_clk_wiz_0/inst/clk_in1_clk_wiz_0
    MMCME2_ADV_X1Y2      MMCME2_ADV (Prop_mmcme2_adv_CLKIN1_CLKOUT0)
                                                     -2.379    -1.689 r  u_clk_wiz_0/inst/mmcm_adv_inst/CLKOUT0
                         net (fo=1, routed)           0.499    -1.190    u_clk_wiz_0/inst/clk_out1_clk_wiz_0
    BUFGCTRL_X0Y16       BUFG (Prop_bufg_I_O)         0.026    -1.164 r  u_clk_wiz_0/inst/clkout1_buf/O
                         net (fo=301, routed)         0.560    -0.604    u_clock_core/clk_out1
    SLICE_X61Y67         FDRE                                         r  u_clock_core/min_reg[4]/C
  -------------------------------------------------------------------    -------------------
    SLICE_X61Y67         FDRE (Prop_fdre_C_Q)         0.141    -0.463 r  u_clock_core/min_reg[4]/Q
                         net (fo=9, routed)           0.094    -0.369    u_clock_core/min_reg_n_0_[4]
    SLICE_X60Y67         LUT6 (Prop_lut6_I3_O)        0.045    -0.324 r  u_clock_core/min[5]_i_5/O
                         net (fo=1, routed)           0.000    -0.324    u_clock_core/u_btn_min_down/min_reg[5]
    SLICE_X60Y67         MUXF7 (Prop_muxf7_I0_O)      0.062    -0.262 r  u_clock_core/u_btn_min_down/min_reg[5]_i_2/O
                         net (fo=1, routed)           0.000    -0.262    u_clock_core/u_btn_min_down_n_4
    SLICE_X60Y67         FDRE                                         r  u_clock_core/min_reg[5]/D
  -------------------------------------------------------------------    -------------------

                         (clock clk_out1_clk_wiz_0_1 rise edge)
                                                      0.000     0.000 r  
    E3                                                0.000     0.000 r  clk (IN)
                         net (fo=0)                   0.000     0.000    u_clk_wiz_0/inst/clk_in1
    E3                   IBUF (Prop_ibuf_I_O)         0.438     0.438 r  u_clk_wiz_0/inst/clkin1_ibufg/O
                         net (fo=1, routed)           0.480     0.918    u_clk_wiz_0/inst/clk_in1_clk_wiz_0
    MMCME2_ADV_X1Y2      MMCME2_ADV (Prop_mmcme2_adv_CLKIN1_CLKOUT0)
                                                     -3.163    -2.245 r  u_clk_wiz_0/inst/mmcm_adv_inst/CLKOUT0
                         net (fo=1, routed)           0.544    -1.702    u_clk_wiz_0/inst/clk_out1_clk_wiz_0
    BUFGCTRL_X0Y16       BUFG (Prop_bufg_I_O)         0.029    -1.673 r  u_clk_wiz_0/inst/clkout1_buf/O
                         net (fo=301, routed)         0.829    -0.844    u_clock_core/clk_out1
    SLICE_X60Y67         FDRE                                         r  u_clock_core/min_reg[5]/C
                         clock pessimism              0.253    -0.591    
                         clock uncertainty            0.086    -0.505    
    SLICE_X60Y67         FDRE (Hold_fdre_C_D)         0.134    -0.371    u_clock_core/min_reg[5]
  -------------------------------------------------------------------
                         required time                          0.371    
                         arrival time                          -0.262    
  -------------------------------------------------------------------
                         slack                                  0.109    

Slack (MET) :             0.111ns  (arrival time - required time)
  Source:                 u_bram_background/u_bg_rom/U0/inst_blk_mem_gen/gnbram.gnativebmg.native_blk_mem_gen/valid.cstr/has_mux_a.A/no_softecc_sel_reg.ce_pri.sel_pipe_reg[2]/C
                            (rising edge-triggered cell FDRE clocked by clk_out1_clk_wiz_0  {rise@0.000ns fall@19.862ns period=39.724ns})
  Destination:            u_bram_background/u_bg_rom/U0/inst_blk_mem_gen/gnbram.gnativebmg.native_blk_mem_gen/valid.cstr/has_mux_a.A/no_softecc_norm_sel2.has_mem_regs.WITHOUT_ECC_PIPE.ce_pri.sel_pipe_d1_reg[2]/D
                            (rising edge-triggered cell FDRE clocked by clk_out1_clk_wiz_0_1  {rise@0.000ns fall@19.862ns period=39.724ns})
  Path Group:             clk_out1_clk_wiz_0_1
  Path Type:              Hold (Min at Fast Process Corner)
  Requirement:            0.000ns  (clk_out1_clk_wiz_0_1 rise@0.000ns - clk_out1_clk_wiz_0 rise@0.000ns)
  Data Path Delay:        0.276ns  (logic 0.164ns (59.345%)  route 0.112ns (40.655%))
  Logic Levels:           0  
  Clock Path Skew:        0.013ns (DCD - SCD - CPR)
    Destination Clock Delay (DCD):    -0.843ns
    Source Clock Delay      (SCD):    -0.604ns
    Clock Pessimism Removal (CPR):    -0.252ns
  Clock Uncertainty:      0.086ns  ((TSJ^2 + DJ^2)^1/2) / 2 + PE
    Total System Jitter     (TSJ):    0.071ns
    Discrete Jitter          (DJ):    0.157ns
    Phase Error              (PE):    0.000ns
  Clock Domain Crossing:  Inter clock paths are considered valid unless explicitly excluded by timing constraints such as set_clock_groups or set_false_path.

    Location             Delay type                Incr(ns)  Path(ns)    Netlist Resource(s)
  -------------------------------------------------------------------    -------------------
                         (clock clk_out1_clk_wiz_0 rise edge)
                                                      0.000     0.000 r  
    E3                                                0.000     0.000 r  clk (IN)
                         net (fo=0)                   0.000     0.000    u_clk_wiz_0/inst/clk_in1
    E3                   IBUF (Prop_ibuf_I_O)         0.250     0.250 r  u_clk_wiz_0/inst/clkin1_ibufg/O
                         net (fo=1, routed)           0.440     0.690    u_clk_wiz_0/inst/clk_in1_clk_wiz_0
    MMCME2_ADV_X1Y2      MMCME2_ADV (Prop_mmcme2_adv_CLKIN1_CLKOUT0)
                                                     -2.379    -1.689 r  u_clk_wiz_0/inst/mmcm_adv_inst/CLKOUT0
                         net (fo=1, routed)           0.499    -1.190    u_clk_wiz_0/inst/clk_out1_clk_wiz_0
    BUFGCTRL_X0Y16       BUFG (Prop_bufg_I_O)         0.026    -1.164 r  u_clk_wiz_0/inst/clkout1_buf/O
                         net (fo=301, routed)         0.560    -0.604    u_bram_background/u_bg_rom/U0/inst_blk_mem_gen/gnbram.gnativebmg.native_blk_mem_gen/valid.cstr/has_mux_a.A/clka
    SLICE_X66Y69         FDRE                                         r  u_bram_background/u_bg_rom/U0/inst_blk_mem_gen/gnbram.gnativebmg.native_blk_mem_gen/valid.cstr/has_mux_a.A/no_softecc_sel_reg.ce_pri.sel_pipe_reg[2]/C
  -------------------------------------------------------------------    -------------------
    SLICE_X66Y69         FDRE (Prop_fdre_C_Q)         0.164    -0.440 r  u_bram_background/u_bg_rom/U0/inst_blk_mem_gen/gnbram.gnativebmg.native_blk_mem_gen/valid.cstr/has_mux_a.A/no_softecc_sel_reg.ce_pri.sel_pipe_reg[2]/Q
                         net (fo=1, routed)           0.112    -0.328    u_bram_background/u_bg_rom/U0/inst_blk_mem_gen/gnbram.gnativebmg.native_blk_mem_gen/valid.cstr/has_mux_a.A/sel_pipe[2]
    SLICE_X67Y69         FDRE                                         r  u_bram_background/u_bg_rom/U0/inst_blk_mem_gen/gnbram.gnativebmg.native_blk_mem_gen/valid.cstr/has_mux_a.A/no_softecc_norm_sel2.has_mem_regs.WITHOUT_ECC_PIPE.ce_pri.sel_pipe_d1_reg[2]/D
  -------------------------------------------------------------------    -------------------

                         (clock clk_out1_clk_wiz_0_1 rise edge)
                                                      0.000     0.000 r  
    E3                                                0.000     0.000 r  clk (IN)
                         net (fo=0)                   0.000     0.000    u_clk_wiz_0/inst/clk_in1
    E3                   IBUF (Prop_ibuf_I_O)         0.438     0.438 r  u_clk_wiz_0/inst/clkin1_ibufg/O
                         net (fo=1, routed)           0.480     0.918    u_clk_wiz_0/inst/clk_in1_clk_wiz_0
    MMCME2_ADV_X1Y2      MMCME2_ADV (Prop_mmcme2_adv_CLKIN1_CLKOUT0)
                                                     -3.163    -2.245 r  u_clk_wiz_0/inst/mmcm_adv_inst/CLKOUT0
                         net (fo=1, routed)           0.544    -1.702    u_clk_wiz_0/inst/clk_out1_clk_wiz_0
    BUFGCTRL_X0Y16       BUFG (Prop_bufg_I_O)         0.029    -1.673 r  u_clk_wiz_0/inst/clkout1_buf/O
                         net (fo=301, routed)         0.830    -0.843    u_bram_background/u_bg_rom/U0/inst_blk_mem_gen/gnbram.gnativebmg.native_blk_mem_gen/valid.cstr/has_mux_a.A/clka
    SLICE_X67Y69         FDRE                                         r  u_bram_background/u_bg_rom/U0/inst_blk_mem_gen/gnbram.gnativebmg.native_blk_mem_gen/valid.cstr/has_mux_a.A/no_softecc_norm_sel2.has_mem_regs.WITHOUT_ECC_PIPE.ce_pri.sel_pipe_d1_reg[2]/C
                         clock pessimism              0.252    -0.591    
                         clock uncertainty            0.086    -0.505    
    SLICE_X67Y69         FDRE (Hold_fdre_C_D)         0.066    -0.439    u_bram_background/u_bg_rom/U0/inst_blk_mem_gen/gnbram.gnativebmg.native_blk_mem_gen/valid.cstr/has_mux_a.A/no_softecc_norm_sel2.has_mem_regs.WITHOUT_ECC_PIPE.ce_pri.sel_pipe_d1_reg[2]
  -------------------------------------------------------------------
                         required time                          0.439    
                         arrival time                          -0.328    
  -------------------------------------------------------------------
                         slack                                  0.111    

Slack (MET) :             0.121ns  (arrival time - required time)
  Source:                 u_clock_core/min_reg[2]/C
                            (rising edge-triggered cell FDRE clocked by clk_out1_clk_wiz_0  {rise@0.000ns fall@19.862ns period=39.724ns})
  Destination:            u_clock_core/min_reg[3]/D
                            (rising edge-triggered cell FDRE clocked by clk_out1_clk_wiz_0_1  {rise@0.000ns fall@19.862ns period=39.724ns})
  Path Group:             clk_out1_clk_wiz_0_1
  Path Type:              Hold (Min at Fast Process Corner)
  Requirement:            0.000ns  (clk_out1_clk_wiz_0_1 rise@0.000ns - clk_out1_clk_wiz_0 rise@0.000ns)
  Data Path Delay:        0.312ns  (logic 0.209ns (67.021%)  route 0.103ns (32.979%))
  Logic Levels:           1  (LUT6=1)
  Clock Path Skew:        0.013ns (DCD - SCD - CPR)
    Destination Clock Delay (DCD):    -0.844ns
    Source Clock Delay      (SCD):    -0.604ns
    Clock Pessimism Removal (CPR):    -0.253ns
  Clock Uncertainty:      0.086ns  ((TSJ^2 + DJ^2)^1/2) / 2 + PE
    Total System Jitter     (TSJ):    0.071ns
    Discrete Jitter          (DJ):    0.157ns
    Phase Error              (PE):    0.000ns
  Clock Domain Crossing:  Inter clock paths are considered valid unless explicitly excluded by timing constraints such as set_clock_groups or set_false_path.

    Location             Delay type                Incr(ns)  Path(ns)    Netlist Resource(s)
  -------------------------------------------------------------------    -------------------
                         (clock clk_out1_clk_wiz_0 rise edge)
                                                      0.000     0.000 r  
    E3                                                0.000     0.000 r  clk (IN)
                         net (fo=0)                   0.000     0.000    u_clk_wiz_0/inst/clk_in1
    E3                   IBUF (Prop_ibuf_I_O)         0.250     0.250 r  u_clk_wiz_0/inst/clkin1_ibufg/O
                         net (fo=1, routed)           0.440     0.690    u_clk_wiz_0/inst/clk_in1_clk_wiz_0
    MMCME2_ADV_X1Y2      MMCME2_ADV (Prop_mmcme2_adv_CLKIN1_CLKOUT0)
                                                     -2.379    -1.689 r  u_clk_wiz_0/inst/mmcm_adv_inst/CLKOUT0
                         net (fo=1, routed)           0.499    -1.190    u_clk_wiz_0/inst/clk_out1_clk_wiz_0
    BUFGCTRL_X0Y16       BUFG (Prop_bufg_I_O)         0.026    -1.164 r  u_clk_wiz_0/inst/clkout1_buf/O
                         net (fo=301, routed)         0.560    -0.604    u_clock_core/clk_out1
    SLICE_X60Y67         FDRE                                         r  u_clock_core/min_reg[2]/C
  -------------------------------------------------------------------    -------------------
    SLICE_X60Y67         FDRE (Prop_fdre_C_Q)         0.164    -0.440 r  u_clock_core/min_reg[2]/Q
                         net (fo=11, routed)          0.103    -0.337    u_clock_core/u_btn_min_down/min_reg[4]_2[2]
    SLICE_X61Y67         LUT6 (Prop_lut6_I1_O)        0.045    -0.292 r  u_clock_core/u_btn_min_down/min[3]_i_1/O
                         net (fo=1, routed)           0.000    -0.292    u_clock_core/u_btn_min_down_n_6
    SLICE_X61Y67         FDRE                                         r  u_clock_core/min_reg[3]/D
  -------------------------------------------------------------------    -------------------

                         (clock clk_out1_clk_wiz_0_1 rise edge)
                                                      0.000     0.000 r  
    E3                                                0.000     0.000 r  clk (IN)
                         net (fo=0)                   0.000     0.000    u_clk_wiz_0/inst/clk_in1
    E3                   IBUF (Prop_ibuf_I_O)         0.438     0.438 r  u_clk_wiz_0/inst/clkin1_ibufg/O
                         net (fo=1, routed)           0.480     0.918    u_clk_wiz_0/inst/clk_in1_clk_wiz_0
    MMCME2_ADV_X1Y2      MMCME2_ADV (Prop_mmcme2_adv_CLKIN1_CLKOUT0)
                                                     -3.163    -2.245 r  u_clk_wiz_0/inst/mmcm_adv_inst/CLKOUT0
                         net (fo=1, routed)           0.544    -1.702    u_clk_wiz_0/inst/clk_out1_clk_wiz_0
    BUFGCTRL_X0Y16       BUFG (Prop_bufg_I_O)         0.029    -1.673 r  u_clk_wiz_0/inst/clkout1_buf/O
                         net (fo=301, routed)         0.829    -0.844    u_clock_core/clk_out1
    SLICE_X61Y67         FDRE                                         r  u_clock_core/min_reg[3]/C
                         clock pessimism              0.253    -0.591    
                         clock uncertainty            0.086    -0.505    
    SLICE_X61Y67         FDRE (Hold_fdre_C_D)         0.092    -0.413    u_clock_core/min_reg[3]
  -------------------------------------------------------------------
                         required time                          0.413    
                         arrival time                          -0.292    
  -------------------------------------------------------------------
                         slack                                  0.121    

Slack (MET) :             0.128ns  (arrival time - required time)
  Source:                 u_bram_background/u_bg_rom/U0/inst_blk_mem_gen/gnbram.gnativebmg.native_blk_mem_gen/valid.cstr/has_mux_a.A/no_softecc_sel_reg.ce_pri.sel_pipe_reg[0]/C
                            (rising edge-triggered cell FDRE clocked by clk_out1_clk_wiz_0  {rise@0.000ns fall@19.862ns period=39.724ns})
  Destination:            u_bram_background/u_bg_rom/U0/inst_blk_mem_gen/gnbram.gnativebmg.native_blk_mem_gen/valid.cstr/has_mux_a.A/no_softecc_norm_sel2.has_mem_regs.WITHOUT_ECC_PIPE.ce_pri.sel_pipe_d1_reg[0]/D
                            (rising edge-triggered cell FDRE clocked by clk_out1_clk_wiz_0_1  {rise@0.000ns fall@19.862ns period=39.724ns})
  Path Group:             clk_out1_clk_wiz_0_1
  Path Type:              Hold (Min at Fast Process Corner)
  Requirement:            0.000ns  (clk_out1_clk_wiz_0_1 rise@0.000ns - clk_out1_clk_wiz_0 rise@0.000ns)
  Data Path Delay:        0.273ns  (logic 0.164ns (59.997%)  route 0.109ns (40.003%))
  Logic Levels:           0  
  Clock Path Skew:        0.000ns (DCD - SCD - CPR)
    Destination Clock Delay (DCD):    -0.842ns
    Source Clock Delay      (SCD):    -0.603ns
    Clock Pessimism Removal (CPR):    -0.239ns
  Clock Uncertainty:      0.086ns  ((TSJ^2 + DJ^2)^1/2) / 2 + PE
    Total System Jitter     (TSJ):    0.071ns
    Discrete Jitter          (DJ):    0.157ns
    Phase Error              (PE):    0.000ns
  Clock Domain Crossing:  Inter clock paths are considered valid unless explicitly excluded by timing constraints such as set_clock_groups or set_false_path.

    Location             Delay type                Incr(ns)  Path(ns)    Netlist Resource(s)
  -------------------------------------------------------------------    -------------------
                         (clock clk_out1_clk_wiz_0 rise edge)
                                                      0.000     0.000 r  
    E3                                                0.000     0.000 r  clk (IN)
                         net (fo=0)                   0.000     0.000    u_clk_wiz_0/inst/clk_in1
    E3                   IBUF (Prop_ibuf_I_O)         0.250     0.250 r  u_clk_wiz_0/inst/clkin1_ibufg/O
                         net (fo=1, routed)           0.440     0.690    u_clk_wiz_0/inst/clk_in1_clk_wiz_0
    MMCME2_ADV_X1Y2      MMCME2_ADV (Prop_mmcme2_adv_CLKIN1_CLKOUT0)
                                                     -2.379    -1.689 r  u_clk_wiz_0/inst/mmcm_adv_inst/CLKOUT0
                         net (fo=1, routed)           0.499    -1.190    u_clk_wiz_0/inst/clk_out1_clk_wiz_0
    BUFGCTRL_X0Y16       BUFG (Prop_bufg_I_O)         0.026    -1.164 r  u_clk_wiz_0/inst/clkout1_buf/O
                         net (fo=301, routed)         0.561    -0.603    u_bram_background/u_bg_rom/U0/inst_blk_mem_gen/gnbram.gnativebmg.native_blk_mem_gen/valid.cstr/has_mux_a.A/clka
    SLICE_X66Y68         FDRE                                         r  u_bram_background/u_bg_rom/U0/inst_blk_mem_gen/gnbram.gnativebmg.native_blk_mem_gen/valid.cstr/has_mux_a.A/no_softecc_sel_reg.ce_pri.sel_pipe_reg[0]/C
  -------------------------------------------------------------------    -------------------
    SLICE_X66Y68         FDRE (Prop_fdre_C_Q)         0.164    -0.439 r  u_bram_background/u_bg_rom/U0/inst_blk_mem_gen/gnbram.gnativebmg.native_blk_mem_gen/valid.cstr/has_mux_a.A/no_softecc_sel_reg.ce_pri.sel_pipe_reg[0]/Q
                         net (fo=1, routed)           0.109    -0.330    u_bram_background/u_bg_rom/U0/inst_blk_mem_gen/gnbram.gnativebmg.native_blk_mem_gen/valid.cstr/has_mux_a.A/sel_pipe[0]
    SLICE_X66Y68         FDRE                                         r  u_bram_background/u_bg_rom/U0/inst_blk_mem_gen/gnbram.gnativebmg.native_blk_mem_gen/valid.cstr/has_mux_a.A/no_softecc_norm_sel2.has_mem_regs.WITHOUT_ECC_PIPE.ce_pri.sel_pipe_d1_reg[0]/D
  -------------------------------------------------------------------    -------------------

                         (clock clk_out1_clk_wiz_0_1 rise edge)
                                                      0.000     0.000 r  
    E3                                                0.000     0.000 r  clk (IN)
                         net (fo=0)                   0.000     0.000    u_clk_wiz_0/inst/clk_in1
    E3                   IBUF (Prop_ibuf_I_O)         0.438     0.438 r  u_clk_wiz_0/inst/clkin1_ibufg/O
                         net (fo=1, routed)           0.480     0.918    u_clk_wiz_0/inst/clk_in1_clk_wiz_0
    MMCME2_ADV_X1Y2      MMCME2_ADV (Prop_mmcme2_adv_CLKIN1_CLKOUT0)
                                                     -3.163    -2.245 r  u_clk_wiz_0/inst/mmcm_adv_inst/CLKOUT0
                         net (fo=1, routed)           0.544    -1.702    u_clk_wiz_0/inst/clk_out1_clk_wiz_0
    BUFGCTRL_X0Y16       BUFG (Prop_bufg_I_O)         0.029    -1.673 r  u_clk_wiz_0/inst/clkout1_buf/O
                         net (fo=301, routed)         0.831    -0.842    u_bram_background/u_bg_rom/U0/inst_blk_mem_gen/gnbram.gnativebmg.native_blk_mem_gen/valid.cstr/has_mux_a.A/clka
    SLICE_X66Y68         FDRE                                         r  u_bram_background/u_bg_rom/U0/inst_blk_mem_gen/gnbram.gnativebmg.native_blk_mem_gen/valid.cstr/has_mux_a.A/no_softecc_norm_sel2.has_mem_regs.WITHOUT_ECC_PIPE.ce_pri.sel_pipe_d1_reg[0]/C
                         clock pessimism              0.239    -0.603    
                         clock uncertainty            0.086    -0.517    
    SLICE_X66Y68         FDRE (Hold_fdre_C_D)         0.059    -0.458    u_bram_background/u_bg_rom/U0/inst_blk_mem_gen/gnbram.gnativebmg.native_blk_mem_gen/valid.cstr/has_mux_a.A/no_softecc_norm_sel2.has_mem_regs.WITHOUT_ECC_PIPE.ce_pri.sel_pipe_d1_reg[0]
  -------------------------------------------------------------------
                         required time                          0.458    
                         arrival time                          -0.330    
  -------------------------------------------------------------------
                         slack                                  0.128    

Slack (MET) :             0.131ns  (arrival time - required time)
  Source:                 frame_cnt_reg[4]/C
                            (rising edge-triggered cell FDRE clocked by clk_out1_clk_wiz_0  {rise@0.000ns fall@19.862ns period=39.724ns})
  Destination:            frame_cnt_reg[5]/D
                            (rising edge-triggered cell FDRE clocked by clk_out1_clk_wiz_0_1  {rise@0.000ns fall@19.862ns period=39.724ns})
  Path Group:             clk_out1_clk_wiz_0_1
  Path Type:              Hold (Min at Fast Process Corner)
  Requirement:            0.000ns  (clk_out1_clk_wiz_0_1 rise@0.000ns - clk_out1_clk_wiz_0 rise@0.000ns)
  Data Path Delay:        0.338ns  (logic 0.247ns (73.079%)  route 0.091ns (26.921%))
  Logic Levels:           1  (LUT6=1)
  Clock Path Skew:        0.000ns (DCD - SCD - CPR)
    Destination Clock Delay (DCD):    -0.848ns
    Source Clock Delay      (SCD):    -0.607ns
    Clock Pessimism Removal (CPR):    -0.241ns
  Clock Uncertainty:      0.086ns  ((TSJ^2 + DJ^2)^1/2) / 2 + PE
    Total System Jitter     (TSJ):    0.071ns
    Discrete Jitter          (DJ):    0.157ns
    Phase Error              (PE):    0.000ns
  Clock Domain Crossing:  Inter clock paths are considered valid unless explicitly excluded by timing constraints such as set_clock_groups or set_false_path.

    Location             Delay type                Incr(ns)  Path(ns)    Netlist Resource(s)
  -------------------------------------------------------------------    -------------------
                         (clock clk_out1_clk_wiz_0 rise edge)
                                                      0.000     0.000 r  
    E3                                                0.000     0.000 r  clk (IN)
                         net (fo=0)                   0.000     0.000    u_clk_wiz_0/inst/clk_in1
    E3                   IBUF (Prop_ibuf_I_O)         0.250     0.250 r  u_clk_wiz_0/inst/clkin1_ibufg/O
                         net (fo=1, routed)           0.440     0.690    u_clk_wiz_0/inst/clk_in1_clk_wiz_0
    MMCME2_ADV_X1Y2      MMCME2_ADV (Prop_mmcme2_adv_CLKIN1_CLKOUT0)
                                                     -2.379    -1.689 r  u_clk_wiz_0/inst/mmcm_adv_inst/CLKOUT0
                         net (fo=1, routed)           0.499    -1.190    u_clk_wiz_0/inst/clk_out1_clk_wiz_0
    BUFGCTRL_X0Y16       BUFG (Prop_bufg_I_O)         0.026    -1.164 r  u_clk_wiz_0/inst/clkout1_buf/O
                         net (fo=301, routed)         0.557    -0.607    pix_clk
    SLICE_X50Y69         FDRE                                         r  frame_cnt_reg[4]/C
  -------------------------------------------------------------------    -------------------
    SLICE_X50Y69         FDRE (Prop_fdre_C_Q)         0.148    -0.459 r  frame_cnt_reg[4]/Q
                         net (fo=2, routed)           0.091    -0.368    frame_cnt_reg_n_0_[4]
    SLICE_X50Y69         LUT6 (Prop_lut6_I5_O)        0.099    -0.269 r  frame_cnt[5]_i_2/O
                         net (fo=1, routed)           0.000    -0.269    p_0_in[5]
    SLICE_X50Y69         FDRE                                         r  frame_cnt_reg[5]/D
  -------------------------------------------------------------------    -------------------

                         (clock clk_out1_clk_wiz_0_1 rise edge)
                                                      0.000     0.000 r  
    E3                                                0.000     0.000 r  clk (IN)
                         net (fo=0)                   0.000     0.000    u_clk_wiz_0/inst/clk_in1
    E3                   IBUF (Prop_ibuf_I_O)         0.438     0.438 r  u_clk_wiz_0/inst/clkin1_ibufg/O
                         net (fo=1, routed)           0.480     0.918    u_clk_wiz_0/inst/clk_in1_clk_wiz_0
    MMCME2_ADV_X1Y2      MMCME2_ADV (Prop_mmcme2_adv_CLKIN1_CLKOUT0)
                                                     -3.163    -2.245 r  u_clk_wiz_0/inst/mmcm_adv_inst/CLKOUT0
                         net (fo=1, routed)           0.544    -1.702    u_clk_wiz_0/inst/clk_out1_clk_wiz_0
    BUFGCTRL_X0Y16       BUFG (Prop_bufg_I_O)         0.029    -1.673 r  u_clk_wiz_0/inst/clkout1_buf/O
                         net (fo=301, routed)         0.825    -0.848    pix_clk
    SLICE_X50Y69         FDRE                                         r  frame_cnt_reg[5]/C
                         clock pessimism              0.241    -0.607    
                         clock uncertainty            0.086    -0.521    
    SLICE_X50Y69         FDRE (Hold_fdre_C_D)         0.121    -0.400    frame_cnt_reg[5]
  -------------------------------------------------------------------
                         required time                          0.400    
                         arrival time                          -0.269    
  -------------------------------------------------------------------
                         slack                                  0.131    

Slack (MET) :             0.132ns  (arrival time - required time)
  Source:                 u_clock_core/u_btn_min_up/stable_d_reg/C
                            (rising edge-triggered cell FDRE clocked by clk_out1_clk_wiz_0  {rise@0.000ns fall@19.862ns period=39.724ns})
  Destination:            u_clock_core/u_btn_min_up/pulse_reg/D
                            (rising edge-triggered cell FDRE clocked by clk_out1_clk_wiz_0_1  {rise@0.000ns fall@19.862ns period=39.724ns})
  Path Group:             clk_out1_clk_wiz_0_1
  Path Type:              Hold (Min at Fast Process Corner)
  Requirement:            0.000ns  (clk_out1_clk_wiz_0_1 rise@0.000ns - clk_out1_clk_wiz_0 rise@0.000ns)
  Data Path Delay:        0.323ns  (logic 0.186ns (57.513%)  route 0.137ns (42.487%))
  Logic Levels:           1  (LUT2=1)
  Clock Path Skew:        0.013ns (DCD - SCD - CPR)
    Destination Clock Delay (DCD):    -0.840ns
    Source Clock Delay      (SCD):    -0.601ns
    Clock Pessimism Removal (CPR):    -0.252ns
  Clock Uncertainty:      0.086ns  ((TSJ^2 + DJ^2)^1/2) / 2 + PE
    Total System Jitter     (TSJ):    0.071ns
    Discrete Jitter          (DJ):    0.157ns
    Phase Error              (PE):    0.000ns
  Clock Domain Crossing:  Inter clock paths are considered valid unless explicitly excluded by timing constraints such as set_clock_groups or set_false_path.

    Location             Delay type                Incr(ns)  Path(ns)    Netlist Resource(s)
  -------------------------------------------------------------------    -------------------
                         (clock clk_out1_clk_wiz_0 rise edge)
                                                      0.000     0.000 r  
    E3                                                0.000     0.000 r  clk (IN)
                         net (fo=0)                   0.000     0.000    u_clk_wiz_0/inst/clk_in1
    E3                   IBUF (Prop_ibuf_I_O)         0.250     0.250 r  u_clk_wiz_0/inst/clkin1_ibufg/O
                         net (fo=1, routed)           0.440     0.690    u_clk_wiz_0/inst/clk_in1_clk_wiz_0
    MMCME2_ADV_X1Y2      MMCME2_ADV (Prop_mmcme2_adv_CLKIN1_CLKOUT0)
                                                     -2.379    -1.689 r  u_clk_wiz_0/inst/mmcm_adv_inst/CLKOUT0
                         net (fo=1, routed)           0.499    -1.190    u_clk_wiz_0/inst/clk_out1_clk_wiz_0
    BUFGCTRL_X0Y16       BUFG (Prop_bufg_I_O)         0.026    -1.164 r  u_clk_wiz_0/inst/clkout1_buf/O
                         net (fo=301, routed)         0.563    -0.601    u_clock_core/u_btn_min_up/clk_out1
    SLICE_X41Y66         FDRE                                         r  u_clock_core/u_btn_min_up/stable_d_reg/C
  -------------------------------------------------------------------    -------------------
    SLICE_X41Y66         FDRE (Prop_fdre_C_Q)         0.141    -0.460 f  u_clock_core/u_btn_min_up/stable_d_reg/Q
                         net (fo=1, routed)           0.137    -0.323    u_clock_core/u_btn_min_up/stable_d
    SLICE_X40Y66         LUT2 (Prop_lut2_I1_O)        0.045    -0.278 r  u_clock_core/u_btn_min_up/pulse_i_1__1/O
                         net (fo=1, routed)           0.000    -0.278    u_clock_core/u_btn_min_up/pulse0
    SLICE_X40Y66         FDRE                                         r  u_clock_core/u_btn_min_up/pulse_reg/D
  -------------------------------------------------------------------    -------------------

                         (clock clk_out1_clk_wiz_0_1 rise edge)
                                                      0.000     0.000 r  
    E3                                                0.000     0.000 r  clk (IN)
                         net (fo=0)                   0.000     0.000    u_clk_wiz_0/inst/clk_in1
    E3                   IBUF (Prop_ibuf_I_O)         0.438     0.438 r  u_clk_wiz_0/inst/clkin1_ibufg/O
                         net (fo=1, routed)           0.480     0.918    u_clk_wiz_0/inst/clk_in1_clk_wiz_0
    MMCME2_ADV_X1Y2      MMCME2_ADV (Prop_mmcme2_adv_CLKIN1_CLKOUT0)
                                                     -3.163    -2.245 r  u_clk_wiz_0/inst/mmcm_adv_inst/CLKOUT0
                         net (fo=1, routed)           0.544    -1.702    u_clk_wiz_0/inst/clk_out1_clk_wiz_0
    BUFGCTRL_X0Y16       BUFG (Prop_bufg_I_O)         0.029    -1.673 r  u_clk_wiz_0/inst/clkout1_buf/O
                         net (fo=301, routed)         0.833    -0.840    u_clock_core/u_btn_min_up/clk_out1
    SLICE_X40Y66         FDRE                                         r  u_clock_core/u_btn_min_up/pulse_reg/C
                         clock pessimism              0.252    -0.588    
                         clock uncertainty            0.086    -0.502    
    SLICE_X40Y66         FDRE (Hold_fdre_C_D)         0.092    -0.410    u_clock_core/u_btn_min_up/pulse_reg
  -------------------------------------------------------------------
                         required time                          0.410    
                         arrival time                          -0.278    
  -------------------------------------------------------------------
                         slack                                  0.132    

Slack (MET) :             0.138ns  (arrival time - required time)
  Source:                 u_vga_timing/pixel_y_reg[6]/C
                            (rising edge-triggered cell FDRE clocked by clk_out1_clk_wiz_0  {rise@0.000ns fall@19.862ns period=39.724ns})
  Destination:            u_vga_timing/pixel_y_reg[8]/D
                            (rising edge-triggered cell FDRE clocked by clk_out1_clk_wiz_0_1  {rise@0.000ns fall@19.862ns period=39.724ns})
  Path Group:             clk_out1_clk_wiz_0_1
  Path Type:              Hold (Min at Fast Process Corner)
  Requirement:            0.000ns  (clk_out1_clk_wiz_0_1 rise@0.000ns - clk_out1_clk_wiz_0 rise@0.000ns)
  Data Path Delay:        0.328ns  (logic 0.186ns (56.701%)  route 0.142ns (43.299%))
  Logic Levels:           1  (LUT4=1)
  Clock Path Skew:        0.013ns (DCD - SCD - CPR)
    Destination Clock Delay (DCD):    -0.842ns
    Source Clock Delay      (SCD):    -0.603ns
    Clock Pessimism Removal (CPR):    -0.252ns
  Clock Uncertainty:      0.086ns  ((TSJ^2 + DJ^2)^1/2) / 2 + PE
    Total System Jitter     (TSJ):    0.071ns
    Discrete Jitter          (DJ):    0.157ns
    Phase Error              (PE):    0.000ns
  Clock Domain Crossing:  Inter clock paths are considered valid unless explicitly excluded by timing constraints such as set_clock_groups or set_false_path.

    Location             Delay type                Incr(ns)  Path(ns)    Netlist Resource(s)
  -------------------------------------------------------------------    -------------------
                         (clock clk_out1_clk_wiz_0 rise edge)
                                                      0.000     0.000 r  
    E3                                                0.000     0.000 r  clk (IN)
                         net (fo=0)                   0.000     0.000    u_clk_wiz_0/inst/clk_in1
    E3                   IBUF (Prop_ibuf_I_O)         0.250     0.250 r  u_clk_wiz_0/inst/clkin1_ibufg/O
                         net (fo=1, routed)           0.440     0.690    u_clk_wiz_0/inst/clk_in1_clk_wiz_0
    MMCME2_ADV_X1Y2      MMCME2_ADV (Prop_mmcme2_adv_CLKIN1_CLKOUT0)
                                                     -2.379    -1.689 r  u_clk_wiz_0/inst/mmcm_adv_inst/CLKOUT0
                         net (fo=1, routed)           0.499    -1.190    u_clk_wiz_0/inst/clk_out1_clk_wiz_0
    BUFGCTRL_X0Y16       BUFG (Prop_bufg_I_O)         0.026    -1.164 r  u_clk_wiz_0/inst/clkout1_buf/O
                         net (fo=301, routed)         0.561    -0.603    u_vga_timing/clk_out1
    SLICE_X69Y68         FDRE                                         r  u_vga_timing/pixel_y_reg[6]/C
  -------------------------------------------------------------------    -------------------
    SLICE_X69Y68         FDRE (Prop_fdre_C_Q)         0.141    -0.462 r  u_vga_timing/pixel_y_reg[6]/Q
                         net (fo=30, routed)          0.142    -0.320    u_vga_timing/pixel_y[6]
    SLICE_X68Y68         LUT4 (Prop_lut4_I2_O)        0.045    -0.275 r  u_vga_timing/pixel_y[8]_i_1/O
                         net (fo=1, routed)           0.000    -0.275    u_vga_timing/pixel_y_0[8]
    SLICE_X68Y68         FDRE                                         r  u_vga_timing/pixel_y_reg[8]/D
  -------------------------------------------------------------------    -------------------

                         (clock clk_out1_clk_wiz_0_1 rise edge)
                                                      0.000     0.000 r  
    E3                                                0.000     0.000 r  clk (IN)
                         net (fo=0)                   0.000     0.000    u_clk_wiz_0/inst/clk_in1
    E3                   IBUF (Prop_ibuf_I_O)         0.438     0.438 r  u_clk_wiz_0/inst/clkin1_ibufg/O
                         net (fo=1, routed)           0.480     0.918    u_clk_wiz_0/inst/clk_in1_clk_wiz_0
    MMCME2_ADV_X1Y2      MMCME2_ADV (Prop_mmcme2_adv_CLKIN1_CLKOUT0)
                                                     -3.163    -2.245 r  u_clk_wiz_0/inst/mmcm_adv_inst/CLKOUT0
                         net (fo=1, routed)           0.544    -1.702    u_clk_wiz_0/inst/clk_out1_clk_wiz_0
    BUFGCTRL_X0Y16       BUFG (Prop_bufg_I_O)         0.029    -1.673 r  u_clk_wiz_0/inst/clkout1_buf/O
                         net (fo=301, routed)         0.831    -0.842    u_vga_timing/clk_out1
    SLICE_X68Y68         FDRE                                         r  u_vga_timing/pixel_y_reg[8]/C
                         clock pessimism              0.252    -0.590    
                         clock uncertainty            0.086    -0.504    
    SLICE_X68Y68         FDRE (Hold_fdre_C_D)         0.091    -0.413    u_vga_timing/pixel_y_reg[8]
  -------------------------------------------------------------------
                         required time                          0.413    
                         arrival time                          -0.275    
  -------------------------------------------------------------------
                         slack                                  0.138    

Slack (MET) :             0.141ns  (arrival time - required time)
  Source:                 u_clock_core/sec_reg[0]/C
                            (rising edge-triggered cell FDRE clocked by clk_out1_clk_wiz_0  {rise@0.000ns fall@19.862ns period=39.724ns})
  Destination:            u_clock_core/sec_reg[4]/D
                            (rising edge-triggered cell FDRE clocked by clk_out1_clk_wiz_0_1  {rise@0.000ns fall@19.862ns period=39.724ns})
  Path Group:             clk_out1_clk_wiz_0_1
  Path Type:              Hold (Min at Fast Process Corner)
  Requirement:            0.000ns  (clk_out1_clk_wiz_0_1 rise@0.000ns - clk_out1_clk_wiz_0 rise@0.000ns)
  Data Path Delay:        0.347ns  (logic 0.213ns (61.305%)  route 0.134ns (38.695%))
  Logic Levels:           1  (LUT5=1)
  Clock Path Skew:        0.013ns (DCD - SCD - CPR)
    Destination Clock Delay (DCD):    -0.847ns
    Source Clock Delay      (SCD):    -0.607ns
    Clock Pessimism Removal (CPR):    -0.253ns
  Clock Uncertainty:      0.086ns  ((TSJ^2 + DJ^2)^1/2) / 2 + PE
    Total System Jitter     (TSJ):    0.071ns
    Discrete Jitter          (DJ):    0.157ns
    Phase Error              (PE):    0.000ns
  Clock Domain Crossing:  Inter clock paths are considered valid unless explicitly excluded by timing constraints such as set_clock_groups or set_false_path.

    Location             Delay type                Incr(ns)  Path(ns)    Netlist Resource(s)
  -------------------------------------------------------------------    -------------------
                         (clock clk_out1_clk_wiz_0 rise edge)
                                                      0.000     0.000 r  
    E3                                                0.000     0.000 r  clk (IN)
                         net (fo=0)                   0.000     0.000    u_clk_wiz_0/inst/clk_in1
    E3                   IBUF (Prop_ibuf_I_O)         0.250     0.250 r  u_clk_wiz_0/inst/clkin1_ibufg/O
                         net (fo=1, routed)           0.440     0.690    u_clk_wiz_0/inst/clk_in1_clk_wiz_0
    MMCME2_ADV_X1Y2      MMCME2_ADV (Prop_mmcme2_adv_CLKIN1_CLKOUT0)
                                                     -2.379    -1.689 r  u_clk_wiz_0/inst/mmcm_adv_inst/CLKOUT0
                         net (fo=1, routed)           0.499    -1.190    u_clk_wiz_0/inst/clk_out1_clk_wiz_0
    BUFGCTRL_X0Y16       BUFG (Prop_bufg_I_O)         0.026    -1.164 r  u_clk_wiz_0/inst/clkout1_buf/O
                         net (fo=301, routed)         0.557    -0.607    u_clock_core/clk_out1
    SLICE_X58Y70         FDRE                                         r  u_clock_core/sec_reg[0]/C
  -------------------------------------------------------------------    -------------------
    SLICE_X58Y70         FDRE (Prop_fdre_C_Q)         0.164    -0.443 r  u_clock_core/sec_reg[0]/Q
                         net (fo=15, routed)          0.134    -0.309    u_clock_core/sec_reg_n_0_[0]
    SLICE_X59Y70         LUT5 (Prop_lut5_I3_O)        0.049    -0.260 r  u_clock_core/sec[4]_i_1/O
                         net (fo=1, routed)           0.000    -0.260    u_clock_core/sec[4]_i_1_n_0
    SLICE_X59Y70         FDRE                                         r  u_clock_core/sec_reg[4]/D
  -------------------------------------------------------------------    -------------------

                         (clock clk_out1_clk_wiz_0_1 rise edge)
                                                      0.000     0.000 r  
    E3                                                0.000     0.000 r  clk (IN)
                         net (fo=0)                   0.000     0.000    u_clk_wiz_0/inst/clk_in1
    E3                   IBUF (Prop_ibuf_I_O)         0.438     0.438 r  u_clk_wiz_0/inst/clkin1_ibufg/O
                         net (fo=1, routed)           0.480     0.918    u_clk_wiz_0/inst/clk_in1_clk_wiz_0
    MMCME2_ADV_X1Y2      MMCME2_ADV (Prop_mmcme2_adv_CLKIN1_CLKOUT0)
                                                     -3.163    -2.245 r  u_clk_wiz_0/inst/mmcm_adv_inst/CLKOUT0
                         net (fo=1, routed)           0.544    -1.702    u_clk_wiz_0/inst/clk_out1_clk_wiz_0
    BUFGCTRL_X0Y16       BUFG (Prop_bufg_I_O)         0.029    -1.673 r  u_clk_wiz_0/inst/clkout1_buf/O
                         net (fo=301, routed)         0.826    -0.847    u_clock_core/clk_out1
    SLICE_X59Y70         FDRE                                         r  u_clock_core/sec_reg[4]/C
                         clock pessimism              0.253    -0.594    
                         clock uncertainty            0.086    -0.508    
    SLICE_X59Y70         FDRE (Hold_fdre_C_D)         0.107    -0.401    u_clock_core/sec_reg[4]
  -------------------------------------------------------------------
                         required time                          0.401    
                         arrival time                          -0.260    
  -------------------------------------------------------------------
                         slack                                  0.141    





