MEMORY_INITIALIZATION_RADIX=16;
MEMORY_INITIALIZATION_VECTOR=
fb99c3,
fd9cc5,
fd9ec5,
ff9fc8,
fea0c7,
fda0c6,
fda0c6,
fda0c6,
fba1c4,
fca2c5,
fca2c4,
fca2c5,
fda3c6,
fda2c7,
fda2c8,
fda2c8,
fba2c8,
fca2c8,
fba3c8,
fca3c8,
fca2c8,
fda2c8,
fda2c8,
fda2c8,
ffa2c8,
ffa2c8,
ffa2c8,
ffa2c8,
ffa3c9,
fea4c9,
fea4c9,
fea3c8,
fc9fc7,
fa9cc6,
fc99c6,
fc99c8,
fb98c6,
fb98c6,
fb98c6,
fb98c6,
fb98c6,
fc99c7,
ff9ac6,
f99bc5,
f5a8ce,
f79bc1,
fa9ac5,
fc9ac7,
fe9bc7,
ff9cc7,
ff9cc7,
fe9dc8,
faabcf,
f6adce,
f79dc6,
fd9cc7,
fe9bc8,
ff9cca,
fe9dca,
fe9dca,
fe9dca,
fe9dca,
ff9dcb,
ff9eca,
ff9ecb,
fe9fcb,
fd9fca,
fc9fca,
faa0ca,
f6a1cc,
faa4d2,
fca1ce,
fd9ecb,
fda0cd,
fda0d0,
fea1d1,
fea1d1,
fea1d1,
fea1d1,
fea1d1,
fea1d1,
fea1d1,
ffa2d1,
ffa3d0,
ffa3d0,
fda3d0,
fda3d0,
fba3d2,
fda3d2,
fda3d0,
fda3d0,
fda6d2,
fda6d4,
fda7d3,
fda8d6,
fcaad6,
fbaad6,
fcaad6,
f9a9d4,
f9a7d3,
fba8d4,
f9a9d4,
f9a9d4,
faa9d6,
fcacd6,
fbabd5,
fcaed6,
fdb0d7,
fcb0d7,
fbb0d7,
fbb1d5,
f9b0d5,
f8afd6,
f8afd6,
f8afd6,
f7afd6,
f6afd6,
f6b0d6,
f8b2d6,
fab2d6,
fbb3d7,
f9b3d7,
f9b3d7,
f9b3d7,
f9b3d7,
f9b3d7,
f9b4d8,
fab4d8,
fab4d8,
fab4d8,
fab4d8,
fab4d9,
fab4dc,
fab3dc,
f9b2da,
f8b1dc,
faafda,
f7add8,
f7add8,
f7acda,
f7acda,
f8aedb,
f9b0dc,
f8b3de,
f8b4df,
fbb6de,
fcb7dc,
fbb7db,
fcb8dc,
fcb8dd,
fcb8de,
fcb8de,
fdb9df,
fdb9df,
fdb9dd,
fdbadb,
fdbadb,
fbbadb,
fbbadc,
fcbbde,
fcbbdf,
fab8de,
fab9dd,
f9b8de,
fbb7dd,
fbb6de,
f9b5dd,
f9b5dd,
f8b4dc,
f8b4db,
f9b5dc,
fbb7df,
fcb7df,
fdb9df,
fdb9df,
fdbae0,
fdbce2,
fbbee3,
fcbfe4,
fec1e4,
fbc1e4,
fbc1e4,
fbc1e4,
fbc1e4,
fac0e3,
f9bfe1,
f7bde0,
f8bee0,
fac0e3,
fac0e3,
fcc2e5,
fcc2e5,
fec3e8,
fcc5e7,
fbc5e9,
fbc5ea,
fbc5ea,
fbc5e9,
fdc6e9,
fec6e9,
fcc6e9,
fcc6e9,
fcc6e9,
fbc7e9,
fac7e9,
fcc7e9,
fcc6e9,
fcc6e9,
fcc8ea,
fcc9e9,
fdcaea,
fdcbeb,
fecaeb,
ffcaeb,
fdcaec,
fdcaec,
fcc9eb,
fcc9eb,
fcc9ec,
fdcaed,
fdcaec,
fdcaec,
fdcaec,
fbcaec,
fbcaec,
fbcaec,
fbcaed,
fccbee,
fdcbee,
ffccef,
fecdef,
ffcef0,
ffcef0,
ffcef0,
fdcdef,
fdccee,
fecaed,
fdcaec,
fdcaec,
fecaed,
fecaed,
fecaed,
fdcaec,
fcc8ed,
fcc8ed,
fbc7ec,
fbc8ec,
fac9eb,
fcc9ed,
fcc8ed,
fcc8ef,
fcc8ee,
fcc8ed,
fdcaee,
fdcaee,
fdcaee,
fecbef,
fecbf0,
ffccf1,
ffccf1,
ffccf1,
fdccf1,
fdccf1,
fdccf1,
fdcdf0,
fdcdef,
fdcdef,
fdcdef,
fdcdef,
feccf1,
ffccf1,
feccf0,
fdcdef,
fdcdf0,
fdccf1,
fdccf1,
ffcdf2,
ffcdf2,
ffcdf2,
ffcdf2,
fecdf1,
fecdf1,
fdcdf1,
fccdf2,
fecef4,
fecef5,
ffcff5,
ffcff6,
ffcff4,
ffd0f5,
ffd0f4,
ffd0f3,
ffd2f3,
ffd3f3,
ffd3f4,
ffd3f5,
fed2f4,
fcd2f3,
fcd2f3,
fcd2f3,
fcd3f4,
fdd3f4,
fdd3f5,
fdd3f5,
fed4f6,
fed4f6,
fed4f6,
fed4f6,
fed4f6,
fed4f6,
fdd4f5,
fed4f6,
fcd5f7,
fdd7f9,
fcd8f9,
fbd8f9,
fcd8f9,
ffd9fa,
ffddfd,
ffdffd,
fc99c3,
fd9cc5,
fd9ec5,
fe9ec7,
fd9fc6,
fda0c6,
fda0c6,
fca0c6,
fba1c4,
fca2c5,
fca2c4,
fca2c5,
fca2c5,
fca1c6,
fca1c7,
fca1c7,
fca1c7,
fca1c7,
fca1c7,
fca1c7,
fda1c7,
fca1c7,
fca2c7,
fca2c7,
fea1c7,
fea1c7,
fea1c7,
fea1c7,
fea2c8,
fea3c9,
fea3c9,
fea4c9,
fea1cb,
fd9ec9,
fe9bc7,
fd9ac8,
fc99c6,
fb98c6,
fb98c6,
fb98c6,
fb98c6,
fb99c7,
fe99c6,
f99ac4,
f3a6cc,
f7a8ce,
fa9ac5,
fb9ac6,
fd9ac8,
fd9bc7,
ff9cc7,
fd9cc7,
f6a6ca,
fdbbdb,
f7a0c7,
fd9cc9,
fe9bc9,
ff9bc9,
fe9cc8,
fd9cc9,
fe9dca,
fe9dca,
fd9ec9,
fe9dc9,
fe9dca,
fc9eca,
fd9fca,
fb9fca,
f9a1cb,
f7aad4,
f8a3cf,
f99fcc,
fb9ecc,
fca0ce,
fda0cf,
fea1d1,
fea1d1,
fea1d1,
fea1d1,
fea1d1,
fea1d1,
fea1d1,
fea2d0,
fea2cf,
fea2cf,
fda3d0,
fda3d0,
fba3d2,
fea3d2,
fea4d1,
fda3d0,
fda5d2,
fda5d3,
fba6d2,
fba7d4,
fba8d4,
faa9d5,
fba9d5,
f8a8d3,
f9a7d3,
f9a6d2,
f8a7d2,
f7a7d2,
f9a8d3,
fbabd3,
fbaad5,
fbadd6,
fdb0d7,
fcb0d7,
fcb0d7,
fbb1d6,
f9b0d5,
f8afd6,
f8afd6,
f8afd6,
f7b0d6,
f6b0d6,
f6b0d6,
f8b2d6,
fab2d6,
fbb3d7,
f9b3d7,
f9b3d7,
f9b3d7,
f9b3d7,
f9b3d8,
f9b3d7,
f9b3d7,
f9b3d7,
f9b3d7,
f9b3d7,
f9b3d7,
f9b3d9,
f9b3d9,
f8b2d9,
fab1db,
faafda,
f7add8,
f7add8,
f7adda,
f7adda,
f8aedb,
f9b0dc,
f7b2dd,
f8b4df,
fbb6de,
fbb7dc,
fbb7db,
fbb7db,
fbb7dd,
fcb8de,
fbb8de,
fcb8de,
fdb9dd,
fdbadc,
fdbadb,
fdbadb,
fbbadc,
fbbadc,
fbbadd,
fcbade,
fbb9df,
fab9dd,
fab8de,
fbb7dd,
fbb6de,
fbb6df,
fab5de,
f9b5dd,
f9b5dc,
fab6dd,
fab7de,
fab8de,
fcb8de,
fdb9df,
fcbadf,
fcbbe1,
fbbee3,
fdc0e3,
fdc1e2,
fbc1e4,
fbc1e4,
fbc1e4,
fbc1e4,
fbc0e3,
fabfe3,
f9bfe2,
f9bfe2,
fbc0e3,
fac1e3,
fbc2e4,
fcc2e5,
fdc3e7,
fcc4e7,
fbc5e7,
fbc5e8,
fbc5e8,
fbc5e8,
fdc5e8,
fdc5e8,
fcc6e9,
fcc6e9,
fcc6e9,
fbc6e9,
fac7e9,
fac7e9,
fac7e9,
fac7e9,
fbc8ea,
fcc9ea,
fdcaea,
fdcaea,
fdcaea,
fdcaea,
fdc9eb,
fdc9ec,
fbcaec,
fbcaec,
fccaec,
fccaec,
fbcaec,
fdcaec,
fdcaec,
fbcaec,
fbcaec,
fccaec,
fccaed,
fccbee,
fdcbee,
feccee,
fecdef,
fecef0,
fecdf0,
fecdf0,
fdcdef,
fdccee,
fdcaed,
fdcaec,
fdcaec,
fecaed,
fecaed,
fecbed,
fdcaed,
fdc8ed,
fcc7ed,
fbc7ec,
fbc8ec,
fac9eb,
fcc9ed,
fdc8ed,
fdc8ef,
fcc8ee,
fcc8ed,
fdcaee,
fdcaee,
fdcaee,
fdcaee,
fecaee,
ffcbf0,
ffccf1,
ffccf1,
fdccf1,
fdccf1,
feccf1,
fdcdf0,
fdcdef,
fdcdef,
fdcdef,
fdcdef,
feccf1,
ffccf1,
feccf0,
fdcdef,
fdcdf0,
fdccf1,
fdccf1,
ffcdf2,
ffcdf2,
ffcdf2,
ffcdf2,
ffcdf2,
ffcdf2,
fdcdf1,
fccdf2,
fecef4,
ffcff6,
ffcff5,
ffcff6,
ffcff4,
ffd1f4,
ffd1f3,
ffd1f3,
ffd2f3,
fed3f3,
fed4f4,
ffd3f5,
fed2f4,
fcd2f4,
fcd2f4,
fcd2f4,
fcd3f4,
fdd3f4,
fdd3f5,
fdd3f5,
fed4f6,
fed4f6,
fed4f6,
fed4f6,
fed4f6,
fed4f6,
fdd4f6,
fed5f7,
fcd6f7,
fdd8f9,
fcd8f9,
fbd8f9,
fcd9fa,
fedafb,
ffddfd,
ffdffd,
fb99c3,
fc9cc5,
fd9dc7,
fe9ec5,
fd9fc5,
fda0c6,
fc9fc5,
fda0c6,
fca2c5,
fca2c5,
fca2c5,
fca2c5,
fca2c5,
fda1c6,
fda1c8,
fca0c6,
fba1c5,
fda0c5,
fea1c7,
fea1c7,
fea1c7,
fea1c7,
fda2c8,
fda2c8,
fea2c8,
ffa2c8,
ffa2c8,
ffa2c8,
ffa2c8,
ffa2c9,
fea4c9,
fea4ca,
fea2cd,
fea1cb,
fc9fc9,
fd9ec8,
fb9bc6,
fa99c6,
fd98c7,
fc97c7,
fb98c6,
fb98c6,
fb98c6,
fb99c4,
f39cc3,
f5bee1,
fb9cc7,
fb9ac6,
fd9ac8,
fe9ac8,
ff9cc8,
fd9cc6,
f49ec3,
fdc0df,
f9abce,
fb9cc8,
fe9bca,
ff9bca,
fd9cc8,
fd9cc7,
fe9cc8,
fe9dca,
fc9dca,
fb9ec9,
fb9ec8,
fb9ec8,
f99fca,
f6a1cb,
f2aad5,
f9a4cf,
fa9fcb,
fb9ecd,
fb9ecd,
fd9fcd,
fea0ce,
fda0cf,
fda0d1,
fea1d2,
fea1d2,
fea1d2,
fea1d1,
fea1d1,
fea1d1,
fea1d1,
fea1d1,
fda2d3,
fda3d3,
fca2d4,
fba2d4,
fda2d4,
fca5d3,
fca4d3,
fca5d2,
faa4d3,
faa5d3,
faa6d3,
faa8d3,
f9a8d4,
f8a8d3,
f7a6d2,
f7a6d2,
f7a7d2,
f7a7d2,
f8a7d3,
faaad6,
faabd5,
fbaed6,
fbaed7,
fcafd7,
fcaed6,
faafd7,
f9afd6,
faaed8,
fab0d8,
f9b0d7,
f9b1d7,
f7b1d5,
f7b1d5,
f8b2d6,
f8b3d7,
f9b3d7,
f9b3d7,
f9b3d7,
f9b3d7,
f9b3d8,
f9b3d9,
f9b3d8,
f9b3d7,
f9b3d7,
f9b3d7,
f9b3d7,
f9b3d7,
f9b3d7,
f9b3d8,
f9b2da,
fab2da,
f9b0d9,
f8afd8,
f8afd8,
f9afd9,
f9afd9,
f8afda,
f8b1dc,
f7b2dd,
f7b5dd,
f8b6de,
fab7dc,
fbb7db,
fbb7dc,
fbb7de,
fcb8de,
fbb9dd,
fab9dc,
fbb8dc,
fcb9dc,
fdbadb,
fcb9dc,
fcbbde,
fbbadf,
fbbadd,
fcbae0,
fbb9df,
fcb9de,
fab8dd,
fcb8de,
fcb8df,
fcb7e0,
fcb7df,
fbb6df,
fbb6df,
fbb6df,
fab8de,
fab8de,
fab8de,
fab8de,
fcbadf,
fdbbe1,
fdbde2,
fcc0e3,
fbc1e2,
fbc1e4,
fbc1e4,
fbc1e4,
fbc1e4,
fbc1e4,
fac1e4,
fac2e5,
fcc2e5,
fcc2e5,
fac2e4,
f9c2e4,
fac3e5,
fac3e5,
fcc4e8,
fcc5e8,
fbc5e8,
fbc5e8,
fbc5e8,
fcc5e8,
fdc5e8,
fcc6e9,
fcc6e9,
fcc6e9,
fbc7ea,
fbc7ea,
fbc7ea,
fbc8ea,
fbc8ea,
fcc9eb,
fdcaec,
fdcaec,
fdcaec,
fdcaec,
fdcaec,
fdcaec,
fdcaec,
fbcaec,
fbcbeb,
fdcaec,
fdcaec,
fdcaec,
fdcaec,
fdcaec,
fdcaec,
fdcaec,
fecbed,
fdcbed,
fccbee,
fdccee,
fdcdef,
fdcdef,
ffcef0,
fecdef,
fdcdef,
fdcdef,
fdcdef,
fdcbed,
fecbed,
fecbed,
ffc9ee,
ffc9f0,
fdcaee,
fdcaee,
fec8ed,
fec8ed,
fcc8ee,
fbc8ed,
fbc9ec,
fec9ed,
fec8ed,
fec9ed,
fec8ed,
fdc8ee,
fdc9ee,
fdcaee,
fdcaee,
fdcaee,
fecaf0,
ffccf1,
ffccf0,
fecbef,
ffccf1,
feccf1,
ffccf1,
ffcdf0,
ffcef0,
ffcdf2,
ffcdf2,
feccf1,
feccf0,
ffccf1,
feccf1,
fdcdf0,
fdcdf0,
fdccf1,
feccf1,
ffcdf2,
ffcdf2,
ffcdf2,
ffcdf2,
ffcdf2,
ffcdf2,
fecdf2,
fdcdf3,
fecef5,
fecff4,
ffd0f4,
ffd0f4,
ffd0f5,
ffd0f4,
ffd1f3,
ffd1f4,
fed2f3,
fdd3f4,
fed4f4,
ffd3f5,
ffd3f5,
fdd3f5,
fed4f6,
fed4f6,
fed4f5,
fed4f5,
fed4f6,
fed4f6,
fed4f6,
fed4f6,
fed4f6,
fed4f6,
fed4f6,
fed5f6,
fed5f6,
fdd6f7,
fcd7f8,
fdd8f9,
fcd8f9,
fcd9fa,
fddafb,
fedbfc,
ffdefd,
ffdffd,
fb99c3,
fd9cc5,
fd9dc6,
fe9ec5,
fc9ec5,
fb9fc5,
fc9fc5,
fda0c6,
fca2c6,
fca2c5,
fda3c6,
fda2c5,
fda2c6,
fda1c6,
fc9fc5,
fc9ec5,
fc9fc4,
fe9ec5,
ff9fc6,
fea0c6,
fea1c7,
fea1c7,
fea1c7,
fda2c8,
fda2c8,
ffa2c8,
ffa2c8,
ffa2c8,
fea2c8,
fea3c8,
fea4c9,
fea4ca,
fea3cc,
fea3cb,
fea2ca,
fe9fca,
fd9dc8,
fd9ac7,
fd98c6,
fd98c7,
fc97c6,
fd97c6,
fb98c6,
fb99c4,
f89ac3,
f1b0d3,
f8a8cf,
fa9ac5,
fd9ac8,
fe9ac8,
ff9bc9,
fc9cc7,
f89dc4,
f8b4d7,
fbbada,
f89cc5,
fd9cc9,
fe9cc9,
fe9cc8,
fe9dc8,
fd9dc8,
fc9dca,
fc9dca,
fa9ec9,
f99ec8,
f89fc7,
f1a3cb,
f0b2db,
f8a4d0,
fc9fcb,
fc9fcb,
fc9ecd,
fc9fce,
fca0cf,
fca1d0,
fda1d2,
fca1d1,
fda0d0,
fea1d2,
fea1d2,
fea1d2,
fea1d1,
fea1d1,
fea1d1,
fea1d1,
fda2d2,
fda2d3,
fca2d3,
fca1d2,
fda2d4,
fea3d4,
fea3d4,
fca4d4,
fba4d5,
fba4d4,
faa5d4,
f9a6d5,
f8a6d3,
f8a6d4,
f7a6d3,
f7a5d3,
f7a5d3,
f6a5d3,
f7a6d3,
f9a8d5,
f9a9d6,
faabd7,
faacd7,
faacd7,
f9acd6,
f8acd7,
f9acd7,
faaed8,
fbb0d7,
fab1d8,
fab2d7,
f8b2d6,
f8b2d5,
f7b2d5,
f9b2d6,
f9b3d6,
f9b3d7,
f9b3d7,
f9b3d7,
f9b3d8,
f9b3d8,
f9b3d8,
f9b3d7,
f9b3d7,
f9b3d7,
f9b3d7,
f8b2d6,
f8b4d7,
f9b3d8,
f9b3da,
fab2da,
f9b0da,
fab1da,
f9b1da,
fab0dd,
fab1db,
f9b2dc,
f9b3dd,
f9b5dd,
f8b6dd,
f8b7dc,
fab7dc,
fbb7dc,
fbb7db,
fab7dc,
fab7dd,
fab8dc,
fbb8dc,
fab9dc,
fab9dc,
fcbadc,
fbb9dc,
fcbbde,
fcbade,
fbbadd,
fcbadf,
fbb9df,
fbb9de,
fbb9de,
fcb8de,
fcb8de,
fcb9df,
fbb8df,
fbb8df,
fcb8e0,
fcb8e0,
fab8de,
f9b8de,
f9b8de,
fab8de,
fcbadf,
fdbbe1,
fcbde2,
fcc0e3,
fcc0e3,
fbc1e4,
fbc1e4,
fbc1e4,
fbc1e4,
fcc1e4,
fcc1e4,
fac2e5,
fdc2e5,
fec2e5,
fbc3e5,
fac4e5,
fcc4e7,
fcc4e7,
fdc5e8,
fcc5e8,
fbc5e8,
fcc5e8,
fbc5e8,
fbc5e8,
fdc6e9,
fcc6e9,
fcc6e9,
fcc7ea,
fdc8ea,
fcc8ea,
fbc8ea,
fbc8ea,
fbc8ea,
fcc9eb,
fdcaec,
fdcaec,
fdcaec,
fdcaec,
fdcaec,
fdcaec,
fccaec,
fbcaec,
fccaec,
fdcaec,
fccbed,
fdcbee,
fdccee,
fdccef,
fecdef,
fdcdef,
fdcdef,
fdcdef,
fdcdef,
fdcdef,
fdcdef,
fdcdef,
fdcdef,
fdcdef,
fecdef,
fecdef,
fdcdef,
fecbed,
fecbed,
fecbee,
ffcaee,
fecbf0,
ffcbf0,
ffcbf0,
ffcbef,
ffcbef,
fecbf0,
fecbf0,
fecbf0,
ffcbef,
fecbf0,
fecaf0,
ffcaf0,
fecbf0,
fecaf0,
fecaef,
fecaee,
fecbee,
fecaef,
ffccf0,
ffccf1,
ffccf1,
ffccf1,
feccf1,
ffcdf1,
ffcff0,
ffd0f0,
ffcff3,
ffcff3,
ffcef2,
fecef1,
fecdf2,
fecdf2,
fecdf2,
fecdf2,
ffcdf2,
ffcef2,
ffcff4,
ffcff4,
ffcff4,
ffcef3,
ffcef3,
ffcef3,
fecef3,
fecef4,
ffcff5,
ffd1f6,
ffd1f6,
ffd1f6,
ffd2f5,
ffd2f4,
ffd3f3,
ffd3f5,
ffd4f5,
fed4f5,
fed4f6,
fed5f7,
ffd5f7,
ffd6f8,
ffd6f8,
ffd6f8,
ffd6f7,
ffd5f6,
ffd5f7,
ffd5f7,
fed4f6,
fed4f6,
fed4f6,
fed4f6,
ffd5f7,
ffd6f8,
ffd7f8,
fed7f9,
fdd9fa,
fddafb,
fddafb,
fedbfb,
fedbfc,
ffdcfd,
ffddfd,
ffdffd,
fc97c3,
fd9ac5,
fd9cc5,
fd9dc5,
fc9dc4,
fc9ec4,
fc9fc5,
fda0c6,
fca1c6,
fca1c5,
fca1c6,
fda1c5,
fea1c6,
fea0c7,
fc9fc5,
fe9dc4,
fe9dc4,
fd9dc4,
fe9ec5,
fe9fc5,
fda0c7,
fea1c7,
fea1c7,
fea2c8,
ffa2c8,
ffa2c8,
ffa2c8,
ffa2c8,
fea2c8,
fea2c8,
fda3c9,
fea3c9,
fea3ca,
ffa3cb,
ffa3cb,
ffa1cc,
ff9fca,
ff9dc8,
fe99c6,
fd98c6,
fc97c4,
fd97c5,
fb98c6,
fc99c4,
f99ac2,
f4a2c6,
f9bdde,
f69bc4,
f99bc6,
fd9bc8,
ff9bc9,
fc9bc7,
fa9dc6,
f3a6cb,
ffc4e2,
f6a7cb,
fc9ec8,
fd9dca,
fe9dca,
ff9cc9,
fe9dc9,
fb9dc8,
fb9ec9,
f99ec8,
f8a0c9,
f1a9ca,
f1bad8,
faa2cb,
fb9fcb,
fb9ecb,
fc9fcc,
fc9fcd,
faa0cf,
f3a5d3,
f1aad8,
faa2d2,
fea0d0,
ffa0cf,
fea1d1,
fea1d1,
fea1d2,
fea1d2,
fea1d1,
fea1d0,
fea1d1,
fca2d1,
fda3d2,
fca2d3,
fda2d3,
fda2d4,
fda2d4,
fca2d4,
fca4d5,
fca4d5,
fca4d5,
fca4d5,
fca4d8,
f9a5d3,
f8a5d3,
f9a4d3,
faa4d2,
f9a5d2,
f6a5d3,
f7a6d4,
f7a6d4,
f8a8d6,
f8a8d6,
f9a8d6,
f8a8d6,
f6a8d5,
f7a9d5,
f9aad8,
f9add8,
f9aed7,
fbafd9,
fbb0d9,
fbb2d8,
f9b2d6,
f8b2d5,
f9b2d6,
fbb3d6,
f9b3d7,
f9b3d7,
f9b3d7,
f9b3d7,
fab4d8,
fab4d8,
fab4d8,
f9b3d7,
f9b3d7,
f9b3d7,
f9b3d7,
f9b3d7,
f9b3d8,
f9b3d9,
f9b3da,
fab0db,
fab1da,
fab1db,
f9b2db,
fab4dc,
fab3de,
fab4dc,
f8b6da,
f8b7db,
f8b7db,
fab7dc,
fbb7dd,
fbb7db,
fab7db,
f8b7db,
fab7db,
fbb7db,
f8b7db,
f8b7db,
fab9dc,
fbb9dc,
fbbade,
fbbade,
fbbadd,
fbb9de,
fbb9df,
fbb9df,
fbb9df,
fbb9df,
fbb9df,
fbb9df,
fbb9df,
fbb9df,
fcb9df,
fdb9df,
fbb9df,
f8b8de,
fab8de,
fab9df,
fcbadf,
fdbbe2,
fbbce4,
fbc0e4,
fbc1e4,
fbc1e4,
fbc1e4,
fbc1e4,
fcc1e4,
fec1e4,
fdc1e4,
fdc2e5,
fdc2e5,
fcc3e5,
fcc3e5,
fac5e5,
fcc4e7,
fdc5e8,
fdc5e9,
fbc5e9,
fbc5e8,
fcc6e9,
fbc5e8,
fcc6e9,
fcc6e9,
fcc6e9,
fcc6ea,
fcc6eb,
fdc7ea,
fdc8ea,
fcc8ea,
fbc8ea,
fbc8ea,
fcc9eb,
fdcaec,
fdcaec,
fdcaec,
fdcaec,
fdcaec,
fdcaec,
fccbed,
fdcaec,
fdcaec,
fdcbee,
fdccef,
fdcdef,
ffcdef,
ffccef,
ffccef,
fdcdef,
fdcdef,
fdcdef,
fecdef,
fdcdef,
fdcdef,
fdcdef,
fdcdef,
fdcdef,
fecef0,
ffcef0,
fdcdef,
fccbee,
fdcaed,
fecbed,
fecbee,
ffccee,
ffcef0,
ffcff2,
ffcff3,
ffd0f2,
ffd0f2,
ffd0f2,
ffd0f3,
fed1f1,
fed1f2,
ffcff3,
ffcff4,
ffcff2,
ffcdf2,
fecbf1,
fecbf0,
fecbee,
fecaef,
ffccf0,
ffccf1,
ffccf1,
ffccf1,
ffcdf1,
ffcff1,
ffd1f1,
ffd2f1,
fed2f2,
ffd2f2,
ffd1f2,
fed1f2,
fed0f3,
fecff3,
ffcef2,
ffcef2,
ffcff3,
ffd0f4,
ffd0f4,
ffd0f6,
ffd0f6,
ffd0f4,
ffd0f4,
ffd0f4,
ffd1f5,
ffd1f5,
ffd2f5,
fed2f6,
fed3f7,
fed4f8,
ffd4f7,
ffd4f7,
ffd3f8,
fed4f6,
ffd5f6,
ffd5f7,
fed6f8,
fed7f8,
fed8f9,
ffd8f8,
ffd9f8,
ffd9f8,
ffd8f8,
ffd8f8,
ffd7f8,
fed7f8,
ffd6f7,
ffd6f7,
ffd6f7,
ffd7f7,
ffd8f8,
ffd8f9,
ffd9fa,
fddafa,
fddbfa,
fddbfb,
fedcfc,
fedcfa,
ffdcfc,
ffdcfc,
ffddfc,
ffdffb,
fb95c1,
fe98c4,
fe9bc5,
fe9cc5,
fe9cc4,
ff9dc4,
fe9ec6,
fd9fc6,
fda0c6,
fda0c5,
fe9fc5,
fd9fc6,
fe9fc7,
ff9dc7,
fe9dc4,
ff9bc3,
ff9bc3,
fe9cc3,
ff9dc5,
ff9ec5,
ff9fc6,
fea0c6,
fea1c7,
fea2c8,
fea1c8,
ffa1c8,
fea1c7,
fea2c7,
ffa2c8,
ffa2c8,
ffa2c9,
ffa2c9,
ffa2ca,
ffa2cb,
ffa2cb,
ffa1cc,
fe9fca,
ff9dc8,
fd99c6,
fd98c6,
fd97c4,
fd97c4,
fc97c5,
fd98c4,
fb99c4,
f79ec4,
fac2e1,
f8afd4,
f79bc4,
fd9bc7,
ff9bc9,
fc9bc6,
fa9cc6,
f5a2c9,
fcbddd,
fcc0e0,
fa9fc6,
fb9fc9,
fd9fca,
ff9eca,
fd9fca,
fba0c9,
f9a0c7,
f49fc6,
f4b8d9,
f7c0dc,
f8a7cb,
fca1c9,
fda0c9,
fc9fcb,
faa0cc,
f7a0cd,
f0aed9,
f3add9,
faa1d0,
fca1cf,
fda0d0,
ffa0cf,
fea0cf,
fda0d1,
fda0d1,
fea0d1,
fea1d1,
fea1d1,
fea1d1,
fda2d2,
fda2d3,
fea2d3,
fda2d4,
fda3d3,
fda2d3,
fda2d4,
fda3d5,
fca3d5,
fba4d5,
fba3d5,
fca4d6,
fba4d5,
faa4d4,
f9a4d3,
f9a3d2,
f8a5d2,
f7a5d3,
f7a5d3,
f7a6d4,
f7a6d5,
f7a6d4,
f7a6d4,
f7a6d4,
f7a6d4,
f7a6d4,
f7a8d6,
f7aad6,
f9acd8,
faaeda,
fbafda,
fbb0d9,
fab0d7,
fab0d6,
fab1d7,
fbb1d7,
fab2d6,
f9b3d7,
f9b3d7,
fab4d8,
fab5d9,
fab5d9,
fbb5d9,
fab5d9,
f9b3d7,
f9b3d7,
f9b3d7,
f9b3d7,
f9b3d7,
f9b3d8,
f9b2da,
fab1da,
f9b0d9,
fab1d9,
f9b3da,
fab4db,
fbb5dd,
fab6db,
fbb7da,
fab8d9,
f8b8d9,
f8b8db,
fbb7dd,
fcb8d9,
fbb7da,
fab7db,
fbb7db,
fbb7db,
fbb8d9,
fbb7da,
fbb8db,
fcb9db,
fbbadc,
fabadc,
fbb8dc,
fab8dd,
fab8de,
fab8de,
fab8de,
fbb7de,
fbb7de,
fab8de,
fab8de,
fcb8de,
fdb9df,
fdb9df,
fcb9de,
fbb8dd,
fbb8de,
fab9df,
fabae1,
fcbbe3,
fcbde4,
fcc1e4,
fdc1e4,
fbc1e4,
fbc1e4,
fbc1e4,
fcc1e4,
fdc1e4,
fdc1e4,
fcc2e5,
fbc2e4,
fcc3e5,
fbc3e5,
fac3e5,
fbc4e6,
fdc5e8,
fdc5e9,
fbc5e8,
fbc5e8,
fbc5e8,
fbc5e8,
fcc6e9,
fcc6e9,
fcc6ea,
fcc6ea,
fcc6ea,
fcc6ea,
fdc8eb,
fdc8ea,
fdc8ea,
fcc9eb,
fcc9eb,
fecaec,
fdcaec,
fdcaec,
fdcaec,
fdcaec,
fecaec,
fdcaed,
fdcbed,
feccef,
fdcdef,
fdcdef,
fdcdef,
ffccef,
ffccef,
ffccef,
fdcdef,
fdcdef,
fdcdef,
fecef0,
fdcdef,
fecdf0,
fdcdef,
fdcdef,
fdcdef,
ffcef0,
ffcef0,
fecef0,
fecdf0,
ffccef,
ffcbee,
ffccef,
ffcef0,
ffcff1,
ffd1f3,
ffd2f4,
ffd2f4,
ffd3f4,
ffd3f3,
ffd4f3,
fed4f3,
fed4f3,
fed3f5,
fed2f6,
ffd2f5,
ffd1f4,
ffcef2,
ffccf0,
ffccef,
feccef,
ffcdf0,
ffcdf2,
ffcdf2,
ffcef3,
ffd0f2,
ffd2f4,
ffd3f4,
fed4f4,
fed5f4,
fed4f4,
fed4f5,
fed3f4,
fed3f5,
fed3f5,
ffd2f5,
fed2f5,
fed3f5,
fdd3f6,
fed3f6,
fed3f6,
fed3f6,
ffd3f6,
ffd3f6,
ffd3f6,
ffd4f6,
ffd4f5,
fed4f5,
fdd5f6,
fed6f6,
fed7f7,
fdd7f7,
fed7f8,
fed7f9,
fed7f8,
ffd8f8,
fed8f9,
fed8f9,
fdd8f9,
fdd8fa,
fed9f8,
fed9f8,
fed9f8,
ffdaf9,
ffdaf9,
ffdaf9,
ffd9f9,
ffd9fa,
ffd9fa,
ffd9fa,
ffdaf9,
ffdaf9,
ffdbf9,
ffdbfa,
ffdcfb,
ffdcfb,
fedcfd,
fedcfd,
fddcfc,
feddfb,
feddfb,
ffdefb,
ffdffb,
fb93c1,
fd96c2,
fd99c3,
fe9bc4,
fe9bc4,
ff9dc5,
ff9ec7,
fe9ec8,
fea0c7,
fd9fc4,
fd9dc5,
fd9dc4,
fc9cc5,
fe9bc4,
fd9bc4,
fd99c2,
fe99c2,
fc9ac3,
fe9bc4,
ff9cc5,
ff9ec6,
fe9fc6,
ff9fc8,
ff9fc8,
fea0c9,
fea1c8,
fea1c7,
fea2c6,
ffa2c8,
ffa1c9,
ffa1ca,
ffa1ca,
ffa2ca,
ffa2ca,
ffa2ca,
ffa0cb,
fd9ec9,
ff9dc8,
fe9ac7,
fd98c6,
fe97c5,
ff98c6,
fe98c6,
fe99c6,
fc9bc6,
fa9dc3,
f8b8da,
fdc1e3,
f7a0c8,
fd9bc7,
ff9ac8,
fc9cc6,
fa9dc6,
f8a1c7,
fbb9da,
fbc3df,
f9aacc,
faa1c9,
fda1c9,
fea1c9,
fca2c9,
fda2c9,
f7a8ca,
fabedc,
fac2dd,
faa8c8,
fba3c9,
fea1c9,
fda1c9,
fda0ca,
f5a3cb,
f1b7e0,
f6b7e2,
f8a0ce,
faa0cd,
fc9fce,
fd9fcf,
ffa0cf,
fea0cf,
fda0cf,
fda0cf,
fea0d0,
ffa1d2,
fda1d1,
fda2d1,
fca1d2,
fda2d3,
fea2d2,
fda2d4,
fca3d2,
fca2d3,
fda2d4,
fda3d5,
fca3d5,
fba2d4,
fca2d4,
fea3d5,
fda3d5,
fba3d5,
faa3d3,
f9a3d2,
f8a4d3,
f7a5d3,
f7a5d3,
f8a6d4,
f7a6d4,
f7a6d4,
f7a6d4,
f7a6d4,
f7a6d4,
f7a6d4,
f6a6d4,
f7a8d6,
f9aad8,
fbacda,
fbadda,
fbaed9,
faaed6,
f9aed5,
f9afd6,
fbafd8,
fab1d6,
fab2d8,
fab3d8,
fab4d9,
fab5d9,
fbb6da,
fbb6da,
fab5d9,
f9b3d7,
f9b3d7,
f9b3d7,
f9b3d7,
f9b3d7,
f8b2d7,
f8b1d9,
f9b1da,
f9b0d9,
fab2d8,
f9b3db,
fab5db,
fbb5dc,
fab5db,
fbb7da,
fbb8d9,
fab8d9,
f9b7dc,
fbb7dd,
fdb7d9,
fcb7db,
fbb7db,
fbb7db,
fbb7db,
fdb7da,
fdb7da,
fbb8da,
fbb8da,
fab8da,
fab8da,
fbb7db,
fbb7de,
fab7e0,
fab7df,
f9b7df,
fbb7dd,
fab7dd,
f8b7dd,
fbb7dd,
fdb8de,
fdb8de,
fdb8de,
fcb8dd,
fcb8dc,
fcb8de,
fbb9df,
fbbae1,
fcbbe3,
fdbde4,
fdc1e4,
fec1e4,
fbc1e5,
fbc1e4,
fbc1e4,
fbc1e4,
fbc1e4,
fcc1e4,
fcc2e5,
fbc1e4,
fcc2e5,
fac3e5,
fac3e5,
fcc4e7,
fcc4e7,
fdc5e8,
fbc5e8,
fbc5e8,
fbc5e8,
fbc5e8,
fcc6e9,
fcc6e9,
fcc6e9,
fcc6e9,
fcc6e9,
fcc6e9,
fdc8ea,
fdc8ea,
fdc8ea,
fcc9eb,
fdcaec,
fecaec,
fdcaec,
fdcaec,
fecaed,
fecbed,
fdcaec,
fdcbee,
fdcdef,
fdcdef,
fdcdef,
fdcdef,
fdcdef,
ffccef,
ffccef,
fdcdef,
fdcdef,
fdcdef,
fdcdef,
fecef0,
fecdef,
fecdf0,
fecdf0,
ffcef0,
ffcef0,
ffcef0,
ffd0f2,
ffcff1,
ffcff1,
fecef0,
fecef0,
ffcef0,
ffcff1,
fed1f2,
ffd2f4,
ffd4f6,
ffd4f6,
ffd5f7,
fed5f6,
ffd6f5,
ffd6f5,
ffd6f5,
fed4f6,
fed4f7,
fed4f7,
ffd3f4,
ffd1f2,
ffcff1,
ffcff1,
ffcff1,
ffcff1,
fed0f3,
ffd0f4,
ffd1f4,
ffd2f4,
fed4f5,
ffd4f6,
fed4f6,
ffd6f5,
ffd6f5,
fdd4f6,
fdd4f6,
fed4f6,
fed4f6,
fed4f6,
fed4f6,
fed5f6,
fed6f7,
fed7f8,
fed7f8,
fdd6f7,
ffd5f7,
ffd5f7,
ffd5f7,
fed6f6,
fdd6f5,
fed5f6,
ffd6f8,
ffd8f7,
ffd9f7,
ffd9f8,
ffd9f7,
ffd9f7,
ffd8f9,
ffd7f8,
fed8f9,
fdd8f9,
fdd8f9,
fdd8f9,
fdd9f8,
fdd9f7,
fedaf8,
ffdaf9,
ffdaf9,
ffdaf9,
ffdaf9,
ffd9fa,
ffd9fa,
ffd9fa,
ffdaf9,
ffdaf9,
ffdaf9,
ffdcfa,
ffdcfb,
ffdcfc,
ffdcfd,
fedcfd,
fdddfc,
fedefc,
fedefc,
ffdefb,
ffdffb,
fb92c0,
fe94c0,
fd97c2,
fe9ac3,
fe9cc3,
ff9dc5,
ff9dc7,
fe9dc8,
ff9ec7,
fd9ec5,
fd9bc4,
fe9ac3,
fe99c3,
fe99c2,
fc99c2,
fd99c2,
fd99c2,
fd9ac3,
fc9ac3,
ff9cc5,
ff9dc5,
fe9ec6,
fe9ec7,
fe9ec7,
ff9fc8,
ff9fc8,
ffa0c6,
ffa0c7,
fea0c8,
ffa1c9,
ffa2c8,
ffa2c8,
fea1c8,
fea1c9,
fea0ca,
ff9fc9,
fe9ec8,
ff9ec7,
ff9cc8,
fe9ac7,
fe9ac9,
ff9bc9,
ff9cc9,
ff9ec9,
fe9fc8,
fba1c8,
f6afd2,
fec6e6,
f9b0d4,
fc9bc6,
fd9ac6,
fe9ac7,
fe9dc7,
fda1c9,
f7b2d5,
fcc4df,
f9b8d5,
f9a3c9,
fba3c8,
fba3c7,
f9a3c8,
f8aed1,
fbc5e2,
f9bad8,
f9a9ca,
fca4c9,
fda3ca,
fea3ca,
fba2c9,
f6a7ce,
f7c4e7,
f6b1da,
f9a1ce,
fba0cd,
fd9ecc,
fe9ecc,
fe9fce,
fe9fce,
fea0cf,
fda0cf,
fda0cf,
fda0d0,
fea0d0,
fea1d1,
fea1d1,
fda1d0,
fda1d1,
fca1d2,
fca1d2,
faa1d2,
fba2d3,
fca2d4,
fca2d4,
fba2d4,
fba2d4,
fba2d4,
fca2d4,
fba3d4,
fca4d5,
faa3d4,
faa4d3,
faa4d3,
faa4d3,
f8a5d3,
f8a5d3,
f9a5d5,
f8a5d4,
f8a5d3,
f8a5d3,
f7a6d3,
f7a6d2,
f7a7d3,
f7a6d4,
f8a8d6,
f9a9d7,
faabd7,
faabd9,
f9abd7,
f8acd6,
faacd7,
fbadd8,
faafd8,
fab0d7,
fab1d8,
fbb3d9,
fbb4d9,
fbb4d8,
fbb4d8,
fcb3d9,
fcb2d9,
f9b2d8,
fab2d8,
fab2d8,
f9b2d9,
f8b1d8,
f8afd8,
f8afd8,
f9b0d9,
fab2d9,
fab3d9,
fab5db,
fbb5db,
fab5db,
fbb6db,
fab7da,
f9b7db,
fab6db,
fab6da,
fcb7da,
fbb7db,
fbb7db,
fbb7db,
fbb7db,
fdb7db,
fdb7db,
fbb6dc,
fab6dc,
fab6da,
fbb5db,
fbb5db,
fbb5dc,
fbb4dd,
fbb5de,
fab5de,
fbb5dd,
fab5dc,
f9b5dc,
fab5dc,
fcb6dc,
fdb7dd,
fdb7dd,
fdb7de,
fcb7de,
fdb6de,
fcb7de,
fcb9e1,
fdbbe3,
febde4,
fcbfe5,
fdc0e5,
fdc0e5,
fdc0e5,
fdc0e6,
fdc1e5,
fec1e4,
fdc1e4,
fdc1e4,
fcc1e4,
fbc1e4,
fcc2e5,
fcc3e6,
fbc4e6,
fbc4e7,
fcc4e7,
fbc4e7,
fcc5e7,
fcc5e8,
fdc6e8,
fdc6e9,
fdc6e9,
fdc6e9,
fdc8ea,
fdc8eb,
fdc8eb,
fdc9eb,
fec9ea,
fec9ea,
fecaeb,
fecaec,
fdcaec,
fdcaec,
fdcaec,
fdcaec,
fecbee,
fdcbee,
fccbee,
fdccee,
fdcdef,
fdcdef,
fdcdef,
fdcdef,
fdcdef,
fdcdef,
fccdef,
fccdef,
fdcdef,
fdcdef,
fdcdef,
fecdf0,
ffcff1,
ffcff1,
ffcff1,
ffcff1,
ffd0f2,
fed2f3,
fed2f3,
fed1f2,
ffd2f2,
ffd2f3,
ffd2f2,
ffd2f2,
fed3f3,
fed3f4,
ffd4f6,
ffd5f7,
ffd6f6,
ffd6f6,
ffd6f5,
ffd6f5,
ffd7f4,
fed4f5,
fed4f6,
fed4f6,
fed4f6,
fed3f5,
ffd2f4,
ffd1f3,
fed1f2,
fed2f3,
ffd2f4,
ffd2f4,
ffd3f5,
fed4f6,
fed4f6,
fed4f6,
fed4f6,
ffd6f6,
ffd6f6,
ffd6f6,
ffd6f7,
ffd6f7,
ffd5f7,
ffd5f7,
ffd6f7,
ffd7f8,
ffd8f7,
ffd8f8,
ffd9f8,
ffd9f7,
ffd8f7,
ffd8f8,
ffd7f8,
fed7f7,
fed7f6,
fed6f7,
fed6f7,
ffd7f7,
fed7f8,
fed7f8,
fed8f8,
ffd8f9,
fed8f9,
fed7f8,
ffd8f9,
fed8f9,
fed8f9,
fed8f9,
fdd9f7,
fdd9f7,
ffdaf9,
ffdaf9,
ffdaf9,
ffdaf9,
ffdaf9,
ffdaf9,
ffdaf9,
ffdaf9,
ffdaf9,
ffdaf9,
fedaf9,
ffdcfa,
ffddfc,
ffddfc,
fedcfd,
feddfc,
ffdefa,
ffdefa,
ffddfa,
ffdefa,
ffdffb,
fe8fbe,
ff92bf,
ff95c1,
ff98c2,
ff9ac2,
ff9cc3,
ff9dc5,
ff9ec7,
fe9ec6,
fc9cc5,
fd99c4,
fd97c2,
fe97c1,
fd98c0,
fd99c0,
fe99c1,
ff99c2,
fd99c2,
fd99c2,
ff9ac3,
fd9bc4,
ff9dc5,
ff9dc6,
ff9dc6,
ff9ec7,
ff9ec6,
ff9ec5,
fe9ec5,
ffa0c8,
fea1c9,
ffa2c8,
ffa2c8,
fea1c7,
fea1c9,
fea0c9,
ff9fc8,
ff9fc6,
ff9fc7,
fe9ec7,
fe9dc7,
fe9ec8,
ffa0c8,
ffa1c9,
ffa2ca,
fea4ca,
fba4c9,
f2a4c8,
fec7e6,
fbc4e2,
f89ec3,
fd9ac4,
fe9ac7,
fe9cc7,
fe9fca,
f6a6cc,
fcc6e4,
fcc6e2,
f6a8cb,
f6a4c6,
f5a5c4,
f7b5d4,
fecce8,
f9b9d7,
f8a6c8,
fca5c9,
fca4ca,
fca3cb,
fba4cc,
f4aed1,
fcd0ef,
fbb8dd,
fca1cd,
fca0cd,
fca0cd,
fd9ecb,
fc9ecb,
fd9fcd,
fe9fce,
fea0cf,
fda0cf,
fda0cf,
fda0d0,
fda0cf,
fca1d0,
fca0d0,
fca0cf,
fda2d2,
fca2d1,
fba2d1,
f8a2d1,
faa3d1,
fca2d3,
fba2d3,
fba2d3,
fba2d4,
fba2d4,
fda2d4,
faa3d4,
faa3d4,
faa3d4,
fca4d5,
fca4d5,
fba4d5,
faa4d5,
faa4d5,
f9a4d5,
f8a4d4,
f8a5d3,
f8a5d3,
f7a5d2,
f6a5d1,
f7a7d3,
f7a6d4,
f7a6d4,
f8a7d5,
f8a8d5,
f9a8d5,
f9a8d6,
f9a9d8,
faaad8,
fbabd8,
f8acd8,
f9add6,
f8afd6,
fab0d8,
fcb1d8,
fab1d8,
f9b1d6,
fbb1d8,
fbb0d8,
faafd8,
fbb0d9,
fab0d8,
faafda,
f9aeda,
f8aed8,
f8afd8,
f9b0d8,
f9b0da,
fbb3d9,
fab4da,
fab5d9,
fab5da,
fbb5dc,
f9b5db,
f8b6db,
fab5da,
fab5d9,
f9b5db,
fab5da,
fbb6da,
fbb6da,
fbb6da,
fcb6da,
fcb6db,
fab5dd,
fab4dc,
fcb3da,
fdb3db,
fcb3dc,
fcb3dc,
fcb3dc,
fcb3dc,
fbb3dc,
fbb4dc,
fbb4da,
fcb4db,
fbb5dc,
fbb5dc,
fdb6dd,
fdb6dd,
fdb4dd,
fdb4dd,
feb5dd,
fdb5de,
fdb8e1,
febae2,
febae3,
fcbde4,
fcbde4,
fdbfe5,
fdbfe5,
febfe5,
fec0e3,
ffc0e3,
fec0e3,
fec1e4,
fcc1e4,
fbc1e4,
fcc1e4,
fac3e5,
fac3e5,
fac3e5,
fbc3e6,
fcc4e7,
fcc5e7,
fec6e9,
fec6e9,
fec6e9,
fec6e9,
fdc7ea,
fdc8ea,
fec8eb,
fdc9eb,
fdc9eb,
fec9eb,
ffcaeb,
fecaea,
fecaeb,
fdcaec,
fdcaec,
fdcaec,
fdcaec,
fecbee,
fecbee,
ffccef,
ffccef,
ffccef,
fecdef,
ffcef0,
ffcef0,
fecdf0,
fdcdef,
fdcdef,
fdcdef,
fdcdef,
fdcdef,
fdceef,
fdcff0,
fecff1,
fed0f2,
ffd0f2,
ffd1f2,
ffd2f4,
ffd3f3,
ffd3f2,
ffd4f1,
ffd4f1,
ffd4f1,
ffd3f2,
ffd3f3,
ffd4f3,
ffd4f3,
ffd6f6,
ffd7f6,
fed7f7,
ffd7f6,
ffd6f5,
ffd6f5,
ffd6f5,
fed4f6,
fed4f6,
fed4f6,
fed4f6,
fed3f5,
ffd2f4,
ffd2f3,
ffd3f5,
ffd3f5,
ffd4f6,
ffd4f6,
fed4f6,
fed4f6,
fed4f6,
fed4f6,
fed4f6,
ffd5f7,
ffd6f5,
ffd6f5,
ffd7f6,
ffd7f6,
ffd7f6,
ffd8f7,
ffd9f7,
ffd9f7,
ffd9f7,
ffd9f8,
ffd9f7,
ffd9f7,
ffd9f7,
ffd9f7,
ffd9f7,
fed7f6,
fed7f6,
fdd6f6,
fdd6f7,
ffd5f7,
ffd5f7,
ffd5f7,
fed6f7,
fed7f8,
fdd8f9,
fdd8f9,
ffd8f9,
ffd8f9,
ffd8f9,
fed9f8,
fdd9f7,
fdd9f7,
ffdaf9,
ffdaf9,
ffdaf9,
ffdaf9,
ffdaf9,
ffdaf9,
ffdaf9,
ffdaf9,
ffdaf9,
ffdaf9,
fddbfa,
ffdcfb,
ffdefc,
ffdefc,
fdddfb,
feddfb,
ffdefa,
ffddf9,
ffddf9,
ffdefa,
ffe0fb,
fe8dbc,
ff8fbf,
fe92c0,
fd96c1,
fe99c2,
fe9ac3,
fe9ac4,
ff9bc6,
fe9bc5,
fe99c3,
ff96c2,
fe95c1,
fe95c0,
fe96c0,
fd97c0,
fe97c0,
fe98c0,
fd98c1,
fd98c1,
ff99c2,
fe9ac3,
ff9bc4,
fe9bc5,
fe9cc6,
fe9cc5,
fe9cc4,
fe9cc5,
fe9dc6,
ff9fc7,
ffa0c8,
ffa1c7,
ffa1c7,
fea1c7,
fea1c7,
ffa2c8,
ffa2c8,
ffa1c8,
fea1c7,
ffa0c8,
fea0c9,
ffa1c9,
ffa3c9,
ffa3c9,
ffa5cb,
fea5cb,
fca6c9,
f9a6cb,
f7bbda,
fbc6e0,
f8b9d3,
fa9cc2,
fd9ac5,
ff9dc5,
ff9fc6,
fca4c8,
f7bddc,
fdc8e5,
f9bedc,
efa9c9,
f9bddb,
fdc6e4,
f7b3d2,
f9a7c9,
fca6c8,
fda5c9,
fba5ca,
f8a7cc,
f7badc,
fcceeb,
fab5d9,
fda2cc,
fea0cd,
fea0cd,
fea0cc,
fea0cb,
fea0cb,
fea0cc,
fea0ce,
fca0cf,
fca0cf,
f59fcf,
ea9bca,
e093c2,
e598c7,
e698c9,
e69dcc,
de9dca,
e6a1ce,
f09dce,
f8a2d2,
f9a3d3,
fba3d2,
f9a2d3,
faa2d2,
faa2d2,
faa2d2,
fba1d2,
fba2d3,
faa2d3,
faa2d3,
fba3d4,
fca3d5,
fba4d5,
f9a3d4,
f8a3d4,
f7a3d4,
f8a3d4,
f8a4d5,
f8a4d4,
f8a4d4,
f8a4d5,
f8a4d5,
f8a5d5,
f8a5d5,
f7a6d4,
f7a6d5,
f7a5d6,
f8a7d7,
f8a7d7,
f7a8d7,
f7a9d7,
f6aad7,
f7abd7,
f8acd7,
f9aed8,
f9afd8,
faafd8,
faafd8,
faaed9,
f9add8,
f9aed7,
f9aed8,
f9add9,
f9add8,
f7acd9,
f8acd9,
f8add8,
f8aed9,
f9b0da,
f9b2d9,
fab3db,
fab4db,
fab4da,
fab4da,
fbb4da,
fcb4d9,
fcb4d9,
fcb4d9,
fab4da,
fab4da,
fab4da,
fbb4da,
fcb4da,
fcb4db,
fbb3db,
fbb2de,
fab1dc,
fbb0da,
fcb0db,
fbb0d9,
fcb0da,
fbb1db,
fcb1da,
fdb2dc,
fbb3de,
fbb4de,
fcb5dd,
fbb4dc,
fbb3dc,
fdb4dc,
feb4dd,
fcb3dc,
fbb2db,
fcb3dc,
fcb3dc,
fdb6de,
fdb7df,
fcb8e0,
fcb9e2,
fdbae2,
fdbbe3,
fdbbe3,
fdbce2,
fcbde2,
fcbee3,
fcbfe4,
fcbfe5,
fcc1e4,
fdc1e4,
fcc1e4,
fcc2e5,
fcc2e6,
fbc2e6,
fbc2e4,
fcc3e6,
fdc4e8,
fec6e9,
fec6e9,
fec6ea,
fec6eb,
fdc7ea,
fdc8ea,
ffc9ec,
ffcaec,
ffcaec,
ffcaec,
ffcaec,
fec9e9,
fec9ea,
ffcaec,
fecaec,
fecbed,
fdcaed,
fdcaec,
fdccef,
ffccef,
feccef,
fdccee,
fecdef,
ffcef1,
ffceef,
fdcdef,
fdcdef,
fdcdef,
fdcdef,
fdcdef,
fdcdee,
fdceee,
fecff0,
ffd0f2,
ffd2f3,
ffd2f3,
ffd3f2,
ffd4f1,
ffd4f1,
ffd4f1,
ffd4f1,
ffd4f1,
ffd4f1,
ffd4f1,
ffd4f1,
ffd4f1,
ffd4f2,
fed6f5,
fed8f7,
ffd8f7,
ffd7f4,
fed5f3,
ffd5f4,
ffd5f4,
fed4f6,
fed4f6,
ffd4f6,
ffd3f5,
ffd3f4,
fed2f3,
ffd3f5,
ffd3f5,
ffd5f5,
fed4f6,
fed4f6,
fed4f6,
fed4f6,
fed4f6,
fed4f6,
fed4f6,
fed4f6,
fed4f6,
ffd6f6,
ffd6f5,
fdd6f5,
fed6f5,
fed6f5,
ffd7f6,
ffd7f6,
ffd7f6,
fed8f6,
fed8f6,
fed8f6,
fed7f6,
fed7f6,
ffd8f7,
fed7f6,
fed7f6,
fed7f6,
fdd6f6,
ffd5f7,
ffd5f7,
ffd5f7,
ffd5f6,
fed6f7,
fed7f8,
ffd8f9,
ffd9f7,
fed8f8,
fdd8f9,
fed9f8,
fdd9f7,
fdd9f7,
ffdaf9,
ffdaf9,
ffdaf9,
ffdaf9,
ffdaf9,
ffdaf9,
ffdaf9,
ffdaf9,
ffdaf9,
ffdaf9,
ffdbf9,
ffdcfb,
ffdefc,
ffdefc,
fedefc,
fedefb,
ffddf9,
ffddf9,
ffddf9,
ffdefa,
ffe0fb,
fd8cbb,
ff8ebc,
ff90be,
fe93c0,
fd96c0,
fe97c1,
ff98c2,
ff98c4,
ff97c3,
ff96c2,
fe94c0,
fe94c0,
ff95c1,
ff96c0,
fe96c0,
ff96c0,
fd96c0,
fe97c0,
fe97c1,
ff97c1,
ff99c3,
ff98c4,
fe99c5,
ff99c7,
ff9ac5,
ff9ac4,
ff99c5,
ff9ac5,
ff9cc5,
ff9dc5,
ff9fc5,
ffa0c7,
fea1c7,
ffa2c8,
ffa2c8,
ffa2c8,
fea1c7,
fea1c7,
fea1c8,
ffa1cb,
ffa2c9,
ffa3c9,
ffa4c9,
ffa5cb,
ffa5cb,
fda5c9,
fba6ca,
f1abcb,
fec6e0,
fcc4da,
f7a5c6,
fc9bc4,
fe9cc5,
ff9ec5,
fea2c8,
f1abcd,
fdc8e5,
fdcae5,
f8c4df,
fecbe7,
f8b4d5,
fca7c9,
fda6c8,
fca6c8,
faa6c8,
f6aacb,
f8c3e1,
fcd1ed,
f8b9db,
fba2ca,
fda1ca,
fea0cb,
ffa0cb,
fea0cb,
fea0cb,
fea0cb,
fea0cc,
fea1ce,
fba1d0,
eb9bc9,
d78ebc,
db90bf,
dc92c1,
da92c0,
db92c0,
db94c2,
d994c6,
d998c8,
dca6d2,
de9dcc,
ee9dcf,
f6a3d2,
f6a3d3,
f8a2d2,
f8a3cf,
f9a2d1,
f8a2d1,
fba1d2,
fba2d3,
faa2d3,
faa3d4,
fba2d4,
f9a3d4,
f9a3d4,
f9a3d4,
f9a3d4,
f9a3d4,
f9a3d4,
f8a4d5,
f7a3d4,
f8a4d5,
f8a4d5,
f8a4d5,
f6a4d5,
f6a5d5,
f6a5d5,
f7a5d6,
f7a5d6,
f7a5d6,
f6a6d6,
f7a7d8,
f7a8d8,
f8a9d9,
f7abd9,
f9acd8,
faadd7,
fbadd8,
faaed9,
f9add8,
f8acd7,
f8acd8,
f8acd7,
f8abd9,
f7abd8,
f6aad7,
f8abd9,
f7abd8,
f7add8,
f8afd9,
f8b1da,
f9b2db,
f9b2db,
fab2da,
fab3d9,
fbb3d8,
fcb3d8,
fcb4d9,
fcb4d9,
fab3db,
f9b3da,
f9b3d9,
fbb3db,
fbb2db,
fbb2db,
fcb1da,
fcb0dc,
fbafd9,
faaed9,
faaed9,
faaed8,
faaed9,
fbafd8,
fcb1da,
fdb2db,
fbb3de,
fbb4df,
fdb6df,
fcb4dc,
fcb3dc,
fcb3dc,
fcb3dc,
fcb2db,
fbb2db,
fcb3dc,
fcb3dc,
fdb4dd,
fdb5dd,
fcb6de,
fcb6df,
fbb7df,
fdb8e1,
fdb9e1,
fdb9df,
fcbbe0,
fbbde3,
fabde3,
fcbfe4,
fbc0e3,
fdc1e4,
fcc1e4,
fdc2e5,
fec1e6,
fcc1e6,
fac2e4,
fdc3e6,
ffc4e7,
fec6e9,
fec6e9,
ffc7eb,
fec7eb,
fdc7ea,
fdc8ea,
ffc9eb,
ffc9eb,
fec9eb,
fec9eb,
fec9eb,
fdc8e8,
fec8e8,
ffc9ea,
fec9eb,
fdcaec,
fdcaec,
fdcaec,
fecbee,
ffccef,
fdccee,
fdccef,
fecdef,
ffcef1,
ffcef0,
fdcdef,
fdcdef,
fdcdef,
fdcdef,
fdcdef,
feceee,
fdcfee,
fed0f0,
ffd1f4,
ffd2f3,
ffd2f3,
ffd3f2,
ffd4f0,
ffd4f1,
ffd4f1,
ffd4f1,
ffd4f1,
ffd4f1,
ffd4f1,
ffd4f1,
ffd4f1,
ffd4f2,
ffd6f4,
fed7f4,
ffd7f3,
ffd5f2,
ffd4f1,
ffd4f3,
ffd3f3,
ffd4f5,
ffd3f5,
ffd3f5,
ffd2f3,
ffd2f3,
fed2f3,
ffd3f5,
ffd3f5,
ffd5f5,
fed4f6,
fed4f6,
fed4f6,
fed4f6,
fed4f6,
fed4f6,
fed4f6,
fed4f6,
fed4f6,
ffd6f6,
ffd6f5,
fdd6f5,
fdd6f5,
fdd6f5,
fed6f5,
ffd7f6,
ffd7f6,
fed7f6,
fed7f6,
fed7f6,
fed7f6,
fed7f6,
fed7f6,
fed7f6,
fed7f6,
fed7f6,
fdd7f5,
ffd6f7,
ffd6f7,
ffd5f7,
ffd5f7,
ffd6f8,
ffd7f8,
ffd8f9,
ffd9f7,
fed9f7,
fdd8f9,
fed9f8,
fdd9f7,
fed9f7,
ffdaf9,
ffdaf9,
ffdaf9,
ffdaf9,
ffdaf9,
ffdaf9,
ffdaf9,
ffdaf9,
ffdaf9,
ffdaf9,
ffdaf9,
ffdcfb,
ffdefc,
fedefc,
ffdcfb,
ffdcfa,
ffddf9,
ffddf9,
ffddf9,
ffddf9,
ffddf9,
fd8db9,
fe8eb9,
ff8fbb,
ff91bd,
ff92be,
ff94bf,
ff93bf,
ff93bf,
ff93c0,
ff93bf,
ff93bf,
ff94c0,
fe95c0,
ff96c0,
ff96bf,
ff97c0,
ff96c0,
ff96c1,
ff96c1,
ff96c1,
fe96c2,
fe97c3,
ff97c3,
ff98c5,
ff98c4,
ff98c3,
ff98c4,
ff98c3,
fe99c2,
fe99c1,
fe9bc3,
fe9dc4,
fe9fc5,
ffa1c8,
ffa2c8,
ffa2c8,
ffa2c7,
ffa2c7,
ffa2c8,
fea2c8,
ffa2c8,
ffa3c9,
ffa3c9,
ffa3c9,
ffa4ca,
ffa4c9,
fda5c9,
f9a9ca,
fac1dd,
fec6de,
f8b8d5,
fa9cc4,
fd9bc5,
fd9dc6,
fba0c8,
f1a4c8,
fbc4e2,
fec9e4,
fcc7e4,
f8b1d2,
faa5ca,
fea3ca,
fda4c8,
faa5c8,
f4b3d2,
fbc8e5,
fbccea,
f9b0d3,
faa1cb,
fea0ca,
ff9fcb,
ff9fcb,
ff9ecc,
ff9fcc,
ff9fcc,
ff9fcd,
fd9fcc,
faa1ce,
ed98c7,
e18fbf,
e08fbf,
dc8cbb,
df8dbc,
e18ebe,
e08ebe,
de8fbd,
de91c0,
de91c1,
de91c1,
e099c8,
e4a0d1,
e9a7d7,
ec9ece,
f6a2d2,
f4a2d2,
f8a2d2,
f9a2d2,
fba1d1,
fca1d2,
fba2d3,
faa1d2,
fba2d4,
fba2d4,
fba2d4,
fba2d4,
faa3d4,
faa3d4,
f8a3d4,
f7a3d5,
f7a2d5,
f7a3d4,
f7a3d4,
f8a4d5,
f6a4d5,
f8a4d5,
f7a4d5,
f7a5d6,
f7a5d6,
f7a5d6,
f7a5d6,
f5a6d6,
f6a7d5,
f8a8d6,
f9a9d7,
f8aad7,
f9aad7,
faabd7,
f9abd7,
f9aad7,
f8aad7,
f7aad7,
f6aad7,
f5a9d6,
f5a9d6,
f5a9d6,
f6a9d8,
f7aad9,
f8abd9,
f8add9,
f8aed8,
f9b0d9,
fab0d9,
fbb1d9,
fcb1d9,
fcb2d8,
fbb2d8,
fcb1da,
fcb1db,
fab1da,
fab2da,
f9b3da,
fab1da,
fab1da,
fcb0d9,
fdafd9,
fcaed8,
fcaed8,
fbadd7,
fbadd7,
fbaed7,
fcaed8,
fcaed8,
fcb0d9,
fdb2db,
ffb5de,
feb6df,
feb7e0,
fdb5de,
fcb3dc,
fcb2db,
fcb2db,
fdb2db,
fdb2db,
fcb3dc,
fcb3dc,
fcb3dc,
fdb4dd,
feb4dd,
feb5de,
fcb5de,
fcb6de,
fdb6df,
fdb7e0,
fdb9e1,
fdbce4,
fbbde3,
fbbfe2,
fcc0e3,
fcc0e3,
fcc1e4,
fbc1e4,
fdc0e4,
fdc0e4,
fdc1e4,
fcc2e5,
fdc4e7,
fec5e8,
ffc5e8,
fec6e9,
fec6e9,
fec7e9,
fec8ea,
fec8e9,
fdc9e8,
fec8e9,
fdc8e9,
fec7e8,
fdc6e8,
fdc6e8,
fec7e9,
fec8eb,
fec9ec,
fdcaec,
fdcaec,
fecaec,
ffccef,
fdcdef,
fdcdef,
fecdef,
ffcef0,
ffcdee,
ffcdef,
ffccef,
fdcded,
fdcded,
ffceee,
ffcfef,
ffd0ee,
ffd1ef,
ffd2f2,
fed2f2,
fed2f2,
fed2f2,
fed2f2,
ffd4f1,
ffd4f1,
ffd4f1,
ffd4f1,
ffd4f1,
ffd4f1,
ffd4f1,
ffd4f1,
ffd4f1,
ffd4f1,
ffd4f1,
ffd4f1,
ffd4f2,
ffd3f3,
ffd3f3,
ffd3f3,
ffd2f4,
ffd2f3,
ffd2f3,
ffd2f3,
ffd2f3,
fed2f3,
ffd3f5,
fed3f5,
fed4f6,
fed3f5,
fed4f6,
fed4f6,
fed4f6,
fdd3f5,
fed4f6,
fed4f6,
fdd4f4,
fed4f6,
fed4f6,
fed4f6,
fed4f6,
fed4f6,
fed4f6,
fed5f5,
ffd6f5,
ffd6f5,
ffd6f5,
ffd6f5,
ffd7f6,
fed7f6,
ffd8f7,
ffd9f7,
ffd9f7,
ffd9f7,
ffd8f7,
fed7f6,
fed7f6,
fed7f6,
ffd7f6,
ffd7f6,
ffd7f7,
ffd8f8,
ffd8f9,
ffd8f7,
ffd9f7,
ffd9f7,
fed9f7,
fed9f8,
fedaf8,
ffdaf9,
ffdaf9,
ffdaf9,
ffdaf9,
ffdaf9,
ffdaf9,
ffdaf9,
ffdaf9,
ffdaf9,
ffdaf9,
ffdaf9,
ffdbfa,
ffdcfb,
ffddfa,
ffddfa,
ffdcfa,
ffddf9,
ffddf9,
ffddf9,
ffddf9,
ffddf9,
fd8db7,
fd8db7,
fe8eb8,
ff8fb9,
fe90bc,
ff91bd,
ff90bd,
ff90bd,
ff90bd,
ff91bd,
fe91bd,
ff92bf,
ff93bf,
fe95bf,
fe95bf,
ff95be,
ff95be,
ff96c0,
ff96c1,
ff93bf,
fe93bf,
fe94c0,
ff95bf,
ff96bf,
ff96c0,
fe96c1,
ff96c1,
ff95c1,
ff95c2,
ff95c1,
fe97c2,
fe9ac4,
ff9cc4,
ff9ec7,
ff9fc8,
ffa2c8,
ffa2c7,
ffa3c7,
ffa2c8,
ffa2c8,
ffa2c8,
ffa2c8,
ffa2c8,
ffa2c8,
ffa2c9,
ffa2c9,
ffa3c9,
fca4c7,
f8bada,
fdc6e1,
fcc9e1,
f3a5c7,
fc9cc2,
fb9dc4,
f5a1c4,
f2b0cf,
fec9e5,
fdcae3,
fabfda,
f9a5c7,
faa3c8,
fba3c7,
f7a4c7,
f2b3d2,
ffcee7,
feceea,
f9b2d5,
fca1c8,
fd9fcb,
ff9ecb,
ff9eca,
ff9ecb,
ff9ecb,
ff9fca,
ff9ecb,
ff9ecc,
fe9ecd,
f29ac8,
e391bf,
dd8dbd,
e190bf,
f29bc8,
f99ecb,
fa9dcd,
fa9dcd,
f99ecd,
fc9fcd,
f89ecf,
ee9aca,
dd90c0,
dc8fbf,
e297c9,
f3b5e4,
eaa3d2,
f3a1d0,
f7a2d1,
f8a2d1,
fba1d1,
fca1d2,
fba1d2,
faa1d2,
fba2d4,
fba2d4,
fba2d4,
fba2d4,
fca2d4,
faa3d4,
f8a3d4,
f7a3d5,
f7a2d5,
f7a3d4,
f7a3d4,
f7a3d4,
f6a3d4,
f8a4d5,
f7a4d5,
f6a4d5,
f6a4d5,
f6a4d5,
f7a5d6,
f6a6d6,
f6a7d5,
f7a7d5,
f8a8d6,
f7a8d6,
f7a8d6,
f7a9d6,
f7a9d6,
f7a9d6,
f7a9d6,
f5a9d6,
f5a9d6,
f4a8d6,
f4a8d5,
f5a8d6,
f6a8d8,
f7a9da,
f7aad8,
f9abd9,
f8acd8,
faaed8,
faaed9,
faaed9,
faafda,
faafda,
fbafda,
fbafda,
fbafda,
f9b0d9,
fab1da,
fabae2,
fcb1dd,
fbafda,
fcaed9,
fcaed9,
fcaed8,
fcaed9,
fcaeda,
fcaeda,
fcaeda,
fcaed9,
fcafd9,
fcb0da,
feb3dc,
ffb6df,
feb6df,
feb7e0,
fdb5dd,
fcb3dc,
fcb2db,
fdb2db,
fdb2db,
fdb2db,
fcb3dc,
fcb3dc,
fcb4dd,
fdb4dd,
feb5de,
feb5de,
fdb6df,
fcb6de,
fdb6df,
feb7df,
fcb8e0,
fdbce3,
fcbde3,
fbbfe2,
fcc0e3,
fcc0e3,
fcc1e4,
fcc1e4,
fec1e4,
fec1e4,
fdc0e3,
fec2e5,
ffc2e5,
fdc5e8,
fec6e9,
fec6e9,
fec6e9,
fec7e9,
fec6e8,
ffc7e8,
fdc7e7,
fec7e7,
fec6e7,
ffc5e7,
fec5e7,
fec5e7,
ffc6e9,
ffc8eb,
fec9ec,
fdcaec,
fdcaec,
fecaed,
ffcded,
fecdef,
fdcdef,
fecdef,
ffcef0,
ffcdee,
ffcdee,
ffcdef,
fdcded,
fdcded,
ffceee,
ffd0ef,
ffd1ef,
ffd1ef,
ffd2f2,
fed2f2,
fed2f2,
fed2f2,
fed2f2,
fed2f2,
fed3f0,
fed3f0,
fed3f1,
fed3f1,
ffd4f1,
ffd4f1,
ffd4f1,
ffd4f1,
ffd4f1,
ffd4f1,
ffd4f1,
ffd4f2,
ffd3f3,
ffd3f3,
ffd3f3,
ffd2f3,
ffd1f3,
ffd2f3,
ffd2f3,
ffd2f3,
fed2f3,
ffd3f5,
ffd4f5,
fed4f6,
fed4f5,
fed4f6,
fed4f6,
fed4f6,
fed4f5,
fed4f6,
fed4f5,
fdd4f3,
fed4f3,
fed4f4,
fed4f4,
fed4f4,
fed4f4,
fed5f5,
fed5f5,
fed5f4,
ffd5f5,
ffd6f5,
ffd6f5,
ffd7f6,
ffd8f7,
ffd9f7,
ffd9f7,
ffd9f7,
ffd9f7,
ffd9f7,
ffd9f7,
fed7f6,
fed7f6,
ffd7f7,
ffd7f6,
ffd8f7,
ffd8f7,
ffd8f8,
ffd8f7,
ffd9f7,
ffd9f7,
fed8f6,
fdd8f7,
fedaf8,
ffdaf9,
ffdaf9,
ffdaf9,
ffdaf9,
ffdaf9,
ffdaf9,
ffdaf9,
ffdaf9,
ffdaf9,
ffdaf9,
ffdaf9,
ffdbfa,
ffdcfa,
ffddfa,
ffddfa,
ffddfa,
ffddf9,
ffddf9,
ffddf9,
ffddf9,
ffddf9,
fe8db7,
fd8eb6,
fd8eb6,
ff8fb7,
ff8fb8,
ff8eb9,
ff8eb9,
ff8eb9,
ff8eba,
ff8ebb,
ff90bb,
ff91bc,
ff91bc,
ff94be,
ff95be,
ff95be,
ff95be,
fe94bf,
ff94be,
ff92be,
ff91be,
ff92be,
ff92be,
ff93bf,
ff94bf,
ff93bf,
ff93bf,
ff93bf,
ff93bf,
ff93bf,
fe95c0,
ff97c2,
ff97c3,
fe9bc3,
fe9bc4,
fe9ec5,
ff9fc6,
fea0c6,
fda0c7,
fda1c7,
fea0c8,
ffa0c8,
ff9fc8,
ff9fc8,
ff9fc8,
ffa0c7,
fea1c7,
fca2c6,
f5b0d1,
fdc6e3,
fcc7e0,
f6c1da,
f6a1c1,
f7a0c0,
f6b3d1,
fccbe8,
f9c6e0,
fecce4,
fdc6df,
f3a2c1,
f5a3c3,
f1a6c7,
f8bddd,
feceeb,
fecae5,
fab2d2,
fca2ca,
fe9fca,
fe9dca,
fe9dca,
ff9dca,
ff9dca,
ff9ecb,
ff9ecb,
ff9ecb,
ff9fcb,
fd9ecc,
eb92c1,
e28dbb,
ef97c5,
fa9ecb,
fe9fcb,
fd9fcc,
fd9fcd,
fe9fce,
fe9fce,
fc9fcf,
fc9fd0,
fc9fd0,
f99fd0,
f39ece,
e896c6,
df91c2,
e7a4d3,
f2b1df,
f2a2d2,
f8a2d1,
f9a0d0,
fca0d0,
fba1d1,
f8a2d2,
f9a1d2,
faa2d3,
fca2d4,
fca2d4,
fda2d5,
faa3d5,
f8a3d4,
f7a3d4,
f7a3d4,
f7a3d4,
f7a3d4,
f7a3d4,
f8a4d5,
f8a4d4,
f7a3d4,
f7a4d5,
f8a4d5,
f8a5d5,
f9a5d6,
f9a5d6,
f7a5d6,
f7a6d5,
f7a6d4,
f8a7d5,
f8a7d5,
f7a7d5,
f5a7d5,
f6a7d7,
f6a7d7,
f5a8d7,
f5a9d6,
f4a8d5,
f5a8d5,
f6a7d5,
f8a9d6,
f7a9d6,
f9aad8,
f9aad8,
f9aad8,
faabd9,
faabd9,
f9acd8,
f8add8,
faacd9,
faacda,
fbadda,
fbadda,
f9aed7,
f9add7,
f9afd9,
fcadda,
fcacda,
fcadda,
fcaed9,
fcaddb,
fcaddb,
fdaedc,
fdaedc,
fdaedb,
fcafd9,
fab0db,
fcb1dc,
feb4dd,
ffb6df,
ffb6df,
ffb6df,
fdb3dc,
fdb2db,
fdb2dc,
fdb2db,
fdb2db,
fdb2db,
fdb3dc,
feb3dc,
fcb5de,
feb7e0,
ffb8e1,
ffb8e0,
feb7e0,
feb7e0,
fdb7df,
fdb8de,
fdb8de,
fdbbe1,
fdbde3,
fcbee4,
fbbfe2,
fbbfe2,
fbbfe2,
fbbfe2,
fdbfe3,
febfe2,
fec0e2,
fdc0e3,
fec2e5,
fec4e7,
fec4e7,
fdc4e7,
fdc5e7,
ffc6e6,
ffc6e6,
fec5e6,
fec5e6,
fdc3e6,
fec3e5,
fec3e6,
fcc2e5,
fec3e5,
fdc5e8,
fec8ea,
fec9ec,
fdcaec,
fdcaec,
fecbee,
ffcbef,
feccee,
feccef,
fecdef,
ffcef1,
ffcdef,
ffcdee,
fecded,
fdcded,
fdcded,
ffceee,
ffd0ef,
ffd0f0,
ffd1f0,
ffd2f1,
ffd2f2,
fed2f2,
fed2f2,
fed2f2,
fed2f2,
fed2f2,
ffd2f2,
ffd2f2,
fed2f2,
fed2f2,
fed2f1,
fed3f1,
fed3f1,
fed2f2,
fed3f1,
fed3f2,
ffd2f4,
ffd2f4,
ffd2f3,
ffd2f3,
ffd2f3,
ffd2f3,
ffd2f3,
ffd2f3,
ffd2f3,
ffd2f3,
ffd2f3,
ffd3f4,
ffd3f5,
ffd3f5,
ffd3f5,
ffd4f6,
ffd4f6,
ffd4f5,
ffd4f3,
ffd4f3,
ffd4f3,
ffd4f4,
ffd3f5,
fed4f6,
fed4f5,
fed4f5,
fed4f6,
fed4f6,
fed4f5,
fed4f5,
fed4f5,
fed6f4,
ffd7f5,
ffd8f7,
ffd9f7,
ffd9f7,
ffd9f7,
ffd9f7,
ffd9f7,
ffd7f6,
ffd7f6,
ffd6f5,
ffd6f6,
ffd6f5,
ffd6f5,
ffd6f5,
ffd6f5,
ffd7f6,
ffd8f7,
ffd9f7,
ffd8f7,
ffd8f7,
fed9f7,
fedaf8,
ffdaf9,
ffdaf9,
ffdaf9,
ffdaf9,
ffdaf9,
ffdaf9,
ffdaf9,
ffdaf9,
ffdaf9,
ffdaf9,
ffdbfa,
ffddf9,
ffddf9,
ffddf8,
ffddf9,
ffddf9,
ffddf9,
ffddf9,
ffddf9,
ffddf9,
ff8db7,
fe8eb7,
fe8eb8,
fe8fb8,
fe8eb8,
ff8eb7,
ff8eb8,
ff8eb9,
ff8eb9,
ff8eb9,
ff8fb9,
ff90b9,
ff91ba,
ff92bc,
ff93be,
ff93be,
ff94be,
ff93bf,
fe92bd,
ff90bd,
ff90bd,
ff90bc,
ff91bd,
ff91bd,
fe93bc,
fe92bd,
fe92be,
fe92be,
fe92be,
fe92be,
fe92be,
ff93bf,
ff94bf,
ff96c1,
ff97c1,
ff99c3,
ff9ac3,
ff9bc3,
fd9cc4,
fc9ec4,
fe9dc5,
ff9dc5,
ff9cc5,
ff9cc4,
fd9bc4,
fd9cc5,
fd9dc4,
fda0c5,
f6a3c5,
fec5e2,
fec6df,
f9c7de,
eeadc8,
f2b4cf,
fecae7,
fac0df,
eda5c2,
f6c1db,
fecce5,
efa6c2,
ecaac7,
fdc9e5,
feceeb,
fccfeb,
faafd1,
ffa2c9,
ffa0c9,
fe9dca,
fe9dca,
ff9dca,
ff9dca,
ff9dca,
fd9dca,
fe9dcb,
ff9ecb,
ff9fcd,
f89cca,
e38cba,
f197c4,
fd9fcc,
fe9fcc,
ffa0cd,
ffa0cd,
fe9fce,
fe9fcf,
fe9fce,
fd9fcf,
fd9fd0,
fd9fd0,
fb9fd0,
fa9fd0,
f9a0d0,
f5a1d1,
e895c5,
dd94c3,
f0b1de,
f5a0ce,
f9a0cf,
fba1cf,
faa1d0,
f9a1d2,
f9a2d2,
f9a2d2,
f9a2d3,
fba2d3,
fca1d3,
faa2d4,
f9a3d4,
f8a3d4,
f8a3d4,
f7a3d4,
f7a3d4,
f8a3d4,
f8a3d4,
f7a3d4,
f7a3d4,
f7a3d4,
f8a4d4,
f8a5d5,
f8a6d5,
f8a5d5,
f8a5d6,
f7a6d5,
f7a6d4,
f7a6d4,
f7a6d4,
f6a7d4,
f6a6d4,
f7a8d7,
f7a8d8,
f7a8d8,
f6a8d6,
f5a8d5,
f6a7d5,
f7a7d5,
f8a8d6,
f7a9d6,
f9aad8,
f9aad8,
f9aad8,
faaad8,
faaad8,
faaad8,
f9acd8,
f9abd9,
f9abd9,
faabd9,
fbacda,
faacd9,
faacd9,
faadd9,
fcadda,
fdaddb,
fdadda,
fcaeda,
fcaddb,
fcaddb,
fbaeda,
fcaedb,
fdafdb,
fdafda,
fbb1db,
fdb2dc,
ffb4df,
ffb7e0,
feb6df,
fdb5de,
fcb3db,
fcb2db,
fcb1db,
fdb2da,
fcb3d9,
fcb2db,
feb3dc,
ffb4dd,
ffb6df,
ffb9e1,
ffbbe1,
ffbbe1,
ffbbe2,
ffbae1,
ffb9e0,
fdb9df,
fdb8df,
febae0,
febce2,
fdbee4,
fcbee4,
fcbfe2,
fdbfe2,
fdbfe2,
fcbde1,
fdbde1,
fdbde1,
fdbfe2,
fcc1e4,
ffc2e5,
ffc3e6,
fec4e7,
fec4e7,
ffc4e6,
ffc4e5,
fec3e6,
fdc2e5,
fbc1e4,
fcc0e3,
fcbfe4,
fbc0e4,
fdc3e4,
fec5e7,
fdc8e9,
fecaeb,
fecbec,
fecbeb,
ffccec,
ffccee,
ffcced,
ffccee,
ffcdee,
ffcdef,
ffcdee,
ffcded,
fecded,
fdcded,
fdcded,
ffceee,
ffceee,
ffcfef,
ffd0ef,
ffd1f0,
ffd1f1,
fed1f2,
fed1f1,
fed1f0,
fed1f0,
ffd1f1,
ffd1f1,
fed1f1,
fed1f1,
ffd1f2,
ffd1f2,
fed2f3,
fed2f3,
fed2f3,
fed2f2,
fed2f3,
ffd2f3,
ffd2f3,
ffd2f3,
ffd1f2,
ffd1f3,
ffd1f3,
ffd1f3,
ffd2f3,
ffd2f3,
ffd2f3,
ffd2f3,
ffd2f4,
ffd2f3,
ffd3f5,
ffd3f5,
ffd3f5,
ffd3f5,
ffd4f6,
ffd3f4,
ffd3f4,
fed3f4,
fed3f3,
ffd4f5,
ffd4f5,
fed5f6,
fed5f5,
fed5f5,
fed4f5,
fed4f5,
fed4f6,
fed4f6,
fed5f5,
ffd6f6,
ffd8f7,
ffd9f7,
ffd9f7,
ffd9f7,
ffd9f7,
ffd8f7,
ffd7f6,
fed5f4,
ffd5f4,
ffd4f6,
fed4f5,
fed5f4,
ffd4f4,
fed5f4,
ffd6f5,
ffd6f6,
ffd6f7,
ffd8f7,
ffd8f7,
fed9f7,
ffd9f7,
ffdaf9,
ffdafa,
ffdaf9,
ffdaf9,
ffdaf9,
ffdaf9,
ffdaf9,
ffdaf9,
ffdaf9,
ffdaf9,
ffdbfa,
ffdcf9,
ffddf9,
ffddf9,
feddf9,
ffddfa,
ffddfa,
ffddfa,
ffddfa,
ffddfa,
ff90bb,
ff8fba,
ff8eba,
fe8eba,
ff8eb9,
ff8eb7,
fe8db7,
fe8eb8,
ff8eb9,
ff8eb9,
ff8eb9,
ff8fb8,
ff90b8,
ff90b9,
fe91ba,
ff92bc,
ff92bd,
ff92bd,
ff90bd,
ff90bb,
ff8fbb,
ff8fbc,
ff90ba,
ff90bb,
fe90ba,
fe90bb,
ff90bd,
ff91be,
fe92be,
fe92be,
fe92be,
fe92be,
ff94bf,
fe94bf,
ff95bf,
ff95c0,
ff96c0,
ff97c1,
fe98c1,
fe99c2,
ff99c3,
ff99c2,
ff98c1,
fe98c1,
fd98c2,
fd9ac2,
fe9bc1,
fe9dc2,
fda0c3,
f7b9d5,
fdc5de,
fac4dc,
f5c0d7,
fccae5,
f9b3d3,
f8a1c4,
f7a1c2,
f1a8c5,
fbc7e2,
f7bdd5,
fbc5dd,
fccae4,
fcc8e4,
f7accf,
fb9dc6,
fd9dc6,
ff9dc7,
ff9cc9,
fe9cc9,
ff9cc9,
ff9dc8,
fe9dc9,
fe9dca,
ff9eca,
ff9fca,
ffa0cc,
f99cc9,
e78cb9,
fc9fcb,
fea0cc,
ffa0cc,
ffa1cd,
ffa1cc,
fea1cd,
fda0cd,
fc9fcc,
fb9fcc,
fb9fcc,
fa9fcd,
faa0ce,
fba2d1,
f7a0d0,
f29fcd,
f09ecb,
ee9aca,
e09bc9,
e9acda,
f1a2d1,
f5a0cf,
f6a0d0,
f7a0d1,
f7a2d2,
f7a2d2,
f7a2d2,
f8a2d2,
f9a1d2,
f9a1d2,
f9a1d2,
f9a3d4,
f9a3d4,
f7a3d4,
f7a3d4,
f9a3d4,
f9a4d5,
f8a3d5,
f7a3d4,
f7a3d4,
f8a4d4,
f8a4d5,
f7a6d4,
f7a6d4,
f8a5d6,
f7a5d6,
f7a5d6,
f7a6d5,
f7a6d4,
f7a6d4,
f8a7d5,
f7a8d6,
f7addb,
f9b0df,
f7a7d6,
f6a7d5,
f7a7d5,
f8a7d5,
f9a8d6,
f7a9d6,
f8a9d7,
f8a9d7,
faa8d7,
faa8d7,
faa8d7,
f9a9d7,
f9aad8,
faaad8,
fbabd9,
fbabd9,
fbacda,
fbabda,
fbabda,
fdabda,
fcabda,
fdacda,
fdacda,
fdadda,
fbadd7,
fcaeda,
faaed9,
faaed8,
fcafd9,
fcafda,
fab1da,
fcb2dd,
fdb6de,
ffb8df,
feb7e0,
fdb4de,
fbb2db,
fbb2db,
fbb2db,
fcb3da,
fcb3da,
fdb5db,
fcb6dd,
fcb8df,
febbe2,
febee3,
ffbee3,
ffbee4,
ffbee3,
febde2,
fdbbe0,
febae0,
fdb8df,
feb7e0,
febae1,
fdbce2,
febde2,
febee1,
febee2,
fdbde2,
fdbbe1,
fdbadf,
fdbbdf,
febde1,
febfe2,
ffc0e4,
fec0e4,
ffc1e4,
ffc1e4,
ffc1e3,
ffc1e3,
fec0e4,
fdbfe3,
fdbee2,
fdbee2,
fcbee3,
fcc0e3,
fdc2e5,
ffc6ea,
fec9ea,
fccbeb,
fdcceb,
ffcdeb,
ffcded,
ffcded,
ffcded,
ffcded,
ffcded,
ffcded,
ffcded,
ffcded,
fecded,
fdcded,
fdcded,
ffcded,
ffcded,
fecded,
ffceee,
ffcfee,
ffcfef,
ffcfef,
ffcfee,
ffcfee,
ffcfee,
ffcfef,
ffcef0,
ffcef0,
ffcef0,
ffcff1,
ffd0f2,
ffd0f2,
ffd0f2,
ffd0f2,
ffd0f2,
ffd0f2,
ffd0f2,
ffd1f2,
ffd0f2,
ffd0f2,
ffd0f2,
ffd0f2,
ffd1f3,
ffd2f3,
ffd2f3,
ffd2f3,
ffd2f3,
ffd2f3,
ffd2f3,
ffd2f3,
ffd2f3,
ffd2f4,
ffd3f4,
ffd3f5,
ffd3f5,
ffd3f5,
fed4f6,
fed4f4,
ffd4f3,
ffd3f3,
fed4f1,
ffd4f1,
ffd4f1,
ffd4f2,
ffd4f3,
fed4f6,
fed4f6,
fed4f6,
ffd6f7,
ffd8f7,
ffd9f7,
ffd9f7,
ffd9f7,
ffd9f7,
fed8f6,
ffd6f5,
fed4f3,
fed2f3,
fed2f4,
ffd3f4,
ffd3f5,
ffd3f5,
ffd4f5,
fed5f4,
fed5f5,
ffd5f7,
ffd6f6,
ffd7f6,
ffd8f6,
ffd9f7,
ffd9f9,
ffd9fa,
ffdaf9,
ffdaf9,
ffdaf9,
ffdaf9,
ffdaf9,
ffdaf9,
ffdaf9,
ffdaf9,
ffdaf9,
ffdbfa,
ffdcf9,
ffdcfa,
feddfb,
ffddfb,
ffddfc,
ffddfc,
ffdcfb,
ffdcfb,
ff97c4,
ff95c2,
ff91bb,
fe8eb8,
ff8db8,
ff8eb9,
ff8db8,
ff8eb9,
ff8eb9,
ff8fb8,
ff8fb7,
ff8fb7,
ff90b7,
ff8fb7,
ff8eb9,
ff8fba,
fd90ba,
ff8fba,
ff8fba,
ff8fb9,
ff8eb9,
ff8eb9,
ff90ba,
ff90ba,
fe90ba,
fe90ba,
fe90bc,
ff90bd,
fd91bd,
fe92be,
fe92be,
fe92be,
ff93bf,
ff94c0,
ff94c0,
ff93bf,
ff94c0,
fe94c0,
ff95bf,
fe96bf,
ff96c0,
ff96c0,
ff96c1,
ff96bf,
ff96c0,
ff96c0,
fe98c0,
fd99c0,
fd9cbe,
f2a8c5,
fac4dd,
f7c1d7,
fac8db,
efaac5,
f9a2c2,
faa1c2,
faa0c1,
f2a4c3,
f3bbd7,
ffc8e3,
fbc6dc,
fdc9e2,
f8aacd,
f99cc5,
fd9bc6,
fd9cc7,
ff9cc9,
ff9bc9,
ff9cca,
ff9dca,
ff9dc9,
fd9dc9,
fd9dca,
ff9fca,
ff9fca,
ffa1cc,
f699c4,
f699c6,
fc9ec9,
fda0ca,
fea1cc,
fea1ce,
f9a2cc,
f7a0cc,
f5a0cb,
ef9dc8,
e294c0,
e9a1cc,
eba8d1,
e5a6d1,
eaadd8,
eeb3dd,
f1b7de,
f0b8de,
f0b9de,
ecb2da,
da9fc8,
e7aad8,
e3a2d0,
d794c3,
eda3d3,
f1a2d2,
f4a0d2,
f7a2d2,
f8a2d2,
f8a2d2,
faa1d2,
f9a1d2,
f8a2d3,
f9a2d3,
fba3d4,
fba3d4,
fba3d4,
faa3d4,
fba4d4,
faa4d4,
f8a4d5,
f8a4d5,
f7a5d4,
f7a6d4,
f7a6d4,
f7a6d5,
f7a6d5,
f7a6d5,
f7a6d4,
f7a6d4,
f7a6d4,
f7a7d3,
f7a9d7,
f8b6e2,
fdc5ee,
f7adda,
f5a8d6,
f7a7d5,
f9a7d6,
f8a8d6,
f7a8d6,
f7a9d5,
f9a8d6,
f9a8d6,
f9a8d6,
f9a8d6,
f9a8d7,
fbaad8,
f9aad8,
fbaad8,
fcabd9,
fcabd9,
fbabd9,
fcabd8,
fdacd9,
fbacda,
fbacd9,
fdacd9,
fdacd8,
fbadd8,
fbadd8,
faaed8,
faafd8,
fbafd9,
fab0d9,
fab2da,
fbb4db,
fcb7dc,
ffbae0,
ffb7df,
feb5dc,
fdb3db,
fbb2db,
fcb3dc,
fcb3dc,
fcb5db,
feb8db,
febbe0,
febfe2,
fec0e1,
ffc2e3,
ffc2e3,
fec0e3,
fcbfe3,
ffbde3,
febce2,
ffb9e1,
feb7de,
ffb6dd,
ffb7de,
fdbae0,
ffbbe0,
febce1,
ffbce1,
fdbbe0,
fdb9df,
ffb9de,
ffb9dc,
febbdd,
febcdf,
febde1,
fdbee2,
febde1,
febde1,
febde1,
febde1,
fdbde1,
fcbde0,
fdbde0,
fdbde2,
fdbfe4,
fdc0e4,
fec3e6,
ffc6e9,
fecaea,
fdcceb,
fdccec,
fecceb,
ffcdeb,
ffcdec,
feccea,
ffcdeb,
ffcded,
ffcded,
ffcded,
ffcded,
ffcded,
ffcded,
ffcded,
ffcded,
ffcded,
ffcded,
ffcded,
ffcded,
ffcded,
ffceee,
ffceee,
ffceee,
ffceee,
ffceef,
ffcef0,
ffcef0,
ffcef0,
ffcef0,
ffcef0,
ffd0f2,
ffd0f2,
ffd0f2,
ffd0f2,
ffd0f2,
ffd0f2,
ffd0f2,
ffd0f2,
ffcff1,
ffcff1,
ffcff1,
ffd0f2,
ffd1f3,
ffd2f3,
ffd2f3,
ffd2f3,
ffd2f3,
ffd2f3,
ffd2f3,
ffd2f3,
ffd2f3,
ffd2f4,
ffd3f5,
ffd3f5,
ffd3f5,
ffd3f4,
ffd3f4,
ffd3f3,
ffd3f3,
ffd4f3,
ffd4f2,
ffd4f1,
ffd4f2,
fdd4f3,
fed4f6,
fed4f6,
fed5f6,
ffd7f6,
fed7f6,
ffd8f7,
ffd8f7,
ffd8f7,
ffd8f7,
ffd7f6,
ffd6f5,
ffd3f5,
fed2f3,
ffd2f3,
ffd2f3,
ffd2f4,
ffd2f4,
ffd3f4,
ffd4f5,
fed4f5,
fdd3f5,
ffd5f6,
ffd6f7,
fed6f6,
ffd8f7,
ffd9f7,
ffd9f8,
ffd9f9,
ffd9fa,
ffdaf9,
ffdaf9,
ffdaf9,
ffdaf9,
ffdaf9,
ffdaf9,
ffdaf9,
ffdaf9,
ffdbf9,
ffdcfb,
ffdcfb,
ffdcfb,
ffdcfb,
ffdcfb,
ffdcfb,
ffdcfb,
fe9cca,
ff9ac7,
ff95c0,
ff8fb9,
ff8db8,
ff8db8,
ff8db8,
ff8eb9,
fe8eb8,
fe8eb8,
ff8fb7,
ff8fb7,
ff8fb7,
ff8fb7,
ff8eb9,
ff8eb9,
ff8eba,
ff8eb9,
ff8eb9,
ff8eb9,
ff8eb9,
ff8eba,
ff90ba,
ff90bb,
fe90ba,
fe90ba,
fe90ba,
ff90bd,
fd91bd,
fe92be,
fe92be,
fe92be,
ff93bf,
ff93bf,
ff94c0,
ff94c0,
ff94c0,
fe94bf,
fe95bf,
fe95be,
fe95be,
fe95be,
ff95c0,
fe95be,
ff96c0,
ff96c0,
fe98c0,
fe99bf,
fc9bbe,
f2a3bf,
f7bfd7,
f9c3d9,
fac5d9,
fcc2db,
f9a3c3,
fba0c1,
f7a9c9,
fbbedb,
fbc6e1,
fcc8e1,
fbc3db,
fbabca,
fb9ec4,
fb9cc4,
fe9cc6,
ff9dc8,
fe9dca,
fe9dca,
ff9eca,
ff9ecb,
ff9ecb,
fe9dca,
fe9eca,
ff9fca,
ff9fca,
ffa0cb,
f79bc6,
f69dc8,
faa0c9,
faa2c9,
ec99c2,
e89dc6,
e8a4c9,
eaacd1,
eab1d8,
efb8dd,
f7bfe5,
f7bfe3,
f6bfe4,
e9b3dc,
e8b1de,
e5afdb,
e3aed6,
e2add5,
e1acd5,
dfaad1,
dfa7d0,
e6b2da,
e5b2da,
f7c2ed,
efbae3,
ecb5e1,
e7a9d9,
e59ecf,
ea9dce,
f09ece,
f8a1d1,
f8a1d1,
f8a2d1,
f8a3d3,
fba3d3,
fba3d4,
fba3d4,
f8a3d3,
f9a4d2,
f9a5d3,
f6a5d3,
f6a5d3,
f6a5d3,
f7a6d4,
f7a6d4,
f7a6d4,
f7a6d4,
f7a6d4,
f7a6d4,
f7a6d4,
f7a6d4,
f7a7d3,
f7a9d7,
fabae3,
fed7f7,
fccff0,
f5b5dc,
f8a9d6,
faa8d7,
f7a8d7,
f7a7d5,
f8a7d5,
f8a7d5,
f6a7d5,
f8a7d5,
f8a8d6,
f9a8d6,
fba9d8,
fba9d8,
fba9d8,
fcabd9,
fcabd9,
fbabd9,
fcabd8,
fdacd8,
fdacd8,
fdacd9,
fdacd8,
fdacd8,
fbadd8,
fbaed9,
fbafd9,
fbb0da,
fab1da,
fab2da,
fab5db,
fbb8dd,
febbdf,
ffbcde,
feb9dc,
feb5dc,
fdb4da,
fcb4dc,
fdb6dd,
feb6df,
feb8de,
ffbbde,
ffbfe1,
fec1e2,
ffc2e2,
ffc1e2,
ffc1e2,
fec1e3,
fbc0e3,
febfe4,
febde2,
ffb9e0,
feb7de,
ffb6dd,
feb7de,
feb8e0,
feb9df,
fcb9df,
fdbadf,
fdbade,
ffb8de,
ffb8de,
ffb9dd,
ffb9de,
feb9df,
feb9df,
fdb9df,
fdb9de,
fcbade,
fcbade,
fdbbdf,
fdbce0,
fdbee2,
febee4,
fec1e6,
fdc3e8,
ffc3e9,
ffc5e9,
ffc8e8,
fecaea,
fdcbeb,
fdccec,
fecceb,
ffcdeb,
ffcdeb,
ffcceb,
feccea,
ffcdec,
ffcded,
ffcded,
ffcded,
ffcded,
ffcded,
ffcded,
ffcded,
ffcded,
ffcded,
ffcded,
ffcded,
ffcded,
ffcded,
ffcded,
ffcded,
ffcded,
ffcdee,
ffccef,
ffcdef,
fecdef,
fecdef,
ffcef0,
ffcff1,
ffcff1,
ffcff1,
ffcff1,
ffcff1,
ffcff1,
ffcef0,
ffcef0,
ffcef0,
ffcdef,
ffcef0,
ffcef1,
ffd0f2,
fed0f2,
ffd0f2,
ffd0f2,
ffd0f2,
ffcff1,
ffd0f2,
ffd0f2,
ffd0f2,
ffd1f3,
ffd2f3,
ffd2f3,
ffd2f3,
ffd2f3,
ffd2f3,
ffd3f3,
ffd3f3,
ffd3f3,
ffd4f2,
ffd4f1,
ffd4f2,
fdd4f3,
fed5f5,
fed4f6,
fed5f6,
ffd6f5,
fed7f5,
fed7f6,
fed7f6,
fed7f6,
fed7f6,
ffd6f5,
fed5f4,
ffd3f5,
fed2f3,
ffd2f3,
ffd2f3,
ffd1f3,
fed2f3,
fed2f3,
ffd2f4,
ffd4f5,
fed4f6,
fed5f6,
ffd5f7,
fed6f6,
fed7f6,
ffd8f7,
ffd9f7,
ffd8f9,
ffd8f9,
fedaf8,
ffdaf9,
ffdaf9,
ffdaf9,
ffdaf9,
ffdaf9,
ffdaf9,
ffdaf9,
ffdaf9,
ffdaf9,
ffdbf9,
ffdbf9,
ffdbf9,
ffdaf9,
ffdbf9,
ffdbf9,
ffa3d0,
fea0cb,
fc98c2,
fe92bc,
ff8eb9,
fe8db7,
ff8db7,
fe8eb8,
ff8eb9,
ff8eb9,
ff8eb9,
ff8fb8,
ff8fb7,
ff8fb8,
ff90b8,
ff8fb9,
ff8fb9,
ff8eba,
ff8eba,
ff8eb9,
fe8fb9,
fe90ba,
ff92bb,
ff92bb,
ff91be,
ff91bc,
ff92be,
ff92be,
fd92be,
fd92be,
fe92be,
fe92be,
fe92be,
ff93bf,
ff93bf,
ff93bf,
ff94bf,
fe95be,
fe95be,
fe95be,
fe95be,
fe95be,
fe95be,
ff97be,
ff97be,
ff97bf,
fe98c0,
fe98bf,
fa9bbf,
f5b9d6,
fbc0db,
fcc3db,
ffc5dd,
fec8df,
f3b1cd,
f3aecc,
fcc5e1,
fcc5e1,
fcc6e0,
fbc8e1,
f9b4d1,
fca0c2,
fb9ec3,
fe9cc7,
fe9cc6,
fd9dc6,
ff9dca,
ff9eca,
ff9fca,
ff9fca,
ff9fca,
ff9ecc,
ff9fca,
fe9fcc,
fe9fcc,
ffa1cc,
fda1c9,
f6a2cc,
dc94b9,
da9ec3,
f4b9de,
f5badf,
f5bce0,
f3bde1,
f3bde1,
f3bee2,
f2bee0,
e4b5d6,
d8aecf,
ecbce1,
f5c1e6,
f5c1e6,
f5c2e4,
f5c2e4,
f7c3e5,
f9c4e6,
fac6e9,
e0abd3,
d29ec6,
f3bfe3,
f5c3e7,
f3bbe5,
e39fd3,
da97c7,
d896c4,
d390bc,
ce8ab6,
df9ac4,
f1a5d1,
f5a2d2,
f6a4d2,
f7a4d3,
f9a3d2,
f8a4d1,
f7a5d1,
f8a5d2,
f6a5d3,
f6a5d3,
f6a5d3,
f6a5d3,
f7a6d4,
f7a6d4,
f7a6d4,
f7a6d4,
f7a6d4,
f7a6d4,
f7a6d5,
f7a7d3,
f9aad8,
fcbde3,
fcdcf8,
fde4fd,
fedbf8,
f9bfe2,
f7aad8,
f5a8d4,
f7a7d5,
f8a7d5,
f8a8d6,
f7a9d6,
f8a8d6,
f8a8d6,
faa8d6,
fda9d8,
fcaad8,
fcabd9,
fdabda,
fdacda,
fcabda,
fdacd9,
fdacda,
fdabdb,
fdabdb,
fdacd8,
fdadd8,
fcaed7,
fdb0d9,
fdb3d9,
fdb5dc,
fcb8df,
feb9df,
febbde,
ffbde0,
ffbde1,
ffbee0,
fcb7de,
fbb5dc,
fdb6db,
fdb7dc,
ffbadf,
ffbbdf,
ffbce0,
ffbfdf,
ffc0e1,
ffc1e2,
fec2e2,
fec1e4,
fcc1e4,
fbc1e4,
f9c0e3,
fec0e3,
fdbee1,
fbb9de,
fbb7dd,
fdb5dd,
feb5de,
fdb7de,
feb7de,
feb9dd,
ffb9dd,
fdb9dd,
ffb9df,
ffbadf,
febae0,
ffb9df,
ffb9df,
feb9df,
feb8de,
feb8de,
fdb8de,
febae0,
fdbbe1,
febde2,
fec0e3,
ffc3e6,
ffc5e8,
ffc7e8,
fec7e8,
fec8e9,
fdc8e8,
ffcae9,
ffcaeb,
ffcaeb,
feccec,
feccec,
feccea,
ffcdec,
ffccec,
ffcdea,
feccea,
ffccec,
ffcdec,
ffcdec,
ffcded,
ffcdeb,
feccea,
fecceb,
feccec,
feccec,
ffcded,
ffcded,
ffcded,
ffcded,
ffcded,
ffcded,
ffcdee,
ffccef,
ffcded,
ffcded,
ffcdee,
ffcdef,
fecdef,
fecdef,
ffcef0,
ffcef0,
ffcef0,
ffcef0,
ffcef0,
fecdf0,
fdcdef,
fecdef,
fecdf0,
ffcdf2,
ffcef0,
ffcff1,
ffcff1,
ffcff1,
ffcff1,
ffcff1,
ffcef0,
ffcff1,
ffcef0,
ffd0f2,
ffd1f3,
ffd2f3,
ffd2f3,
ffd2f3,
ffd2f2,
ffd3f3,
ffd3f2,
ffd4f1,
ffd4f1,
ffd5f2,
ffd4f2,
ffd3f3,
ffd4f2,
fed5f2,
fdd4f2,
ffd6f4,
ffd6f5,
ffd6f5,
ffd6f5,
ffd6f5,
ffd6f5,
ffd6f5,
ffd6f5,
fed4f5,
fed3f5,
fed2f4,
ffd2f3,
ffd2f3,
ffd2f3,
fed2f3,
fed2f3,
fed2f4,
ffd3f5,
fed4f6,
fed4f6,
ffd5f7,
fed6f6,
ffd8f6,
ffd9f7,
ffd9f7,
ffd9f7,
ffd9f7,
ffdaf8,
ffdaf9,
ffdbf9,
ffdaf9,
ffdbfa,
ffdbfa,
ffdbfa,
ffdbfa,
ffdaf9,
ffdaf9,
ffdaf9,
ffdaf9,
ffdaf9,
ffdaf9,
ffdbfa,
fea2ce,
fea0ca,
fe9ac3,
fe93be,
fe8fbb,
ff8eba,
fe8eb9,
ff8fb8,
ff8eb9,
ff8eb9,
ff8eb9,
ff8fb9,
fe90ba,
ff91bb,
ff91bb,
fe91bc,
ff91bc,
ff90bc,
ff90bc,
fe91bb,
fe91bc,
fe94bf,
ff99c4,
ff9bc5,
fe9bc6,
ff9ac5,
ff97c3,
ff96c1,
ff95c1,
ff94bf,
ff93bf,
fe92be,
fe92be,
ff93bf,
ff93bf,
ff93bf,
ff94bf,
fe95be,
fe95be,
fe95be,
fe95be,
fe95bf,
fe95bf,
fe97bf,
ff97bf,
ff97be,
fe98bf,
f99cc2,
f1b0d2,
f5a8c9,
f4b1ce,
fdc4de,
fdc5de,
fec6df,
fac5de,
fcc7e2,
fcc6e1,
fcc6e2,
fcc0dc,
f0a7c6,
f9b9db,
fd9fc5,
fd9ec4,
fd9ec5,
fb9ec6,
f9a1c8,
fda3cb,
fd9fc7,
fe9ec8,
ff9ec9,
ff9ec9,
ff9fcb,
fe9fca,
fd9fca,
f39dc6,
e79bc4,
e7a4ca,
e7abd0,
f2badc,
f3bbdd,
f2bcde,
f3bce0,
f3bde0,
f1bde0,
f1bde0,
f3bde2,
f2bcdf,
f2bddf,
f4c0e3,
f4c2e4,
f4c2e5,
f4c2e4,
f3c1e2,
eabcdc,
edbde0,
f1bfe2,
f4c2e5,
f4c4e6,
f7c6e9,
f6c4e7,
f6c4e8,
f2c0e7,
f7c4ed,
f8c9ee,
f6c9ed,
f7cbee,
f8ccef,
f0c8ea,
e5bbde,
eabae1,
e9b4dc,
e6a7d1,
eaa1cc,
f4a6d1,
f5a6d0,
f6a5d1,
f4a6d2,
f5a5d2,
f6a5d3,
f6a5d3,
f6a5d3,
f7a6d4,
f7a6d4,
f7a6d4,
f7a6d4,
f6a5d3,
f7a5d5,
f7a6d5,
f6a9d4,
f7b2d9,
fcd5f4,
fee4fe,
fee6ff,
fee1fa,
fbc6e8,
f7a9d6,
f7a7d5,
faa8d6,
f9a9d7,
f8a9d7,
f9a9d7,
f9a8d6,
faa9d7,
fcacd7,
fcadd8,
fcafd9,
feafda,
fdafda,
fdafd9,
fdafd9,
fcadd9,
fcadd9,
fcacd9,
fcacd8,
fdadd8,
fdb0d7,
fdb3da,
feb8de,
fdbddf,
fdbee1,
febee2,
febfe1,
ffbfe3,
ffbfe3,
fdbee0,
fab8dc,
fcb7db,
feb8db,
ffbadd,
febdde,
ffbfdf,
ffc0e0,
fec1e0,
ffc2e1,
ffc1e2,
fec2e2,
fec1e4,
fdc1e3,
fcc1e3,
fbc0e3,
fdc0e3,
fdbfe1,
fbbcde,
fcb8df,
fcb7df,
fdb7df,
feb8df,
feb9dd,
febadd,
febbdf,
febbe0,
ffbae1,
ffbae1,
ffbae0,
ffbbe1,
ffbae0,
feb8df,
feb8de,
fdb8de,
feb9df,
febce1,
febfe2,
ffc1e4,
ffc3e6,
fec5e7,
fdc7e7,
fcc8e6,
fec8e7,
fec9e9,
fdc8e8,
fec9e9,
ffcaea,
ffcaeb,
fecbeb,
feccec,
fecbeb,
feccec,
ffccec,
ffcdea,
ffcdeb,
ffcdeb,
ffcdea,
fecdea,
ffcdeb,
ffcdeb,
ffcdeb,
ffcdeb,
ffcceb,
feccec,
ffcded,
ffcced,
ffcced,
ffcced,
ffcbed,
fecbec,
fecbec,
fecaec,
fecaec,
fecbeb,
ffccec,
ffcced,
feccef,
feccef,
feccee,
feccee,
ffcbee,
ffccef,
ffcdef,
ffccee,
ffccee,
ffccef,
ffccef,
ffccef,
ffccef,
feccef,
ffcdef,
ffcdef,
ffccee,
ffcbee,
ffccef,
ffcdef,
ffcdef,
ffcef0,
ffcff1,
ffd0f2,
ffd1f3,
ffd2f3,
ffd2f2,
fed2f2,
fed2f2,
ffd3f1,
ffd3f1,
ffd4f1,
ffd4f2,
ffd3f3,
ffd4f2,
ffd4f1,
ffd4f2,
fed5f3,
fed5f4,
fed5f4,
fed5f3,
ffd6f5,
ffd6f5,
ffd6f5,
fed5f5,
fed4f6,
fed4f6,
fed3f5,
ffd2f3,
ffd2f3,
ffd2f3,
ffd2f3,
ffd2f3,
ffd2f3,
ffd3f4,
ffd3f6,
fed4f6,
fed5f6,
ffd5f7,
ffd7f7,
ffd8f7,
ffd9f7,
ffd9f7,
ffd9f7,
ffd9f7,
ffdaf8,
ffdaf9,
ffdaf9,
ffdaf9,
ffdaf9,
ffdaf9,
fedaf8,
fedaf8,
fedaf8,
fed9f7,
ffd8f7,
ffd9f7,
ffdaf9,
ffdaf9,
ff9fca,
ff9ec9,
fe9bc5,
fd98c3,
fe94c0,
fe92be,
ff91bb,
fe90ba,
ff8fb9,
ff8fb9,
ff90bb,
fe91bd,
fe95c1,
fe98c2,
fd97c3,
fd96c1,
fe95c1,
ff94c0,
ff94c0,
fe95c1,
ff97c5,
ff9dca,
ffa4ce,
ffa5ce,
ffa5d2,
ffa3cf,
ffa1ca,
ff9fc8,
ff9cc7,
fe98c3,
ff96c2,
ff94c0,
ff93bf,
ff93bf,
ff94c0,
fe95bf,
fe95be,
fe95be,
fe95be,
fe95be,
ff96bf,
ff96c0,
fd97c0,
fd97c0,
fe97c0,
fe98bf,
f698c0,
ecafd2,
fa9fc3,
fa9dbf,
f3a3c4,
fec7e0,
fcc5de,
fdc5de,
fcc5df,
fcc6df,
fbc6df,
fdc5e2,
f8a4c9,
fb9fc4,
f4afd2,
fe9fc6,
f9a1c6,
f9a6c7,
f1a8c8,
f5b5d4,
f5a4c7,
fd9fc9,
fe9ec9,
ff9fca,
ff9fca,
fd9fc9,
f69fc5,
d695ba,
daa0c4,
efb6db,
f2b8dd,
f2badc,
f2bbdd,
f1bcde,
f1bcde,
f1bce0,
f0bde0,
f0bde0,
f0bde0,
f2bee2,
f4bfe1,
f4c0e2,
f3c0e3,
f5c2e5,
f4c2e4,
e6b9dc,
dcb4d3,
edc0e1,
f6c6e8,
f8c6ea,
f7c7ea,
f7c8ea,
f7c9ea,
f8c9eb,
fac9ee,
f5c1e8,
eebde4,
f5c9eb,
f6ccee,
f6ccee,
f6cded,
f7cded,
f6ccee,
f7ccef,
f8cef1,
f6ccf0,
f1c8eb,
e0a8ce,
eea6cd,
f4a6d0,
f7a5d3,
f7a5d3,
f6a5d3,
f5a5d3,
f6a6d4,
f7a6d4,
f7a6d2,
f7a6d1,
f8a6d4,
f6a5d3,
f7a6d4,
f7a6d4,
f6a7d3,
f5a9d1,
f4b9dd,
fedbf9,
fee6ff,
fce8fd,
fbdbf6,
f4add6,
f7a7d6,
fca8d6,
faaad8,
f7abd9,
f8aad8,
f9abd9,
fbacd8,
feafd9,
feb0da,
ffb3d9,
ffb3db,
ffb2dc,
fcb4dd,
fdb4de,
fdb5dd,
fdb2dc,
fbafda,
faadd8,
fcaed8,
fdb1da,
feb5de,
ffb9e0,
fdbde1,
fbbfe0,
fcbfe1,
fec0e3,
fcc0e3,
fdbfe3,
fdbee0,
fcbddf,
fcbbde,
febcde,
ffbddf,
fec0df,
fec1df,
ffc1e0,
ffc2e0,
ffc2e1,
ffc1e2,
ffc1e3,
fec2e3,
fec1e3,
fdc1e2,
fcc0e1,
fcc0e1,
fcbfe1,
fcbde0,
fcbce0,
fcbae0,
fdbbe0,
febcdf,
ffbcdf,
febde1,
febde2,
febde3,
ffbde1,
ffbbe1,
ffbbe1,
ffbae0,
ffb8df,
fdb7df,
fdb7df,
fbb8de,
fdbae0,
febee0,
fdc1e3,
fdc2e5,
fec4e6,
fdc5e6,
fdc7e5,
fec7e7,
ffc8e8,
fec8e9,
fec8e9,
fec8e9,
fec9e9,
ffcaea,
ffcaea,
fecbeb,
fecbeb,
ffcbeb,
ffccea,
feccea,
feccea,
feccea,
ffcdea,
ffcde9,
ffcdeb,
ffcdea,
feccea,
feccea,
ffccea,
ffcceb,
ffccec,
ffcbec,
ffc9ec,
ffc9ec,
ffc8eb,
ffc8ec,
ffc8ea,
ffc8e9,
fec8e8,
fec9e8,
ffcae9,
ffcaea,
ffcaea,
ffcaea,
ffcbec,
ffcbee,
fecaed,
ffcaec,
ffcbec,
ffcbeb,
ffcbeb,
ffcbee,
fecbee,
fecbee,
fdcbee,
fdcbee,
fecbee,
fecbee,
ffcaec,
ffcaec,
ffcaec,
ffcaec,
fecaed,
ffccee,
ffcef0,
ffcff1,
ffd0f1,
ffd2f3,
ffd2f3,
ffd2f3,
ffd2f3,
ffd2f3,
ffd2f3,
ffd4f0,
ffd4f2,
ffd4f3,
ffd4f2,
ffd3f3,
ffd4f1,
ffd5f2,
fed5f3,
fed5f4,
fed4f6,
fed5f5,
fed5f4,
fed5f6,
fed4f6,
fed4f6,
fed4f6,
ffd4f5,
ffd2f4,
ffd2f3,
ffd2f3,
ffd2f3,
ffd2f3,
ffd2f3,
ffd2f3,
ffd3f5,
fed4f6,
fed4f6,
fed4f6,
ffd6f6,
fed7f6,
ffd9f7,
ffd9f7,
ffd9f7,
ffd9f7,
fed9f7,
ffd9f7,
fed9f7,
fed9f7,
ffd9f7,
fdd9f7,
fdd9f7,
fed9f7,
fed9f7,
fed8f7,
ffd8f7,
ffd8f7,
ffd9f7,
ffd9f7,
fe9dc9,
fe9dc8,
fd9bc6,
fd9bc7,
ff9bc7,
ff9bc6,
ff99c3,
ff96c1,
fe93be,
ff92be,
ff93bf,
fe98c3,
fe9ec9,
fea2cd,
ffa3ce,
fea0cd,
fe9fcc,
ff9ecb,
ff9dca,
fe9fcc,
fea1d0,
fea5d0,
fea9d2,
fea9d4,
fea9d4,
fea9d4,
ffa8d3,
ffa6d1,
ffa4cf,
ffa0ca,
ff9dc7,
ff98c3,
fe96c1,
ff96c2,
ff97c2,
ff98c2,
fe96c1,
fe95bf,
fe95bf,
fe95bf,
ff96c0,
ff96c0,
fe97c1,
fe97c2,
fe98c2,
fd9bc2,
f7a0c9,
fd9bc3,
fd9bc0,
fc9bbf,
f79ebf,
f8beda,
fbc4dd,
fbc4dc,
fbc5dd,
fdc6df,
fabfda,
f7a5c9,
fa9ec5,
fd9ec4,
f8a4ca,
f8a5ca,
f5a9cb,
f2aeca,
f1b4cd,
ecaec8,
f6afcf,
fba3ca,
fd9fca,
fb9fc9,
f39ec8,
e49cc4,
e2a4c8,
eeb3d6,
f4b7da,
f1b8db,
f3b9dc,
f3b9dc,
f3bbdd,
f1bcde,
f2bcde,
f2bcdf,
f1bce0,
f1bde0,
f1bde0,
f3bee1,
f3bfe1,
f3c0e2,
f4c1e4,
efbfe2,
e5bbdc,
ebbee1,
f8c5e8,
f8c6e8,
f8c7e9,
f8c6ea,
f6c7ea,
f7c8eb,
f8c9eb,
f6c6ea,
e4b0d8,
dca7cf,
ecbce0,
f6caed,
f5cbed,
f3cbec,
f5cbed,
f6cbed,
f5cbec,
f7cced,
f7cded,
f7cdef,
f8ceef,
facff0,
f2c4e8,
edb6db,
eda6ce,
f3a6d1,
f5a6d2,
f5a6d2,
f0b3dd,
f5c1e8,
efacd2,
f1afd6,
f4a8d4,
f8a7d4,
f7a6d4,
f7a6d4,
f6a6d3,
f6a7d3,
f4aad4,
f4b7de,
fdd2f2,
fedffc,
fde3fe,
f7b4dd,
f7a8d6,
fcaad9,
fcacda,
fbaddb,
faaedb,
faaeda,
fbb0db,
fcb3db,
fdb5dd,
ffb6de,
ffb6df,
ffb6df,
ffb9e0,
febae0,
fdbae1,
fdb9e1,
feb6df,
fdb2db,
fdb0d9,
fdb2db,
fdb6de,
febbdf,
fcbee1,
fbbfe0,
fbc0e0,
fdc0e1,
fac8e8,
fcc2e3,
fdbfe0,
fdbfe0,
fdbee1,
febedf,
ffc0df,
fec1e0,
ffc2e0,
ffc2e1,
ffc2e0,
ffc2e1,
fec1e2,
ffc1e2,
ffc2e2,
fec1e3,
fdc1e2,
fcc0e1,
fcc0e1,
fcc0e1,
fcc0e2,
fcc0e3,
fcbfe2,
febfe2,
ffbfe1,
ffbfe0,
ffbfe0,
fdbee3,
fdbde3,
ffbbe0,
feb9df,
fdb9df,
feb8de,
feb7dd,
fcb6dd,
fbb7de,
fab8de,
fcbae0,
fdbee1,
fdc1e3,
fdc2e5,
fec4e6,
fdc4e6,
fec5e6,
fec6e7,
fec6e8,
ffc6e9,
ffc7e8,
ffc7e7,
fec7e8,
fec7e9,
fec8e8,
fdc9e9,
fdc9e9,
ffcaea,
ffcaeb,
fecbea,
fecbea,
feccea,
fecce9,
fecbe9,
feccea,
fecbe9,
fecae8,
ffcae7,
ffcae8,
ffcae8,
ffc9e9,
ffc8e9,
ffc6e9,
ffc6e9,
fec6e8,
fec6e8,
fec6e8,
ffc5e8,
ffc5e8,
ffc6e7,
ffc6e8,
ffc6e9,
ffc7ea,
ffc8ea,
ffc8eb,
ffc8eb,
ffc8ea,
ffc9ea,
ffc9eb,
ffc9ea,
ffc9ea,
ffc9ea,
fecaeb,
fecaec,
ffcaec,
ffcaec,
fecaec,
fecaec,
ffcaec,
ffcaec,
ffcaec,
fecaec,
fdcaec,
fecaed,
ffccee,
ffcdef,
ffcff1,
ffd0f2,
ffd1f3,
ffd2f3,
ffd2f3,
ffd2f3,
ffd2f3,
ffd4f2,
ffd4f2,
ffd4f2,
ffd4f3,
ffd5f4,
ffd4f2,
ffd4f3,
fed5f4,
fed5f6,
fed4f6,
fed4f5,
fed4f4,
fed3f3,
fed3f4,
fed4f6,
fed4f6,
ffd4f5,
ffd3f4,
ffd2f3,
ffd1f3,
ffd1f3,
ffd2f3,
ffd1f3,
ffd2f3,
ffd3f5,
fed4f6,
fed4f6,
fed4f6,
ffd6f6,
fdd7f5,
ffd7f7,
ffd7f7,
ffd9f7,
ffd9f7,
ffd9f7,
ffd9f7,
ffd9f7,
ffd9f7,
ffd9f7,
fed8f7,
fed7f7,
fed7f6,
fed7f6,
ffd8f7,
ffd8f7,
ffd8f7,
ffd8f8,
ffd8f8,
ff9ac6,
fe9ac5,
fe9bc5,
ff9ac4,
ff9ac6,
ff9dc9,
fe9fca,
ff9fca,
ff9ec9,
ff9ec9,
ff9dc9,
ffa2cb,
ffa5d0,
ffa9d2,
ffabd4,
ffaad5,
ffa9d6,
ffa9d6,
ffaad6,
ffaad4,
ffaad7,
ffaad7,
ffabd7,
ffabd7,
feabd7,
feabd7,
ffaad8,
ffa9d5,
ffa8d5,
ffa7d2,
fea2cd,
ffa0ca,
fe9fc9,
ff9fca,
ff9fca,
fe9ec6,
ff9ac3,
ff98c2,
ff96c0,
ff96c0,
ff96c0,
ff96c0,
fe97c3,
ff97c3,
fd99c3,
fe9ac3,
fe9cc3,
fe9bc2,
fd9ac0,
fe9bc1,
f4a0c4,
fcc2de,
fac4dc,
f8c5da,
f9c4dc,
fac5de,
f5b1ce,
f89ec5,
fb9dc4,
fd9dc7,
f99fc7,
f7a7cc,
efaac9,
efb4ce,
eab5cb,
efb6cd,
f7adcd,
f6a1c8,
f8a0c8,
db96bb,
dda2c7,
f3b4d7,
f4b5d9,
f3b7da,
f3b7da,
f2b8db,
f2b8db,
f1badc,
f3bbde,
f3bcde,
f2bbdd,
f1bbde,
f3bcde,
f4bde0,
f3bde0,
f5bee1,
f5bfe0,
f3c0e2,
eebfe2,
e8badc,
f5c3e6,
f7c4e8,
f8c4e8,
f6c5e7,
f6c6e8,
f7c6eb,
f7c6eb,
f7c9ec,
f9caee,
dfacd7,
e5b4db,
fbc9ed,
f9cbeb,
f7cbec,
f6ccee,
f7cbec,
f6caeb,
f6cbec,
f5cbec,
f6cbec,
f6cdec,
f6ccee,
f6ccee,
f7ceef,
f7d0ef,
f9d0ef,
f2c8ea,
e5a4cc,
f3a6cf,
f5b3d6,
efb9d9,
e4bbd7,
f8cce9,
e9c5e5,
e8b4d8,
f6b1db,
f7a6d4,
f7a6d4,
f7a6d4,
f7a6d4,
f7a7d4,
f8aad8,
f9b2dc,
fabee5,
f9ccf1,
f6b0da,
f9aad6,
fdadd9,
fcb0db,
feb1dd,
fdb3dd,
fdb5dd,
feb5de,
feb7de,
feb9de,
febade,
ffbae0,
ffbbe1,
ffbddf,
febedf,
fdbedf,
fdbee0,
fdbbe0,
feb4dc,
fbb2da,
fdb5dc,
feb9df,
fcbde2,
fcc1e0,
fcc0e1,
fdc0e1,
fdc2e2,
fdc2e2,
fcc1e1,
fdbfe0,
fdbfe0,
fcbedf,
fec0e1,
fec0e1,
ffc1e1,
ffc2e2,
ffc1e2,
ffc1e2,
fec2e2,
fdc1e2,
ffc2e2,
ffc2e2,
fec1e2,
fec2e2,
fdc1e1,
fcc0e1,
fcc0e1,
fcc1e1,
fec2e2,
fec2e2,
fec1e2,
ffc1e2,
ffc1e2,
fec1e0,
ffbfe3,
fdbbe1,
fdb9df,
fcb8de,
fcb8de,
fcb7dd,
fdb7dd,
fdb8dd,
fcb8de,
fcb9df,
fcbae0,
fbbde2,
fcc0e4,
fbc1e4,
fdc1e4,
fec2e5,
fcc3e4,
fcc5e5,
ffc4e7,
ffc4e6,
ffc5e5,
ffc5e6,
ffc5e6,
ffc5e6,
fdc6e5,
ffc8e7,
ffc9e8,
ffc9e9,
ffcaeb,
fecaea,
ffcbeb,
ffcbea,
ffccea,
ffcbea,
fdcbe9,
fecae7,
ffc8e6,
fec8e6,
fec7e7,
fec6e7,
fec5e6,
fec5e6,
ffc4e7,
fec4e7,
fec4e7,
fec4e7,
fec3e7,
ffc3e7,
ffc4e7,
ffc4e7,
ffc5e8,
fec5e8,
ffc5e8,
ffc6e9,
ffc6e9,
ffc6e9,
ffc6e8,
fec6e9,
ffc7ea,
fec8e9,
fec8e9,
fdc8e8,
fec9e9,
ffcaea,
ffcaec,
ffcaec,
ffcaec,
ffcaec,
ffcaec,
ffcaec,
ffcaec,
fecaec,
fdcaec,
fecaed,
fecbed,
fecdef,
fecef0,
ffcff1,
ffd0f2,
ffd1f3,
ffd2f3,
ffd2f3,
ffd2f3,
ffd3f3,
ffd3f3,
ffd3f3,
ffd3f3,
fed5f4,
ffd3f5,
ffd3f5,
fdd4f6,
fed4f6,
fed4f6,
ffd3f4,
ffd3f3,
fed2f3,
ffd3f5,
fed4f6,
fed4f6,
fed3f5,
fed2f4,
ffd2f3,
ffd2f3,
ffd2f3,
ffd2f3,
ffd1f3,
ffd2f3,
ffd3f5,
fed4f6,
fed4f6,
fed4f6,
fed4f6,
fdd7f3,
ffd6f5,
ffd6f5,
ffd8f7,
ffd9f7,
ffd9f7,
ffd9f7,
ffd9f7,
ffd9f7,
ffd8f7,
ffd6f7,
ffd6f7,
fed6f7,
fed6f7,
fed7f6,
fed7f7,
ffd8f8,
ffd8f9,
ffd8f9,
ff92bd,
ff93bd,
ff93bd,
ff93bd,
fe94bf,
ff99c4,
ff9dc7,
fea0c9,
fea0cb,
fea1cc,
ffa2ce,
ffa5d0,
ffa8d3,
ffabd5,
feacd7,
feacd8,
ffadda,
ffadd9,
ffadd9,
feadd8,
ffadd8,
ffadd8,
ffacd9,
ffacd9,
ffacd8,
ffacd8,
ffabd9,
ffacd8,
ffacd8,
ffabd6,
ffa8d3,
ffa7d1,
ffa7d3,
ffa8d3,
ffa9d4,
ffa5cf,
ffa1cc,
fe9cc6,
ff99c3,
ff98c2,
ff97c2,
ff97c2,
ff98c4,
fe98c4,
fe99c3,
fe9ac3,
fe9ac3,
fe9ac2,
fe9bc1,
f7a1c5,
fabcd9,
fcc3dd,
fcc3dd,
f9c4db,
fac4db,
fbc4dd,
f6b6d2,
f99ec4,
fc9ec6,
fe9ec9,
f7a2ca,
f5aed0,
e8b0cb,
d1a4be,
d3aac1,
eab5ce,
efa8ca,
e69ac0,
e29ec4,
ecacd2,
f6b5da,
f5b5d9,
f2b5d9,
f3b7da,
f2b7da,
f1b7da,
f2b8db,
f3badc,
f3bbdd,
f3bcde,
f2bbdd,
f2bbdd,
f2bcde,
f4bde0,
f3bde0,
f5bee1,
f5c0e1,
eabadd,
e8b9dc,
f6c2e4,
f7c3e5,
f7c3e5,
f8c3e6,
f6c4e7,
f6c6e8,
f5c7e9,
f6c7eb,
f8c9ed,
e1afda,
e8b6e0,
f9c8ec,
f9c9eb,
f8cbeb,
f7cbec,
f7ccee,
f4caeb,
f6cbec,
f6cbec,
f5cbeb,
f5cbec,
f6cdec,
f6cced,
f3caeb,
f7cdee,
f8cfee,
f9d0ef,
f9d0ef,
f8ceed,
ecb7d8,
e5b2d0,
facfe8,
f8d2e9,
f8d4eb,
f2d1ea,
f4d6ed,
f8c3e6,
f6a7d4,
f7a6d3,
f7a6d4,
f7a6d4,
f7a6d4,
f8a8d6,
f9a9d7,
f8aad8,
f8aedb,
faacd8,
fcaed8,
feb1da,
feb4dc,
ffb6de,
feb8de,
feb9de,
febade,
ffbbdf,
ffbcdf,
febddf,
febedf,
febedf,
ffbfde,
febfdf,
fdbfdf,
fdbfe0,
febde1,
fdb7de,
fab5da,
fdb8dd,
ffbce1,
fdbfe2,
fdc0e1,
fcc0e1,
fec0e1,
fec2e2,
fdc2e2,
fcc1e2,
fdc0e1,
fdbfe0,
fdbfe0,
fec0e1,
fec0e1,
ffc1e2,
ffc1e2,
ffc1e2,
fec1e2,
fec2e2,
fec2e2,
ffc2e3,
ffc1e2,
ffc1e2,
fec2e2,
fec2e2,
fdc1e2,
fdc1e2,
fec2e2,
fec2e2,
fec2e2,
fec2e2,
ffc2e2,
fec2e2,
fec0e1,
febee2,
fdbadf,
fdb8de,
fdb8de,
fcb8de,
fcb9de,
fdbade,
febbdf,
fdbbe1,
fdbce2,
fdbce1,
fdbee2,
fbbfe2,
fbbfe2,
fdc0e3,
fdc0e3,
fcc1e2,
fbc1e2,
fdc1e2,
fdc1e3,
fdc2e3,
fec2e3,
fdc2e3,
fdc2e3,
fdc2e3,
fdc4e5,
fec7e6,
fec9e8,
fec9ea,
ffc9eb,
ffc9eb,
ffc9e9,
ffcaea,
ffcae9,
fec9e8,
fec8e6,
ffc6e6,
ffc4e6,
ffc4e5,
ffc4e5,
ffc3e4,
ffc3e5,
fec2e5,
ffc2e5,
ffc2e5,
ffc3e6,
ffc3e6,
ffc3e6,
ffc3e7,
ffc3e7,
ffc3e7,
ffc3e7,
ffc3e7,
ffc3e7,
ffc3e7,
ffc4e7,
ffc4e9,
ffc5e9,
ffc5ea,
fec6ea,
fec6ea,
fec7e8,
fec8ea,
ffc9ea,
ffcaec,
ffcaec,
fecaec,
fecaec,
ffcaec,
ffcaec,
ffcaec,
ffcbed,
fecbee,
fecbed,
fecbee,
fecdef,
ffcef0,
ffcff1,
ffd0f2,
ffd0f2,
ffd2f3,
ffd2f3,
fed2f2,
ffd3f3,
ffd3f3,
ffd3f3,
ffd3f4,
ffd4f4,
fed3f6,
fed3f6,
fed3f6,
fed3f6,
fed3f6,
ffd3f4,
ffd2f3,
fed2f3,
ffd3f4,
fed3f5,
fdd3f5,
fed3f5,
fed2f4,
ffd2f3,
ffd2f3,
ffd2f3,
ffd2f3,
ffd2f3,
ffd2f3,
fed3f5,
fed4f6,
fed4f6,
fed4f6,
fed4f6,
fed6f4,
ffd6f5,
ffd6f5,
ffd7f7,
fed8f7,
ffd8f7,
fed7f6,
ffd7f7,
ffd8f7,
fed7f6,
ffd5f7,
fed5f7,
fdd5f7,
fed5f7,
ffd5f7,
ffd5f7,
fed6f8,
fed7f8,
ffd8f8,
fd8db7,
ff8eb9,
ff8eb9,
ff8eb9,
ff90ba,
ff91bd,
fe93bf,
ff99c4,
ff9bc6,
ff9dc8,
ff9fcb,
fea2cf,
fea5d2,
ffa7d4,
ffaad7,
fdacd8,
feaddb,
feadd9,
feadd9,
ffaedc,
ffafda,
ffaed9,
ffaddb,
ffaddb,
feacd8,
feacd8,
feacd8,
feacd8,
ffadd9,
feacd7,
fdadd6,
feacd7,
ffacd7,
ffacd9,
feabda,
ffa9d6,
fea7d3,
fea1cd,
ff9cc7,
fe99c5,
fe98c4,
fe97c3,
fe98c6,
fd98c5,
fd99c2,
fd99c2,
fd99c1,
fc9bc1,
f4a1c2,
fcbfdd,
fac2dc,
fbc2dc,
fdc2de,
fdc4dc,
fbc4db,
fac4db,
f9c1db,
f79ec3,
fc9fc7,
fda1c9,
f8aacf,
f0b5d1,
c2a0ba,
9d879f,
a0859e,
cfa0bf,
cb87af,
e7a7cf,
f5b4db,
f5b5da,
f2b5da,
f5b5da,
f2b5d9,
f3b7da,
f2b7da,
f1b7da,
f2b8db,
f4badd,
f2bbdc,
f3bcdd,
f3bcdd,
f3bbde,
f2bcde,
f4bde0,
f3bee0,
f6bfe2,
efbcdf,
efbbdf,
f7c3e5,
f8c3e5,
f8c3e5,
f6c3e5,
f6c3e5,
f6c4e7,
f6c6e8,
f6c8e8,
f7c8ea,
ebbbe3,
ecbae3,
f9c7ed,
f8c9ec,
f8c9ed,
f9cbec,
f8cbef,
f8ccee,
f1c9ea,
f6cbec,
f7cbec,
f6cbec,
f5cbec,
f6cded,
f6cdec,
f2c8e8,
f6cdef,
f8cfee,
f8cfee,
f9d0ef,
f8d0ef,
f8d2f1,
f0c5e3,
ebbfde,
f9d3ea,
f6d4ea,
f5d4ed,
f7d7ee,
f4c7e5,
f2abd3,
f5a7d2,
f7a6d4,
f7a6d4,
f7a6d4,
f8a7d5,
f9a7d6,
f8a7d6,
f9a9d7,
fbaad7,
fdafd8,
fdb3db,
ffb6dd,
feb9dd,
ffbbde,
ffbcdf,
ffbcdf,
febde0,
ffbddf,
ffbedf,
febedf,
febede,
ffbfdf,
fdbfe0,
fdbfe0,
fdbfe0,
febfe1,
fdbce1,
f9b8dc,
fcbbde,
febee3,
fec0e2,
fec0e1,
fcc0e1,
ffc1e2,
ffc1e2,
fec2e2,
fdc1e1,
fdc0e1,
fec0e1,
fdbfe0,
ffc1e2,
ffc1e2,
ffc1e2,
ffc1e2,
ffc1e2,
ffc1e2,
fec2e2,
fec2e2,
ffc1e2,
ffc1e2,
ffc1e2,
ffc2e2,
fec2e2,
fec2e2,
fec2e2,
fec2e2,
fdc1e2,
fdc1e2,
fec2e2,
fec2e2,
fec2e2,
fdbfe1,
febce0,
feb8de,
fcb8de,
fdb8de,
febae0,
fdbce0,
fcbce0,
fdbce1,
febce3,
fcbde3,
fcbde3,
fbbfe3,
fabfe2,
fbbfe2,
fbbfe2,
fabee1,
fabee1,
fabee1,
fcbedf,
fcbee0,
fcbde1,
fcbee1,
fdbee2,
fcbee1,
fbbee2,
fcc1e4,
fcc4e6,
fec7e9,
ffc7eb,
ffc8eb,
ffc8eb,
ffc9e9,
ffc9e9,
ffc9e9,
ffc7e7,
fec6e7,
ffc3e6,
ffc2e5,
ffc2e4,
fec2e4,
ffc2e5,
ffc2e5,
ffc2e5,
ffc2e5,
fec2e5,
ffc3e7,
ffc3e7,
ffc3e7,
ffc3e7,
ffc3e7,
ffc3e6,
ffc3e6,
ffc3e8,
ffc3e8,
ffc3e8,
ffc4e9,
ffc4ea,
ffc5eb,
ffc5eb,
ffc5eb,
ffc5eb,
fec6e9,
ffc7ea,
ffc9eb,
ffcaec,
ffcaec,
ffcaec,
ffcaec,
ffcaec,
ffcaec,
fecaec,
fecbee,
ffccef,
ffccef,
feccee,
fecdef,
ffcef0,
ffcff1,
ffd0f2,
ffd0f2,
ffd2f3,
ffd2f3,
fed2f2,
ffd3f3,
ffd3f3,
ffd3f2,
ffd3f4,
ffd3f5,
ffd3f3,
ffd3f4,
ffd3f4,
ffd3f4,
ffd3f4,
ffd2f3,
ffd2f3,
ffd2f3,
ffd2f3,
ffd3f5,
ffd3f5,
fed3f5,
ffd3f5,
ffd2f3,
ffd2f3,
ffd2f3,
ffd3f4,
ffd3f5,
ffd3f5,
fed3f5,
fed4f6,
fed4f6,
fed4f6,
fed4f6,
ffd6f5,
ffd6f5,
ffd6f5,
ffd6f5,
ffd6f6,
fed6f6,
ffd6f7,
ffd6f7,
fed5f6,
fed5f6,
fed4f6,
fdd3f6,
fed4f7,
fed4f7,
fed4f6,
fed4f6,
fdd4f7,
fed5f7,
ffd5f7,
fd8db7,
fe8eb9,
fe8eb9,
ff8eba,
ff8fba,
ff8fbb,
ff8fbb,
ff90bc,
ff91bd,
ff93bf,
ff96c1,
ff98c5,
ff9dca,
ffa0cd,
fea3d2,
fea7d5,
feaad8,
fdabd9,
feadda,
feaedb,
feaedb,
feaeda,
fdaedb,
fdaedb,
feaeda,
feadda,
feadda,
feadda,
ffadda,
ffadda,
feadda,
feaddc,
feaddb,
feaddb,
feaddb,
feabd8,
fea8d4,
ffa3cf,
fe9eca,
fe9ac7,
fe98c4,
fd98c5,
fd98c6,
fd99c6,
fe9ac4,
fd9bc1,
fa9bc1,
f5a3c5,
fbbbd7,
fbc1dc,
fac1db,
fbbfda,
f5b6d3,
fcc4dd,
fbc4da,
fbc4db,
fac5dc,
f4aac8,
f99fc7,
f9a2c8,
f5adca,
e7b3c8,
a98ca4,
99829b,
b69ab2,
f7ceeb,
cd96ba,
f6c4e5,
f1b7db,
f1b6d8,
f2b5d9,
f3b5d9,
f1b6d8,
f1b7d9,
f1b8d8,
f2b8da,
f1b8db,
f2badb,
f1bbdb,
f3bcde,
f4bcde,
f3bcde,
f3bcde,
f4bde0,
f4bee1,
ecb9dc,
ecb8dd,
f7c2e5,
f6c3e5,
f8c3e6,
f7c3e6,
f6c3e5,
f6c3e5,
f6c4e7,
f6c6e8,
f8c7e9,
f7c5eb,
e9b8e0,
f9c8eb,
f7c8eb,
f6c9ea,
f7c9ec,
f8cbec,
f7cbed,
f4caeb,
f6caeb,
f7cbec,
f7cbec,
f6cbec,
f5cbec,
f6ccec,
f6cdec,
f6cded,
f1c8ea,
f7cded,
f8cfee,
f7cfee,
f7cfee,
f7d0ef,
f7d1ef,
f2cbea,
e6c5e5,
dabedc,
dcc2dd,
f3d6ee,
f7d4ee,
f0b4d8,
f4a7d0,
f8a7d2,
f7a6d3,
f8a7d5,
f8a7d5,
f8a7d5,
f8a7d5,
faa8d6,
fbaad7,
fcaed8,
fcb2db,
feb6dc,
feb9de,
febbde,
ffbcdf,
ffbddf,
ffbedf,
febedf,
ffbfe0,
ffbfdf,
febedf,
ffbfe0,
febfe0,
fdbfe0,
fdbfe0,
fec0e1,
ffbfe2,
febee0,
febfe0,
fdc0e1,
fec0e1,
fec0e1,
fec0e1,
ffc1e2,
ffc1e2,
ffc1e2,
fec1e2,
fec0e1,
fec0e1,
ffc0e1,
ffc1e2,
ffc1e2,
fec1e2,
fec1e2,
fec0e1,
fec1e1,
fec2e2,
fec2e2,
ffc1e2,
ffc1e2,
ffc1e2,
ffc1e2,
ffc1e2,
ffc1e2,
ffc1e2,
ffc1e2,
ffc1e2,
fec1e2,
ffc2e2,
fec1e2,
febfe2,
fdbce1,
feb9df,
ffb8de,
feb8de,
febadf,
febce0,
febde0,
febde1,
fcbde2,
fdbee3,
fbbee3,
fbbee3,
fbbfe2,
fabfe2,
fabfe1,
fabee1,
fabee1,
fbbee1,
fbbde0,
fcbde0,
fdbce1,
fdbce1,
fcbde0,
fdbde0,
fdbce0,
fdbde1,
fdbee4,
fbc1e4,
ffc3e7,
ffc5e8,
ffc5e9,
fec6e8,
fec7e8,
ffc6e8,
ffc6e8,
ffc5e8,
fec4e7,
ffc2e6,
fdc0e4,
fdc0e5,
fdc0e5,
fec1e5,
ffc1e4,
ffc1e4,
ffc1e5,
ffc2e5,
ffc2e5,
ffc3e6,
ffc3e7,
ffc3e7,
ffc3e7,
ffc3e6,
ffc2e6,
ffc2e6,
ffc2e6,
ffc2e6,
ffc4e7,
ffc4e8,
ffc5e8,
fec5e9,
ffc6e9,
ffc6e9,
fec6e9,
ffc7ea,
ffc9eb,
ffcaec,
ffcaec,
ffcaec,
ffcaec,
ffcaec,
ffcaec,
fecaec,
fecbee,
ffccef,
ffcdef,
ffccef,
ffcef0,
ffcff1,
ffd0f2,
ffd0f2,
ffd0f2,
ffd1f3,
ffd2f3,
ffd2f3,
ffd2f3,
ffd3f3,
ffd3f2,
ffd3f3,
ffd3f3,
fed2f3,
fed2f3,
fed2f3,
fed2f3,
fed2f3,
ffd1f3,
ffd2f3,
ffd2f3,
ffd2f3,
ffd3f5,
fed4f6,
fed4f6,
fed3f5,
fed3f4,
ffd2f4,
ffd2f4,
ffd3f5,
ffd4f6,
ffd4f6,
fed4f6,
fed4f6,
fed4f6,
fed4f6,
fed4f6,
fed4f5,
ffd5f6,
ffd5f6,
fed5f5,
fed5f6,
ffd5f7,
ffd5f7,
ffd5f7,
fed4f6,
fed4f6,
fed4f6,
fed4f6,
fed4f6,
fed4f7,
fed4f7,
fed4f6,
fed4f6,
fed5f6,
fed5f6,
ff8fb9,
ff8fbb,
ff8fbb,
ff8eba,
ff8eba,
ff8eba,
ff8eba,
ff8fbb,
ff8fbc,
ff90bc,
ff91be,
ff93bf,
ff94c2,
fe96c4,
fe99c7,
fe9bc8,
fd9dcb,
fd9dcb,
fca1ce,
fda5d2,
ffaad6,
ffabd9,
ffabda,
feacd9,
ffacdb,
ffacdb,
ffacda,
ffacda,
ffacda,
feaddb,
ffaedc,
ffaedc,
ffafda,
ffaeda,
feadd9,
ffacd8,
ffa8d5,
ffa4cf,
ff9fca,
fe9bc9,
fd99c5,
fc9ac5,
fd9cc8,
ff9fca,
ffa0c7,
f99fc3,
f4a4c6,
fcbfdc,
fbc0d9,
fac0da,
fbbada,
f8a7cb,
f5a4c5,
f8bcd7,
fbc3d9,
fac3d9,
f8c4d9,
f8c2da,
f49fc3,
f8a4c6,
f7afc9,
ecb6ca,
bc97af,
c6a3bd,
edc2da,
f9d1eb,
e6b6d5,
f8cde7,
e7b7d4,
f6c0e0,
ecb6d4,
eeb6d5,
f1bdd8,
eebfd8,
f7c7e1,
f0b9d8,
edb7d9,
efbada,
f0badb,
f3bbdf,
f5bcde,
f3bcde,
f3bcde,
f6bee1,
efbadc,
edb9dc,
f6c1e3,
f6c2e4,
f5c2e4,
f8c4e6,
f6c4e7,
f6c3e5,
f7c3e6,
f6c4e7,
f6c6e8,
f8c6e9,
dcaad2,
f6c5eb,
f7c8eb,
f6c8e9,
f5cae9,
f6caea,
f7cbec,
f6cced,
ebc3e4,
f7cbed,
f7cbec,
f7cbec,
f5cbea,
f4caea,
f5cbeb,
f5cbeb,
f5cced,
f4cbec,
f5ccee,
f7ceee,
f6cfee,
f5cfee,
f6cfee,
f5cfef,
f6d1f2,
d2b3d7,
c4aed0,
c3b2ce,
d8c0db,
fadaf3,
f5c1e3,
f6a7ce,
f6a8d1,
f8a9d3,
faa9d7,
fba9d8,
f9a8d7,
f8a8d4,
f8a8d4,
fbaad6,
fcaed8,
fdb2db,
fdb6db,
fdb9dd,
febbdf,
ffbde0,
ffbddf,
febedf,
febedf,
ffbfe0,
febfe0,
febfe0,
fdbfe0,
fdbfe0,
fdbfe0,
fec0e1,
ffc1e2,
ffc1e2,
ffc1e2,
fec0e1,
fdc0e1,
fec0e1,
fec0e1,
ffc1e2,
ffc1e2,
ffc1e2,
ffc1e2,
ffc1e2,
ffc1e2,
ffc1e2,
ffc1e2,
ffc1e2,
ffc1e2,
fec2e2,
fec2e2,
fdc1e1,
fdc1e2,
fec2e2,
fec2e2,
ffc1e2,
ffc1e2,
ffc1e2,
ffc1e2,
ffc1e2,
ffc1e2,
ffc1e2,
ffc1e2,
ffc1e2,
ffc1e2,
ffc1e3,
fdbfe2,
febce0,
fdb9df,
fdb7dd,
ffb7de,
ffb9df,
ffbce0,
febde1,
fdbde1,
febfe2,
fdbde1,
fcbfe2,
fbbee4,
fbbee4,
fcbfe2,
fcbfe2,
fabee1,
fabee1,
fabee1,
fcbde1,
fdbce0,
fdbbe1,
fcbae1,
fcbae0,
fdbbe0,
ffbce0,
febce0,
fdbde1,
fcbde3,
fbbee4,
ffbfe5,
ffc0e6,
fdc2e7,
fec2e5,
fec3e4,
ffc3e5,
ffc3e6,
ffc2e7,
fec1e7,
fdc0e7,
fcbfe4,
fcbfe5,
fdc0e5,
fec1e6,
ffc1e4,
ffc1e4,
ffc1e4,
ffc2e5,
ffc2e5,
ffc2e5,
ffc2e5,
ffc3e7,
ffc3e7,
ffc2e5,
ffc2e5,
ffc2e5,
ffc2e5,
ffc2e5,
ffc2e5,
fec4e7,
ffc5e8,
fec6e9,
fec6e9,
fec6e9,
fec6e9,
ffc7ea,
ffc9eb,
ffcaec,
ffcaec,
ffcaec,
ffcaed,
ffcaec,
ffcaec,
ffcaec,
fecbee,
ffcbee,
ffccef,
ffccef,
ffcef0,
ffcff1,
fecff1,
fecff1,
ffd0f2,
ffd0f2,
ffd2f3,
ffd2f3,
ffd2f3,
ffd2f3,
ffd2f3,
ffd2f3,
ffd2f3,
ffd2f3,
ffd2f3,
ffd2f3,
ffd2f3,
ffd2f3,
ffd2f3,
ffd2f3,
ffd2f3,
ffd2f3,
ffd4f5,
fed4f6,
fed4f6,
fed4f6,
fed4f6,
ffd4f5,
ffd4f5,
fed4f6,
fed4f6,
fed4f6,
fed4f6,
fed4f6,
fed4f6,
fed4f6,
fed4f6,
fed4f6,
fed4f6,
fed4f6,
fed4f6,
fed4f6,
fed4f6,
fed4f6,
fdd4f6,
ffd3f5,
ffd3f5,
ffd3f5,
ffd3f5,
fed4f6,
fed4f6,
fed4f7,
fed4f7,
fed4f6,
fed4f7,
fed4f7,
fe95c0,
fe93bf,
fe90bd,
ff8ebb,
ff8dbb,
ff8ebc,
ff8ebc,
ff8ebc,
ff8ebc,
ff8fbd,
fe8fbd,
ff90bf,
ff91bf,
ff91c0,
ff92c0,
fe93c1,
fd94c0,
fc94c1,
fd95c2,
ff96c4,
fe9ac7,
ff9dca,
fe9fce,
fea1d0,
ffa2d2,
ffa2d2,
ffa2d1,
fea2d0,
fda3d2,
feaad8,
fdaedc,
feaeda,
ffaed8,
feadd8,
ffadd7,
ffaad7,
fea7d2,
ffa4cf,
ffa0cb,
fe9ec6,
fe9dc4,
fe9ec6,
fda0ca,
fea3cc,
fda6cb,
f9abcb,
fbb9d4,
fabfd5,
fbbfd7,
fab7d5,
f9a6cc,
fca6cc,
fca8cc,
f3aece,
fcc1db,
f9c2d8,
fac3d8,
fbc3db,
f4a8c8,
f4a6c6,
f9b0cd,
f3b6ce,
d5a6bd,
f0c7de,
f7cce3,
f2c8e2,
facde5,
f4cbe3,
f6cbe7,
f3c6e3,
f8cae4,
f6c7df,
f8c9df,
f8cce1,
f6c9e2,
f1c4e0,
f3c6e4,
e7b2d5,
f1bbdd,
f2bbde,
f5bcde,
f4bcdf,
f4bde0,
f0bbdd,
e8b3d6,
f7c0e5,
f7c1e4,
f8c3e5,
f7c3e5,
f6c3e5,
f7c3e6,
f7c4e6,
f6c4e6,
f7c4e7,
f8c7e8,
ebb9dd,
eebee2,
f5c7ea,
f5c7eb,
f5c8e9,
f5cae7,
f3cae8,
f4caea,
f1c7e8,
f4c9eb,
f6caeb,
f7cbec,
f6caec,
f5caeb,
f4cae9,
f5cbeb,
f5ccec,
f6cdec,
f4cbeb,
f2caea,
f7ceef,
f4cfee,
f5cfee,
f6cfee,
f3d0ee,
f2d0f0,
e6c9ea,
c1acce,
bdadcc,
dbc9e2,
f1d9ee,
f5daf2,
f5b3d6,
f7a9d1,
f9aad5,
fcabd8,
fcacda,
fcacda,
f9aad6,
f7a9d4,
f9abd6,
fbaed8,
fbb3da,
fdb7dd,
febbdd,
ffbde0,
febee0,
febedf,
febedf,
ffbfe0,
ffbfe0,
febfe0,
fdbfe0,
fcbedf,
fdbfe0,
febfe0,
ffc1e2,
ffc1e2,
ffc1e2,
ffc1e2,
ffc1e2,
fec1e2,
ffc1e2,
ffc1e2,
ffc1e2,
ffc1e2,
ffc0e1,
ffc0e1,
ffc0e1,
ffc1e2,
ffc1e2,
ffc1e2,
fec0e1,
fdc0e1,
fdc0e1,
fdc1e2,
fec1e2,
fcc0e1,
ffc1e2,
ffc1e2,
ffc1e2,
ffc1e2,
ffc1e2,
ffc1e2,
ffc1e2,
fec2e2,
fec1e2,
ffc1e2,
ffc1e2,
ffc1e2,
ffc0e2,
febce2,
feb8df,
feb6de,
feb5de,
ffb7de,
fdbadd,
fdbcdf,
febde1,
febde1,
febee1,
fdbee1,
fcbfe2,
febfe2,
fdbfe2,
fcbfe2,
fbbfe2,
fbbee2,
fbbee2,
fabee1,
fdbde1,
fdbce0,
fcbbdf,
febbde,
fdbade,
febbdf,
febcdf,
fdbce0,
fdbde1,
febde2,
fdbee4,
fdbee4,
febee4,
febfe5,
febfe5,
febfe5,
ffbfe5,
ffbfe5,
fec0e4,
fec0e4,
febfe5,
fcbfe5,
fcbfe4,
fdc0e5,
ffc1e4,
ffc1e4,
ffc1e4,
ffc1e4,
ffc2e5,
ffc2e5,
ffc2e5,
ffc2e5,
ffc2e5,
ffc2e5,
ffc2e5,
ffc2e5,
ffc2e5,
ffc2e5,
ffc2e5,
ffc2e5,
fec4e7,
ffc5e8,
ffc6e9,
fec6e9,
fec6e9,
fec6e9,
ffc7ea,
ffc9eb,
ffc9ec,
ffcaec,
ffcaec,
ffcaec,
ffcaec,
ffcaec,
ffcaec,
ffcbed,
fecbee,
ffccef,
fecdef,
ffcef0,
ffcef0,
ffcef0,
ffcff1,
fecff1,
ffd0f2,
ffd1f3,
ffd2f3,
ffd2f3,
ffd2f3,
ffd2f3,
ffd2f3,
ffd2f3,
ffd2f3,
ffd2f3,
ffd2f3,
ffd2f3,
ffd2f3,
ffd2f3,
ffd2f3,
ffd1f3,
fed2f3,
ffd4f5,
fed4f6,
fed4f6,
fed4f6,
fed4f6,
fed4f6,
fed4f6,
fed4f6,
fed4f6,
fed4f6,
fed4f6,
fed4f6,
fed4f6,
fed4f6,
fed4f6,
fed4f6,
fed4f6,
fed4f6,
fed4f6,
fed4f6,
fed4f6,
ffd3f5,
ffd3f4,
fed2f4,
fed2f4,
ffd2f4,
ffd3f4,
ffd4f6,
fed4f6,
fed4f7,
fed4f7,
ffd4f7,
ffd4f7,
fed4f6,
fda1cb,
ff9dc8,
ff95c0,
ff91bc,
ff8ebc,
ff8ebc,
ff8dbc,
ff8dbc,
ff8dbc,
ff8fbd,
fe8fbd,
ff90bf,
ff90bf,
ff90bf,
ff90bf,
ff91c0,
ff91c0,
ff91c0,
ff91c0,
ff92c1,
fe93c2,
fe95c3,
fc95c3,
fd96c4,
fe96c5,
ff97c6,
fd98c6,
fd98c5,
fc99c8,
fda1d0,
ffaad8,
ffacd7,
ffabd5,
ffaad5,
ffa7d2,
ffa5d1,
ffa2cf,
fea2cc,
ffa0c9,
ffa0c8,
fea0c7,
ffa1c9,
fea3cb,
fca6cc,
fdaed0,
fdb9d3,
fabcd3,
fabdd5,
f8b3d0,
f6a7ca,
fca7cd,
fda9d0,
feaad2,
fbadd2,
f9bad7,
fbc1d9,
fbc2d7,
fac2d9,
f5b1cf,
faaece,
f1a5c4,
eba1c0,
ebb9d2,
f7cbe2,
f7cbe4,
f8cde3,
f9cce2,
f5c9e3,
facee7,
ffd2eb,
facde6,
f3c6dd,
f7cadf,
f7cbe1,
facee6,
fcd2e7,
fad0e8,
f2c2e3,
f0badd,
f0bbdd,
f4bbde,
f6bce0,
f4bddf,
e9b5d8,
f9c0e3,
f8c0e5,
f6c0e5,
f8c2e5,
f6c3e5,
f6c3e5,
f6c3e5,
f7c4e6,
f7c4e6,
f8c4e7,
f8c5e8,
eab8de,
f5c7e9,
f3c7e8,
f3c8e7,
f3c8e7,
f2c8e7,
f1c9e7,
f1c9e8,
efc6e6,
f3c8ea,
f6caeb,
f7cbec,
f6caeb,
f5caeb,
f4cae9,
f5cbeb,
f5cbec,
f6cdec,
f6cded,
ecc5e6,
f6ceee,
f4d0ee,
f4cfec,
f6d4ef,
f5d7f3,
f0d1ed,
edd1ef,
d5bbda,
c5afce,
e9d6ed,
fce8fb,
f9e8fa,
ebb6d0,
f2acd2,
fbaed9,
feafda,
feb1db,
fdafda,
faadd7,
f9abd6,
faacd7,
fcafda,
fdb4da,
feb8dd,
ffbcdf,
febddf,
fdbedf,
febedf,
febedf,
ffbfe0,
ffbfe0,
febfe0,
fdbfe0,
fcbedf,
febfe0,
fec0e1,
ffc1e2,
ffc1e2,
ffc1e2,
ffc1e2,
ffc1e2,
ffc1e2,
fec2e2,
fec2e2,
ffc1e2,
ffc1e2,
fec0e1,
fec0e1,
febfe0,
fec0e1,
ffc1e2,
ffc1e2,
fdc0e1,
fdc0e1,
fec0e1,
fcc0e1,
fec1e2,
fdc0e1,
fec0e1,
ffc1e2,
fec1e2,
fdc1e2,
fdc1e2,
fec1e2,
fec1e2,
fec2e2,
fec2e2,
fec2e2,
fec2e2,
ffc1e1,
fdbfe0,
fdbae0,
fdb7de,
fdb5de,
feb5de,
ffb7de,
fdb9dd,
febbdf,
fdbce0,
fdbcdf,
fdbcdf,
fdbce0,
febde1,
ffbde1,
febde1,
fdbee1,
fbbee1,
fbbfe2,
fbbfe2,
fbbfe2,
febde1,
febcdf,
fdbade,
fdbadd,
fdbadd,
febbde,
fdbcdf,
fdbce0,
febde1,
febde2,
fdbee4,
fdbee4,
fdbee4,
febfe4,
febfe5,
febfe5,
febfe5,
febfe5,
febfe3,
febfe3,
febfe5,
fdbfe5,
fcbfe5,
fec0e5,
ffc1e5,
ffc1e4,
ffc1e5,
ffc1e4,
ffc2e5,
ffc2e5,
ffc2e5,
ffc3e6,
ffc2e5,
ffc2e5,
ffc2e5,
ffc2e5,
ffc3e6,
ffc3e6,
ffc2e5,
ffc2e5,
fec4e7,
ffc5e8,
ffc6e9,
fec6e9,
fec6e9,
fec6e9,
ffc7ea,
ffc7ea,
ffc8ea,
ffc8eb,
fec9eb,
ffc9ec,
ffcaec,
ffcaec,
ffcaec,
ffcaec,
fecbee,
ffccef,
ffcdef,
ffcef0,
ffcef0,
ffcef0,
ffcef0,
ffcef0,
ffcff1,
ffd0f2,
ffd1f3,
ffd2f3,
ffd2f3,
ffd2f3,
ffd2f3,
ffd2f3,
ffd2f3,
ffd2f3,
ffd2f3,
ffd2f3,
ffd2f3,
ffd1f3,
ffd1f3,
ffd1f3,
fed2f3,
ffd4f5,
fed4f6,
fed4f6,
fed4f6,
fed4f6,
fed4f6,
fed4f6,
fed4f6,
fed4f6,
fed4f6,
fed4f6,
fed4f6,
fed4f6,
fed4f6,
fed4f6,
fed4f6,
fed4f6,
fed4f6,
fed4f6,
fed4f6,
fed4f6,
ffd3f5,
fed2f4,
fed2f3,
fed2f3,
ffd3f4,
ffd3f4,
ffd4f6,
fed4f6,
fed4f7,
fed4f7,
ffd4f7,
ffd4f7,
fed4f6,
fea8d3,
fea8d2,
fea3cf,
fe9ac7,
fd91bf,
ff8fbc,
ff8ebc,
ff8dbc,
ff8ebd,
ff8fbe,
ff90bf,
ff90bf,
ff90bf,
ff90bf,
ff90bf,
ff90bf,
ff90bf,
ff90bf,
ff91c0,
ff92c1,
fe91c0,
ff92c1,
ff92c1,
ff92c1,
ff93c1,
ff93c2,
ff94c2,
fd95c3,
fe97c4,
fd99c7,
fe9dc9,
ff9fcc,
fe9ecc,
fe9fc8,
fe9ec8,
ff9ec7,
ff9cc7,
ff9dc8,
ff9ec8,
ffa0c7,
fea1c6,
fda2c5,
fca5c9,
fdaece,
feb7d1,
fcbad2,
fbb9d2,
f9aecd,
faa6ca,
fca8ce,
fea9d1,
ffaad4,
feacd5,
feadd4,
fab2d2,
fcc0d8,
fbc0d7,
fcc1db,
fab9d4,
f4a8c8,
f1a3c3,
d286aa,
f1c0db,
f6cae2,
f3c7e3,
f3c7e1,
f1c7dd,
f5c9e3,
fdcfe6,
fdd2e9,
facfe8,
f0c6e1,
eac2de,
ecc5de,
f3cce1,
fad2e7,
fcd3e9,
f4c9e3,
edb9dc,
f2bbdd,
f2bcde,
f3bddf,
e6b4d6,
f2bcde,
f8bfe2,
f7c0e3,
f6c1e5,
f6c2e4,
f5c2e4,
f6c3e5,
f6c3e5,
f6c3e5,
f6c3e5,
f7c4e7,
ecbae1,
efbfe3,
f3c7e6,
f3cae7,
f4cce5,
f2cde7,
f9d7f1,
f1d0eb,
f3d0ee,
f3d0ee,
f3c9e9,
f6caeb,
f6cbeb,
f5cbeb,
f4cbea,
f4cbea,
f6cbea,
f5cbea,
f4cced,
f5ccee,
f3caec,
efc9e8,
f7d5ef,
f9def4,
f6dcf2,
fee4fb,
fae0f7,
f3d8f1,
ebcde9,
c4aac8,
f0dcf3,
fce8fc,
f8e5f9,
f5e3f6,
f9d6ee,
f8afd6,
fbb1d8,
fcb1d9,
feb2d7,
fbb0d7,
fbb0d8,
fcb1d9,
fdb3db,
ffb5da,
feb8dd,
ffbcdf,
ffbcdf,
febddf,
febedf,
febedf,
ffbedf,
ffbfdf,
febfdf,
fdbfdf,
fdbfe0,
febfe0,
fdbfe0,
fec0e1,
ffc1e2,
ffc1e2,
ffc1e2,
ffc1e2,
ffc1e2,
ffc1e2,
ffc1e2,
ffc1e2,
ffc1e2,
fec0e1,
fec0e1,
fec0e1,
fec0e1,
fec0e1,
fec0e1,
fec0e1,
fec0e1,
fdc1e1,
fcc1e1,
fdc1e2,
fec0e1,
ffc0e1,
ffc1e2,
fec2e2,
fec2e2,
fec2e2,
fec2e2,
fec2e2,
fec2e2,
fec2e2,
fec2e2,
fec2e2,
fec1e1,
fdbedf,
fcb8df,
fcb4de,
fdb4dd,
feb5de,
ffb7df,
ffb9dd,
feb9de,
febade,
fdbadd,
fcbadd,
fdb9df,
feb9df,
fdbadf,
fdbbdf,
fdbce0,
febce1,
febce3,
fdbde1,
fcbde0,
fcbce0,
fdbbde,
fdbadb,
fdbadc,
febadd,
febadf,
fdbbe1,
fdbbe1,
febde3,
ffbee1,
febfe2,
fdbee1,
fcbee1,
ffbfe4,
fec0e4,
febfe3,
febfe3,
febfe3,
febfe5,
fec0e5,
fec1e6,
fec2e6,
fec2e6,
fec2e6,
fec1e6,
fec1e6,
fec2e6,
ffc3e6,
ffc3e6,
ffc4e7,
fec4e7,
ffc4e7,
ffc4e7,
ffc4e7,
fec4e7,
fec4e7,
ffc3e7,
ffc3e7,
ffc3e6,
ffc2e6,
ffc4e8,
ffc5e8,
ffc6e9,
fec6e9,
fec6e9,
fec6e9,
fec6e9,
fec6e9,
fec6e9,
ffc7ea,
ffc7ea,
ffc7ea,
ffc9ec,
ffcaec,
ffcaec,
ffcaec,
ffccec,
ffcdee,
ffccef,
ffcdf0,
ffcef0,
ffcef0,
ffcef0,
ffcdef,
ffcdf0,
ffcff1,
ffcff1,
ffd0f2,
ffd0f2,
ffd0f2,
ffd1f3,
ffd2f3,
ffd2f3,
ffd2f3,
ffd2f3,
ffd2f3,
ffd2f3,
ffd1f2,
ffd2f3,
ffd2f3,
fed2f3,
ffd3f4,
fed4f5,
fed4f6,
fed4f6,
fed4f6,
fed4f6,
fed4f6,
fed4f6,
fed4f6,
fed4f6,
fed4f6,
fed4f6,
fed4f6,
fed4f6,
fed4f6,
fed4f6,
fed4f6,
fed4f6,
fed4f6,
fed4f6,
fed4f6,
ffd3f5,
ffd3f5,
ffd3f3,
ffd3f3,
ffd3f5,
ffd3f5,
ffd4f6,
fed4f6,
fed4f6,
fed4f6,
fed4f6,
fed4f6,
fed4f6,
ffaad4,
fea9d3,
ffa7d2,
ff9fcc,
fd93c0,
ff8fbd,
ff8ebc,
ff8dbc,
ff8dbc,
ff8fbe,
ff90bf,
ff90bf,
ff90bf,
ff90bf,
ff90bf,
ff90bf,
ff90bf,
ff90bf,
ff91c0,
ff92c1,
ff92c1,
ff92c1,
ff92c1,
ff92c1,
ff92c1,
ff92c1,
ff92c1,
fe94c2,
ff95c3,
fe96c3,
fe96c4,
fe98c5,
fd97c4,
fd97c2,
fe97c2,
fe97c2,
ff98c3,
fe99c4,
fd9bc5,
fd9dc1,
fca4c5,
f4a1bd,
faabc5,
fdb6ce,
fcb8d0,
feb5d3,
f9a4c6,
fd9fc7,
fca4cc,
ffa6cf,
ffa8d2,
ffa9d5,
ffaad4,
ffabd4,
feaed0,
feb7d5,
fdbed6,
fac0d8,
fcbfd7,
fbb4d0,
e49ab6,
f5b2d2,
f2c1dc,
f5cae8,
e1bde2,
ddb7db,
e5bddc,
f9cce8,
fcd0e6,
fad1e9,
f9d1ef,
f0cdf1,
d6b6de,
debcdc,
f4cee7,
fbd2e8,
fdd3e9,
fbd6ed,
d6a2c6,
eab2d6,
f1bce0,
e6b4d7,
eab6d8,
f6bfe2,
f7bfe2,
f6c0e3,
f6c1e6,
f6c2e5,
f5c2e5,
f6c3e5,
f6c3e5,
f6c3e5,
f5c3e5,
f6c4e7,
e5b5dd,
f5c7e8,
f1cae6,
fdddf5,
fddff3,
f5daef,
ffe2f5,
f7dbf0,
fee2f9,
fee1f6,
f5d2ec,
f4cce9,
f4cbea,
f4cceb,
f4cbea,
f4cbea,
f5cae9,
f5cbea,
f2cded,
f3ccee,
f7cef0,
ebc4e3,
dabcd3,
fde6f9,
fde5f6,
fee4f7,
fde6f8,
fae1f7,
efd1eb,
c8adc8,
e1cae3,
fde9fe,
f1def4,
f6e2f8,
fadcf4,
f5b2d4,
fbb2d7,
fdb2d7,
feb2d7,
fdb1d7,
fcb1d8,
fcb3d9,
feb4da,
feb5da,
feb7dc,
feb9dd,
febade,
ffbcdf,
fdbddf,
febddf,
ffbddf,
ffbddf,
febdde,
febdde,
fdbedf,
fdbedf,
febfdf,
ffbfe0,
fec0e1,
fec0e1,
fec0e1,
fec0e2,
fec0e2,
fec0e1,
ffc1e2,
ffc1e2,
ffc1e2,
fdbfe0,
fdbfe0,
fdbfe0,
fdbfe0,
fdbfe0,
fdbfe0,
fec0e1,
fec0e1,
ffc2e2,
ffc2e2,
fec1e2,
ffc1e2,
ffc1e2,
ffc1e2,
fec2e2,
fec2e2,
fdc1e2,
fdc1e2,
fdc1e2,
fec2e2,
fec2e2,
fec2e3,
fec1e3,
febfe1,
fdbce0,
fbb6de,
fcb4dd,
fdb4de,
fdb4dd,
fdb7df,
feb8dc,
ffb9dd,
feb9dd,
fcb9db,
fcb8db,
fdb6dd,
fdb7dd,
feb8dd,
feb8dd,
fdb9df,
fdb9df,
fdb9df,
fdbae0,
febbe0,
febae0,
feb9de,
febadc,
febadd,
febade,
fdbadf,
fcbbe1,
fdbbe1,
febce2,
ffbee1,
ffbee2,
ffbee2,
ffbee2,
febfe2,
ffbfe3,
febfe2,
febfe2,
fec0e3,
ffc1e5,
ffc2e6,
fec4e7,
fdc4e7,
ffc4e7,
ffc3e7,
ffc3e7,
fec3e7,
fec4e8,
fec5e8,
ffc5e9,
fec7e9,
fec7e9,
ffc7ea,
fec6e9,
fec6e9,
ffc5e8,
ffc5e8,
ffc5e8,
ffc5e8,
ffc4e7,
ffc4e7,
fec4e7,
ffc5e8,
ffc5e8,
ffc6e9,
fec6e9,
fec6e9,
fec6e9,
fec6ea,
fec6ea,
fec6ea,
fec6e9,
ffc7ea,
fec8eb,
ffcaec,
ffcaec,
ffcaed,
fecbeb,
ffcbed,
fecbee,
ffccef,
ffccef,
ffccef,
ffccef,
ffccef,
ffccef,
fdcdef,
fecdef,
ffcef0,
ffcef0,
ffcef0,
ffcff1,
ffd0f1,
ffd1f3,
ffd2f3,
ffd2f3,
ffd2f3,
ffd2f3,
ffd1f3,
ffd2f3,
ffd2f3,
ffd2f3,
ffd3f4,
ffd3f5,
ffd3f5,
ffd3f5,
ffd3f5,
ffd3f4,
fed3f4,
fed3f5,
ffd3f5,
ffd3f5,
ffd3f5,
ffd3f5,
ffd3f5,
ffd3f4,
ffd4f5,
ffd4f5,
ffd4f5,
ffd4f5,
fed4f5,
fed4f5,
fed4f6,
fed3f4,
fed4f4,
ffd3f4,
ffd3f4,
ffd4f6,
ffd4f6,
ffd4f5,
ffd4f5,
ffd3f6,
fed4f6,
fed4f6,
fed4f6,
ffd4f6,
ffaad4,
ffaad4,
fea8d2,
ffa2cd,
fe98c4,
ff91c0,
ff8fbe,
ff8ebd,
ff8ebc,
ff90bd,
ff90bf,
ff90bf,
ff90bf,
ff90bf,
ff90bf,
ff90bf,
ff90bf,
ff90bf,
ff91c0,
ff92c1,
ff92c1,
ff92c1,
ff92c1,
ff92c1,
ff92c1,
ff92c1,
ff92c1,
fe93c1,
fe94c2,
ff95c3,
ff95c2,
ff96c1,
fe96c0,
fe96c1,
fe96c1,
fe96c1,
ff97c3,
ff98c4,
fe99c2,
fc9bbe,
f8a6c4,
f4acc3,
fbb5cc,
fcb7cd,
fbb0cd,
f99ec3,
fb9bc2,
fe9dc7,
fe9fcb,
ffa2cd,
ffa2d0,
ffa4d3,
ffa5d1,
fea7d0,
feaad0,
fdafd2,
fbbbd4,
f7bed8,
f8bbd3,
dd9ab3,
e2a0b9,
f6b9d3,
f6c5e2,
ddb7e0,
ccb0dc,
d8b9e1,
deb9de,
f8cbe8,
fbcfe5,
eec7e1,
e3bddf,
d5b4dc,
cfb4dd,
ddbcdf,
f2cbe7,
f8cee6,
facfe7,
f2c7e1,
ce9abe,
eebade,
d0a2c5,
dfafd3,
f4bee0,
f3bfdf,
f4bfdf,
f5c1e3,
f5c2e5,
f5c3e5,
f4c3e5,
f6c2e5,
f5c2e4,
f4c2e5,
f6c3e6,
ebbae0,
f3c6e6,
f3c9e6,
ecc6df,
fbdcf3,
fee2f5,
f7ddf0,
fde1f5,
f9def2,
fee1f4,
fee1f4,
fee2f4,
fde0f6,
fedff8,
edc9e7,
efc7e7,
f4cceb,
f4caea,
f3cceb,
f3ccec,
eec9ea,
f1ceee,
eecfec,
fee5fc,
fae4f6,
f9e3f6,
fae2f6,
fae5f7,
f9e2f8,
f0d5ed,
e1c5df,
d4bad4,
f4dff5,
efdef6,
ecdcf3,
f1dcf4,
f6cde9,
f8b3d6,
fab1d5,
fcb1d5,
fbb1d6,
fbb1d8,
fdb3d8,
feb4d8,
fdb4d8,
fdb4d9,
feb6db,
feb8db,
feb9dd,
febadd,
ffbadd,
febadd,
febadd,
ffbbdd,
ffbbdd,
febbdd,
fdbbdc,
ffbdde,
ffbedf,
febfe0,
febee0,
ffbfe0,
fdbee1,
fdbfe1,
fdbfe0,
fec0e1,
fec0e1,
fec0e1,
fdbfe0,
fdbfe0,
fdbfe0,
fdbfe0,
fdbfe0,
fdbfe0,
fdbfe0,
fec0e1,
fec0e1,
ffc1e2,
ffc1e2,
ffc1e2,
ffc1e2,
ffc1e2,
ffc1e2,
fec2e2,
fcc0e1,
fcc0e1,
fdc1e2,
fcc1e1,
fcc1e2,
fec1e4,
fec0e3,
ffbee2,
febae0,
fcb6de,
fbb3dd,
fcb4df,
fcb5de,
fcb7de,
feb8de,
ffb9dd,
ffb9dd,
feb9dd,
fcb8dc,
fdb6dd,
fdb6dd,
fdb6dd,
fdb6dd,
fdb7dd,
fdb6de,
fdb6df,
fdb8df,
fcb8de,
fcb8de,
fcb8de,
ffb9dd,
ffbade,
febbde,
fdbadf,
fcbbe1,
fdbce2,
febde3,
ffbee1,
ffbee2,
ffbee2,
ffbee2,
ffbee3,
ffbee3,
ffbee3,
ffc0e3,
ffc0e3,
ffc2e3,
fec3e7,
ffc5e8,
ffc6e9,
ffc6e9,
ffc5e9,
ffc5e8,
ffc5e8,
fec5e8,
ffc7ea,
ffc8eb,
fec9eb,
ffc9eb,
ffc8eb,
ffc7ea,
fec6e9,
fec6e9,
ffc6e9,
ffc5e8,
ffc5e8,
ffc5e8,
fec4e7,
fec4e7,
ffc4e7,
ffc5e8,
ffc5e8,
fec6e9,
fec6e9,
fec6e9,
fec6ea,
fec5ea,
fec6e9,
fec6e9,
ffc7ea,
ffc8ea,
ffcaec,
ffcaec,
ffcaec,
ffcaeb,
ffcbec,
fecbee,
ffcbed,
ffcbed,
ffcbed,
ffcbed,
fecbee,
fecbee,
feccef,
fecdef,
fecdef,
fecdef,
fecdf0,
ffcef0,
ffcff1,
ffd0f2,
ffd0f2,
ffd0f2,
ffd0f2,
ffd0f2,
ffd1f2,
ffd1f2,
ffd1f2,
ffd1f2,
fed1f2,
fed1f3,
ffd2f3,
ffd2f4,
fed2f4,
fed2f2,
fed3f2,
ffd3f4,
ffd3f4,
fed2f2,
fed2f3,
fed2f3,
ffd2f3,
ffd2f3,
ffd2f3,
fed2f4,
ffd3f4,
ffd3f5,
fed3f5,
fed3f5,
fed3f5,
fed4f4,
fed4f3,
ffd3f5,
ffd3f5,
ffd3f4,
ffd3f4,
ffd3f4,
ffd3f4,
ffd3f5,
ffd3f6,
fed4f6,
fed4f6,
ffd4f5,
ffaad4,
ffa9d3,
ffa8d2,
ffa3ce,
ff9cc8,
fe94c2,
ff91bf,
ff90bf,
ff90bf,
ff90bf,
ff90bf,
ff90bf,
ff90bf,
ff90bf,
ff90bf,
ff90bf,
ff90bf,
ff91bf,
fe91c0,
ff92c1,
ff92c1,
ff92c1,
fe91c0,
ff92c1,
ff92c1,
ff92c1,
ff92c1,
ff93c1,
fe94c1,
fe94c1,
fe95c0,
ff95c1,
ff96c1,
ff96c1,
fe97c2,
fe97c3,
fe97c4,
fe98c3,
fd99c2,
fc9cc0,
fca9c4,
fcb7cc,
fcb4cb,
f9a8c5,
fa9ec1,
fd9bc1,
fe9ac4,
ff9ac6,
ff9cc9,
ff9dcb,
ff9dcb,
ff9fcc,
ffa0cc,
ffa2cd,
fda3cb,
f8a8cc,
f8bcda,
f5bcd7,
dca4be,
f0b0cb,
ecaac3,
f4b8d1,
f5c6e8,
cba6d7,
cab0de,
cfb4e0,
d8b7db,
f9cde9,
fed0e8,
fdd0ea,
f7cdec,
ddb9de,
d8badf,
e4c1e1,
f5cde8,
f7cde5,
f9cfe7,
f0c7e0,
f3c8e5,
ebbddf,
b08eb0,
e0b5d6,
f2bfde,
f0bfdf,
e8bcdb,
c6a0bf,
c299b8,
f1cae9,
f7d1ef,
f0c6e7,
f3c4e6,
f5c2e4,
f4c3e5,
ebbedf,
f7d0ee,
fcdbf2,
fbdcf1,
f6d8ee,
fcdff2,
fee2f4,
f1d5ea,
fce2f5,
fadcef,
fcdff2,
fee2f2,
fee3f4,
ffe5f9,
dcbed9,
caa5c5,
e2bad9,
f4ccea,
f3ccea,
f3cdec,
d3b2d2,
e5c5e5,
dfc1dc,
ecd3e8,
fee7f8,
f9e3f8,
ecd8ef,
eedaf3,
f0dbf2,
f2daf0,
f0d6ed,
eed2e9,
efd7ee,
f2e1f8,
e7d8f1,
eeddf5,
eec4e1,
f6b2d6,
fab0d5,
fbafd3,
fbafd5,
fab0d8,
fbb1d6,
fbb2d5,
fcb1d6,
fcb2d7,
fdb3d8,
feb6da,
ffb7db,
feb7db,
feb8db,
fdb8dc,
fdb8dc,
feb8dd,
feb8dd,
fbb6db,
fbb6da,
fcb8db,
fdb9dd,
febbdf,
febbde,
febbdf,
ffbbe1,
febce0,
fdbdde,
febee0,
fdbfe0,
fdbfe0,
fdbfe0,
fdbfe0,
fdbfe0,
fdbfe0,
fdbfe0,
fdbfe0,
fdbfe0,
fdbfe0,
fec0e1,
fec0e1,
ffc0e1,
ffc1e2,
ffc1e2,
ffc1e2,
ffc1e2,
ffc1e2,
ffc1e2,
fec0e1,
fec0e1,
ffbfe1,
fdc0e1,
febfe2,
ffbee2,
febde2,
fdbbe0,
fcb7df,
fcb6de,
fdb6df,
fdb7de,
feb9de,
ffb9df,
ffb9df,
ffbadf,
feb9df,
fcb8de,
fdb8de,
feb9de,
feb9df,
feb8de,
fdb6de,
fcb5dd,
fcb6de,
fdb6df,
fdb6df,
fdb7df,
feb8de,
fdb9dd,
febade,
fdbade,
febbdf,
ffbcdf,
febce0,
fdbce0,
febde1,
ffbee2,
febfe2,
febfe3,
fcbfe3,
fdc0e4,
ffc1e4,
ffc1e3,
fec2e2,
fec3e4,
ffc4e7,
ffc6e9,
ffc6e9,
fec7e9,
ffc7ea,
fec6eb,
ffc7ea,
ffc7ea,
fec8eb,
fecaec,
ffcaec,
ffc9ec,
ffc8eb,
ffc6e9,
ffc5e8,
fec6e9,
fec6e9,
ffc5e8,
ffc5e8,
ffc5e8,
ffc5e8,
ffc4e7,
ffc4e7,
ffc5e8,
ffc5e8,
fec6e9,
fec6e9,
fec6e9,
fec6e9,
fec6e9,
fec6e9,
fec6eb,
fec6eb,
fec8eb,
ffcbed,
ffccee,
fecbee,
ffcaec,
ffcaec,
ffcaed,
ffcaec,
ffcaec,
ffcaec,
ffcaec,
ffcaec,
fdcaed,
ffccee,
ffccee,
ffccef,
ffccef,
ffccef,
ffcef0,
ffcef0,
fdcef0,
fecef0,
fecef0,
ffcef0,
ffcef0,
fecff1,
fecff1,
ffcef0,
ffcef0,
ffcff1,
ffcff1,
ffcff1,
ffd0f2,
ffd2f3,
ffd1f3,
ffd1f2,
ffd2f3,
ffd2f3,
ffd2f3,
ffd2f3,
ffd2f3,
ffd2f3,
ffd2f3,
ffd2f3,
ffd2f3,
ffd2f3,
ffd3f4,
ffd4f5,
fed5f4,
fed4f6,
fed4f6,
fed4f5,
ffd4f5,
ffd3f5,
ffd3f3,
ffd3f3,
ffd3f3,
ffd3f3,
ffd3f3,
ffd3f4,
ffd4f4,
ffd3f5,
ffd3f5,
ffaad4,
ffa9d3,
ffa7d2,
ffa3ce,
ff9fca,
fe9ac7,
fe94c2,
fe91c0,
ff91bf,
ff90bf,
ff90bf,
ff90bf,
ff90bf,
ff90bf,
ff90bf,
ff90bf,
ff90bf,
ff90bf,
ff92c1,
ff92c1,
ff92c1,
ff92c1,
fe91c0,
ff92c1,
ff92c1,
ff92c1,
ff92c1,
ff93c0,
fe94c0,
fe94c0,
fe94c0,
ff95c1,
ff96c1,
ff97c2,
fd96c0,
fd97c3,
fe97c2,
fd99c1,
fd9ec1,
fda7c6,
feb1c9,
fbb2ca,
fab4cc,
f69dbd,
fb9ac0,
fc9ac2,
fe99c5,
fe99c7,
ff9ac8,
ff9ac7,
fe9bc7,
fe9cc7,
ff9ec8,
fb9ec6,
f5a5ca,
f7bddc,
f3b3d1,
e1a3c1,
e3a8c4,
e6a9c5,
ecabc3,
f6b9d1,
e9badd,
cca9db,
d0b6e3,
d1b7de,
dcbadb,
f3c8e0,
f1c4dd,
edbfdb,
e7b9d7,
dbb2d2,
e6c0dd,
f1c9e5,
f8d1eb,
fad2eb,
fcd3ea,
fbd4eb,
f9d2ea,
d6b1cc,
a68baa,
cba7c5,
eabeda,
ccaac7,
ae93b0,
bfa6c0,
e3c6db,
f8d7ed,
fcdbf2,
fbdaf3,
f4cfeb,
f4c7e5,
f6c7e6,
eec2e0,
ecc8e5,
f8d9f0,
fee1f3,
fee1f4,
f4d4ec,
f8daf1,
f5dbf0,
fbe1f6,
f4d8ed,
f9def2,
fce1f2,
fde2f3,
fee3f5,
f5d8ee,
ddbcd7,
cca9c7,
edcae4,
f1cde9,
edcce9,
c8a8c8,
d5b7d5,
fde3fc,
ffe6fb,
fee6f8,
f9e3f7,
e2d0eb,
dfd0f1,
e4d3f3,
f1ddf6,
f2d8ef,
f4d8ee,
e8cce4,
fce7fd,
eeddf3,
eedcf3,
f8e1f9,
f3b7da,
fab0d5,
fbaed2,
fcaed3,
faaed5,
fbafd5,
fbb0d5,
fcb0d6,
fbb1d6,
fcb1d7,
fdb3d8,
feb6da,
fdb6da,
fab6da,
fbb6da,
fbb6da,
fbb5da,
fbb3db,
f9b1d8,
fab1d7,
fab3d9,
fcb5db,
fdb6dc,
fcb7dc,
fcb8dd,
fdb9df,
feb9df,
febbdd,
fdbcdf,
fcbde0,
fcbee0,
fdbfe0,
fdbfe0,
fdbfe0,
fdbfe0,
fdbfe0,
fdbfe0,
fdbfe0,
fdbfe0,
fdbfe0,
fdbfe0,
fdbfe0,
febfe0,
fdbfe0,
fdbfe0,
fdbfe0,
fdbfe0,
fdbfe0,
fdbfe0,
fdbfe0,
ffbfe0,
fcbce1,
fdbbe1,
febbe1,
fdbae1,
fcb9e1,
fcb7e0,
fcb6df,
fdb6df,
fdb7de,
feb9de,
ffb9df,
ffb9df,
ffb9df,
feb9df,
fdb9df,
febadf,
febbdf,
febae0,
febae0,
fdb7de,
fcb6de,
fbb5dd,
fdb6df,
feb7e0,
feb7de,
feb8dd,
fdb9de,
fdb9df,
fdb9dd,
febade,
ffbcdf,
febce0,
fdbce0,
febde0,
ffbee2,
fdbfe2,
febfe3,
fbbfe3,
fdc1e4,
ffc1e4,
ffc1e3,
fec2e3,
ffc2e5,
ffc3e6,
ffc4e8,
fec6e9,
fec6e9,
ffc6ea,
fec5ea,
ffc6e9,
ffc7ea,
fec8ea,
ffc9eb,
ffc9eb,
ffc8ea,
fec5e8,
fec5e8,
ffc5e8,
ffc5e8,
ffc5e8,
ffc5e8,
ffc5e8,
ffc5e8,
ffc5e8,
ffc5e8,
ffc5e8,
ffc5e8,
ffc5e8,
fec6e9,
fec6e9,
fec6e9,
fec6e9,
fec6e9,
fec6ea,
fec6eb,
fec6eb,
fdc7eb,
fecaec,
ffcbed,
ffcbed,
ffcaec,
ffcaec,
ffcaec,
ffcaec,
ffcaec,
ffcaec,
ffcaec,
ffcaec,
fecaec,
fecbed,
ffccef,
ffccef,
ffccef,
ffccef,
ffcef0,
ffcef0,
fdcdef,
fdcdef,
fecdef,
fecdef,
fecdef,
ffcef0,
ffcef0,
ffcef0,
ffcef0,
ffcef0,
ffcef0,
ffcff1,
ffcff1,
ffd0f2,
ffd0f2,
ffd2f3,
ffd2f3,
ffd1f3,
ffd1f3,
ffd1f3,
ffd2f3,
ffd2f3,
ffd2f3,
ffd2f3,
ffd2f3,
ffd2f3,
ffd3f5,
ffd4f5,
fed5f4,
fed4f6,
fed4f6,
fed4f6,
ffd5f4,
ffd3f5,
ffd3f3,
ffd3f3,
ffd3f3,
ffd3f3,
ffd3f3,
ffd3f3,
ffd3f3,
ffd3f4,
ffd3f5,
ffaad4,
ffa9d3,
ffa7d1,
fda4ce,
fd9fca,
fe9dc8,
ff97c5,
fe95c3,
fe94c2,
fe92c1,
ff90bf,
ff91bf,
fe91c0,
fe90bf,
ff90bf,
ff90bf,
ff90bf,
ff91c0,
ff92c1,
ff92c1,
ff92c1,
ff92c1,
fe91c0,
ff92c1,
ff92c2,
ff93c0,
fe94c0,
fe94c0,
fe95be,
ff94c0,
fe94c0,
ff96c1,
ff96c0,
ff97c2,
fe97c1,
fe97c1,
fd98bf,
fc9bbe,
feacc5,
fdb1c9,
fbabc7,
f3a4c0,
fcbbd5,
f9accd,
fc9ac2,
fe9ac3,
fe99c5,
fe99c7,
fe99c7,
fe99c7,
fe9bc5,
ff9bc4,
fa9cc3,
f2a4c7,
fbc2e2,
f0b2d1,
e69ec0,
d795b3,
f7b5d1,
d694b3,
f3b0cb,
f5b4ce,
f4c2df,
cba8d2,
d7b7df,
d6b3d4,
e8c0dd,
fdd0e9,
fed1e9,
fccfe8,
f4c3db,
e9bad3,
eec3dd,
facfe7,
fbd2ec,
f7d1eb,
f8d1e9,
fcd5eb,
f8d3e9,
f2d1e8,
b6a0ba,
ae94b2,
b89ebb,
aa93b0,
b39cb5,
dec1d8,
fcdcf0,
fad9ed,
f8d7ee,
feddf4,
fcddf5,
fcdcf5,
f4cfea,
ebc5e0,
efcce7,
f5d5ec,
fedff3,
fcdff3,
fadef5,
efd4f3,
e2c9ea,
e3cdeb,
e6d0eb,
f1daf2,
f9dff0,
fbe0f2,
fee2f6,
f5dbf0,
f0d3e9,
f4d8f0,
faddf4,
f3d5ed,
dbbfdb,
d5bbd7,
c7acca,
d4b9d4,
fae1f2,
fee6f7,
f8dff7,
decceb,
e6d7fb,
d8c9ef,
ecd8f7,
fae0f9,
f3d6ed,
dabfda,
e7d1eb,
fae6fb,
edd9ef,
f7e2f6,
e9b7db,
e6a2ca,
f5a9d1,
fbacd4,
faadd4,
fbadd7,
fbadd7,
fbaed5,
fbafd6,
fdb0d7,
fcb1d8,
fdb4d9,
fbb4da,
f9b3da,
fbb3da,
fcb3db,
fbb3d8,
fcb1d8,
faadd6,
f9add7,
faafd8,
fbb0d9,
fbb0d9,
fcb2d9,
fbb3da,
fab2db,
fab3dd,
fcb5de,
fdb9df,
febae0,
fdbce0,
fcbce0,
fcbde0,
fcbde1,
fcbde1,
fcbde1,
fdbde0,
fcbedf,
fcbedf,
fcbedf,
fcbedf,
fcbedf,
fcbedf,
febedf,
febedf,
fdbfe2,
fdbfe1,
febfe1,
fdbfe0,
fdbddf,
febce0,
fcbadf,
fcb8e0,
fdb7e0,
fcb7df,
fcb7df,
fdb7e0,
fdb6df,
fdb6df,
fdb6df,
fdb7dd,
feb8de,
feb8de,
feb8de,
fdb7de,
fcb8de,
fdb9e0,
fdb9e0,
fdbae1,
fdb9e0,
fdb6df,
fbb5dd,
fbb5dc,
fcb5de,
feb7df,
feb8dd,
feb8dc,
fdb9dd,
fdb9dd,
fdb9dd,
fdb9dd,
febbdf,
febce0,
ffbbe1,
ffbbe1,
ffbbe1,
fdbde2,
fdbfe2,
fdbfe4,
fdc0e4,
fdc0e4,
fec0e3,
fdc0e3,
fdc0e5,
fdc0e5,
ffc2e5,
fec3e7,
fec4e9,
ffc4e9,
ffc5e8,
ffc4e9,
ffc4ea,
ffc5e9,
fec6e9,
ffc6e9,
fec5e8,
ffc3e7,
ffc3e7,
ffc4e7,
fec4e7,
fec4e7,
ffc5e8,
ffc5e8,
ffc5e8,
ffc5e8,
fec6e9,
fec6e9,
fec6e9,
fec6e9,
fec6e9,
fec6e9,
fec6e9,
fec6e9,
fec6e9,
fec6e9,
fec6ea,
fec6eb,
fec7ea,
fec8ea,
ffc8eb,
fec9eb,
ffcaec,
ffcaec,
ffcaec,
ffcaec,
ffcaec,
ffcaec,
ffcaec,
ffcaec,
ffcaec,
ffcaec,
ffcaed,
ffcbed,
ffccee,
ffccef,
ffccef,
ffccef,
ffccef,
ffccef,
ffccef,
ffccef,
ffccef,
ffcdf0,
ffcef0,
ffcef0,
ffcef0,
ffcef0,
ffcef0,
ffcef0,
ffcef0,
ffcff2,
ffcff1,
ffcff1,
ffcff1,
fecff1,
fecff1,
ffd0f2,
ffd0f2,
ffd2f3,
ffd2f3,
ffd2f3,
ffd2f3,
ffd2f3,
ffd3f5,
ffd3f5,
ffd3f5,
ffd3f5,
ffd3f5,
ffd3f5,
ffd3f5,
ffd3f5,
ffd3f3,
ffd3f3,
ffd3f3,
ffd3f3,
ffd3f3,
ffd3f3,
ffd3f3,
ffd3f3,
ffd3f5,
fea9d4,
fda9d3,
fda5d0,
fda2cd,
fd9fc9,
ff9dc8,
ff99c6,
ff97c5,
fd95c3,
ff95c2,
fc96c4,
fe93c2,
ff92c1,
ff91bf,
ff91bf,
ff90bf,
ff90bf,
ff91c0,
ff92c1,
ff92c1,
ff92c1,
ff92c0,
fe92bf,
ff93bf,
ff92c2,
ff93bf,
fe94c0,
fe95bf,
fe95be,
fe95bf,
ff95bf,
ff96c0,
ff96c0,
ff97c1,
fe98bf,
fe99bf,
fd9cc1,
fca8c5,
feaec7,
fca8c1,
fca0bf,
fc9fbf,
fcb4d2,
fcb9d9,
fca2c8,
ff9bc4,
fe9ac4,
fe99c6,
ff9bc6,
ff9bc6,
fc9bc5,
fb9cc4,
f6aacd,
fdc5e3,
f5b2d3,
e89abe,
dc90b5,
f6a2c3,
e79fc0,
f4afce,
f2afcb,
f5b4ce,
f2b9d2,
f0c0db,
e7bdd8,
e8bcd5,
fbcde7,
f6cae2,
f5c6e0,
fccde5,
f6c6dc,
ecb9cf,
f7c8e1,
f2c8e5,
eac4e4,
debcdb,
f2cde8,
fdd7eb,
f9d4eb,
dabdd4,
a291aa,
9d8ea7,
9f90aa,
a091a8,
c6adc3,
f8d8ee,
fad9f1,
f1d1ed,
e0c1e1,
e2c3e4,
e8cae7,
f8d8ef,
fedef7,
f0cfea,
f7d7f0,
fedef4,
fcdcf2,
fadbf0,
efd4ed,
dfc7e6,
ddcaee,
d7c7e9,
deceee,
e2d1ef,
f4dcf3,
fbe0f2,
fde2f5,
fadef4,
f4d7ed,
fee4fa,
fbe2f6,
fde2f8,
fee4fa,
edd4eb,
e8cce3,
e6cae4,
f7dff1,
fce4f5,
f8dff4,
e2cdea,
e3d2f5,
e4d5f8,
e5d1ef,
f7dff8,
fde5fa,
e2cae5,
c7aecb,
f8e3fa,
fde8fe,
fce6fc,
ebadd3,
e5a8d1,
dfa3ca,
e6a4cc,
eea8d0,
f9acd7,
fbacd6,
fbadd4,
fbadd4,
fbaed4,
faaed5,
f5aad2,
f6aed5,
fbb1da,
fbb0da,
fcb1da,
fcb0d8,
faafd6,
fbaed5,
faacd5,
faadd6,
faaed7,
faaed8,
faafd8,
f9afd8,
f8afd8,
f9b0db,
fbb3dc,
fdb6de,
fdb8df,
fdbadf,
fcbbdf,
fcbcdf,
fcbce0,
fbbde0,
fcbde0,
febde1,
febde1,
febde1,
fdbde1,
fcbee0,
fdbde0,
fdbde0,
fcbde0,
fbbde0,
fdbee1,
febee1,
ffbee1,
febde0,
febcdf,
fcb8df,
fab7de,
fbb6df,
fab4df,
fab5de,
fab5df,
fbb5df,
fcb6df,
fdb6df,
fdb6df,
fdb6df,
fdb6df,
fdb6de,
fdb6de,
fcb7dd,
fbb7de,
fcb8e0,
fdb9e1,
fdb9e1,
fcb7e0,
fcb6df,
fab5dd,
fbb5dd,
fcb5df,
feb7df,
feb8dd,
feb8dc,
fdb9dd,
fdb9dd,
fdb9dd,
fdb9de,
febbdf,
ffbce0,
ffbbe1,
ffbbe1,
ffbbe1,
ffbce2,
ffbde3,
ffbee4,
febfe5,
fcbfe5,
febfe5,
febfe5,
fcbfe5,
fcbfe5,
fec1e5,
fec1e6,
ffc2e7,
ffc2e7,
ffc3e8,
ffc3e7,
ffc4e6,
ffc3e7,
ffc3e7,
ffc3e6,
ffc3e6,
ffc3e7,
ffc3e7,
ffc3e7,
fec4e7,
fec4e7,
ffc5e8,
ffc5e8,
ffc5e8,
ffc5e8,
fec6e9,
fec6e9,
fec6e9,
fec6e9,
fec6e9,
fec6e9,
fec6e9,
fec6e9,
fec6e9,
fec6e9,
fec6ea,
fec6eb,
ffc7eb,
ffc9eb,
ffc8eb,
fec9eb,
ffcaec,
ffcaec,
ffcaec,
ffcaec,
ffcaec,
ffcaec,
ffcaec,
ffcaec,
ffcaec,
ffcaec,
ffcaec,
ffcaec,
ffcbed,
ffcbee,
ffccee,
ffccef,
ffccef,
ffccef,
ffccef,
ffccef,
ffccef,
ffccef,
ffcdf0,
ffcdef,
ffcef0,
ffcef0,
ffcef0,
ffcef0,
ffcef0,
ffcff2,
ffcff1,
ffcff1,
ffcff1,
fccef0,
fdcef0,
fecff1,
ffd0f2,
ffd0f2,
ffd1f3,
ffd1f3,
ffd1f3,
ffd1f3,
ffd2f4,
ffd2f4,
ffd2f4,
fed2f4,
fed2f4,
ffd3f4,
fed2f4,
fed2f3,
ffd3f3,
ffd3f3,
ffd3f3,
ffd3f3,
ffd3f3,
ffd3f3,
ffd3f3,
ffd3f4,
ffd3f5,
fca8d3,
fbaed9,
fba2ce,
fc9ecc,
fd9dca,
ff9dc8,
fe9bc8,
fe98c6,
fd97c3,
fc97c3,
ebacd2,
fd9bc6,
fd93c0,
fe92c0,
ff92c1,
ff92bf,
ff93bf,
ff93bf,
ff93bf,
ff93bf,
ff93bf,
ff93be,
ff94bf,
ff93bf,
ff93c1,
ff94bf,
ff94c0,
fe95be,
fe95bd,
fe95be,
fe95be,
fe95bf,
ff96c1,
fe97c1,
fd99be,
fc9cc0,
fca3c1,
fca8c3,
fba3c0,
fe9dbc,
fe9cbf,
fe9cbf,
fbabcc,
febbd8,
fcb4d4,
fd9cc4,
fe9cc3,
ff9bc4,
ff9bc4,
fe9bc4,
f79ec3,
f7b2d4,
fdc3e1,
f4aecb,
ed9cbd,
e197bb,
f399c1,
fa9dc4,
e79ac0,
f4adcf,
f2aecd,
f5b4d0,
f3b6cd,
f3bfd5,
f3c7de,
f4c6dd,
fecfe8,
fdd0ec,
edbcd7,
f8c0d9,
efb7cf,
f0bad1,
f2c5e0,
d8b4dc,
d7bbe3,
d0b7db,
e4c4e3,
f9d5ec,
f8d5ea,
edd0e8,
9d8ca6,
9c8fa7,
9d90a8,
a99ab1,
dbc0d6,
f8d7ec,
f9d9ef,
ddc2e4,
d8c4ea,
d8c4ec,
d9c1e1,
f5d7ee,
fedff5,
f9daee,
debad5,
dfbdd7,
f9d7ec,
f7d5eb,
f3d3ec,
e3cbeb,
d9caef,
cabee9,
d3c7ee,
ddd0f0,
f0dbf2,
fce3f5,
fde4f5,
f0d3e7,
f0d2e8,
fadff7,
f8dff7,
f8dff4,
fbe2f5,
fce3f7,
e0c4db,
d3b5d1,
f6def1,
fce3f7,
fde4f7,
f3dbf3,
dbc5e6,
dfccec,
e5d1ea,
efdbef,
fce7fc,
c8afcd,
c7aecd,
ceb8d3,
fae5fc,
f9e6fb,
f7b5db,
f5a9d2,
f0a7d1,
e09fca,
d59dc3,
d8a1c5,
e6a7cc,
eca6cc,
eda4cb,
e498bf,
e69ac2,
f1a5d0,
f8acd5,
fbaed7,
fcaed8,
fcaed8,
fcaed8,
fcafd6,
fbadd6,
fbadd6,
fbadd6,
fbadd6,
fbadd6,
f9acd9,
f9add8,
f9aed9,
f9aed9,
fbb1da,
fbb3dc,
fbb6de,
fcb8de,
fdb9de,
fcbade,
fdbbe0,
fdbce0,
fcbce0,
fdbce0,
fdbcdf,
fdbcdf,
fdbde1,
fdbde0,
fdbce0,
fdbce0,
fdbce0,
fdbce0,
fdbce2,
fdbce0,
fcbbdf,
fdbade,
fcb9df,
fab5de,
f9b5de,
fbb4df,
fab3df,
f8b3df,
f9b4df,
f9b5de,
f9b5de,
fbb5de,
fbb5de,
fbb5de,
fdb6df,
fdb6de,
fdb6df,
fcb6df,
fbb6df,
fbb6df,
fbb7df,
fcb7e0,
feb7e0,
fdb6df,
fdb6de,
fcb6dd,
fcb7dd,
feb8dc,
fdb8dc,
fcb8dc,
fdb9dd,
feb9de,
febbde,
fdbae0,
febbe0,
ffbce0,
ffbce0,
febce0,
fdbce0,
fdbbe1,
fdbbe1,
ffbee3,
febee4,
fdbfe4,
fdbfe5,
fcbfe5,
fcbfe5,
fcbfe5,
fdbfe5,
fdbfe5,
fdc0e6,
fec1e6,
fec1e6,
fec1e7,
ffc2e7,
ffc2e5,
ffc2e5,
ffc2e5,
ffc2e5,
ffc2e5,
ffc2e5,
ffc2e5,
fec3e6,
fec4e7,
ffc5e8,
ffc6e9,
fec6e9,
fec6e9,
fec6e9,
fec6e9,
fec6e9,
fec6e9,
fec6e9,
fec6e9,
fec6e9,
fec6e9,
fec6e9,
fec6ea,
fec6ea,
fec7e9,
ffc7ea,
ffc9eb,
ffcaec,
ffcaec,
ffcaec,
ffcaec,
ffcaec,
ffcaec,
ffcaec,
ffcaec,
ffcaec,
ffcaec,
ffcaec,
ffcaec,
ffcaec,
ffcaec,
ffcaec,
ffcaec,
ffcaed,
ffccef,
ffccef,
ffccef,
ffccef,
ffccef,
ffccef,
ffccef,
ffccef,
ffccef,
fecdef,
ffcef0,
ffcef0,
ffcef0,
ffcef0,
ffcff1,
ffcff1,
fecef0,
fdcdef,
fdcdef,
fdcdef,
ffcef0,
fecff1,
fecff1,
fecff1,
ffd0f2,
ffd1f3,
ffd1f3,
ffd1f3,
ffd2f3,
ffd2f3,
ffd2f3,
ffd2f3,
ffd2f3,
fed2f3,
fed2f3,
ffd4f1,
ffd3f4,
ffd3f5,
ffd3f4,
ffd3f3,
ffd3f3,
ffd3f3,
ffd3f5,
fed4f6,
faa0cd,
f9a0cc,
fa9ecb,
fc9dcb,
fd9ccb,
fe9ccb,
ff9bc8,
fe9ac7,
fe99c7,
fc99c6,
f999c3,
fd97c2,
ff95c2,
ff95c2,
ff94c1,
ff94c0,
ff94bf,
ff94bf,
ff93bf,
fe94bf,
ff93bf,
ff94bf,
ff94bf,
ff94c0,
ff95bf,
ff95be,
ff95c0,
fe95be,
fe95bd,
fe95be,
fe95be,
fe95be,
ff97be,
fe98be,
fb9dbd,
fba2bf,
fba4bf,
fd9fc1,
fd9bbf,
fe9abf,
ff9ac1,
fd99c1,
f69fc4,
febad7,
febed8,
faaccd,
fa9dc1,
fb9cc2,
fc9cc2,
f7a0c5,
f7b6d3,
fcc1dc,
f6aecc,
f29ebe,
e497ba,
e792b9,
fd9dc5,
f39ac1,
e9a0c5,
f1adcf,
f1aece,
eba8c7,
f4b4cd,
eeb4cb,
f3bed5,
fcc8e3,
f4c0de,
f2c1e2,
ecb8d7,
e3a7c4,
dfa4bf,
f4bbd4,
f8cbe6,
d1abd7,
d8bee9,
c8b4da,
dfc2e3,
f7d2eb,
efcae2,
c1a2c0,
a590ad,
998ba5,
9589a3,
a390a9,
e1c0d8,
f8d7ec,
f7d7ed,
e1c7e9,
d2bfe9,
cdbee6,
dbc5e5,
efd1e7,
f4d6ea,
e7c8df,
fcdcf2,
fcdaee,
f6d4e8,
f6d5e9,
f2d3e9,
dcc5e8,
dacbf1,
d8caf2,
d1c6ed,
dbcdee,
f1daf3,
fce3f6,
fce4f5,
fbe2f5,
ebd0e7,
ead4ee,
e4d2ee,
edd9f0,
f3ddef,
fae3f5,
f0d7ec,
d6bdd5,
f7ddf4,
fce2f7,
fee5f8,
fee6f7,
fae2f7,
f1dbf1,
f7e3f4,
f9e3f5,
f9e6f8,
e3cbe4,
c4a7c8,
cbb0d1,
e4c9e5,
f8def8,
f5b3d9,
f8aad3,
f8aad3,
f8aad4,
f8acd3,
f1aad1,
e7a1c9,
e8a0c7,
e89dc5,
f9abd3,
faacd5,
fcacd8,
fcadd7,
fcaed7,
fbadd7,
fbadd7,
fbadd7,
fbadd6,
fbadd6,
fbadd6,
fbadd6,
fbadd6,
fbadd6,
f9acd9,
f9add9,
faaed9,
faaed9,
fbafd9,
fab1db,
fbb3dd,
fbb5dd,
fbb6dd,
fcb8de,
fcb9e0,
fdbbdf,
fcbbdf,
fbbade,
fcbade,
febbde,
fdbade,
fdbade,
fdbbdf,
fdbbdf,
fcbbdf,
fcbbdf,
fcbae0,
fcbae0,
fab8df,
fbb7de,
fab5de,
f9b4dd,
f9b4dd,
fab3de,
f9b3de,
f8b3de,
f9b4df,
f9b5de,
f9b5de,
fbb4df,
fbb4df,
fbb4df,
fdb6df,
fdb6de,
fdb6df,
fbb7de,
fbb6df,
fcb6df,
fcb6df,
fdb6e0,
feb7e0,
fdb6df,
fdb6df,
fdb6de,
fcb7dd,
fdb8dc,
fdb8dd,
fcb9dc,
fdb9de,
febade,
febbdf,
febae0,
febbe0,
ffbce0,
ffbce0,
fdbce0,
fdbce0,
fdbce1,
fdbce1,
ffbee3,
febee4,
febee4,
fdbfe5,
fdbfe5,
fdbfe5,
fdbfe5,
febfe5,
febfe5,
fec0e6,
fec1e6,
fec1e6,
ffc1e7,
ffc2e7,
ffc2e5,
ffc2e5,
ffc2e5,
ffc2e5,
ffc2e5,
ffc2e5,
ffc2e5,
fec3e6,
fec4e7,
ffc5e8,
ffc6e9,
fec6e9,
fec6e9,
fec6e9,
fec6e9,
fec6e9,
fec6e9,
fec6e9,
fec6e9,
fec6e9,
fec6e9,
fec6e9,
fec6ea,
fec6ea,
fec7e9,
ffc8ea,
ffc9eb,
ffcaec,
ffcaec,
ffcaec,
ffcaec,
ffcaec,
ffcaec,
ffcaec,
ffcaec,
ffcaec,
ffcaec,
ffcaec,
ffcaec,
ffcaec,
ffcaec,
ffcaec,
ffcaec,
ffcaed,
ffccef,
ffccef,
ffccef,
ffccef,
ffccef,
ffccef,
ffccef,
ffccef,
ffccef,
ffcdef,
ffcef0,
ffcef0,
ffcef0,
ffcef0,
ffcff1,
ffcff1,
ffcef0,
fecdf0,
fecdf0,
fdcdef,
fecdef,
fdcdef,
fdcdef,
ffcef0,
ffcff1,
ffd0f2,
ffd0f2,
ffd1f3,
ffd2f3,
ffd2f3,
ffd2f3,
ffd2f3,
ffd2f3,
fed2f3,
fed2f3,
ffd4f2,
ffd3f4,
ffd2f5,
ffd2f5,
ffd3f5,
ffd3f5,
ffd3f4,
fed4f6,
fed4f6,
fc9fce,
fc9fcf,
fc9ece,
fd9ccc,
fd9ccc,
fd9bcb,
fd9ccc,
fd9bcb,
ff9bca,
fd9bca,
fa9ac8,
fb98c8,
fe98c6,
ff97c5,
ff97c4,
fe97c3,
fe97c2,
fe96c2,
fe96c1,
ff95c1,
ff94c0,
ff94c0,
ff94c0,
ff94c0,
ff95be,
fe95bf,
ff96c0,
ff97be,
ff96bf,
ff96bf,
ff96c0,
ff96be,
ff98bd,
fd9cbc,
fba2bb,
fca3bd,
fe9ebf,
ff99c1,
ff98c2,
ff99c3,
fe99c2,
fd99c2,
fc9bc2,
f8aecd,
fdbcd5,
fcbbd4,
f6a2c1,
f99ec0,
f5a2c4,
fbbad8,
fdc0dd,
fab1cf,
f8a0c2,
dd8eb3,
e794bc,
fb9cc5,
fe9ec7,
d988ae,
f4abd0,
f0aed2,
f0afd1,
efafcd,
eaaac8,
f2b2cf,
f4b4d1,
f2b7d5,
f2b9d5,
c98caf,
e7a6c9,
e5a4c6,
efb2d1,
f6bdd7,
fccfe9,
d3aed8,
dbbeea,
d6bfe2,
e3c4e3,
f8d3ed,
fcd7ee,
f6d3ed,
caaac9,
aa94b0,
9d92ad,
9f8ba6,
e5bed8,
f9d4e9,
f8d6eb,
f5d5f1,
dec6e7,
dfc7e5,
e8cee5,
f8daed,
fbdcee,
fddef3,
feddf6,
fbd9f0,
eac9de,
fbdcef,
fcdef3,
dbc3e5,
cfbee8,
dccdf4,
dbccf1,
dfcdec,
edd6ee,
fce1f3,
fee3f5,
ffe5f8,
ead1ea,
e5d3ef,
d5c6e7,
e4d3ef,
eddaef,
f9e1f5,
f4dbf0,
c7acc7,
d9bcd8,
f9dff6,
fee6f9,
fce5f6,
fce7f7,
eed7ed,
fde9fb,
f3dff1,
ebd4ea,
f3d2f0,
e7c4e5,
dbb6d8,
d4adcf,
f1c9e9,
f3b4d8,
faacd4,
f9abd4,
f9acd4,
f9abd2,
faacd3,
faacd4,
fbaed5,
fbadd4,
fbaed5,
fbadd5,
fbadd6,
fbadd6,
fbadd7,
fbadd6,
fbadd6,
fbadd6,
fbadd6,
fbadd6,
fbadd6,
fbadd6,
fbadd6,
fbadd6,
faaed8,
f9aed8,
faaed9,
faaed9,
fbafda,
fab0da,
fab2dd,
fbb2dc,
fab4dc,
fbb6de,
fcb8e0,
fdb9de,
fcb8de,
f9b6dd,
fbb7dc,
fdb8dc,
fdb8dd,
fcb8de,
fcb8df,
fbb8df,
fbb7df,
fab7e0,
fbb7df,
fbb7df,
fab6de,
f9b5dd,
f9b4de,
f8b4dc,
f8b4dc,
f8b3de,
f8b3de,
f8b3de,
f9b4df,
f9b4df,
f9b5de,
f9b5dd,
fbb4df,
fbb4df,
fbb4df,
fcb5df,
fdb6e0,
fdb6df,
fdb6e0,
fdb5e0,
fdb5e0,
fdb6e1,
feb7e1,
feb6e2,
feb6e0,
fdb7df,
fcb7df,
fcb8de,
fdb9de,
fdb9de,
fdb9e0,
feb9df,
febae0,
febadf,
febae0,
febbe0,
fdbbe1,
fdbbe1,
fdbbe1,
febce1,
febde3,
febee3,
ffbee4,
febee4,
febfe5,
febfe5,
febfe5,
fdbfe5,
febfe5,
febfe5,
ffc0e5,
ffc1e5,
ffc2e6,
ffc3e7,
ffc3e6,
ffc2e5,
ffc1e4,
ffc1e4,
ffc1e4,
ffc2e5,
ffc2e5,
ffc2e5,
ffc3e6,
ffc3e7,
ffc6e9,
fec6e9,
fec6e9,
fec6e9,
fec6e9,
fec6e9,
fec6e9,
fec6e9,
fec6e9,
fec6e9,
fec6ea,
fec6eb,
fec6eb,
fec6eb,
ffc7eb,
ffc9eb,
ffc9eb,
ffcaec,
ffcaec,
ffcaec,
ffcaec,
fecaec,
fdcaec,
ffcaec,
ffcaec,
ffcaec,
ffcaec,
ffcaec,
ffcaec,
ffcaec,
ffcaec,
ffcaec,
ffcaec,
ffcaec,
ffcaed,
ffccef,
ffccef,
ffccef,
ffccef,
ffccef,
ffccef,
ffccef,
ffccef,
ffccf0,
ffcdf1,
ffcef0,
ffcef0,
ffceef,
ffcef0,
ffcff1,
ffcff1,
ffcff1,
ffcff1,
ffcff1,
fecff1,
fecff1,
ffcef1,
fecef0,
ffcef0,
ffcff1,
ffd0f2,
ffd0f2,
ffd0f2,
ffd2f3,
fed2f3,
ffd2f3,
ffd2f4,
ffd3f4,
ffd3f4,
ffd3f5,
ffd3f4,
ffd3f4,
ffd3f3,
ffd3f4,
ffd3f5,
ffd3f4,
ffd3f3,
fed4f4,
fed5f5,
fda0cf,
fda2d1,
fda1d0,
fc9ecf,
fc9cce,
fc9dcc,
fc9ccd,
fe9bcd,
fc9cca,
fc9cca,
fa9bca,
fb9bc9,
fc9ac9,
fd9ac8,
fd98c6,
fe99c5,
ff98c4,
ff98c4,
fe97c3,
fe97c3,
ff96c2,
ff95c1,
ff94c1,
ff95c1,
ff95c0,
ff96c0,
ff96c0,
ff97be,
ff97bf,
ff97be,
ff97be,
fe98bd,
fe9cba,
fc9fba,
fba1b9,
fc9dbc,
fe99bf,
ff98c1,
ff98c4,
ff9bc6,
fe9bc5,
fe99c2,
fd9bc2,
f6a3c5,
fbbad5,
fbbed6,
f6b3cb,
f1a6c2,
fcb9d6,
fdc0db,
fbb4d3,
f79ebf,
e997ba,
e899c0,
f596c1,
fe9cc7,
f99cc6,
de91b7,
f4acd0,
f0aed1,
f0b0d2,
f1b0d2,
df9ec0,
f3afd0,
eba8ca,
cf90b1,
ecaecd,
ca8aae,
f3b1d6,
f3b4d6,
f2b5d5,
f9c3df,
f7c7de,
f1cae8,
dbb7dc,
ddbbd6,
f0cbe5,
f7d0e9,
e6bdd8,
e2b3d4,
cd9dbf,
d3abcb,
a895b2,
a68dac,
efc3df,
f1c7df,
fed9ef,
ffdcf4,
f7d8f3,
f6d8ef,
f4d6e9,
fcdef0,
f3d5e9,
d4b1cf,
caa6c3,
c7a7c1,
f3d4eb,
ffe2f7,
fce1f5,
f6dbf3,
dfc6e6,
d8c1e1,
e4cdeb,
f3dbf4,
fde3f7,
f8deef,
ffe4f6,
f8dcf1,
ebcee9,
dec9e9,
e0d0f0,
e2d0ed,
edd8f0,
f9e0f5,
fde4f8,
dfc0dc,
cbaccb,
efd2ed,
ecd1ea,
f9e0f6,
fee8fb,
e8cce5,
fee9ff,
ead2e8,
f0d4ee,
f3cdec,
f2cded,
f5cdee,
f5cced,
f6cdee,
ecbcde,
f6aed6,
fbacd6,
faacd5,
fbadd5,
fbadd5,
fbadd5,
fcacd6,
fcadd6,
fbaed6,
fbadd6,
fcadd7,
fcadd8,
fcaed8,
fcaed8,
fcaed7,
fcadd7,
fbadd7,
fbadd6,
fbadd6,
fcaed7,
fcaed7,
fbaed8,
faaed8,
faaed9,
faaed9,
faaed9,
fcb0db,
fbb0db,
f9b2db,
fab2dc,
fab3dc,
fab4dd,
fcb6e0,
feb7df,
fbb5de,
f8b4dc,
fab4dc,
fbb5dc,
fbb6dd,
fcb6de,
fbb6de,
fab6df,
fab6de,
fab5de,
fbb6df,
fbb6de,
f9b5dd,
f9b5dd,
f8b4dd,
f8b4dc,
f8b4dd,
f8b3de,
f9b3de,
f8b3de,
f9b4df,
f9b4df,
f9b5de,
f9b5dd,
fbb5de,
fbb4de,
fbb4de,
fcb5df,
fdb5e0,
fdb6df,
fdb6df,
fdb6e0,
fdb6e0,
fdb6df,
fdb7e0,
fdb6e1,
fdb7e0,
fdb7e0,
fdb8df,
fdb9df,
fdb9df,
fdb9df,
fdb9e0,
fdb9e0,
fdbae0,
fdbadf,
fdbbdf,
fdbbe0,
fdbce2,
fdbce1,
fcbce1,
fcbce2,
fdbde3,
fdbee3,
febee4,
febee4,
fdbee4,
fdbee4,
fdbee4,
fdbfe5,
febfe5,
fec0e5,
ffc0e6,
ffc0e6,
ffc2e5,
ffc3e7,
ffc2e5,
fec2e5,
ffc1e4,
ffc1e4,
ffc1e4,
ffc1e4,
ffc2e5,
ffc2e5,
ffc4e7,
ffc4e7,
ffc6e9,
fec6e9,
fec6e9,
fec6e9,
fec6e9,
fec6e9,
fec6e9,
fec6e9,
fec6e9,
fec6e9,
fec6e9,
fec6ea,
fec6ea,
fec6e9,
ffc7eb,
ffc8eb,
fec9ec,
ffcaec,
ffcaec,
ffcaec,
ffcaec,
fecaec,
fecaec,
ffcaec,
ffcaec,
ffcaec,
ffcaec,
ffcaec,
ffcaec,
ffcaec,
ffcaec,
ffcaed,
ffcaed,
ffcaed,
ffcbee,
ffccef,
ffccef,
ffccef,
ffccef,
ffccef,
ffccef,
ffcdef,
ffcdef,
fecdf0,
fecdef,
fecef0,
ffcef0,
ffcef0,
ffcff1,
ffcff1,
ffcff1,
ffcff1,
ffcff1,
ffcff1,
ffcff1,
ffd0f2,
ffcff1,
ffcff1,
fecef0,
ffd0f2,
ffd1f3,
ffd1f3,
ffd1f3,
ffd2f3,
fed2f4,
ffd2f4,
ffd3f5,
fed3f5,
ffd4f5,
ffd3f5,
ffd3f5,
ffd3f5,
ffd4f4,
ffd4f5,
ffd3f5,
ffd3f4,
ffd4f4,
fed5f4,
fed5f4,
fc9fcf,
fea1d1,
fea0d0,
fd9ece,
fc9dcd,
fc9dcc,
fd9dcc,
fe9ccd,
fa9dca,
fb9cc9,
fa9cc9,
fb9bc9,
fc9bc9,
fc9bc9,
fb9bc9,
fd9ac7,
ff9ac7,
ff99c5,
fe98c3,
fe98c4,
fe98c5,
ff96c4,
fe96c4,
ff96c4,
ff97c2,
ff97c2,
fe98c3,
fe98c1,
ff97c2,
fe97c0,
fd9abb,
fe9cba,
fc9eba,
fd9ebc,
fe9cbc,
fe99be,
ff98c0,
ff99c2,
fe9ac4,
fe9fcc,
fe9dc9,
fd9ac4,
fb9bc4,
f79ec2,
f9b5d3,
f9bdd4,
fbbdd4,
fbbdd2,
febfd7,
fbb3d0,
f8a1c3,
f09bbf,
e095bb,
f196c0,
fe9cc7,
ff9dc8,
ea93bb,
f7acd0,
f3acce,
f0afce,
f1b0d2,
e3a2c5,
f2afd2,
f6b1d3,
eba8ca,
e6a4c7,
f2add2,
eeabd0,
f4b3d8,
f3b4d7,
f0b4d4,
ebb5d3,
f5c7e1,
f8cbe3,
fdd5ec,
f7cee5,
fbd0e9,
fed4ed,
f4caea,
eab3d9,
eeb7d9,
f0bfde,
d7b1d1,
b18cac,
e6b6d4,
f5c4df,
e2b8d1,
fbd8f2,
f6d7f0,
fedef3,
fddef2,
fcdff3,
e6c6e1,
dbb1d2,
d3abca,
f1d1ec,
fee1f8,
f3d9ed,
fde1f5,
fee2f5,
f0d4e7,
f6dbef,
fce1f4,
fbe3f5,
f8e0f1,
fee4f5,
f6dced,
fde2f5,
f1d3ea,
ecd0ef,
dfc9e7,
e9d4ec,
f4def5,
fae1f5,
fce3f9,
e4c5e1,
e4bcdf,
deb7dc,
cca6cc,
dab8d9,
f0d1ef,
d7b3d4,
fbdffb,
d2b1d1,
f1cdec,
f3cceb,
f3cceb,
f3cceb,
f3cceb,
f3cceb,
f0cae9,
e3acd3,
fbaed7,
fbadd6,
fbadd6,
fbadd6,
fbadd6,
fdacd8,
fcacd7,
fbadd6,
fcadd7,
fdacd8,
fdadd8,
fcaed8,
fcaed8,
fcaed8,
fcaed8,
fcaed8,
fcaed8,
fcaed8,
fcaed8,
fbaed8,
faaed8,
fbafd9,
fbafd9,
fbafda,
fbafda,
fcb1db,
fbb1db,
fab1da,
fab2db,
f9b2dd,
fab2df,
fab3df,
fab3de,
f9b2dd,
fab3dc,
fab3dd,
fab3de,
fbb4dd,
fbb4de,
fab5df,
f9b5df,
f9b4de,
f8b3de,
f8b4de,
f8b4dd,
f8b4dc,
f8b4dc,
f8b4dc,
f9b4de,
f8b4de,
f8b4dd,
fab4dd,
f8b4dd,
f8b3de,
f9b4df,
f9b4df,
f9b5de,
fab5dd,
fbb5dd,
fbb5dd,
fcb6de,
fdb6df,
fcb6df,
fbb7df,
fcb7e0,
fcb8df,
fcb8de,
fcb8de,
fcb8de,
fcb8de,
fcb8e0,
fdb8e1,
fdb9df,
fdb9df,
fdb9df,
fdb9df,
fdbae0,
fcbae0,
fcbae0,
fcbae0,
fdbbe0,
febde3,
fbbce1,
fbbce1,
fabde3,
fabde3,
fbbee3,
fbbee4,
fbbee4,
fbbee4,
fbbee4,
fbbee4,
fcbfe5,
fdc0e6,
fec1e6,
fec1e6,
ffc0e6,
ffc2e6,
ffc3e8,
fec1e6,
fec1e5,
ffc1e4,
ffc1e4,
ffc1e4,
ffc1e4,
ffc2e5,
ffc3e6,
ffc4e8,
ffc5e8,
fec6e9,
fec6e9,
fec6e9,
fec6e9,
fec6e9,
fec6e9,
fec6e9,
fec6e9,
fec6e9,
fec6e9,
ffc7ea,
ffc7ea,
ffc7e9,
ffc8e8,
ffc8ea,
ffc8eb,
ffcaec,
ffcaec,
ffcaec,
ffcaec,
ffcaec,
fecaec,
ffcaec,
ffcaec,
ffcaec,
ffcaec,
ffcaec,
ffcaec,
ffcaec,
ffcaec,
ffcaed,
feccef,
fecdef,
ffccef,
ffccef,
ffccef,
ffccef,
ffccef,
ffccef,
ffcdef,
ffcef0,
ffcef0,
ffcef0,
ffcef0,
ffcef0,
ffcef0,
ffcef0,
ffcff1,
ffcff1,
ffcff1,
ffd0f2,
ffd0f2,
ffd0f2,
ffd0f2,
ffd0f2,
ffd0f2,
ffd0f2,
ffd0f2,
ffd1f2,
ffd1f3,
ffd2f3,
ffd2f3,
ffd2f3,
ffd2f4,
ffd3f5,
ffd3f4,
ffd4f5,
fed4f6,
ffd4f6,
ffd4f6,
ffd5f5,
fed5f5,
fed5f6,
fed5f6,
fed5f6,
fed4f6,
fed4f6,
fed4f6,
fed4f6,
fc9ecd,
fe9fcd,
fd9fcd,
fc9ecc,
fc9dcb,
fc9dcb,
fc9dcc,
fd9ecb,
fc9ecb,
fc9dca,
fa9cc9,
fa9cc9,
fc9cc9,
fc9dc9,
fd9dc9,
fe9cc7,
fe9bc7,
fe9ac5,
fd9ac4,
fd99c6,
fe99c6,
ff99c7,
ff98c6,
ff98c6,
fe98c5,
fe98c5,
fe99c4,
fd99c2,
fe99c0,
fd9abe,
fd9cba,
fe9db9,
fd9dbc,
fe9cc0,
fe99c1,
ff99c0,
ff99c2,
ff9ac3,
fe9bc4,
fe9bc6,
fe9bc6,
fc9ac5,
fc9cc5,
f99fc3,
f7afcd,
f9bcd1,
fbbcd1,
fbbdd2,
fbb3cd,
f8a0bf,
f79ec2,
de8fb8,
e694bc,
fc9cc5,
fe9cc7,
ff9dc8,
e793bb,
f5abcd,
f2adce,
f0aecf,
f0aed0,
e8a6c9,
f2afd4,
f4afd3,
f2b1d3,
f2b0d4,
f3b0d6,
f5b2d8,
f4b3d8,
f2b4d7,
f1b5d6,
edb5d5,
f2c0de,
f1bdd9,
fbcfe6,
fcd4e9,
facee9,
e6bad5,
d19fc0,
e9b2d6,
f3bdde,
f2bfde,
eebcdc,
d2a0c2,
f4c0df,
dea8c7,
e8b6d5,
e4b5d4,
f2c8e3,
f4cbe8,
fad7f0,
efcee5,
e9c0e3,
e9b8db,
f3c5e5,
e5bfdf,
deb9d6,
f0d0e6,
fee0f2,
ffe2f2,
f3d8e7,
fbe0f0,
fde2f2,
fce2f3,
f3deef,
fbdff5,
fde4f9,
e9cee5,
efd1e8,
fee2f8,
ffe3f8,
fee2f7,
fee3f9,
fbe3f7,
e9cbe8,
f4cbeb,
f5caec,
eec3e7,
d1a7cc,
d6aed1,
f4cbec,
d5aacd,
e9c1e4,
f0c7e9,
f4cced,
f4ccec,
f3cceb,
f3cceb,
f2cceb,
f2cceb,
f2ccec,
e6bcde,
f7aed7,
fcaed8,
fbadd6,
fcadd7,
fcadd7,
fdacd8,
fdacd8,
fcadd7,
fcadd7,
fdadd7,
fdadd7,
fcaed8,
fcaed8,
fcaed8,
fcaed8,
fcaed8,
fcaed8,
fdaed8,
fdaed9,
fcaed9,
fbaed9,
fbb0da,
fcb0da,
fcb0db,
fcb0dc,
fdb1dc,
fcb1db,
fbb2db,
fab2db,
fab2dc,
fab2dc,
fab2dc,
fab2de,
fbb3de,
fab4dd,
fab3de,
fab3de,
fab3de,
fab3de,
fab3de,
f9b3de,
f8b3de,
f8b3de,
f9b3de,
f9b3de,
f8b4dd,
f8b4dc,
f9b5dd,
fab6df,
fbb6df,
f8b4dc,
fab4dd,
fab4de,
fab4df,
f9b4df,
f9b5de,
f9b5de,
fbb5dd,
fbb5dd,
fbb5dd,
fbb5dd,
fcb6de,
fcb6df,
fcb6df,
fdb7e0,
fdb8df,
fcb8de,
fcb8de,
fdb8df,
fdb8df,
fcb7e0,
fcb7e0,
fdb8df,
fdb9e0,
fdb9e0,
fdb9df,
fdb9e0,
fdbae1,
febbe1,
fcbae0,
fdbbe1,
fdbce3,
fdbce2,
fcbde2,
fabde3,
fbbee3,
fbbee4,
fbbee4,
fbbee4,
fbbee4,
fbbee4,
fbbee4,
fcbfe5,
fdc0e5,
fec1e6,
fec1e6,
ffc0e6,
ffc1e6,
ffc1e7,
ffc1e6,
ffc0e6,
ffc0e6,
ffc1e5,
ffc2e5,
ffc2e7,
ffc2e6,
ffc3e6,
ffc4e8,
ffc5e8,
fec6e9,
fec6e9,
fec6e9,
fec6e9,
fec6e9,
fec6e9,
fec6e9,
fec6e9,
fec6e9,
ffc7ea,
ffc8eb,
ffc8eb,
ffc9ea,
ffc9ea,
ffc9eb,
ffcaec,
ffcaec,
ffcaec,
ffcaec,
ffcaec,
ffcaec,
ffcaec,
ffcaec,
ffcaec,
ffcaec,
ffcaec,
ffcaec,
ffcaec,
fecaec,
ffcaec,
fecbee,
fdcdef,
fecdef,
ffcdf0,
fecdef,
fecdef,
fecdef,
fecdef,
ffcdf0,
ffcef0,
ffcef0,
ffcef0,
ffcef0,
ffcff1,
ffcff1,
ffcff1,
ffcff1,
ffcff1,
ffcff1,
ffd0f2,
ffd0f2,
ffd0f2,
ffd0f2,
ffd0f2,
ffd0f2,
ffd0f2,
ffd0f2,
ffd1f2,
ffd2f3,
ffd2f3,
ffd2f3,
ffd2f3,
ffd2f3,
ffd2f4,
ffd4f5,
fed4f5,
fed4f6,
fed4f6,
ffd4f6,
fed5f6,
ffd6f6,
ffd7f6,
ffd6f7,
ffd6f6,
ffd6f6,
ffd4f5,
ffd4f4,
fed4f5,
fed5f5,
fd9dcc,
fe9dca,
fc9dca,
fe9dca,
fc9cc9,
fd9dca,
fc9dcb,
fd9ecb,
fd9ecb,
fc9dca,
fa9cc9,
fa9cc9,
fa9cc9,
fb9dc8,
fe9ec8,
fe9dc8,
ff9cc8,
fe9bc6,
fe9bc4,
fe9bc6,
fe9bc6,
ff9bc7,
ff9bc8,
ff9bc7,
fe9bc5,
fe9bc5,
fe9bc5,
ff9bc4,
fe9cbf,
fe9dbd,
fe9dbb,
fe9dbd,
fe9cc1,
ff9ac4,
fe99c4,
fe99c4,
ff9ac3,
ff9cc5,
fe9cc4,
fe9bc4,
ff9bc4,
fe9ac3,
fc9cc3,
f9a0c4,
f8aeca,
f8b9d0,
f9bad0,
fbbbd2,
f9adc9,
f89ebf,
e996bd,
e697be,
f49ac1,
fe9dc5,
fe9dc7,
fd9cc6,
e99abf,
f3aacd,
f0acce,
f1aed0,
edaacd,
f3afd3,
f2afd4,
f0afd4,
f1b1d3,
f1b0d4,
f2b0d5,
f4b2d8,
f3b3d8,
f1b4d7,
f1b5d6,
f4b7d7,
efb3d3,
f0b5d4,
ecb7d2,
f5c3dd,
dcaac8,
efbedc,
dea5c9,
f3bbde,
f3bcde,
f3bede,
f1bfdf,
f1bdde,
f5c0e0,
edb8d9,
f2bcdd,
e7b0d3,
deaaca,
e6b4d4,
dfb0cf,
d9a8cb,
dda9ce,
f5c1e4,
f3c3e3,
efbfdf,
f9cee9,
fbd6ed,
fee0f4,
fee2f4,
fde2f4,
fee3f5,
ffe4f7,
fce0f5,
fee3fb,
debeda,
fee3fe,
ebcbe4,
edc7de,
fddcf3,
fbdbf1,
ffdff6,
ffe2f7,
e9cae4,
f2cfee,
f5c6e9,
f4c9eb,
edc3e5,
e9bfe1,
f4caeb,
f5cbed,
f3c9eb,
f4caeb,
f5cbec,
f4cbed,
f3cbec,
f3ccec,
f3cceb,
f3cceb,
f3cceb,
f3cbec,
efc8eb,
eeafd7,
faafd8,
fbadd6,
fdadd6,
fdadd6,
fdacd8,
fdacd8,
fdadd8,
fdadd8,
fdadd7,
fdadd7,
fcaed8,
fcaed9,
fcaed9,
fcaed8,
fcaed8,
fcaed8,
fdaed9,
feadd9,
fcaed9,
fbafd9,
fcb0db,
fcb0dc,
fdb1dd,
fdb1dd,
fdb2dc,
fcb1dc,
fbb2db,
fbb2db,
fbb2db,
fbb2d9,
fbb1dc,
f9b2dd,
fab3de,
fab3de,
fab3de,
fab3de,
fab3de,
fab3de,
fab3de,
fab3de,
f8b3de,
f8b3de,
fab3de,
fab4dd,
f9b4dc,
f8b4dc,
f9b5dd,
f9b6de,
fab6de,
fab4dc,
fab4dd,
fbb4df,
fbb4df,
fbb4df,
fab5de,
f9b5dd,
fcb6df,
fdb6df,
fbb5dd,
fbb5dd,
fbb5dd,
fdb6df,
fdb6df,
feb7e0,
feb7e0,
fcb8de,
fdb8df,
feb7e0,
feb7e0,
fdb7e0,
fdb7e0,
fcb7df,
fdb9df,
fdb9df,
fdb8e0,
feb9e1,
febae2,
ffbbe3,
fdbbe1,
fdbbe1,
fbbbe3,
febce2,
fdbde3,
fabde3,
fbbee4,
fbbee4,
fbbee4,
fbbee4,
fbbee4,
fbbee4,
fbbee4,
fcbfe5,
fdc0e5,
fec1e6,
ffc2e7,
ffc0e7,
ffc1e6,
ffc1e6,
ffc0e6,
ffc0e6,
ffc0e6,
ffc1e6,
ffc3e7,
ffc3e8,
ffc3e7,
ffc4e7,
ffc5e8,
ffc5e8,
fec6e9,
fec6e9,
fec6e9,
fec6e9,
fec6e9,
fec6e9,
fec6e9,
fec6e9,
ffc7ea,
ffc8eb,
ffc9eb,
ffcaec,
ffcaec,
fecaec,
ffcaec,
ffcaec,
ffcaec,
ffcaec,
ffcaec,
ffcaec,
ffcaec,
ffcaec,
ffcaec,
ffcaec,
ffcaec,
ffcaec,
ffcaec,
ffcaec,
fecaec,
ffcbed,
feccee,
fecdef,
ffcef0,
ffcef0,
ffcef0,
ffcef0,
ffcef0,
ffcef0,
ffcef0,
fecdf0,
fecdf0,
ffcef0,
ffcff1,
ffcff1,
ffcff1,
ffcff1,
ffd0f2,
ffd0f2,
ffd0f2,
ffd2f3,
ffd2f3,
ffd1f3,
ffd0f2,
ffd0f2,
ffd0f2,
ffd0f2,
ffd0f2,
ffd1f2,
ffd2f3,
ffd2f3,
ffd2f3,
ffd2f3,
ffd2f3,
ffd2f4,
ffd4f5,
fed4f6,
fed4f6,
fed4f6,
fed5f7,
fed7f7,
ffd8f8,
ffd9f7,
fed8f7,
fed7f6,
ffd5f7,
ffd4f4,
ffd3f3,
fed4f5,
fed4f5,
fe9dc9,
fc9dca,
fc9dca,
fe9dca,
fd9dcb,
fb9dcb,
fc9ecb,
fd9ecb,
fd9ecb,
fc9ecb,
fc9dca,
fd9dca,
fe9dca,
fe9dca,
fe9dca,
fe9dca,
fe9dca,
ff9dc8,
ff9dc6,
fe9dc8,
fd9dc8,
fe9dc8,
fe9dc8,
fe9dc8,
fe9dc8,
fe9ec6,
ff9dc4,
fe9ebf,
fe9ebd,
fe9ebf,
ff9dc0,
ff9ec2,
ff9cc6,
ff9cc6,
ff9bc5,
ff9bc5,
ff9cc6,
ff9dc5,
ff9cc5,
ff9cc4,
ff9dc4,
fd9dc2,
fc9fc2,
fbabc7,
fab5ce,
f9b7cf,
f9b9cf,
fbbad0,
fcb5d0,
e89bbe,
e799c0,
e791bb,
fe9dc5,
fc9cc5,
fd9ec7,
f69dc4,
e89cc0,
f3abcf,
f3acd0,
f3add0,
efabce,
f1aed2,
f2afd2,
f1afd3,
f3b0d5,
f2b0d5,
f2b0d5,
f2b3d7,
f1b4d6,
f2b4d7,
f2b5d6,
f3b6d7,
f4b8d8,
edb1d2,
dfa3c3,
e2a5ca,
da9fc3,
dba3c6,
eeb6d9,
f3bcde,
f3bcde,
f3bede,
f2bede,
f3bfdf,
f4bfdf,
eeb9d9,
f5c1e2,
f5bfe1,
f4bfe0,
e6b0d3,
e6b1d4,
f4c0e2,
f5c1e3,
f4c1e3,
f3c3e3,
ecbbdb,
f1c2e2,
e0b8d5,
fde0f9,
fadff5,
ffe4fb,
f9def7,
fbe1fa,
eacde5,
ffe2fc,
d3aacb,
e7bfe3,
e4b8d9,
f4c4e3,
f4cbe9,
f6d3ed,
f7d4ef,
f0cde8,
e8c0e0,
ecc0e2,
f5c8ea,
f5caeb,
eec4e5,
f3caeb,
f4caeb,
f4cbec,
f4caec,
f4cbec,
f4cbec,
f2caec,
f2caec,
f2cbeb,
f2cbea,
f2caeb,
f0cbeb,
f1caeb,
f2caeb,
e9b4da,
fbafd9,
fbafd6,
fcaed7,
fcaed8,
fdaed8,
fcaed8,
fcaed8,
fcaed8,
fdaed8,
fcaed8,
fcaed8,
fcaed8,
fdafd9,
fcafd8,
fcafd8,
fcaed8,
fcaed9,
fdaed9,
fbaed9,
fab0d9,
fcb1da,
fcb1db,
fcb2db,
fcb2dc,
fcb2dd,
fab2dc,
fab2db,
fab2dc,
fab2dd,
f9b2dd,
fbb3de,
fab3de,
fbb3de,
fcb3de,
fbb3de,
fab3de,
fbb4df,
fab3de,
fbb4df,
fbb3de,
fbb5de,
fbb5dd,
fbb5dd,
fab5dd,
f9b5dd,
fab5dd,
fab4dc,
f9b5dd,
f9b4dd,
fab3de,
fab3df,
fbb4df,
fab4df,
fab4df,
fab5de,
fbb5dd,
fdb6df,
fdb6df,
fbb6e0,
fbb6df,
fbb6df,
fcb7e0,
fdb7e0,
feb7e0,
feb7e0,
feb7e0,
feb7e0,
feb7e0,
feb7e0,
fcb7e0,
fbb7e0,
fbb8e1,
fbb9e0,
fcb9e1,
fdbae0,
fcbae1,
fcbae2,
fdbae2,
fdbae3,
febce4,
fdbce4,
fcbde3,
fbbde3,
fbbee4,
fbbee4,
fbbee4,
fbbee4,
fbbee4,
fbbee4,
fbbee4,
fcbfe5,
fec0e6,
fec1e4,
fec1e5,
ffc1e5,
ffc1e5,
ffc0e6,
ffc1e6,
ffc0e6,
ffc0e6,
ffc0e6,
ffc2e5,
fec3e6,
ffc4e7,
ffc3e7,
ffc4e7,
ffc5e8,
fec6e9,
fec6e9,
fec6e9,
fec6e9,
fec6e9,
fec6e9,
fec6e9,
fec6e9,
fec6e9,
ffc7ea,
ffc8eb,
ffcaec,
ffcaec,
ffcaec,
ffcaec,
ffcaec,
ffcaec,
ffcaec,
ffcaec,
ffcaec,
ffcaec,
ffcaec,
ffcaec,
ffcaec,
ffcaec,
ffcaec,
ffcaec,
ffcaec,
ffcaec,
ffcaec,
ffcbed,
fecbee,
ffcef0,
ffcef0,
ffcef0,
ffcef0,
ffcef0,
ffcef0,
ffcef0,
ffcef0,
fecdf0,
fecdf0,
ffcef0,
ffcef0,
fecff1,
ffd0f2,
ffd0f2,
ffd1f2,
ffd2f3,
ffd2f3,
ffd2f3,
ffd2f3,
ffd2f3,
ffd2f3,
ffd2f3,
ffd2f3,
ffd2f3,
ffd2f3,
ffd2f3,
ffd2f3,
ffd2f3,
ffd1f3,
ffd2f4,
ffd2f4,
fed3f5,
fed5f4,
fdd5f4,
fed6f5,
ffd7f5,
ffd8f9,
fed9f7,
ffd9f8,
ffd9f8,
ffd8f7,
fed7f6,
ffd5f6,
fed4f6,
fed4f6,
fed4f6,
fed4f6,
fe9dca,
fc9dca,
fc9dca,
fe9dca,
fd9dcb,
fc9dcc,
fd9ecb,
fd9ecb,
fd9ecb,
fd9ecb,
fd9ecb,
fd9ecb,
fe9ecc,
fd9fcc,
fc9fcc,
fc9fcc,
fd9ecc,
fd9dca,
fc9dc9,
fc9dca,
fc9eca,
fe9fca,
fd9fcb,
fd9fcb,
fd9fc8,
fd9fc5,
fd9ec2,
fd9ebf,
fd9fbe,
ff9ec3,
fe9ec5,
fe9ec7,
ff9ec8,
ff9dc7,
ff9dc5,
ff9dc6,
ff9dc6,
ff9dc6,
fe9ec5,
fe9ec5,
ff9fc4,
fda1c3,
feabc8,
feb4ce,
fcb1cd,
f2a8c3,
fbb6ce,
fcb8d1,
fbb8d4,
d992b3,
e396bb,
fc9fc7,
ff9ec6,
fe9ec6,
fd9fc7,
da89ae,
f2a8cb,
f3abce,
f3acd0,
f2add0,
f0accf,
f0aed2,
f1afd3,
f0afd3,
f2afd4,
f1b0d4,
f2b0d5,
f1b3d6,
f0b3d6,
f1b4d7,
f1b5d6,
f3b6d7,
f2b6d7,
f2b7d6,
f2b7d5,
dca0c5,
f3bade,
f2bbdd,
f2bbde,
f2bbdd,
f2bcde,
f3bddd,
f2bede,
f3bfdf,
f2bddd,
f1bcdd,
f2bde0,
f2bde0,
f2bedf,
eeb9db,
f5c0e3,
f3bfe1,
f3c0e2,
f4c0e3,
f3c1e3,
f2c1e4,
efbee2,
ebbcde,
dfb8d9,
edcde9,
f0d0ed,
e1bcde,
e9c3e2,
dbb6d5,
eac7e5,
eec0e2,
e8b8dd,
f1c1e5,
f0bfe1,
ddaccf,
e4b8da,
e2b6d8,
e3b6d7,
f5c9eb,
f5c8eb,
f5c8ea,
f5c9eb,
f2c6e8,
f5c9ea,
f4caeb,
f4cbec,
f5cbec,
f5cbec,
f4caeb,
f2caeb,
f1caeb,
f1caea,
f2cbea,
f1caeb,
f1caeb,
f2caeb,
f4caeb,
eec0e2,
f6afd8,
faafd7,
faafd8,
fcaed8,
fcaed8,
fcaed8,
fcaed8,
fcaed8,
fcaed8,
fcaed8,
fcaed8,
fcaed8,
fdafd9,
fbb0d9,
fbb0d9,
fcaed8,
fbaed8,
fbaed9,
fbafd9,
fab0d9,
fcb1da,
fbb2db,
fbb2db,
fbb2db,
fbb2dc,
fbb2dc,
fab2db,
fbb2db,
fbb2dd,
fab2dd,
fab3de,
fbb3de,
fbb3de,
fcb3de,
fcb3de,
fbb4df,
fbb4df,
fbb4df,
fbb4df,
fcb5e0,
fdb6df,
fdb6df,
fdb6df,
fbb6de,
f9b5dd,
fab4dd,
fab4dc,
f9b4dd,
f9b4dd,
fbb3de,
fbb3df,
fbb4df,
fab4df,
fab4df,
fab5de,
fbb5de,
fdb6df,
fdb6df,
fbb6e0,
fbb6e0,
fcb7e0,
fcb7e0,
fcb7e0,
fdb6df,
fdb6df,
fcb7e0,
fcb7e0,
fdb7e1,
fdb8e1,
fdb8e1,
fcb9e1,
fcbae2,
fcbae2,
fcbae2,
fcbae1,
fdbbe2,
fdbbe3,
fdbbe3,
febce4,
febce4,
fcbce4,
fcbde3,
fabde3,
fbbee4,
fbbee4,
fbbee4,
fbbee4,
fcbfe4,
fcbfe5,
fcbfe5,
fec1e6,
fec1e6,
fec1e5,
fec1e4,
ffc1e4,
ffc1e5,
ffc2e6,
ffc1e6,
ffc0e6,
fec0e6,
ffc1e7,
ffc3e6,
fec3e6,
ffc5e8,
ffc5e8,
ffc5e8,
fec6e9,
fec6e9,
fec6e9,
fec6e9,
fec6e9,
fec6e9,
fec6e9,
fec6e9,
fec6e9,
fec6e9,
ffc7ea,
ffc9eb,
ffcaec,
ffcaec,
ffcaec,
ffcaec,
ffcaec,
ffcaec,
ffcaec,
ffcaec,
ffcaec,
ffcaec,
ffcaec,
ffcaec,
ffcaec,
ffcaec,
ffcbee,
ffccef,
ffccef,
ffccef,
ffccef,
ffccef,
ffccef,
ffcef0,
ffcef0,
ffcef0,
ffcef0,
ffcef0,
ffcef0,
ffcef0,
ffcef0,
fecef0,
ffcff1,
ffcff1,
ffd0f2,
fed0f1,
ffd0f2,
ffd1f2,
ffd2f3,
ffd2f3,
ffd2f3,
ffd2f3,
ffd2f3,
ffd2f3,
ffd2f3,
ffd2f3,
ffd2f3,
ffd2f3,
ffd2f3,
ffd2f3,
ffd2f3,
ffd2f3,
ffd2f4,
ffd3f5,
ffd4f6,
fed5f6,
ffd7f6,
fed8f5,
fed9f6,
fedbf7,
ffdbfa,
ffdcf9,
ffdaf9,
ffdaf8,
ffd9f7,
fed7f6,
fed6f6,
fed4f6,
ffd4f6,
fed4f6,
fed5f6,
fd9cc8,
fc9dca,
fc9dca,
fe9ccc,
fd9dcc,
fc9dcc,
fd9ecc,
fd9fcc,
fd9ecb,
fd9ecb,
fb9ecb,
fc9fcc,
fca0ce,
faa2cf,
f8a3d0,
f9a3d1,
f7a2ce,
fca0cd,
fda0cd,
fba0cd,
fca0ce,
fda1ce,
faa3cd,
faa3cc,
fba2c9,
fba1c3,
fb9fc0,
fba0c1,
faa0c4,
fe9fca,
fe9ecb,
fe9fcc,
ff9fca,
ff9ec9,
ff9ec7,
ff9cc7,
ff9dc8,
ff9dc9,
fe9ec7,
fe9ec5,
fea1c4,
fea8c6,
ffb2cb,
fdafcb,
f8a4c3,
f5a2c0,
fbaec9,
fbb7d0,
e5a1bf,
eca6c6,
ea99bd,
fc9ec4,
ff9ec7,
ff9fc8,
fd9fc8,
d98eb2,
f5aacc,
f2acce,
f2adcf,
f0add0,
f0adcf,
f1aed0,
f0afd2,
f0afd3,
f1afd3,
f1b0d3,
f2b1d4,
f3b3d6,
f0b4d4,
f1b5d6,
f1b5d6,
f3b6d7,
f2b6d7,
f2b7d6,
f1b6d7,
e2a7cc,
f4bade,
f3bbdf,
f1bbdf,
f2bcde,
f2bcde,
f2bcdd,
f2bdde,
f4bfdf,
f3bede,
f2bcdf,
f3bde1,
f0bedf,
efbede,
f0bcde,
f3bfe2,
f2bee1,
f2bee1,
f1bfe2,
f2c0e2,
f1c0e2,
f2c1e4,
f4c3e5,
f5c2e7,
d7a6d1,
eebfe2,
e4b3d7,
f3c2e5,
dfb0d3,
ebbee1,
f1c4e5,
f1c4e6,
f1c5e7,
f3c5e7,
f4c6e8,
f4c5e7,
f4c6e8,
f4c6e9,
f3c6ea,
f3c6ea,
f3c6ea,
f4c8ea,
f3c7e9,
f4c8e9,
f6caeb,
f7cbec,
f6cbec,
f6caec,
f4caeb,
f4caeb,
f3caeb,
f4caeb,
f4caeb,
f3cbec,
f1cbec,
f5caeb,
f6caeb,
f4caeb,
e4aad1,
f8b1da,
fcafd8,
fcaed8,
fcaed8,
fcaed8,
fcaed8,
fcaed8,
fcaed8,
fcaed8,
fcaed8,
fcaed8,
fdafd9,
fbafda,
faaed9,
faaed9,
faaed9,
fbafda,
fbb0d9,
fbb0d8,
fcb1da,
fcb2db,
fbb2db,
fbb2db,
fbb2db,
fbb2db,
fbb2db,
fcb3dc,
fcb3dd,
fbb2de,
fbb4df,
fcb3dc,
fcb3dd,
fcb3de,
fcb3df,
fbb4df,
fbb4df,
fbb4df,
fbb4df,
fcb5e0,
fdb6df,
fdb6df,
fab6de,
f9b5dd,
f9b5dd,
fbb4de,
f9b3dd,
fab3de,
fbb4df,
fbb4df,
fbb4df,
fbb4df,
fcb4df,
fdb4df,
fbb5e0,
fbb6e0,
fbb6e0,
fbb6e0,
fbb6e0,
fcb6e1,
feb7e0,
fdb8df,
fcb8df,
feb7e0,
feb7e0,
feb7e0,
feb7e0,
fdb8e1,
fdb8e1,
febae2,
fdbae2,
fcbae2,
fcbae2,
fcbae2,
fcbae2,
fdbbe3,
fcbbe3,
fdbce2,
febde3,
fcbde3,
fabde3,
fabde3,
fbbee4,
fbbee4,
fbbee4,
fbbee4,
fcbfe5,
fdbfe5,
fdc0e5,
fec0e6,
ffc2e5,
ffc2e5,
fec1e6,
fec1e5,
ffc1e4,
ffc1e5,
ffc1e6,
fec1e6,
fec1e6,
fec1e4,
ffc3e7,
ffc3e7,
fec4e7,
ffc4e7,
ffc5e8,
ffc5e8,
fec6e9,
fec6e9,
fec6e9,
fec6e9,
fec6e9,
fec6e9,
fec6e9,
fec6e9,
fec6e9,
ffc7ea,
ffc9eb,
ffc9eb,
ffcaec,
ffcaec,
ffcaec,
ffcaec,
ffcaec,
ffcaec,
ffcaec,
ffcaec,
ffcaec,
ffcaec,
ffcaec,
ffcaec,
ffcaec,
ffcaec,
ffcbee,
ffccef,
ffccef,
ffccef,
ffccef,
ffccef,
ffccef,
ffcef0,
ffcef0,
ffcef0,
ffcef0,
ffcef0,
ffcef0,
ffcff1,
ffcff1,
fecff1,
ffd0f2,
ffd0f2,
ffd0f2,
ffd2f3,
ffd2f3,
ffd2f3,
ffd2f3,
ffd2f3,
ffd2f3,
ffd2f3,
ffd2f3,
ffd2f3,
ffd2f3,
ffd2f3,
ffd2f3,
ffd2f3,
ffd2f3,
ffd2f3,
ffd2f3,
ffd2f3,
fdd3f5,
fed5f6,
fdd6f7,
ffd8f5,
fed9f8,
fedbfa,
ffddfb,
ffdefd,
fedefc,
ffdefc,
ffdcf9,
ffdbf9,
fedaf8,
fdd9f7,
fdd6f6,
fed5f6,
ffd4f6,
ffd5f6,
ffd6f5,
fe9cca,
fd9dcc,
fd9ecc,
fe9ece,
fd9fce,
fd9fce,
fea0ce,
ffa0ce,
fe9fcd,
fea0cd,
fca1ce,
fba1d0,
fba3d2,
f9a8d7,
f8abda,
f9acd9,
f7a9d5,
faa5d1,
faa3d0,
f9a3cf,
faa3d1,
faa5d2,
faa6d0,
fba6d0,
fba6cb,
f8a3c6,
f9a4c6,
faa4c8,
fca3cc,
fca1cd,
fda1cc,
fea0cc,
fe9ecb,
ff9ec9,
ff9dc8,
ff9ec9,
ff9ec9,
fe9ec9,
fd9ec7,
fda1c4,
fea8c5,
feaec7,
feacc7,
fba4c4,
fba0c4,
fba1c4,
fda6c4,
f7aec9,
e39dbc,
db97b5,
f4a2c1,
f9a0c3,
fe9fc8,
fea0c8,
f59dc4,
df96ba,
f3a9cc,
f2acce,
f2adcf,
f1add0,
f0adcf,
f0aed1,
f0afd2,
f1afd3,
f0b1d3,
f0b1d3,
f2b1d4,
f3b3d5,
f0b4d4,
f1b5d6,
f1b5d6,
f2b5d7,
f2b6d7,
f2b7d6,
eaafd1,
eeb5d9,
f4bbdd,
f4bbdf,
f3bbe0,
f3bbde,
f3bcdd,
f1bcdd,
f2bddd,
f4bfdf,
efbadc,
f1bcdf,
f3bde0,
f2bddf,
f2bede,
efbcde,
f2bee1,
f2bee1,
f2bee1,
f0bfe1,
efbfe1,
f1c0e2,
f3c1e3,
f4c2e4,
f5c3e8,
e2b0d7,
f2c0e5,
f2c1e5,
f3c2e4,
f2c2e4,
f1c2e4,
f1c3e5,
f1c3e5,
f2c5e7,
f1c5e7,
f1c5e7,
f2c6e8,
f2c6e8,
f1c6e9,
f1c6e9,
f2c6ea,
f2c6e9,
f2c6e8,
f3c6e8,
f4c7e9,
f5c9ea,
f6c9eb,
f6c9eb,
f5c9eb,
f5c9eb,
f4caeb,
f4caeb,
f4caeb,
f4caeb,
f5cbec,
f3cbec,
f4caeb,
f4caeb,
f4caeb,
e9bddf,
f6aed8,
fbafd8,
fcaed8,
fcaed8,
fcaed8,
fcaed8,
fcaed8,
fcaed8,
fcaed8,
fdafd9,
fdafd9,
fdafd9,
fbafda,
fbafda,
fbafda,
fbafdb,
fcb0db,
fcb0db,
fcb1db,
fcb1db,
fcb2db,
fbb2db,
fbb2db,
fcb2dc,
fcb3dc,
fcb3dc,
fcb3dd,
fcb3de,
fcb3de,
fcb4de,
feb4dd,
feb4de,
feb4de,
fcb4df,
fbb4df,
fbb4de,
fbb4de,
fbb4de,
fcb5df,
fcb5df,
fbb5df,
f9b5dd,
f9b5dd,
f9b5dd,
fbb4de,
fbb4df,
fbb4df,
fbb4df,
fbb4df,
fbb4df,
fbb4df,
fdb5e0,
ffb5e0,
fcb6e0,
fbb6e0,
fbb6e0,
fbb7e1,
fbb7e0,
fcb7e0,
feb7e0,
fdb8df,
fdb9e0,
feb8e1,
feb8e1,
feb8e1,
feb8e1,
fdb9e1,
fdb9e2,
febae2,
fdbbe3,
fdbbe3,
fdbbe2,
fdbbe2,
fdbbe2,
fcbbe2,
fcbce3,
fcbce2,
fdbde3,
fcbde3,
fbbde4,
fbbde3,
fbbee4,
fbbee4,
fbbee4,
fbbee4,
fbbee4,
fdc0e5,
fec1e6,
fec1e6,
ffc2e6,
ffc2e6,
ffc2e7,
ffc1e6,
ffc1e5,
ffc1e5,
fec1e6,
fcc1e6,
fbc1e6,
fec2e5,
ffc3e7,
ffc3e7,
fec4e7,
fec4e7,
ffc4e7,
ffc5e8,
fec6e9,
fec6e9,
fec6e9,
fec6e9,
fec6e9,
fec6e9,
fec6e9,
fec6e9,
fec6e9,
fec8ea,
ffc9eb,
ffcaec,
ffcaec,
ffcaec,
ffcaec,
ffcaec,
ffcaec,
ffcaec,
ffcaec,
ffcaec,
ffcaec,
ffcaec,
ffcaec,
ffcaec,
ffcaec,
ffcaec,
ffcbee,
ffccef,
ffccef,
ffccef,
ffccef,
ffccef,
ffccef,
ffcef0,
ffcef0,
ffcef0,
ffcef0,
ffcef0,
ffcef0,
ffcff1,
ffcff1,
ffd0f2,
ffd0f2,
ffd1f3,
ffd2f3,
ffd2f3,
ffd2f3,
ffd2f3,
ffd2f3,
ffd2f3,
ffd2f3,
ffd2f3,
ffd2f3,
ffd2f3,
ffd2f3,
ffd2f3,
ffd2f3,
ffd2f3,
ffd2f3,
ffd2f3,
ffd3f4,
ffd3f4,
fed4f6,
fed6f6,
fed7f8,
ffdaf6,
fdddf9,
fddffb,
fee1fc,
fee2fd,
ffe2ff,
ffe1fd,
fedffb,
feddfa,
fedcfa,
fedbf9,
ffd9f9,
ffd7f8,
fed6f7,
fed6f6,
fdd6f5,
fe9ccc,
fc9ecd,
fb9ece,
faa0d0,
fba2d0,
fba3d2,
fba3d2,
fba3d2,
fba3d0,
fba3d0,
faa2d0,
f8a3d2,
f8a6d4,
f7aad7,
f7afdb,
f8b0dd,
f8b1dc,
f9abd7,
f9a7d4,
f8a5d3,
f8a8d3,
f9a8d3,
f9a9d3,
f9a9d3,
f7a8d0,
f8a9cf,
fbaad4,
faabd5,
f9a7d3,
fca5d1,
fda1cf,
fc9fcd,
fd9fcc,
fe9ecb,
ff9eca,
ff9ecb,
fe9fca,
fda0c6,
fca2c6,
fda9c6,
fdadc7,
fca9c5,
fda3c5,
fea1c7,
fd9fc8,
fea2c7,
fea3c6,
e69abc,
de9ab8,
eea6c2,
faa9c6,
f7a2c3,
fca0c7,
fda1c9,
e28fb5,
f5abce,
f2a9cc,
f0accd,
f1accf,
f2acd0,
efadcf,
efaed2,
f0aed2,
f2b0d2,
f0b1d2,
f0b1d3,
f1b1d6,
f3b3d4,
f1b4d4,
f1b5d6,
f2b5d6,
f3b5d6,
f2b6d7,
f2b7d7,
e8aed2,
ecb5d7,
f3bbdb,
f2bbdd,
f2bbdd,
f2bbdc,
f3bcdd,
f1bcdd,
f2bddd,
f4bfdf,
eab5d8,
f4bede,
f3bede,
f3bede,
f2bdde,
f0bcde,
f2bde0,
f0bde0,
f1bee0,
f0bfe1,
efbfe1,
f0bfe1,
f3c0e2,
f4c1e3,
f5c3e9,
ddadd2,
f1c0e4,
f1c1e4,
f1c2e4,
f1c2e4,
f1c2e4,
f1c2e4,
f2c4e5,
f2c4e5,
f2c4e6,
f1c5e7,
f2c6e8,
f2c6e8,
f2c6e8,
f2c6e8,
f2c6e8,
f2c6e8,
f2c6e8,
f2c6e8,
f4c7e9,
f5c8ea,
f5c8ea,
f5c8ea,
f5c8ea,
f3c9ea,
f4caeb,
f3caeb,
f3c9eb,
f4caeb,
f4caec,
f4cbec,
f3c9ea,
f5c8ea,
f4caeb,
f4c5e9,
efadd5,
fbafd9,
fcaed8,
fcaed8,
fcaed8,
fcaed8,
fcaed8,
fcaed8,
fdafd8,
fdb0d9,
fdb0d9,
fdb0d9,
fbafda,
fbafda,
fbafdb,
fcb0dc,
fcb0dc,
fcb0dc,
fcb0dc,
fbb1db,
fbb2db,
fab1da,
fbb2db,
fcb3dc,
fcb3dc,
fcb3dc,
fcb3dd,
fcb3de,
fdb4dd,
feb4dd,
feb4dd,
feb4dd,
feb4dd,
fdb4de,
fbb4df,
fbb5de,
fbb5dd,
fbb5dd,
fbb5dd,
fab4df,
fab4df,
f9b5dd,
f9b5dd,
fab4de,
fbb4df,
fbb4df,
fbb4df,
fbb4df,
fcb4df,
fcb4df,
fcb5e0,
feb5e0,
ffb5e0,
feb5e1,
feb8de,
fcb7e0,
fcb7e0,
fab7e0,
fbb7e0,
fcb7e0,
fcb7e0,
fdb8e1,
fdb8e1,
fdb8e1,
fdb8e1,
fdb8e1,
fcbae2,
fcbae2,
ffbbe3,
febbe3,
fdbbe3,
fdbbe1,
fcbae0,
fdbbe1,
fcbce1,
febce2,
fcbde3,
fabde3,
fdbce3,
fdbce4,
fcbde3,
fcbee4,
fbbee4,
fbbee4,
fbbee4,
fbbee4,
fcbfe5,
fec1e6,
fec1e6,
fec1e6,
fec1e6,
ffc2e5,
ffc1e6,
fec1e6,
fec1e6,
fbc2e7,
fdc1e6,
fcc1e6,
fec3e7,
ffc3e7,
ffc3e7,
ffc4e8,
fec4e7,
fec4e7,
ffc4e7,
fec5e8,
fdc5e8,
fec6e9,
fec6e9,
fec6e9,
fec6e9,
fec6e9,
fec6ea,
ffc7ea,
fec9eb,
ffcaec,
ffcaec,
ffcaec,
ffcaec,
ffcaec,
ffcaec,
ffcaec,
ffcaec,
ffcaec,
ffcaec,
ffcaec,
ffcaec,
ffcaec,
ffcaec,
ffcaec,
ffcaec,
fecaec,
fecbee,
fecbee,
ffccef,
ffccef,
ffccef,
feccef,
ffcef0,
ffcef0,
ffcef0,
ffcef0,
ffcef0,
ffcff1,
ffcff1,
ffd0f2,
ffd1f3,
ffd1f3,
ffd2f3,
ffd2f3,
ffd2f3,
ffd2f3,
ffd2f3,
ffd2f3,
ffd2f3,
ffd2f3,
ffd2f3,
ffd2f3,
ffd2f3,
ffd2f3,
ffd2f3,
ffd2f3,
ffd2f3,
ffd2f3,
fed3f5,
fdd3f5,
fed4f6,
ffd5f7,
ffd8f7,
ffdaf9,
feddf9,
ffdffa,
fee2fb,
fde3fc,
fde4fc,
fee4fe,
ffe3fd,
fee1fe,
fee1fc,
fee1fb,
fee0fb,
ffddfa,
ffdaf9,
fdd7f6,
fed7f6,
fdd7f5,
fc9ccd,
fb9ecd,
fa9fce,
faa3d2,
faa7d6,
fca9d7,
fba8d7,
fba8d7,
f9a8d4,
f9a8d4,
f8a7d4,
f6a7d5,
f6a9d7,
f7acd9,
f6b0dd,
f7b1de,
f7b1dd,
f8afda,
f9acd8,
f7abd7,
f7add8,
f7add7,
f8acd8,
f7acd7,
f7add8,
f7afdb,
f9b0dc,
f9b1dc,
fbaed9,
fcaad6,
fca6d3,
fea3cf,
fea1ce,
fea0cc,
fe9fca,
fea0ca,
fea2c8,
fca5c4,
f9a9c3,
f9acc4,
fba9c8,
fca6c9,
fea2cb,
fda1cc,
fca1cb,
fda2c9,
f39fc4,
e194b8,
e098b7,
fbb2c9,
f9acc5,
f7a3c4,
fba2c6,
fba3c8,
e193b8,
f1a9cb,
f0a9cc,
f3aacc,
f2acce,
f2acd0,
f1adcf,
f1aed1,
f1aed1,
f0afd2,
f0b1d3,
f0b1d4,
f2b1d7,
f2b3d6,
f3b3d6,
f2b4d5,
f2b3d4,
f2b5d6,
f2b6d7,
f2b6d8,
dfa4ca,
f2b8db,
f2bbdb,
f2bbdb,
f2bbdb,
f2bbdb,
f2bcdc,
f1bcdd,
f2bddd,
f3bfde,
eab5d8,
f3bddd,
f2bcdd,
f2bddd,
f1bcdd,
f2bddf,
f2bde0,
f1bee0,
f0bee0,
eebee0,
efbfe1,
efbfe1,
f2bfe1,
f1c0e3,
efc0e4,
ddaed1,
f0c1e3,
f1c1e4,
f2c2e4,
f2c2e4,
f2c2e4,
f2c3e5,
f2c3e5,
f2c4e5,
f2c4e5,
f2c4e5,
f1c5e7,
f1c5e7,
f2c6e8,
f2c6e8,
f2c6e8,
f2c6e8,
f2c6e8,
f2c6e8,
f2c6e8,
f4c7e9,
f4c8ea,
f5c8eb,
f4c8ea,
f3c8e9,
f3c8ea,
f2c8ea,
f2c8e9,
f2c9ea,
f3caeb,
f3caeb,
f2c9eb,
f2c9ea,
f4c9ea,
f5c6eb,
efb2d8,
fbb0d9,
fcaed8,
fcaed8,
fdafd8,
fcaed8,
fcaed8,
fbaed9,
fcafd9,
fbb0d9,
fbb0d9,
fdafd9,
fdafd9,
fcaed9,
fcafdb,
fcb0db,
fcb0dc,
fdb1dc,
fdb1db,
fcb2db,
fbb2db,
fbb2db,
fbb2db,
fcb2dd,
fcb3dd,
fcb3dc,
fcb3dc,
fcb3dc,
fcb3dc,
fdb4dd,
feb4dd,
feb4dd,
feb4dd,
feb4de,
fdb4de,
fcb5dd,
fbb5dd,
fbb5dd,
fbb5dd,
fdb4df,
fdb4df,
f9b5dd,
f9b5dd,
fab4de,
fbb4df,
fcb5e0,
fcb5e0,
fcb5e0,
fdb5e0,
fdb5e0,
fbb6e0,
fcb6e0,
fdb6e0,
fdb6e1,
fcb7df,
fcb7e0,
fcb7e0,
fbb7e0,
fbb7e0,
fbb7e0,
fdb7e0,
fdb8e1,
fcb8e0,
fdb8e1,
fcb9e1,
fcb9e1,
fcbae1,
fcbae1,
ffbbe1,
febbe2,
fdbbe3,
fcbbe2,
fbbbe2,
febce3,
febce2,
febce3,
febde4,
fdbde4,
febde4,
febde4,
fcbee4,
fcbee4,
fbbee4,
fbbee4,
fbbee4,
fcbfe4,
fdc0e4,
fec1e5,
fec1e6,
ffc0e6,
ffc1e6,
fec1e6,
fec1e6,
fec1e6,
fec1e6,
fec2e7,
fec2e8,
fec2e8,
ffc3e7,
ffc3e7,
ffc4e8,
ffc4e9,
ffc4ea,
ffc4ea,
ffc5e9,
ffc5e9,
fec6e9,
fec6e9,
fec6e9,
fec6e9,
ffc7ea,
ffc8eb,
ffc8eb,
ffc8eb,
ffc9ec,
ffcaec,
ffcaec,
ffcaec,
ffcbed,
ffcaec,
ffcaec,
ffcaec,
ffcaec,
ffcaec,
ffcaec,
ffcaec,
ffcaec,
fecaec,
fecaec,
fecaec,
fecbed,
ffcbed,
fecbee,
ffccee,
ffccef,
ffccef,
fecdef,
fecdef,
ffcef0,
ffcef0,
ffcef0,
ffcef0,
ffcef0,
ffcff1,
ffd0f2,
ffd1f3,
ffd2f3,
ffd2f3,
ffd2f3,
ffd2f3,
ffd2f3,
ffd2f3,
ffd2f3,
ffd2f3,
ffd2f3,
ffd2f3,
ffd2f3,
ffd2f3,
ffd2f3,
fed2f3,
ffd2f3,
ffd2f3,
fed2f4,
fed4f5,
fed4f6,
fed4f6,
fed6f6,
ffd7f7,
ffd9f8,
ffdbfa,
fedffa,
fee1fc,
fde3fc,
fee4fb,
fee4fb,
fde3fc,
fde3fb,
fee3fc,
fee4fd,
fee5fe,
fde4fe,
fde1fd,
fedcfb,
fdd9f7,
fed7f6,
fed7f6,
fc9cce,
fb9dcf,
fa9ece,
f9a1d2,
fba6d7,
faaad9,
fbaada,
fba9d8,
f9aad8,
f8aad8,
faaadb,
f8acda,
f8acda,
f6aedc,
f5b1de,
f7b3e0,
f7b2de,
f8b0db,
f9afda,
f8aed9,
f8aed9,
f7aed9,
f8aed9,
f8b0da,
f6b1dc,
f5b2dd,
f5b3df,
f7b3e0,
fcb0de,
fbaddb,
fca9d7,
ffa7d4,
ffa4d1,
fea2cd,
fc9fca,
fca1c8,
fba4c4,
f9a9c0,
f5abc2,
f5abc6,
faa8cb,
fda6ce,
fda5d1,
fca5d1,
fba5ce,
faa5cd,
df93b8,
eda2c5,
e89dbd,
f9aec5,
f7afc3,
faa8c5,
f9a3c7,
faa3c8,
e69abf,
f2a9cd,
f0a9cd,
f2aacc,
f2aacc,
f1acce,
f2adcf,
f3aed1,
f1aed1,
f0afd3,
f2afd3,
f1b0d4,
f2b1d5,
f1b3d6,
f2b3d6,
f0b4d5,
f1b3d4,
f1b5d6,
f1b5d6,
f2b6d9,
e1a8cc,
f2b9dc,
f2badc,
f2bbdb,
f2bbdb,
f1bbdb,
f1bbdb,
f1bcdc,
f1bddb,
eebada,
f0badd,
f3bcdd,
f2bcdd,
f1bcdd,
f0bbdc,
f0bbde,
f0bde0,
f1bee0,
efbee0,
ecbee0,
efbfe1,
efbfe1,
efbfe1,
efc0e2,
e0b3d8,
e0b2d6,
f0c1e3,
f1c0e4,
f2c1e4,
f2c2e4,
f3c2e4,
f2c2e4,
f2c4e5,
f1c3e4,
f1c3e4,
f2c4e5,
f1c4e5,
f1c5e7,
f2c5e7,
f2c6e8,
f2c6e8,
f2c6e8,
f2c6e8,
f2c6e8,
f2c6e8,
f2c6e8,
f2c6e8,
f3c6ea,
f3c7e9,
f3c7e9,
f1c7e9,
f1c7e9,
f1c7e9,
f2c9ea,
f4caeb,
f4caeb,
f1c8ec,
f2c8ea,
f3c9ea,
f6c8eb,
e9b1d8,
fbb0d9,
fcafd8,
fcaed8,
fdafd9,
fcaed8,
fbaed8,
faaed9,
fbaed9,
fab0d9,
fbb0d9,
fdafd9,
fdafda,
fdafda,
fcafdb,
fcb1db,
fcb0dc,
fdb2dc,
fdb2db,
fcb2db,
fbb2db,
fbb2db,
fbb2dc,
fbb2dd,
fcb3dd,
fcb3dc,
fcb3dc,
fcb3dc,
fcb3dc,
fcb5dd,
feb4dd,
feb4dd,
feb4dd,
feb4dd,
feb4dd,
fcb5dd,
fbb5dd,
fbb5dd,
fbb5dd,
feb4de,
feb4df,
f9b5dd,
f9b5dd,
fab4de,
fbb4df,
fcb5e0,
fcb6e0,
fcb5e0,
fdb5e0,
fdb5e0,
fbb6e0,
fbb6e0,
fcb7e1,
fcb7e0,
fcb7e0,
fcb7e0,
fcb7e0,
fcb7e0,
fdb8e1,
feb8e1,
feb8e1,
fdb8e1,
feb9e2,
feb9e2,
fcbae2,
fcbae2,
fcbae0,
fcbae0,
febbe0,
febbe2,
fcbae2,
fbbbe3,
fbbbe3,
febce4,
febde3,
fdbde4,
ffbde5,
ffbde5,
ffbee4,
febee4,
fbbee4,
fbbee4,
fbbee4,
fbbee4,
fcbfe5,
fcc0e4,
fec1e4,
fec1e5,
fec1e6,
ffc1e6,
fec1e6,
fec1e6,
fec1e6,
ffc2e7,
ffc2e7,
fec3e8,
fec3e8,
fec3e8,
ffc3e6,
ffc2e5,
ffc4e9,
ffc4ea,
ffc4ea,
ffc4ea,
ffc5e9,
fec6e9,
fec6e9,
fec6e9,
fec7e9,
fec8ea,
fec8ea,
ffc9eb,
ffc9eb,
ffc9eb,
ffcaec,
ffcaec,
ffcaec,
ffcaec,
ffcbee,
ffcaec,
ffcaec,
ffcaec,
ffcaec,
ffcaec,
ffcaec,
ffcaec,
ffcaec,
fecbed,
fecbed,
fecbed,
fdcbee,
fdcbee,
ffccef,
fecdef,
fecdf0,
fecdf0,
ffcef0,
ffcef0,
ffcef0,
ffcef0,
ffcef0,
ffcef0,
ffcff1,
fecff1,
ffd1f3,
ffd2f3,
ffd2f3,
ffd2f3,
ffd1f3,
ffd1f3,
ffd1f3,
ffd1f3,
ffd2f3,
ffd2f3,
ffd2f3,
ffd2f3,
ffd2f3,
ffd2f3,
fed2f3,
fed2f3,
ffd2f3,
ffd2f3,
fed2f4,
fed4f5,
fed4f6,
fed4f6,
fdd7f6,
fed9f8,
ffdbf9,
ffdcfb,
ffdffa,
fee2fd,
fde3fc,
ffe3fb,
ffe3fb,
fee4fc,
fee4fb,
ffe5fc,
fde6fd,
fde7ff,
fce6ff,
fee2fe,
feddfb,
fedaf8,
ffd9f7,
ffd8f7,
fc9ccc,
fc9dcd,
fb9ece,
f89fd1,
f8a2d2,
f9a5d3,
faa6d7,
fba7d8,
faa8d9,
f9a9d9,
f7aada,
f7abdb,
f8addc,
f8afdf,
f8b2e0,
f9b3e0,
f9b2df,
f8b0dc,
f8afdb,
f9afdb,
f8afdb,
f7afd9,
f7afdb,
f9b0dd,
f8b2dd,
f7b2de,
f8b2de,
f9b2df,
fcb0dd,
fbacda,
fbaad8,
feaad8,
feaad6,
fda8d3,
fba6cd,
f9a4c6,
f8a7c2,
f6abc4,
f6afcf,
f8b0d4,
faacd4,
fcabd5,
faaad6,
fbabd7,
fcabd5,
f6a4cf,
e699bf,
e399be,
ef9fc2,
f9a8c5,
f7acc1,
f9abc3,
faa6c8,
f7a2c4,
e79bbe,
f2a9cb,
f0a9cb,
f1a9cb,
f2aacc,
f3accd,
f2acce,
f1add0,
f1aed2,
f0afd3,
f1b0d4,
f0b1d4,
f1b1d5,
f0b2d5,
f1b3d5,
efb3d5,
f0b4d5,
f1b5d6,
f1b6d7,
efb5d8,
e1a7ca,
f3b9db,
f2badb,
f1bada,
f1bada,
f1bada,
f2bbdb,
f1bcdc,
f1bddb,
eeb7d9,
f4bddf,
f2bcdd,
f1bcdd,
f1bcdd,
f0bbdd,
f0bbde,
efbde0,
efbee0,
eebddf,
eebee0,
efbee0,
eebfe0,
eebfe1,
efc0e2,
d9a9cc,
e1b2d5,
efc0e2,
f0c0e3,
f0c0e2,
f2c1e3,
f3c2e4,
f3c2e4,
f2c2e4,
f2c2e4,
f2c2e4,
f2c4e5,
f0c3e5,
f0c4e5,
f1c5e7,
f1c5e7,
f1c5e7,
f1c5e7,
f1c5e7,
f2c5e7,
f2c6e8,
f2c6e8,
f2c5e8,
f2c6e8,
f2c6e8,
f2c6e8,
f1c6e8,
f0c6e8,
f0c6e8,
f2c8ea,
f4caeb,
f4cbec,
eac4e6,
f1c8e9,
f4c8ea,
f5c8eb,
e7b5dd,
fab2dd,
fbafd8,
fcaed8,
fcafd8,
fbb0d9,
fcb0d9,
fcafd9,
fdafd9,
fab0d9,
fbb0d9,
fcb0da,
fdb1da,
fcb1da,
fcb0dc,
fdb1dc,
fdb2dc,
fdb2db,
fdb2db,
fcb2db,
fbb2db,
fbb2db,
fbb2db,
fcb3dc,
fcb3dc,
fcb3dc,
fcb3dc,
fcb3dc,
fbb4dc,
fbb4dc,
fdb4dd,
fdb4dd,
fcb5dd,
fdb4de,
feb4df,
feb4df,
fdb4df,
fdb4df,
fbb5dd,
fcb5dd,
fcb5de,
fbb4df,
fbb4df,
fbb4df,
fbb5df,
fcb6df,
fbb6df,
fab6df,
fdb6df,
fdb6df,
fbb6df,
fbb6e0,
fcb7e1,
fcb8e0,
fcb8e0,
fcb7e0,
fcb7e0,
fcb9e1,
fbb9e0,
fcb9df,
fcb9e1,
fcbae2,
fdbae2,
fdbae2,
fcbae2,
fcbae2,
fbbbe0,
fbbbe0,
fcbce1,
fcbce2,
fcbce3,
fbbde3,
fbbde3,
fcbce3,
fcbde3,
fcbde2,
febde4,
ffbee4,
febee4,
fcbee4,
fbbee4,
fbbee4,
fcbfe4,
fcbfe5,
fdc0e6,
fec1e6,
fec1e6,
fec1e6,
fec1e7,
fec1e6,
fec1e6,
fdc1e6,
fec2e7,
ffc3e6,
ffc4e6,
fdc3e8,
fec3e8,
ffc3e9,
ffc4e8,
ffc5e8,
ffc5e8,
ffc5e9,
fec6e9,
fec6ea,
ffc6e9,
fec6e9,
ffc7ea,
fec8e9,
fec9ea,
fec9eb,
ffcaec,
ffcaec,
ffcaec,
ffc9ec,
ffcaec,
ffcaec,
ffcaec,
ffcaec,
ffcaed,
ffcaec,
fecbed,
fecbee,
fecaec,
fecaec,
fecaec,
fecaec,
fdcbee,
feccee,
feccef,
feccef,
fdcdef,
fecef0,
fecef0,
fecef0,
ffcef0,
ffcef0,
ffcef0,
ffcef0,
ffcef0,
ffcef0,
ffcef0,
ffcff1,
ffcff1,
ffd0f2,
ffd0f2,
ffd1f3,
ffd1f3,
ffd1f3,
ffd2f3,
ffd2f3,
ffd2f3,
ffd2f3,
ffd2f3,
ffd2f3,
ffd2f3,
ffd2f3,
ffd2f3,
ffd2f3,
ffd2f3,
fed2f3,
fed2f3,
fed2f3,
ffd2f4,
ffd4f5,
fed4f6,
ffd5f5,
fed8f7,
fedaf9,
ffdcf8,
ffdefa,
ffe0fa,
ffe1fb,
fde3fa,
ffe3fb,
ffe3fa,
fee4fb,
fee4fb,
ffe5fc,
fee6fe,
fde7ff,
fde7ff,
ffe5ff,
ffe0fc,
ffdbfa,
ffd9f7,
ffd9f6,
fd9bcd,
fc9ccc,
fd9ccd,
fa9dcf,
f89ece,
faa0cf,
fba1d0,
fca2d3,
fba5d5,
faa5d6,
f8a6d7,
f7a7d7,
f6aada,
f8addd,
f9afdf,
f9b0e0,
f7afdd,
f7aedc,
f7aedc,
f7afdc,
f8b0dd,
f7afdc,
f7afdc,
f9aedc,
f7aedb,
f6aedb,
f9addb,
faadda,
fbabd9,
f9a8d7,
faa9d6,
fcacd9,
fab0da,
fbb1d8,
f9adcc,
f3a8c1,
f2abc5,
f6b3d4,
f8b7de,
f8b5dd,
f5b2dc,
f6b1dc,
f7aed9,
f8afd8,
faafd8,
f1a6ce,
ea9dc2,
dc91b8,
f9a5cc,
f9a6c6,
f8a9c2,
f8aac3,
f8a7c5,
f4a4c3,
e99fc1,
f1aacb,
efa9cb,
f1a9cb,
f1a9cc,
f3accd,
f3acce,
f1add0,
f1aed2,
f0afd2,
f1b0d4,
efb1d4,
f0b1d4,
f0b2d5,
efb2d5,
efb2d5,
f0b4d5,
f1b5d6,
f2b6d7,
d69cbf,
f4b9dc,
f3b9db,
f1bada,
efbada,
f1bada,
f1bada,
f2bbdb,
f1bcdc,
f1bddd,
eab3d6,
f3bbdc,
f1bcdd,
f1bcdd,
f1bcdd,
f1bcdd,
f0bddd,
efbede,
eebedf,
eebddf,
eebee0,
eebee0,
eebee0,
edbfe1,
efc0e2,
dbaacc,
e4b6da,
efc0e2,
efc0e2,
efc0e2,
f0c1e3,
f0c1e3,
f2c1e3,
f3c2e4,
f2c1e3,
f3c2e4,
f2c4e5,
f1c3e5,
f1c3e5,
f1c5e5,
f1c5e6,
f1c5e7,
f1c5e7,
f1c5e7,
f1c5e7,
f2c6e8,
f2c6e9,
f2c6ea,
f2c6e9,
f2c6e8,
f2c6e8,
f2c6e8,
f1c6e8,
f1c7e8,
f1c6e9,
f6c9ec,
f4cbec,
ecc8e7,
e9c0e4,
f4c7e9,
f4c7ea,
efc1ea,
eeaad5,
fbafd8,
fcaed8,
fcafd8,
fbb0d9,
fbb0d9,
fcb0d9,
fdafd9,
fcb0d9,
fbb0d9,
fcb1da,
fcb1da,
fbb1da,
fcb0dc,
fdb1dc,
fdb2db,
fdb2db,
fdb2dd,
fcb2dc,
fbb2db,
fbb2db,
fbb2db,
fcb3dc,
fcb3dc,
fcb3dc,
fcb3dc,
fcb3dc,
fbb4dc,
fab4dc,
fdb4dd,
fcb4dd,
fbb5dd,
fdb4de,
feb4df,
feb4df,
feb4df,
feb4df,
feb4df,
fcb5de,
fcb5de,
fbb5de,
fbb5de,
fbb5de,
fbb6df,
fbb6df,
fbb6df,
fab6df,
feb7e0,
fdb7e0,
fcb7e0,
fcb8e0,
fbb9e1,
fbb9e1,
fdb8e1,
fdb8e1,
fdb8e1,
fbb9df,
fcbae0,
fcbae0,
fcbae2,
fcbae2,
fcbae2,
fcbae2,
fcbae2,
fcbae2,
fabbe0,
fabbe0,
fbbce1,
fcbce1,
fdbde2,
fbbde3,
fabde3,
fbbde3,
fabde3,
fbbde3,
fdbde3,
fdbee4,
fcbee4,
fbbee4,
fbbee4,
fcbfe5,
fdc0e5,
fec1e6,
ffc0e6,
ffc1e7,
ffc2e7,
ffc2e7,
ffc2e7,
fec1e7,
fec1e6,
fdc2e7,
fec2e7,
ffc3e7,
ffc4e7,
ffc5ea,
ffc4ea,
ffc5eb,
ffc5e9,
ffc5e8,
ffc5e8,
ffc6e9,
fec6e9,
fec6ea,
fec6eb,
ffc7ea,
ffc8ea,
fec9e9,
fec9ea,
ffcaec,
ffcaec,
ffcaec,
ffcaec,
fec9eb,
ffcaec,
ffcaec,
ffcaec,
ffcaec,
ffcaec,
ffcaed,
fecbee,
ffccef,
ffccef,
ffcbee,
ffcbee,
fdcbed,
fccbee,
feccef,
ffcef0,
ffcef0,
ffcef0,
ffcef0,
fdcdef,
fdcdef,
ffcef0,
ffcef0,
ffcef0,
ffcef0,
ffcef0,
ffcff1,
ffd0f2,
fed1f2,
fed2f3,
ffd2f3,
ffd2f2,
ffd2f2,
ffd2f2,
ffd2f2,
fed2f2,
ffd3f3,
ffd3f3,
ffd3f3,
ffd2f3,
ffd2f3,
ffd2f3,
ffd2f3,
ffd2f3,
ffd2f3,
ffd2f3,
fed2f3,
ffd3f5,
ffd3f5,
ffd3f5,
ffd4f5,
fed4f6,
ffd6f5,
fed9f7,
fedbfa,
ffddf9,
ffdff9,
ffe1fa,
ffe1fa,
fde2fa,
ffe3fc,
ffe3fb,
fee4fb,
fee4fb,
ffe6fd,
fee6ff,
fde7ff,
fde7ff,
ffe6ff,
ffe1fc,
ffddf9,
ffdaf7,
ffd9f6,
fc9bcd,
fb9bcd,
fb9ccd,
fe9cce,
fd9cce,
fa9dcd,
f99ece,
f99fcf,
fba0d0,
f9a0d1,
fba1d2,
f9a1d4,
f8a3d4,
f8a5d6,
f9a7d8,
f8a9d9,
f6a9d6,
f6a9d6,
f8acda,
f7aedb,
f7b0dd,
f7afdc,
f7afdc,
f8adda,
f8abd9,
f6a8d4,
f8a6d3,
f7a6d3,
f7a5d2,
faa7d4,
f9a8d6,
faacd8,
f9b2d8,
f7b1d0,
f0a9bf,
f0acc5,
f5b6d7,
f5b8df,
f4b7e0,
f4b5df,
f4b4de,
f6b3de,
f8b1dd,
fab1d9,
f9b0d7,
de96bd,
e497be,
ed9ec8,
f9a5cd,
f9a6ca,
f9a7c6,
f9a8c4,
f7a8c4,
f0a5c4,
e69cc0,
f1a9cc,
f0a8cd,
f1a9cb,
f2a9cc,
f3abcf,
f3acd0,
f2aed2,
f2afd3,
f1b0d3,
f1b0d4,
efb1d4,
efb1d4,
eeb1d4,
eeb2d5,
eeb2d5,
f0b4d6,
f1b5d6,
f2b6d7,
dca2c6,
f3b8d9,
f1b9d9,
f1bada,
f0bada,
f0bada,
f0bada,
f0bbdb,
f0bbdb,
f0bbdb,
ebb7d8,
f0bbdb,
f0bddd,
f0bddd,
f0bddd,
f0bcdc,
f0bcdc,
f0bede,
efbdde,
efbcdf,
edbddf,
eebee0,
eebee1,
efbee3,
efbfe3,
dbadd1,
e3b6dc,
eebfe2,
eec0e2,
efc0e2,
efc0e2,
f0c1e3,
f1c1e3,
f2c1e3,
f2c1e3,
f2c1e4,
f2c2e5,
f3c3e6,
f1c4e5,
f1c4e5,
f1c5e7,
f1c4e7,
f1c5e6,
f1c5e7,
f1c5e7,
f2c6e8,
f2c6e9,
f2c6ea,
f2c6ea,
f2c6e8,
f2c6e8,
f1c6e8,
f1c7e9,
f3c8e9,
f0c6e8,
f4c9eb,
f6caeb,
f5caea,
deb3d8,
f4c7ea,
f3c7ea,
f4c6e9,
e1a3cc,
fcb1da,
fcafd9,
fdafd9,
fdafd9,
fcb0d9,
fbb0d9,
fcafd9,
fdafd9,
fcb0d9,
fcb1da,
fdb2da,
fdb2db,
fcb2dd,
fdb1dd,
fdb1dd,
fcb2dd,
fcb2dd,
fbb2dd,
fbb2dc,
fab2db,
fab2db,
fbb2db,
fcb2db,
fcb3dc,
fcb3dc,
fcb3dc,
fcb3dc,
fcb3dc,
fdb3dd,
feb4dd,
feb4dd,
fdb5dd,
fcb5dd,
fcb5dd,
fcb5dd,
fcb5dd,
fcb5dd,
fbb5dd,
fbb5dd,
fbb5dd,
fab5dd,
fab5de,
fbb6df,
fab7df,
fbb7df,
fbb7df,
fcb7df,
fbb7e0,
fab8e0,
fbb9e0,
fcbae0,
fcbae0,
fcbae1,
fcbae1,
fcbae1,
fcbae1,
fcbae2,
fcb9e3,
fcbae3,
fcbae2,
fcbae2,
fcbae2,
fbbae2,
fbbbe3,
fbbbe2,
fbbbe2,
f9bbe2,
fbbce2,
fcbce2,
fabde2,
fabde3,
fabde2,
fabde2,
fabce2,
fabde3,
fbbee4,
fbbee4,
fbbee4,
fbbee4,
fcbfe5,
fec1e6,
fec1e6,
ffc2e7,
ffc1e7,
ffc2e7,
ffc2e7,
ffc2e7,
fec1e7,
fec1e7,
ffc2e6,
ffc3e7,
fdc3e8,
ffc4e9,
ffc4ea,
ffc4ea,
fec6eb,
ffc5ea,
ffc5e8,
fec6e9,
fec6e9,
fec6e9,
fec6ea,
ffc6eb,
fec7eb,
fec9eb,
ffcaec,
ffcaec,
ffcaec,
ffcaec,
ffcaec,
ffcaec,
ffcaec,
ffcaec,
ffcaec,
ffcaec,
ffcaec,
ffccee,
ffccee,
ffccef,
ffcdf0,
ffccee,
fecbee,
ffccef,
feccee,
ffccef,
fecdf0,
ffcef0,
ffcef0,
ffcef0,
ffcef0,
fdcdef,
fdcdef,
ffcef0,
ffcef0,
ffcef0,
fecef0,
fccef0,
fed0f2,
ffd2f4,
ffd3f5,
fed5f6,
fed5f5,
ffd5f4,
ffd5f3,
ffd4f3,
ffd4f3,
ffd4f3,
ffd4f1,
ffd3f3,
ffd3f3,
ffd3f3,
fed2f2,
ffd2f3,
ffd2f3,
ffd2f3,
ffd2f3,
ffd2f4,
fdd3f5,
fed4f4,
ffd3f5,
fed4f4,
fdd5f2,
fed5f3,
ffd7f6,
ffd9f8,
ffdbfa,
ffdefa,
ffdffb,
ffe0fa,
fee1fb,
fde2fb,
ffe3fc,
ffe3fb,
ffe3fa,
fee4fb,
ffe6fd,
fee6fe,
fde7ff,
fde7ff,
fee5fe,
ffe2fc,
ffdefa,
ffdcf8,
ffdaf6,
fc9bcd,
fa9bcd,
fb9bcd,
fe9cce,
fe9cce,
fd9cce,
f99cce,
f79cce,
f99ecf,
f99ecf,
fb9fcf,
fa9ed0,
f79ecf,
f8a0ce,
f6a0cd,
f6a0cd,
f6a2cf,
f7a6d2,
f8aad8,
f6aedb,
f6afdc,
f7afdc,
f7afdc,
f8aeda,
f8aad7,
f7a6d2,
f9a5d1,
f8a5d1,
f8a5d1,
f8a7d3,
f9aad5,
fbaed6,
f5b0d2,
eba8c2,
efadc6,
f6b7d9,
f5b9e1,
f3b9df,
f4b7e0,
f3b5df,
f3b5df,
f6b5df,
f7b4df,
f8b3da,
f6b0d6,
d58bb2,
e096bd,
f9a8d3,
f9a7d1,
f9a7d0,
f9a8cc,
f9a8c8,
f7a8c4,
da8fad,
f2a8cd,
f3a9cc,
f2a8cc,
f1a8cb,
f1aace,
f3abcf,
f3acd0,
f2aed2,
f2afd3,
f1b0d3,
f1b0d4,
efb1d4,
efb1d4,
efb1d4,
eeb2d5,
efb2d5,
f1b4d6,
f1b5d6,
f1b5d6,
d89dbf,
f3b7d8,
f1b9d9,
f1bada,
f1bada,
efb9d9,
eeb9d9,
efbada,
f0bbdb,
edb8d8,
ebb7d7,
efbbdb,
eebbdd,
eebbdd,
efbddd,
eebcdc,
eebcdc,
f0bede,
efbcde,
eebcde,
edbcde,
efbddf,
eebde0,
efbee3,
efbfe3,
d9acd2,
deb1d8,
ecbee1,
eebfe1,
efc0e2,
efc0e2,
efc0e2,
f0c1e3,
f0c1e3,
f1c1e3,
f2c1e5,
f2c1e5,
f3c3e7,
f2c3e5,
f0c4e5,
f0c4e6,
f1c4e7,
f1c5e5,
f1c5e7,
f1c5e7,
f1c5e7,
f2c6e7,
f2c6e8,
f2c6e8,
f2c6e8,
f2c6e8,
f0c6e7,
f1c7e9,
f3c8ea,
efc4e6,
f4c8e9,
f5c8ea,
f4c8e9,
e2b0d2,
f2c4e8,
f1c6e9,
f1c6e9,
e9afd9,
fcb1da,
fcafd9,
fdafd9,
fdafd9,
fcafd9,
fbb0d9,
fcafd9,
fdafd9,
fcb0d9,
fbb0d9,
fcb1d9,
fdb2db,
fcb2dd,
fdb1dd,
fdb1dd,
fcb2dd,
fbb2dd,
fbb2dd,
fbb2dc,
fab2db,
fab2db,
fcb3dc,
fcb3dc,
fcb3dc,
fcb3dc,
fcb3dc,
fcb3dc,
fcb3dc,
fcb3dc,
feb4dd,
feb4dd,
fdb5dd,
fbb5dd,
fbb5dd,
fbb5dd,
fbb5dd,
fbb5dd,
fbb5dd,
fbb5dd,
fbb5dd,
fab5dd,
fab6df,
fbb6df,
f9b7df,
fcb7e0,
fcb7e0,
fcb7e0,
fbb7e0,
fab8e1,
fbb9e1,
fcbae2,
fcbae2,
fcbae2,
fbbae2,
fabae2,
fbbae2,
fcbae2,
fcb9e4,
fdbae3,
fcbae2,
fcbae2,
fcbae2,
fbbbe3,
fcbce3,
fbbbe3,
fabbe3,
f9bbe3,
f9bbe3,
f9bbe3,
f9bce2,
f9bce1,
fabde2,
fabde2,
fabde3,
fabde4,
fbbee5,
fbbfe3,
fbbfe2,
fcbfe5,
fcbfe5,
fec1e6,
fec1e6,
fec1e6,
fec1e6,
fec1e6,
fec1e6,
fec1e6,
ffc2e7,
ffc2e7,
ffc2e8,
ffc3e8,
fdc3e8,
ffc4ea,
ffc4ea,
ffc4ea,
fec6eb,
fec5ea,
fdc5ea,
fec6e9,
fec6e9,
fec6e9,
fec7e9,
ffc7ea,
fec8ea,
fec9eb,
ffcaec,
ffcaec,
ffcaec,
ffcaec,
ffcaec,
ffcaec,
ffcaec,
ffcaec,
ffcaec,
fecaec,
ffccef,
ffccef,
fecdef,
ffcef0,
ffcef0,
ffcdf0,
ffccef,
ffccee,
ffccee,
ffccef,
ffcef0,
ffcef0,
ffcef0,
ffcef0,
ffcef0,
fdcdef,
fdcdef,
ffcef0,
ffcef0,
ffcef0,
ffcef0,
fdcff1,
fed2f4,
ffd6f7,
ffd9f9,
ffdafb,
fedaf9,
fedaf8,
ffdaf7,
ffd8f4,
ffd7f4,
ffd6f4,
ffd5f2,
ffd4f3,
ffd3f3,
ffd3f3,
fed2f2,
ffd2f3,
ffd2f3,
ffd2f3,
ffd2f3,
ffd3f5,
fdd3f5,
fdd5f4,
fed5f4,
ffd5f4,
fed5f2,
ffd6f2,
ffd7f6,
ffd9f8,
ffdbfa,
ffdefa,
ffe0fb,
ffe0fa,
fee2fb,
fde2fb,
ffe3fc,
ffe3fb,
ffe3fa,
fee4fb,
ffe6fd,
fee7fe,
fee7ff,
fee6ff,
fee6fe,
ffe3fd,
ffe0fb,
ffddfa,
ffdaf7,
fb99cc,
fb9acc,
fa9aca,
fd9bcb,
fc9ccd,
fc9cce,
fc9cce,
fa9cce,
fa9cce,
fa9dcf,
fb9dcf,
fa9ecc,
f99ecd,
f99fcb,
f89fc6,
f79ec5,
f99fc8,
f9a3d0,
fba9d8,
faaddb,
f8aedb,
f9aedb,
f9aeda,
f8aed9,
f7a9d8,
f7a6d4,
faa4d3,
faa4d1,
faa5d1,
fca6d1,
fcaad2,
f8abce,
f0a9c9,
f1b1d3,
f4b8df,
f4b8e2,
f5b6e0,
f5b4df,
f5b2dd,
f6b3de,
f7b4e0,
f7b4e0,
f6b4e0,
f7b3de,
e8a5cc,
e69ac1,
e196be,
f8a9d6,
f7a9d6,
f8a9d5,
f8aad2,
f9aace,
f8a9c6,
db92b0,
f3a8cb,
f3a9cd,
f2a9cd,
eaa2c6,
f1abce,
f3accd,
f2acd0,
f2acd0,
f2aed2,
f4b0d4,
f1b0d2,
f0b0d2,
efb1d2,
efb1d2,
efb2d3,
eeb2d3,
f0b4d5,
f1b5d6,
f0b5d7,
dea3c6,
f1b7d8,
f0b8d8,
f1b9d9,
f0b9d9,
efb9d9,
efbada,
efbada,
efbada,
edb9d9,
edb8d9,
f0bbdb,
efbbdd,
eebbdd,
eebbdd,
eebbdc,
eebbdb,
efbddd,
efbddd,
efbcde,
efbcde,
efbcde,
eebddf,
eebee2,
eebee3,
d8acd3,
dcb1d7,
edbde1,
edbfe1,
eebfe1,
efbfe1,
efbfe1,
efc0e2,
efc0e2,
f0c1e3,
f2c1e3,
f2c2e4,
f2c4e5,
f1c3e5,
f0c4e5,
f0c4e5,
f0c4e5,
f0c4e5,
f0c4e6,
f1c5e6,
f1c5e7,
f1c5e7,
f1c5e7,
f2c5e7,
f2c6e8,
f2c6e8,
f2c6e8,
f3c6e8,
f3c8ea,
e7bcdf,
f2c8e9,
f1c7e9,
f0c7e9,
ecbee1,
e8b8db,
f1c5ea,
f2c5ea,
e5aad7,
fcb1db,
fbb0d9,
fbb0d9,
fbb0d9,
fcb0d9,
fdafd9,
fdafd9,
fdafd9,
fcb0d9,
fbb0d9,
fcb1db,
fdb2db,
fdb1dd,
fdb1dd,
fdb1dd,
fdb1dd,
fdb1dd,
feb2dc,
fdb2dd,
fcb3dc,
fcb3dc,
fcb3de,
fdb4de,
fcb3dc,
fcb3dc,
fcb3dc,
fcb3dc,
fcb3dc,
fcb3dc,
fdb4dd,
feb4df,
fdb4df,
fbb4de,
fbb4de,
fbb4de,
fab5de,
f9b5de,
f7b5de,
f8b5de,
fbb6df,
fab6df,
f8b6df,
f8b6df,
f9b7e0,
fab8e0,
fab7e0,
f9b7e1,
fab8e2,
fbb8e3,
fcb9e3,
fcb9e3,
fbbae3,
fabae3,
fbbae2,
fcbae2,
fbbae4,
fbbae3,
fcbbe3,
fdbbe3,
fdbbe3,
fbbbe4,
fbbce4,
f9bce2,
f9bce2,
f9bce3,
f9bbe3,
f9bbe3,
f9bbe3,
f9bbe3,
f9bce2,
f9bce1,
fabde4,
fbbee4,
fbbee4,
fbbee4,
fbbee4,
fabee4,
fabee6,
fbbfe6,
fcbfe5,
fcc0e6,
ffc1e6,
ffc1e7,
ffc1e7,
ffc1e7,
fec0e8,
ffc0e8,
ffc1e9,
ffc1e8,
ffc2e7,
ffc3e8,
ffc4e9,
ffc4ea,
ffc4ea,
ffc4ea,
ffc5eb,
ffc5eb,
fec6eb,
fec5ea,
fdc6ea,
ffc8ea,
ffc8eb,
fec9ea,
fec9eb,
ffcaec,
ffcaec,
ffcaec,
ffcaec,
ffcaec,
ffcaec,
ffcaec,
ffcaec,
ffcaec,
ffcaec,
fecbed,
ffccee,
ffccef,
fecdef,
ffcef0,
ffcef0,
ffcef0,
ffcef0,
ffcef0,
ffcef0,
ffcef0,
fecdf0,
fdcdef,
fecef0,
fdcdef,
fdcdef,
fdcdef,
fdcdef,
fecdef,
ffcff1,
fecff1,
fecff1,
ffd3f3,
ffd7f5,
ffdcf8,
ffdefb,
ffe0fb,
ffe0fd,
ffe0fb,
ffdff9,
ffdef8,
ffdbf7,
fed8f6,
fdd5f3,
fdd4f3,
fdd4f3,
ffd3f3,
ffd3f3,
ffd4f1,
ffd3f3,
ffd3f4,
fed4f4,
fed4f6,
fed4f6,
fdd5f5,
fed5f3,
fed5f5,
fed5f5,
ffd5f5,
ffd7f6,
ffd9f8,
ffdbfc,
ffddfa,
ffe0fa,
ffe0fa,
ffe1fb,
ffe3fc,
ffe3fc,
ffe3fb,
ffe4fd,
fee4fd,
fee4fb,
fee5fc,
fee6ff,
fee6ff,
fee6ff,
ffe5fd,
ffe2fc,
ffdffb,
ffddf9,
fb9acb,
fb9aca,
fb9aca,
fc9bc9,
fc9bcc,
fc9cce,
fc9cce,
fa9cce,
fa9cce,
fa9dce,
fb9dcf,
fa9fcb,
f99ecc,
f99eca,
f99ec4,
fb9dc3,
fc9ec8,
faa1d0,
f8a4d5,
faa9d7,
faabd9,
fcabd9,
faacd8,
f9acd7,
f7a8d6,
f7a5d4,
faa4d3,
fba3d2,
fca5d1,
fba5cd,
f6a6c6,
f3a7c7,
f6afd3,
f9b8e0,
f6b6e0,
f6b3df,
f5aed9,
f4aad6,
f6aad6,
f9acd8,
f9aedc,
f8b0de,
f5b2df,
f6b3dd,
dd98c1,
ec9ec5,
eda2cb,
f8abd9,
f7acd9,
f8abd8,
f7acd7,
fbacd2,
f8aac9,
dc94b5,
f3a8cb,
f3a9cd,
f1a9cd,
e8a0c4,
f1abce,
f3acce,
f3add0,
f3add1,
f2aed2,
f4b0d4,
f1b0d2,
f0b0d1,
f0b0d1,
efb1d0,
efb3d1,
eeb3d2,
f0b4d5,
f1b5d6,
e8adcf,
eeb2d5,
f2b8d8,
efb8d8,
f1b8d9,
f0b9d9,
eeb9d9,
efbada,
efbada,
efbada,
eeb9d9,
ecb7d8,
f0bbdb,
efbbdd,
efbbdd,
f0bbdd,
efbbdc,
edbbdb,
f0bddd,
efbddd,
efbcde,
efbcde,
efbcde,
eebddf,
eebee3,
eebde4,
d4a8d0,
d9afd6,
f0bfe6,
edbee1,
efbfe1,
edbfe1,
edbfe1,
eec0e2,
efc0e2,
efc1e3,
f0c1e3,
f0c1e3,
f1c2e4,
f1c2e4,
f0c4e5,
f0c4e5,
f0c4e5,
f0c4e5,
f0c4e5,
f0c4e5,
f1c5e7,
f1c5e7,
f1c5e7,
f1c5e7,
f2c6e7,
f2c6e8,
f2c6e8,
f3c6e8,
f4c8ea,
e6bcde,
f1c7e9,
f0c6e7,
f0c6e8,
ebc0e3,
e5b7d9,
f1c4ea,
f1c4e9,
ecb3df,
fab0db,
fbb0d9,
fbb0d9,
fbb0d9,
fcb0d9,
fdafd9,
fcaed9,
fdafd9,
fcafd9,
fbb0d9,
fcb1db,
fdb2db,
fdb1dd,
fdb1dd,
fdb1dd,
fdb1dd,
fdb1dd,
ffb3dd,
ffb3dd,
fdb3dc,
fdb3dd,
fdb4df,
feb4df,
fdb4dd,
fdb3dc,
fcb3dc,
fcb3dc,
fcb3dc,
fdb4dd,
fdb4de,
feb4df,
fdb4df,
fbb4df,
fbb4df,
fcb4df,
f9b5df,
f9b5df,
f6b5de,
f8b5de,
fbb6df,
fab6df,
f9b6df,
f9b6df,
fab7e0,
f5b8e0,
f6b8e0,
f9b8e2,
f9b8e3,
fcb9e3,
fbb9e4,
fbbae4,
fcbbe3,
fcbbe3,
fbbae2,
fdbae3,
febae5,
fcbae4,
fabbe3,
fcbbe5,
fdbbe5,
fbbbe6,
fabce5,
f9bce2,
f9bce1,
f9bbe3,
f9bbe3,
f9bbe3,
f9bce3,
f9bce3,
f9bce4,
fabce3,
fbbde5,
fbbee5,
fbbee5,
fbbee5,
fbbee5,
fabee5,
fabfe7,
fabfe7,
fdc0e7,
fec0e6,
ffc2e8,
ffc1e9,
ffc1e9,
ffc1e9,
fec1ea,
ffc1e9,
ffc1e9,
ffc1e9,
fec2e7,
fec3e9,
ffc4e9,
ffc4ea,
fec3e9,
fec4e9,
ffc5eb,
ffc5eb,
fec6eb,
ffc6eb,
fec8ec,
ffcaed,
ffccef,
ffcdee,
feccee,
fecbed,
ffcaed,
ffcaec,
ffcaec,
ffcaec,
ffcbed,
ffcbed,
ffcbed,
ffcbee,
ffccee,
fecbee,
ffccef,
ffccef,
fecdef,
ffcef0,
ffcef0,
ffcef0,
ffcef0,
ffcef0,
ffcef0,
ffcef0,
fecdef,
fdcdef,
fdcdef,
fdcdef,
fdcdef,
fdcdef,
fecdef,
ffcef0,
ffcff1,
ffd1f2,
ffd2f3,
ffd6f5,
ffdaf7,
ffdef9,
ffe0fb,
fee1fc,
ffe2fd,
ffe2fb,
ffe2fa,
ffe0fa,
ffddf8,
fdd8f7,
fcd5f4,
fdd4f3,
fdd4f3,
fed4f3,
ffd4f3,
ffd4f2,
ffd4f2,
ffd3f3,
fed4f3,
fed5f5,
ffd5f7,
fdd5f5,
fed5f3,
fed5f4,
fed5f4,
fed6f5,
ffd8f7,
ffdaf9,
ffdcfb,
ffddfa,
ffe0fa,
ffe0fa,
ffe1fa,
ffe2fc,
ffe3fc,
ffe3fb,
ffe4fd,
fee4fd,
fee4fb,
fee5fc,
fee6fe,
fee6ff,
fee7ff,
ffe6fe,
ffe4fc,
ffe1fc,
ffdefa,
fb9aca,
fa99c8,
fb99c8,
fc9aca,
fb9bcb,
fb9ccd,
fc9dcc,
fc9dca,
fb9dcb,
fb9dcc,
fc9ecd,
fb9ecb,
fa9fc6,
f79ec1,
f89dc0,
f99fc7,
f8a0ce,
f9a0cf,
f9a1d0,
f9a5d3,
f9a5d3,
f9a6d5,
f9a6d5,
f8a7d5,
f9a4d4,
f9a4d4,
f9a3d3,
faa2d0,
f9a2cc,
f8a2c7,
f6a2c2,
f9a6ca,
faabd4,
faadd7,
f8add8,
f7aad9,
f7a7d4,
f7a6d2,
f7a5d2,
f9a7d2,
f8a8d5,
f6abd9,
f6afdc,
f7b0de,
e299c5,
e99dc7,
eca2cc,
f7aedb,
f8aedc,
f8acd9,
f8acd8,
f8acd6,
f3a7cd,
df97ba,
f2a8ca,
f2a9cb,
f1a9cb,
e79fc2,
f2abce,
f4acd0,
f2acd0,
f2acd0,
f0aed2,
f2afd3,
f1b0d3,
f0b0d1,
f0b0d1,
f0b1d1,
f1b2d3,
eeb2d3,
efb3d4,
f0b5d6,
e6aacd,
ebaed2,
f1b6d9,
f1b7d8,
f1b8d8,
f1b9d9,
efb9d9,
efbada,
efbada,
efbada,
ecb7d8,
efbada,
eeb9db,
efbbdc,
f0bbdc,
f0bbdc,
edbadb,
edbada,
f0bcde,
eebbdd,
eebbdd,
efbcde,
efbcde,
edbcdf,
ebbde0,
ebbde2,
cfa7d0,
ddb7df,
e4b5dd,
edbee2,
edbfe1,
edbfe1,
ecbee0,
edbfe1,
edbfe1,
eebfe1,
f0c2e4,
f4cdef,
f1c3e5,
f0c3e4,
efc3e4,
f0c4e5,
f0c4e5,
f0c4e5,
f0c4e5,
f0c4e5,
f1c5e7,
f1c5e5,
f0c5e5,
f1c5e7,
f1c5e7,
f0c4e6,
f1c5e7,
f2c6e8,
f4c8ea,
e8bce0,
f0c6e8,
f0c6e8,
f1c5e7,
efc2e4,
e3b2d1,
f5c3e9,
f4c4e9,
f2c2e8,
f5acd8,
fbb0d9,
fbb0d9,
fbb0d9,
fbb0d9,
fcafda,
fcafda,
fcb0dc,
fcb0dc,
fcb0dc,
fdb1dc,
fdb2dc,
fdb1dd,
fcb2dd,
fbb2dd,
fbb2dd,
fbb2dd,
feb3dc,
ffb3dc,
feb3dc,
feb3dd,
feb4de,
feb4de,
feb4dd,
feb4de,
feb4df,
fdb3dd,
fdb3dd,
fdb4df,
feb4df,
feb4df,
fdb4df,
fbb4df,
fbb4df,
fdb5e0,
f9b5e0,
f8b6df,
f8b7df,
f8b7e0,
f8b7e1,
f8b7e1,
f9b7e0,
fbb7e1,
fab7e1,
f7b6e1,
f8b7e1,
fab7e2,
fab7e2,
fcb9e3,
fcb9e4,
fcb9e3,
fbb9e4,
fcb9e4,
fcbae4,
fdbae4,
febae5,
fbbbe5,
f9bbe5,
f9bbe5,
f9bbe5,
fabae4,
fabae4,
f9bae4,
f8bbe2,
f9bbe3,
f9bbe3,
fabce4,
fabde4,
fabde4,
f9bee5,
f9bee5,
fbbee5,
fbbee5,
fbbee4,
fbbee5,
fcbee6,
fbbfe7,
fabfe7,
fdbfe8,
fec0e8,
fec0e8,
fec0e8,
ffc1e9,
ffc1e9,
ffc1e9,
fdc1e9,
fdc1e9,
fec1e9,
ffc1e9,
fec3ea,
fec3e9,
ffc4e9,
ffc4ea,
fdc4ea,
fdc6eb,
fcc6eb,
fdc6eb,
fec7ec,
fec9ed,
fecaed,
ffcdf0,
fed0f2,
fdd3f4,
fed1f3,
fed0f2,
ffcff1,
feccee,
fecbee,
feccee,
fecdef,
ffcef1,
ffcef1,
fecff1,
fed0f2,
fdcef1,
fecdef,
ffccef,
ffcdef,
ffcef0,
ffcef0,
ffcef0,
ffcef0,
fecdef,
fecdef,
fecdef,
fecdef,
fdcdef,
fdcdef,
fecdef,
fecdef,
fecdef,
ffcef0,
fecff1,
fed0f2,
ffd2f4,
ffd5f6,
ffd8f7,
fedcf9,
fee0fb,
ffe0fb,
ffe0fb,
fee1fb,
ffe2fb,
ffe2fc,
ffe0fb,
ffdefa,
ffd9f8,
ffd6f5,
fed5f4,
fed5f3,
fed5f2,
fed5f2,
ffd6f5,
ffd5f4,
fed5f4,
ffd6f2,
fed6f2,
fed6f6,
fdd6f5,
fed6f5,
fed6f5,
fed7f6,
fdd7f6,
fedaf8,
fddbfb,
ffdcfb,
ffdefa,
fedefa,
fedff8,
fedff9,
ffe1fa,
ffe2fc,
ffe3fb,
ffe4fb,
fee4fb,
fee4fb,
fee5fc,
fee6fe,
fee6ff,
fee6ff,
fee6ff,
fee4fd,
ffe2fb,
ffdef9,
fb99cb,
fa99c9,
fa99c8,
fb9aca,
fc9bcb,
fc9ccc,
fc9dcc,
fc9ecb,
fd9ecc,
fd9ecb,
fd9eca,
fa9fc5,
f79fbb,
f79ebe,
fa9ec5,
f99fcd,
f89fd1,
fa9fcf,
f9a1d0,
f6a1cf,
f7a2d1,
f7a2d2,
f8a2d2,
f8a3d3,
f9a2d3,
faa2d3,
f8a2d2,
f9a1cd,
f8a1c7,
f7a0c6,
f7a2c8,
f9a4cf,
f9a5d3,
faa6d4,
f8a5d4,
f7a4d4,
f7a4d1,
f8a4cf,
f8a4d1,
f8a5d3,
f7a6d4,
f3a9d7,
f5adda,
f6b0dc,
de98c4,
ea9fca,
eea4cd,
f6aed9,
f7abda,
f6abd9,
f6abd9,
f6abd6,
e599c4,
f4a8ce,
f3a7cb,
f2a9cc,
f1aacb,
e69fc0,
f1aacd,
f4acd0,
f1acd0,
f1acd0,
f0aed1,
f1afd2,
f1afd2,
f0b0d1,
f0b0d1,
f1b1d1,
f1b1d3,
eeb2d3,
efb3d4,
f2b6d6,
ebadd1,
edb0d3,
f2b6d9,
f1b7d9,
f0b7d8,
f0b9d9,
efb9d9,
efbadb,
efbada,
efbada,
e5b1d1,
efbbdc,
eebadb,
f0bbdb,
efbbdd,
efbbdb,
ecb9d9,
eab7d8,
efbcde,
eebbdd,
eebbdd,
eebbdd,
eebcde,
edbddf,
ecbde1,
ebbde2,
d1a9d1,
e6c1e8,
c89bc4,
ecbee2,
ecbfe1,
edbfe1,
edbfe1,
edbfe1,
edbfe1,
eebfe1,
efc2e3,
f0c5e7,
f1c2e4,
f0c3e4,
efc2e4,
eec2e4,
f0c3e5,
f0c3e5,
f0c4e5,
f0c4e5,
f0c4e5,
f0c4e5,
f0c5e5,
f2c5e7,
f1c5e7,
f1c5e7,
f1c5e7,
f2c6e8,
f4c8ea,
eabee1,
f0c5e6,
f0c5e6,
f1c5e7,
f0c4e6,
e0afcc,
f7c5eb,
f3c4e9,
f5c5e6,
eda9d4,
fab0d9,
fab0d9,
fbb0d9,
fbafd9,
fbafda,
fbafdb,
fcb0dc,
fcb1dd,
fdb2dd,
fdb1dd,
fdb1dd,
fcb2dd,
fcb2dd,
fcb3de,
fbb2dd,
fbb2dd,
fdb3dd,
feb3dd,
ffb3dd,
ffb3dd,
ffb4de,
ffb4de,
feb4de,
fdb4df,
fdb4e0,
feb4df,
feb4de,
fcb4df,
fcb4df,
fbb4df,
fbb4df,
fab4df,
fbb5e0,
fcb5e0,
fab6e0,
fab6e0,
f8b8e0,
f7b8e0,
f5b7e2,
f6b7e1,
f6b7e1,
f8b8e1,
f8b8e1,
f6b7e1,
f6b7e1,
f8b7e2,
fab8e2,
fab9e4,
fabae4,
fabae4,
fabae4,
f9bae4,
fbbae4,
fcbae5,
fbbae5,
f9bbe5,
f8bbe5,
f8bbe5,
f9bce6,
fabae4,
fabae3,
f9bae3,
f8bae2,
f8bce3,
f8bce3,
f9bce3,
fabde3,
fbbee4,
fabee5,
fabee5,
fbbee5,
fbbee4,
fcbfe5,
fbbfe6,
fbbfe7,
fabfe7,
fabfe7,
fbc0e7,
fcc1e7,
fcc1e7,
fdc1e7,
fdc1e8,
fec1e8,
fec2e7,
fcc2e9,
fcc2e8,
fec2e9,
fec2e9,
fdc3ea,
fdc3e9,
fec3e9,
ffc4e9,
fcc5ea,
fcc6eb,
fdc7ec,
fcc7ec,
fdc9ee,
fecdf0,
fed0f2,
fcd2f3,
fdd5f6,
fed9f9,
ffd8f9,
ffd7f8,
ffd5f7,
fdd1f2,
fdcff0,
fdd0f1,
fed3f4,
ffd5f6,
ffd5f6,
ffd6f6,
ffd6f6,
fed2f4,
fed0f2,
ffcdf0,
ffcef0,
ffcef0,
ffcff1,
ffcff1,
ffcff1,
ffcff1,
ffcef0,
fecef0,
fecef0,
fdcef0,
fdcef0,
ffcef0,
ffcff1,
ffcff1,
ffcff1,
fed1f2,
fed2f4,
ffd5f7,
ffd7f7,
ffdaf8,
feddf9,
fedffa,
ffdffb,
ffe0fb,
fee1fb,
fee1fb,
fee2fb,
ffe0fb,
ffdefa,
ffd9f8,
ffd6f5,
fed5f4,
fed5f4,
ffd6f4,
ffd6f4,
ffd8f6,
ffd7f6,
ffd7f6,
ffd7f5,
ffd6f4,
fdd6f5,
fdd6f5,
fdd6f5,
ffd7f6,
fed7f6,
fed9f8,
ffdaf8,
ffdbf9,
ffdcf9,
feddf9,
fddef8,
ffdff8,
ffdff9,
ffe0fa,
ffe1fb,
ffe2fa,
fee4fc,
fee4fb,
ffe6fd,
ffe6fc,
fee6fe,
fee6ff,
fee6ff,
fee6ff,
fee4fe,
ffe2fb,
fedefa,
fb99cb,
fb99cb,
fb99ca,
fb99ca,
fd9bcc,
fd9dcb,
fc9dcc,
fc9dcc,
fb9ccd,
fb9dcb,
fa9ec3,
f99cba,
f99db6,
f99ec3,
f79fcc,
f89fcf,
f6a0cf,
fa9fcf,
f89fcf,
f5a0ce,
f4a0cf,
f6a1cf,
f7a1d1,
f7a1d1,
f9a0d1,
f9a1d1,
f9a1ce,
f7a0cb,
f7a0cb,
f8a1cc,
f9a2cd,
f9a2d0,
f8a2d1,
faa2d1,
f8a2d1,
f7a3d0,
f6a3d1,
f7a4d0,
f6a4d1,
f7a5d3,
f6a7d5,
f4a9d7,
f5adda,
f5afdb,
e8a3ce,
df94be,
eca2cb,
f6add9,
f6a8d6,
f6a8d6,
f6a8d7,
f5a7d4,
e79dc6,
f1a6cc,
f2a8cb,
f0a8ca,
f1a9ca,
e59dbe,
f1aacd,
f3abd0,
f1add0,
f6b3d6,
f1aed0,
f1afd1,
f0b0d1,
f0b0d1,
f0b0d1,
f1b0d1,
efb1d2,
eeb2d3,
f1b3d4,
f2b4d6,
e9aacc,
eaaed1,
f1b6d9,
f1b7da,
f0b7d9,
f0b9d9,
efb9da,
eeb9da,
eeb9d9,
efbada,
eab5d5,
efbadb,
efbadb,
efbbda,
efbadd,
efbbdb,
eebada,
e9b6d8,
efbbde,
eebbdd,
eebbdd,
eebbdd,
eebcde,
edbcdf,
ecbde1,
eabde3,
d0a8cf,
e3c0e8,
caa2cb,
ecbfe4,
ebbfe1,
edbfe1,
ecbfe1,
ecbee0,
ecbee0,
edbfe0,
efc0e2,
f0c1e3,
f0c1e3,
f0c1e3,
f0c1e3,
efc1e3,
efc2e4,
efc2e4,
efc3e4,
f0c4e5,
f0c4e5,
f0c4e5,
f0c4e5,
f1c4e5,
f1c5e7,
f1c5e7,
f0c4e7,
f2c6e8,
f3c8e9,
e3b8da,
f1c5e5,
f0c5e4,
f1c5e6,
f1c5e7,
ddb0ce,
eabade,
f3c4e9,
f5c4e5,
eeabd5,
f9b0d9,
f9b0d9,
fbb0d9,
fbb0d9,
faafda,
fbafdb,
fcb1dc,
fcb2dd,
fcb1dd,
fcb1dd,
fcb1dd,
fbb2dd,
fcb2de,
fcb3de,
fcb3de,
fcb3de,
fcb2de,
fcb3de,
fdb3dd,
ffb3dd,
feb4df,
feb4df,
feb4df,
fdb4df,
fbb4df,
fcb4e1,
feb4e0,
fbb3df,
fab3df,
f9b4de,
f9b4df,
f8b4df,
fab5e0,
fbb6e0,
fbb6e0,
fbb6e0,
fab7e0,
f8b7e0,
f4b7e1,
f4b7e1,
f4b7e1,
f5b8e1,
f5b8e1,
f5b7e0,
f5b7e1,
f4b8e2,
f8b9e3,
f8bae4,
f8bae4,
f8bae4,
f8bae4,
f8bae4,
fabae4,
fab9e4,
f8bae4,
f7bbe5,
f7bbe5,
f7bbe5,
f9bce6,
fabbe4,
fabae2,
fabae2,
f9bae2,
f7bce3,
f8bce3,
f9bde3,
fabde3,
fbbee4,
fabee4,
fbbee5,
f9bee5,
fabfe5,
fcbfe5,
fbbfe6,
fabfe7,
fabfe7,
fac0e7,
f9c1e6,
f9c1e6,
fac1e6,
fac1e6,
fac1e6,
fbc2e7,
fcc2e7,
fcc2e9,
fcc3e8,
fec3e8,
fec3e8,
fcc3e8,
fdc3e8,
fec3e8,
fec4ea,
fdc6ea,
fcc6eb,
fdc7ec,
fccaee,
fdcff3,
fed3f7,
fed6f9,
fdd8f8,
fddbf9,
feddfa,
feddfd,
fedcfe,
ffd9fc,
fcd6f5,
fcd6f5,
fcd6f6,
fdd8fa,
fddafb,
fedbfc,
ffdbfb,
fedaf9,
fed5f7,
fed3f4,
fed0f2,
ffd0f2,
ffd1f3,
ffd1f3,
ffd2f4,
ffd1f3,
ffd0f2,
fed0f1,
fdcff1,
fdd0f1,
fdd0f1,
fdd0f1,
fed0f2,
ffd0f2,
fed1f2,
fed1f2,
fdd2f3,
fed3f5,
ffd7f8,
fed9f8,
ffdaf8,
ffdcf9,
ffddf9,
ffdefa,
ffe0fb,
fee1fb,
fee1fb,
fee1fb,
ffe1fb,
ffdefa,
ffdaf7,
fed7f6,
fed7f6,
ffd8f7,
fedaf8,
fedbfa,
fedcfb,
ffdbfa,
ffdaf8,
fed7f5,
fed7f5,
fdd6f5,
fdd6f5,
fdd7f5,
ffd7f6,
ffd9f7,
ffdaf9,
ffdcf8,
ffdcf8,
ffddf9,
fedef8,
fedff8,
ffdff8,
ffe0f9,
fee0fa,
ffe1fb,
ffe2fc,
fee4fd,
ffe5fc,
ffe6fd,
ffe6fc,
fee6fd,
fee6fe,
fee6fe,
fee5fe,
fee3fe,
ffe0fb,
feddf9,
fb99cb,
fb99cb,
fb99cb,
fc9bcb,
fd9bce,
fd9cce,
fc9ccf,
fc9dcc,
fe9dc7,
fb9cbc,
f99cb3,
f79bb5,
fb9ebe,
f99fc9,
f8a0cd,
f79fcf,
f69fd0,
f69fd0,
f6a0cf,
f3a0ce,
f4a1cf,
f6a1cf,
f5a1d0,
f5a1d0,
f7a0d1,
f9a0d1,
f8a0ce,
f8a0cd,
f8a1cf,
f7a1cf,
f6a1d0,
f8a2d0,
f9a2d2,
f7a2d2,
f7a2d2,
f5a2d2,
f6a3d1,
f7a4d2,
f8a6d2,
f7a7d2,
f5a8d5,
f4aad7,
f6abdb,
f5addc,
f2aed9,
d58fb8,
eb9fca,
f6a9d7,
f6a6d4,
f6a6d4,
f7a6d5,
f2a4d1,
e99ec7,
f1a5cc,
f0a6ca,
efa8ca,
f0a9ca,
e39cbc,
f1aacc,
f2acce,
f1acce,
f2adcf,
f1aed0,
f2afd0,
efafd0,
f0b0d1,
f0b0d1,
f0b0d1,
efb1d2,
eeb2d3,
f0b3d4,
efb4d6,
e2a5c8,
e7adcf,
f0b6d9,
f1b7da,
f0b7d9,
efb8d8,
efb9d9,
eeb9d9,
eeb9d9,
eeb9d9,
ebb5d7,
efbadb,
efbada,
f0bbdc,
f0bbdb,
efbbdb,
eebadb,
e4b0d5,
eebddf,
eebbdd,
eebbdd,
eebade,
edbadd,
edbcdf,
edbcdf,
eebee2,
d2a9d3,
e7c3eb,
e4c0e7,
ddafd6,
edbfe1,
edbfe1,
edbfe1,
ecbee0,
ecbee0,
ecbee0,
efbfe1,
efc0e2,
f0c1e3,
f0c1e3,
f0c1e3,
f0c1e3,
f0c1e3,
efc1e3,
eec1e3,
eec2e4,
f0c4e5,
f0c4e5,
f0c4e5,
f0c4e5,
f1c5e7,
f1c5e6,
f0c4e5,
f1c5e7,
f3c7e9,
ddafd5,
f1c6e4,
f0c4e4,
f0c4e5,
f0c4e6,
e5b3d4,
e3b5d9,
f5c5ea,
f5c3e7,
f2afd7,
f9b0d9,
f9b0d9,
f9b0d9,
f9afd9,
f9afda,
fab0db,
fbb2dd,
fcb2dd,
fcb2dd,
fcb2dd,
fcb3de,
fcb3de,
fbb3dd,
fcb4dd,
feb4de,
feb4de,
fbb3de,
fbb3de,
fbb3de,
fbb3de,
fbb3de,
fbb3de,
fbb3de,
fbb3df,
fbb3e0,
fbb4df,
fcb4e0,
fab4df,
f9b4df,
f9b4df,
f8b5df,
f6b5df,
f7b5df,
f8b5df,
f9b7df,
fab8de,
f6b8e0,
f6b8e0,
f5b7e1,
f5b8e2,
f7b9e3,
f7b9e3,
f7b9e3,
f7b8e4,
f7b8e4,
f7b9e3,
f7b9e3,
f6bae4,
f7bae4,
f8bae4,
f8bae4,
f8bae4,
f9bae5,
f8bae4,
f6bae4,
f6bbe5,
f7bbe5,
f7bbe5,
f8bce6,
f8bae3,
f9bbe3,
f7bce3,
f7bce3,
f8bde4,
f8bde4,
f8bde5,
f8bde4,
f9bee4,
f9bee5,
fabee5,
f9bee5,
f9bfe7,
f9bfe7,
f9bfe7,
f9bfe7,
f9bfe7,
f9c0e8,
f9c1e6,
f9c1e6,
fac1e6,
fac2e7,
fac2e7,
fbc3e8,
fcc3e8,
fcc3e9,
fdc4e9,
fec4eb,
fec3e9,
fdc3e9,
fdc4ea,
fbc5ea,
fdc6eb,
fdc7ec,
fcc7ec,
fcc8ed,
fdccef,
fdd1f3,
ffd7fa,
fedafb,
fedbfb,
fedefa,
fedffb,
ffdffd,
ffdffd,
fedbfd,
fcdaf9,
fcdaf9,
fcdaf9,
fedbfc,
ffddfd,
ffddfe,
fedefd,
fbdbfa,
fbd8f9,
fed5f5,
ffd3f5,
ffd4f6,
fed5f7,
fed6f8,
ffd6f9,
ffd4f7,
fed4f5,
ffd3f4,
ffd2f4,
fed2f4,
fed2f4,
fed2f4,
fed2f3,
fed2f3,
fcd3f5,
fcd3f5,
fcd3f5,
fdd5f6,
ffd7f8,
fed9f8,
fddafa,
fedbf9,
ffdcfa,
ffdef9,
ffe0f9,
fee1fd,
ffe2fd,
ffe3fc,
ffe1fc,
ffdffa,
fedcf8,
fcdaf8,
fedbf9,
ffdbf9,
ffddfb,
fedefd,
ffe0fe,
ffe0fd,
feddfa,
ffdaf8,
fdd8f6,
fed8f5,
fed8f6,
fdd8f7,
fed8f7,
fdd9f7,
fedaf9,
fedbfa,
ffddf7,
fedef8,
fedff8,
ffe0f9,
fee0fa,
fee0fa,
fee0fa,
fee1fb,
fee1fb,
ffe4fd,
fee4fd,
ffe4fd,
ffe5fc,
ffe5fc,
fee5fc,
fee5fc,
fee4fd,
ffe1fc,
ffdefc,
ffdbf9,
fb99cb,
fb99cb,
fb99cb,
fc9bcb,
fd9bcd,
fe9ccd,
fd9ccd,
fc9dc5,
fa9dba,
f89cb1,
f89cb2,
fa9dc1,
fb9fca,
fa9fce,
f99fce,
f79fce,
f59fcd,
f5a0ce,
f4a0ce,
f3a0cf,
f5a2d0,
f7a2d0,
f7a3d0,
f6a3d1,
f7a2d1,
f8a2d2,
f4a1d0,
f7a2d1,
f7a2d2,
f7a2d2,
f6a2d2,
f7a2d1,
f7a2d2,
f6a2d2,
f6a2d2,
f4a2d1,
f6a3d1,
f7a3d4,
f7a4d4,
f7a5d4,
f5a6d5,
f3a7d4,
f3a8d6,
f2a9d6,
f1aad6,
e39dc7,
e498c4,
f7a7d5,
f6a5d3,
f6a5d3,
f6a5d3,
efa1ce,
eba0c7,
eea5cb,
f0a6cb,
eea7c9,
f0a8ca,
de96b9,
f2aacc,
f1accd,
f1adce,
f2adcf,
f0adcf,
f1aed0,
efafd0,
efafd0,
efafd0,
f0b0d1,
eeb0d2,
eeb1d2,
efb3d4,
f1b4d6,
e0a4c7,
e7accf,
f0b6d9,
efb6d8,
f0b7d9,
efb8d8,
eeb8d8,
edb8d8,
eeb9d9,
eeb9d9,
e6b1d2,
efbadb,
efbada,
efbadb,
efbada,
eebbdb,
ecbadb,
e1aed2,
ecbcde,
eebcde,
edb9db,
edbadd,
edbadd,
edbbdd,
eebcde,
eebde1,
cda5cb,
ebc9f1,
e2bfe8,
dbafd7,
eec0e2,
edbfe1,
edbfe1,
ecbee0,
ebbddf,
ecbee0,
edbfe1,
edbfe1,
efc0e2,
f0c1e3,
f0c1e3,
f0c1e3,
f0c1e3,
efc1e3,
eec1e3,
eec2e4,
efc3e4,
f0c4e5,
f0c4e5,
f0c4e5,
f1c5e6,
f0c3e6,
efc3e5,
f1c5e7,
f3c7e9,
daadd2,
f1c5e5,
f0c4e4,
f0c4e5,
f0c4e5,
eab7d7,
e4add1,
f6c5eb,
f6c3e7,
f4b1d9,
f9b0d9,
f9b0d9,
f9b0d9,
f9afd9,
f9afda,
fab0dc,
fbb2dd,
fcb2de,
fcb2de,
fcb3de,
fcb3de,
fcb3de,
fcb4de,
fbb4dd,
fbb3de,
fbb3de,
f9b3de,
fab3de,
fab3de,
f9b3de,
f9b3de,
f9b4de,
fbb4df,
fab4df,
f9b4df,
f9b4df,
f9b4df,
f7b5df,
f7b5df,
f7b5df,
f6b5df,
f5b5df,
f5b5df,
f6b5df,
f7b7df,
fab8df,
f5b8e0,
f6b8e0,
f7b9e3,
f7b9e3,
f7b9e3,
f7b9e3,
f7b9e3,
f7b9e3,
f7b9e3,
f7b9e3,
f8bae4,
f6bae4,
f7bae4,
f8bae4,
f8bae4,
f9bbe5,
f8bbe5,
f9bbe5,
f7bbe5,
f7bbe5,
f8bce6,
f8bce6,
f8bce6,
f9bbe3,
f9bce4,
f7bce3,
f7bce3,
f8bde4,
f8bde4,
f9bde5,
f9bee5,
f9bee5,
f9bee5,
f9bee5,
f9bee5,
f9bfe7,
f8bfe7,
f8bfe7,
f8bfe7,
f8bfe7,
f9c0e8,
f9c1e6,
f9c1e6,
fac1e6,
fac2e7,
fac2e7,
fbc3e8,
fcc3e8,
fcc3e8,
fdc4ea,
fdc4e9,
fdc4e9,
fdc4e9,
fdc5eb,
fcc6eb,
fdc7ec,
fdc9ee,
fccaee,
fbcbef,
fccff1,
fed4f6,
ffd9fa,
ffdcfd,
ffddfd,
ffdffc,
ffe0fb,
ffe0fb,
ffdffd,
ffdefd,
fedcfc,
feddfb,
feddfc,
fedefd,
fedefc,
fedefc,
fdddfb,
fbdaf9,
fbd8f8,
fdd5f6,
fed5f7,
fdd6f7,
fcd7f8,
fcd7f8,
fdd8f9,
fed7f8,
fdd7f8,
fed6f7,
fdd5f6,
fed5f6,
fdd5f6,
fcd5f6,
fcd5f6,
fed5f6,
fbd4f5,
fbd3f5,
fad4f5,
fcd5f6,
fed7f8,
fed8f8,
fddafa,
fedaf9,
ffdbfa,
ffddfa,
ffdffb,
fee1fd,
ffe2fd,
ffe3fc,
fee1fc,
ffe0fb,
fee0fb,
fedefa,
fedffb,
ffe0fc,
ffe1fd,
ffe2fe,
ffe3fe,
ffe2fd,
ffdffc,
feddf9,
fcdbf7,
fedaf8,
ffdaf8,
fedaf9,
fedaf9,
fddbf9,
fddcfa,
ffddfb,
ffdffa,
ffe0fa,
fee0fa,
ffe1fb,
fee1fa,
fee1fa,
fee1fb,
fee2fb,
ffe2fc,
ffe3fc,
fee4fd,
fee4fd,
fee4fc,
ffe4fd,
fee4fd,
fee4fc,
ffe3fd,
ffe1fc,
ffdefb,
ffdaf9,
fa98ca,
fb99cb,
fb99cb,
fb99cb,
fb9acb,
fc9aca,
fc9bc5,
fa9cbc,
f89bb4,
f99db9,
fa9dc4,
fa9ecc,
fa9ece,
f99ece,
f99ecd,
f69fcd,
f49fcd,
f59fcd,
f3a0ce,
f5a1d0,
f4a2d3,
f5a4d3,
f6a5d3,
f6a5d3,
f6a5d3,
f6a5d3,
f4a4d2,
f6a4d4,
f5a5d3,
f5a5d3,
f3a4d2,
f4a4d2,
f4a2d2,
f4a3d2,
f5a4d2,
f4a4d2,
f3a4d3,
f4a3d4,
f4a3d4,
f3a3d4,
f3a4d3,
f4a5d3,
f4a5d3,
f4a5d3,
f3a6d1,
f0a4cf,
da8dbc,
f6a5d3,
f7a5d3,
f8a6d4,
f7a6d4,
dd92bc,
efa4c9,
eca5c9,
eea6c9,
eea7c9,
f0a8cb,
d78eb2,
f0a9cc,
f0abcc,
f0acce,
f0adcf,
f0adcf,
f1aed0,
efafd0,
efaed1,
efaed2,
efafd2,
efafd3,
eeafd3,
efb2d4,
f2b4d6,
dda1c4,
ebafd2,
f1b5d9,
efb6d8,
eeb6d9,
ebb6d6,
edb8d8,
edb7d8,
edb8d8,
edb8d8,
ebb4d6,
efbadb,
efbada,
efbadb,
f0b9dc,
edbadc,
ecb9db,
d6a8cc,
ebbcde,
ecbddb,
ebb7da,
eebbde,
edbadc,
ecbadc,
eebcde,
efbce0,
c399bf,
efcef2,
dbb7de,
d0a5cc,
eebfe2,
ecbfe0,
ecbee0,
ecbee0,
e6b8db,
eebfe1,
edbfe1,
edbfe1,
eebfe1,
ecbfe1,
eec0e2,
efc0e2,
f0c1e3,
f0c1e3,
f0c1e3,
efc1e3,
efc2e4,
efc3e4,
f0c4e5,
f0c4e5,
f0c5e6,
eec3e4,
edbfe1,
f3c5e7,
f3c6e8,
d2a5c9,
f0c3e5,
efc3e4,
f0c3e5,
f0c4e5,
e8b5d8,
edafd5,
f5c3e9,
f6c3e9,
f5b1d8,
f9b0d9,
f9b0d9,
f9afda,
f9afdb,
f9afdd,
fab0de,
fcb2e0,
fbb3df,
fab3de,
fab3de,
fab3de,
fab4dc,
fbb5dd,
f9b4dd,
f9b3de,
fab3de,
f8b3de,
f9b3df,
fbb4e1,
f9b4df,
f9b4df,
f9b4df,
fab4e1,
fab4e1,
f9b4e1,
f7b4e1,
f7b4e1,
f5b5df,
f6b5df,
f7b5df,
f6b5de,
f5b5dd,
f5b5de,
f6b7df,
f5b7e0,
f5b7e1,
f6b9e1,
f7b9e1,
f5b9e3,
f5bae3,
f6bae4,
f8bae4,
f8bae4,
f6bae4,
f6bae4,
f8bae4,
f7bae4,
f8bae4,
f8bae3,
f8bae2,
f8bae3,
f8bae4,
f7bbe5,
f8bce6,
f8bde4,
f8bde5,
f8bce6,
f8bde5,
f8bde4,
f6bde4,
f6bde4,
f8bde4,
f8bde4,
f8bee4,
f9bee4,
f9bee4,
f9bee5,
f9bee5,
f9bee5,
f9bee5,
f9bee5,
f9bfe7,
f8bfe7,
f9bfe8,
f9c0e8,
f9c0e8,
f9c0e8,
f9c0e8,
f9c1e8,
f8c2e7,
f8c2e7,
fcc3e8,
fdc4e9,
fdc4ea,
fdc4eb,
fdc4eb,
fbc5ea,
fbc5ea,
fcc6eb,
fcc6eb,
fac8ed,
fdcbf0,
fecdf1,
fbcef2,
facef2,
fcd2f2,
fcd6f5,
ffdafd,
ffdefe,
ffdffd,
ffdffd,
ffe0fc,
ffe0fb,
ffe0fb,
ffdffd,
ffdffd,
ffdffd,
ffdffd,
ffdffd,
fedefc,
fdddfd,
fadafb,
fbd9f7,
fbd7f6,
fbd5f6,
fcd6f7,
fcd6f7,
fcd7f8,
fed8f8,
ffd8f9,
ffd8f9,
ffd8f9,
ffd8f9,
ffd7f8,
ffd7f8,
fed7f8,
fed7f8,
fbd6f7,
fad5f6,
fad5f6,
fad5f6,
fad5f4,
fbd5f4,
fed7f6,
ffd8f7,
fed9f7,
fed9f8,
ffdbf9,
ffdcfb,
fedffc,
ffe0fc,
ffe0fb,
ffe0fc,
ffe0fb,
ffe0fa,
ffe1fb,
fee1fb,
ffe3fb,
ffe3fc,
ffe3ff,
ffe4fe,
fee4fe,
ffe3fd,
ffe3fc,
fee1fa,
fedff9,
fedefa,
feddfa,
fedefb,
feddfb,
feddfb,
fedefb,
ffe0fc,
ffe0fb,
ffe1fb,
ffe2fe,
ffe3fd,
fde3fa,
fee3fb,
ffe3fc,
ffe3fc,
ffe3fc,
ffe3fa,
ffe3fb,
ffe2fe,
fde2fe,
ffe4fd,
fee3fc,
ffe3fb,
ffe3fc,
ffe0fc,
ffdefa,
ffdbfa,
f99acb,
f99acb,
fa9acb,
fa9aca,
fa9ac9,
fb9ac3,
fa9bbb,
fa9bb7,
f89bbd,
f89cc6,
f79dcd,
f99dd0,
fa9dd1,
f99ece,
f99ecd,
f59ece,
f49ecf,
f49fce,
f5a0ce,
f3a0d0,
f3a1d1,
f3a2d2,
f4a3d2,
f4a4d3,
f5a5d4,
f5a6d5,
f5a7d6,
f5a7d6,
f4a7d6,
f4a6d5,
f4a4d5,
f3a4d4,
f3a3d4,
f3a4d4,
f3a4d4,
f3a3d4,
f2a3d4,
f3a3d5,
f3a3d4,
f3a3d4,
f3a4d3,
f4a5d3,
f4a5d3,
f4a5d3,
f4a6d2,
f4a5d2,
ed9ccb,
df8dbc,
f3a4d2,
f5a5d4,
eea1ce,
e59ac3,
efa3c6,
eda4c7,
eda6c8,
eea7c9,
f0a8ca,
da90b4,
efa8cb,
efaacc,
f0acce,
f0adcf,
f1add0,
f0aed0,
efafd0,
efaed0,
eeaed1,
edafd1,
eeb0d1,
eeb0d1,
f1b2d3,
f3b4d6,
d799bd,
edb0d3,
f0b5d8,
eeb5d7,
edb9d9,
f2c1e0,
edb8d8,
edb7d7,
edb8d8,
e7b1d2,
eeb8d8,
eeb9da,
eebada,
eeb9da,
eeb8db,
ecb9db,
edbadc,
deb2d3,
dbadd1,
ecbcdd,
e7b4d8,
ecb9dc,
edbadc,
ecbadc,
edbbdd,
eebddf,
ba8eb3,
d8b5dc,
cdabd3,
d2acd4,
e6b9df,
ecbee0,
ebbee0,
ecbee0,
edbfe2,
e3b5d7,
edbfe1,
ecbee0,
edbfe1,
ebbfe1,
ecbfe1,
edbfe1,
edc0e2,
efc1e3,
f0c1e3,
efc1e3,
eec1e3,
efc3e4,
efc3e4,
f0c4e5,
f0c4e5,
edc0e2,
eabcde,
f3c5e6,
f3c6e8,
d1a4c8,
efc3e4,
efc3e3,
efc3e4,
f0c3e5,
e6b3d7,
f5b7df,
edb8e3,
f4c3e8,
f4b0d9,
f9b0d9,
f9b0d9,
f9afda,
f9afdb,
f9afdd,
fab0de,
fcb2df,
fbb3df,
fab3de,
fab3de,
fab3de,
fab4dd,
fbb4dd,
fab5de,
f9b4df,
f8b4de,
f8b4de,
f8b3df,
f9b4e0,
f8b4e1,
f8b4e1,
f8b4e1,
f8b4e1,
f7b4e0,
f6b5df,
f5b5df,
f5b5df,
f4b5df,
f5b6e0,
f6b6e0,
f6b6e0,
f6b7df,
f5b7df,
f5b7df,
f5b7e0,
f4b7e1,
f5b8e1,
f6b9e3,
f5bae4,
f7bae4,
f8bae4,
f8bae4,
f8bae4,
f6bae4,
f6bae4,
f7bae4,
f7bae4,
f8bae4,
f7bae3,
f8bae2,
f8bae2,
f8bae4,
f7bbe5,
f7bbe5,
f8bce6,
f8bde6,
f8bde5,
f8bde5,
f8bde4,
f6bde4,
f7bde5,
f8bee4,
f8bfe4,
f8bfe4,
f8bfe4,
f6bfe4,
f7bee5,
f8bee5,
f8bde5,
f8bde5,
f8bfe6,
f8bfe7,
f8bfe7,
f8c1e8,
f7c1e8,
f8c1e8,
f7c1e8,
f7c1e8,
f8c1e8,
f7c2e9,
f7c2e9,
fbc5ea,
fbc5ea,
fbc5ea,
fbc4eb,
fbc4eb,
f9c5ea,
f9c5ea,
f9c6eb,
fbc8ed,
faccf0,
fed0f4,
ffd3f7,
fed5f8,
fed5f7,
fed7f8,
fed9f9,
ffdcfd,
ffdffe,
ffdffd,
ffdffd,
ffdffd,
ffdffd,
ffdffd,
ffdffd,
ffdffd,
ffdffd,
ffdffd,
fedefc,
fdddfb,
fddbfb,
fcdafb,
fcd7f7,
fbd6f5,
fbd5f4,
fcd4f5,
fcd5f6,
fcd5f7,
fdd6f7,
fed6f8,
fed6f8,
fed6f8,
fed6f8,
fdd5f7,
fdd5f6,
fdd5f6,
fdd5f6,
fbd4f6,
fad3f5,
fbd5f6,
fcd5f6,
fcd6f7,
fdd7f7,
ffd9f7,
ffd9f7,
fed9f6,
fed9f6,
ffdaf9,
ffdcfa,
ffddfb,
ffdffb,
ffdffb,
ffdffb,
ffe0fb,
ffe0fa,
fee1fb,
ffe1fc,
ffe2fe,
ffe3fc,
fee3fe,
fee4fd,
fee4fd,
ffe4fd,
ffe3fc,
fee3fb,
fee2fb,
fde1fb,
fde0fb,
fee1fb,
fee1fc,
ffe1fc,
ffe2fd,
ffe3fd,
fee3fc,
ffe3fc,
ffe4fd,
ffe4fd,
ffe4fb,
ffe3fb,
ffe3fc,
ffe3fc,
ffe2fc,
ffe3fa,
ffe3fa,
ffe2fc,
ffe2fd,
ffe2fc,
ffe2fc,
ffe3fc,
ffe3fc,
ffe0fd,
ffdefc,
fedcfa,
f59bcd,
f79cca,
f89cca,
fa9cca,
f99cc7,
f79cbf,
f99bbd,
f99bbf,
f89cc7,
f69ace,
f59cd1,
f79dd1,
f69ed0,
f69ecf,
f29ed1,
f39ed0,
f49ecf,
f29fd0,
f1a0d1,
f0a0d0,
f0a0d2,
f0a0d2,
f2a2d2,
f2a3d3,
f2a4d5,
f3a6d7,
f4a7d8,
f4a7d7,
f5a6d6,
f5a6d5,
f2a5d5,
f3a5d6,
f4a4d7,
f4a4d6,
f4a4d5,
f4a4d7,
f4a3d7,
f4a3d8,
f2a4d6,
f2a5d5,
f3a5d3,
f4a5d3,
f3a4d4,
f3a4d4,
f2a4d6,
f2a4d7,
f4a5d6,
f09fce,
e799c7,
f5a8d5,
e49ac6,
eea4ca,
eda4c5,
eea4c6,
efa6c8,
eca7c9,
efa8ca,
e69dc0,
e9a1c5,
f0a9cc,
f0abcd,
f0adcf,
f2acd0,
f1add1,
efafd0,
eeafd0,
eeafd0,
edafd0,
edafd0,
efb1d2,
f0b2d3,
f2b4d5,
ce92b5,
ecafd2,
f0b5d7,
ecb5d6,
eab5d6,
ebb7d7,
eeb6d7,
ecb7d7,
edb8d8,
e4afcf,
eeb7d8,
edb8d8,
eeb9d9,
edb8d9,
edb7da,
ebb8db,
eab8db,
deb0d0,
d6accf,
ecbcdf,
ecbbdf,
e6b8db,
edbadc,
edbadc,
edbbdd,
ebbcdc,
c69cbd,
fadafa,
eac9ee,
e3c1e8,
c89ec4,
eabee1,
eabee0,
ecbee0,
ecbee0,
ddb1d3,
edc0e1,
edbee0,
ecbee0,
ebbee0,
ecbfe1,
ecbfe1,
eebfe1,
eebfe1,
efc0e2,
edc0e2,
edc1e2,
edc1e3,
eec2e4,
efc3e4,
efc4e6,
e9bee0,
e6b9db,
f2c4e5,
f4c5e7,
d1a4c6,
f1c3e4,
eec2e3,
efc2e6,
f0c3e7,
eab3d9,
f3b3dc,
f0bce5,
f4c3e7,
f2b0d8,
f7b0da,
f7afd9,
f9afda,
f9afdb,
fab0dd,
fab0de,
fbb1df,
fbb3df,
fab3de,
fab3de,
fab3de,
fab3de,
fab4df,
f9b4df,
f9b4df,
f9b4de,
f7b5df,
f7b5df,
f8b6e0,
f8b6e0,
f8b5e2,
f8b5e2,
f6b5e2,
f5b5e1,
f5b5e0,
f5b5e0,
f5b5e0,
f6b6e0,
f5b6e0,
f4b6e0,
f5b6e0,
f5b7e0,
f4b6df,
f4b6e0,
f3b7e0,
f3b7e1,
f4b8e2,
f4b9e3,
f6bae4,
f6bae4,
f6bae4,
f6bae4,
f6bae4,
f6bae4,
f6bae4,
f6bae4,
f6bae4,
f8bae4,
f8bae4,
f8bae4,
f8bae2,
f7bce3,
f8bbe4,
f7bbe5,
f8bce6,
f8bde5,
f8bde4,
f8bce6,
f8bce6,
f6bde4,
f6bde4,
f7bfe4,
f7bfe4,
f7bfe4,
f7bfe5,
f8bfe7,
f8c0e6,
f8bfe6,
f8bfe6,
f8bfe6,
f8c0e7,
f8c0e7,
f7c1e8,
f6c1e8,
f5c1e8,
f7c1e9,
f8c2e9,
f8c2e9,
f8c3ea,
f7c3ea,
f7c3ea,
f9c4ea,
fac5eb,
fbc4eb,
fbc4ec,
fbc5ec,
f9c5ec,
f7c6eb,
f5c6ed,
f7caef,
fbcff2,
fed4f8,
ffd7fb,
ffd9fc,
ffd9fa,
fedbfc,
fcdcfc,
fddcfd,
ffdffe,
ffdffd,
ffdffd,
ffdffd,
ffdffd,
ffdffd,
ffdffd,
ffdffd,
ffdffd,
fedefd,
fdddfb,
fcdcfa,
fadafa,
fbd9f9,
fdd7f6,
fcd5f4,
fbd4f3,
fad3f2,
fbd2f4,
fcd2f4,
fdd3f4,
fdd3f5,
fed4f6,
fed4f6,
fcd4f5,
fbd4f5,
fed4f6,
fcd4f5,
fbd3f5,
fbd3f5,
fcd4f5,
fbd6f7,
fcd6f7,
ffd8f9,
ffd9f8,
ffdaf9,
ffdaf8,
fed9f7,
fdd9f6,
ffdaf8,
ffdcfb,
ffddf9,
ffddf9,
ffddf9,
ffddf9,
ffdffb,
ffe0fb,
ffe2fc,
ffe2fe,
ffe2fe,
ffe3fc,
fee3ff,
fee3ff,
fee4fe,
fee4fe,
fee4fe,
fee4fd,
fee4fd,
fee3fe,
fee2fe,
ffe2fe,
ffe2fd,
ffe3fc,
ffe4fd,
fee4fd,
fee4fd,
fee4fd,
fee4fc,
fee4fb,
ffe4fb,
ffe4fb,
fee4fb,
ffe4fc,
ffe3fb,
ffe3fa,
ffe3fa,
fee1fb,
fee1fc,
ffe3fc,
ffe2fc,
ffe3fc,
ffe3fc,
fee2fb,
ffe1fd,
fedffc,
f29cce,
f39dcc,
f39dcb,
f69dc8,
f69dc5,
f79dc2,
f69dc3,
f79dc8,
f59ccd,
f59bce,
f59cd0,
f59dd0,
f69dd0,
f69ed0,
f39ed2,
f29ed2,
f39ed1,
f29fd1,
f19fd2,
f19fd2,
f1a0d3,
f1a0d4,
f2a1d4,
f3a2d6,
f2a3d6,
f2a4d8,
f3a5d8,
f3a5d7,
f5a4d8,
f4a4d8,
f3a4d7,
f3a4d7,
f2a4d7,
f4a4d6,
f4a4d6,
f4a3d7,
f4a4d8,
f4a3d8,
f3a4d7,
f1a4d6,
f2a4d6,
f2a4d6,
f1a4d6,
f1a4d7,
f2a4d7,
f2a4d7,
f2a5d6,
f3a5d5,
f3a5d4,
efa4d2,
e59ac6,
eea3ca,
efa4c8,
e89dc1,
efa6c9,
eea7c9,
efa8ca,
eea4c8,
e39bbf,
f0a9cd,
efabcd,
efacce,
f2accf,
f1add0,
efafd0,
efafd0,
eeafd0,
edafd0,
edafd0,
eeb0d1,
f0b2d3,
f0b1d3,
cb8db1,
ecafd2,
efb5d7,
edb5d7,
ebb5d6,
ecb6d6,
eeb6d7,
eeb6d7,
edb8d8,
e5afd0,
ecb6d6,
edb8d8,
edb8d8,
edb8d8,
edb7da,
eab7da,
eab7da,
daaccf,
e2badf,
e2b4d8,
eabbdf,
e3b6da,
edbadc,
edbadc,
edbbdd,
ecbbdc,
e2b8d6,
eccdea,
f6dafb,
e0c3ea,
d5b4da,
dfb4d8,
ebbee0,
ecbee0,
ecbee0,
ddb0d2,
e8bbdc,
edbfe1,
ecbee0,
ecbee0,
edbfe0,
edbfe0,
ecbfe1,
edbfe1,
eebfe1,
edbfe1,
ecc0e2,
edc1e3,
eec1e3,
efc3e4,
efc4e5,
e6bdde,
e5b9db,
f2c4e6,
f3c4e5,
ca9ec0,
f1c3e5,
ebbee0,
f0c3e4,
f1c3e5,
e9b0d7,
f5b2db,
ecb6de,
f5c3e9,
f1afd7,
f7afda,
f6b0da,
f7b0db,
f9afdc,
f9b0dd,
fab0de,
fbb1df,
fab3de,
fab3de,
fab3de,
fab3de,
fab3de,
fab3de,
f9b4df,
f9b4df,
f9b4df,
f7b5df,
f7b5df,
f7b5e0,
f7b5e0,
f6b5e2,
f7b5e1,
f6b6e1,
f4b5e1,
f3b4e1,
f4b4e1,
f5b4e1,
f5b6e0,
f4b6e0,
f4b6e0,
f4b7e1,
f4b7e0,
f4b7e1,
f4b7e1,
f4b8e1,
f3b8e1,
f5b9e3,
f5bae3,
f6bae3,
f6bae3,
f7bae3,
f6bae4,
f6bae4,
f6bae4,
f6bae4,
f6bae4,
f6bae4,
f6bae4,
f6bae4,
f6bbe4,
f6bce4,
f5bce4,
f7bce5,
f7bce5,
f7bce5,
f6bde5,
f6bde5,
f8bde6,
f9bde7,
f7bee5,
f7bee5,
f7bfe5,
f7bfe5,
f7bfe5,
f7bfe5,
f8bfe6,
f8bfe6,
f8bfe6,
f8bfe8,
f8bfe8,
f9c0e9,
f8c1e9,
f7c1e8,
f7c1e8,
f5c1e8,
f7c2e9,
f8c2e9,
f8c3ea,
f9c4ea,
f9c4eb,
fac5eb,
fac6ec,
fbc5eb,
fbc5eb,
fac6eb,
f9c6eb,
f6c5eb,
f7c6ec,
f7c8ee,
fbcef3,
fcd5f7,
ffd9fb,
fedafb,
fedbfc,
fedbfc,
fedcfc,
fcdcfd,
fcdcfc,
feddfd,
ffdffd,
ffdffd,
ffdffd,
ffdffd,
ffdffd,
ffdffd,
fedefd,
fdddfc,
fddcfb,
fcdbf9,
fbd9f9,
fad9f9,
fad7f8,
fbd6f7,
fad5f6,
fad3f5,
fad2f3,
fbd2f3,
fbd2f3,
fbd2f3,
fbd2f4,
fcd3f4,
fcd3f5,
fcd3f5,
fbd3f5,
fcd3f5,
fcd3f5,
fbd3f5,
fbd4f5,
fcd5f6,
fcd7f8,
fdd8f9,
ffd9fa,
ffdaf9,
ffdaf8,
ffd9f7,
ffd9f7,
fed9f7,
ffdaf8,
ffdaf9,
fedbf9,
ffdcf9,
ffddf9,
ffddf9,
fedffa,
ffdffb,
ffe1fd,
ffe2fe,
fee2fe,
ffe2fd,
fee2fe,
fee3ff,
fee3ff,
fee3ff,
fee3ff,
fee4fe,
fee4fd,
fee4fd,
fee4ff,
ffe3ff,
ffe4fe,
ffe4fd,
fee4fd,
fee4fd,
fee4fc,
fee3fc,
fee3fb,
fee3fb,
ffe4fb,
ffe4fb,
fee4fb,
fee4fc,
ffe4fc,
ffe3fa,
ffe3fa,
ffe2fc,
ffe2fc,
ffe3fc,
ffe2fc,
ffe3fc,
ffe3fc,
ffe3fc,
ffe2fd,
ffe1fd,
ef9fce,
ed9ecc,
ee9ecc,
f19eca,
f29ec9,
f49eca,
f59ecd,
f49dcf,
f49ed1,
f59dd1,
f39ed2,
f39ed1,
f49ed2,
f59ed3,
f49fd3,
f39fd2,
f39fd2,
f29fd3,
f2a0d3,
f2a0d4,
f2a0d5,
f2a1d7,
f3a1d6,
f3a2d8,
f2a3d7,
f2a4d8,
f2a4d9,
f2a4d8,
f3a4d8,
f3a4d8,
f3a4d7,
f3a4d7,
f2a4d7,
f3a4d8,
f4a4d8,
f3a2d7,
f4a3d7,
f4a4d7,
f3a4d7,
f2a4d7,
f2a4d7,
f2a4d7,
f0a4d7,
f0a4d7,
f2a4d7,
f2a4d7,
f2a5d6,
f3a5d5,
f3a5d4,
eca4d1,
e399c4,
efa3ca,
ee9fc5,
d589ad,
efa6c8,
f1a7c9,
f0a6c8,
f0a6c9,
e198bd,
f0a9cd,
efabce,
efaccd,
f1acce,
f1adcf,
f0aed0,
f0aed0,
efafd0,
edafd0,
edafd0,
edafd0,
f0b1d3,
e6a4c8,
cd8db2,
ecafd3,
efb4d6,
eeb5d6,
edb5d6,
ecb5d6,
edb6d6,
edb6d6,
edb7d7,
e6b0d1,
eab5d5,
ebb6d7,
ecb7d7,
ecb7d7,
eab7d7,
e9b6d9,
eab7da,
dfafd3,
ddb4df,
ddb0d7,
ebbcde,
ddb0d3,
efbcdf,
eebbdd,
edbadc,
ecbadc,
eabddd,
e0c2e0,
f7e2fe,
e1caee,
ddc3ec,
d5b1d7,
eabddf,
ecbee0,
ecbee0,
dfb7d8,
cea6c7,
edbfe1,
ecbee1,
ecbee0,
edbfdf,
edbfe0,
ebbfe1,
ecbfe1,
edbfe1,
edbfe0,
ecbfe1,
ecc0e2,
eec1e3,
eec3e4,
edc3e4,
dab5d6,
ecc2e6,
f1c4e8,
dfb2d5,
dcb2d3,
f2c3e6,
e7badc,
efc2e4,
f0c2e5,
db9ec9,
f6b2db,
f2b7df,
f3c2e5,
eca9d4,
f7b0da,
f7b0db,
f6b1de,
f8b1de,
f8b1de,
f9b1df,
f9b2e0,
f9b3df,
fab3df,
f9b2de,
f8b3de,
fab3df,
fab3df,
fab3de,
f8b5df,
f7b5df,
f7b5df,
f7b5df,
f4b4e1,
f4b4e1,
f3b5e2,
f4b6e2,
f5b6e2,
f4b6e2,
f3b6e2,
f5b6e2,
f5b6e2,
f2b6e0,
f3b6e0,
f3b6e0,
f4b7e1,
f3b8e1,
f4b9e2,
f4b9e3,
f5b9e3,
f5b9e3,
f5bae3,
f6bae4,
f6bae2,
f7bae2,
f8bae2,
f7bae4,
f6bae4,
f6bae4,
f6bae4,
f7bbe5,
f7bce6,
f6bce6,
f7bce6,
f8bde5,
f8bce6,
f8bce6,
f8bce5,
f6bde5,
f6bde4,
f5bde5,
f4bde6,
f6bde7,
f6bee7,
f7bfe7,
f7bfe7,
f8bfe7,
f8bfe7,
f7bfe8,
f7bfe8,
f7c1e8,
f7c0e8,
f8c0e9,
f9c0ea,
f8c1eb,
f8c1eb,
f7c1eb,
f7c2eb,
f7c2ea,
f7c3ea,
f7c3ea,
f9c4eb,
f8c5ec,
f7c6ea,
f8c7eb,
fac7ed,
fac6ec,
fac6eb,
fac6eb,
f8c6ec,
f8c6ec,
f4c6ec,
f6c9ed,
f8cdf1,
fad4f6,
fbd9f9,
fcdbfb,
fbdbfb,
fcdbfb,
fddbfb,
fddbfc,
fcdafa,
fadafa,
fbdbfb,
fcdcfd,
feddfc,
fdddfc,
fcddfb,
fcdcfb,
fcdcfb,
fcdcfb,
fbdbfa,
fbdaf9,
fad7f7,
f9d7f7,
f9d6f7,
f9d6f7,
f9d6f7,
fad5f6,
fad3f5,
fad2f3,
fad2f3,
fad2f3,
f9d2f3,
f9d2f3,
fad2f3,
fbd3f5,
fcd3f5,
fbd3f5,
fbd3f5,
fbd3f5,
fbd3f5,
fbd5f5,
fcd7f6,
fed9f8,
ffdaf9,
ffdafa,
ffdaf9,
ffdaf6,
ffd9f6,
ffd9f7,
ffd9f7,
ffdaf7,
ffdaf9,
fddaf9,
fedbfa,
ffdbf8,
ffdcf8,
feddf9,
ffdefa,
fee1fc,
ffe2fe,
ffe2fe,
ffe2fe,
ffe2fe,
ffe2fe,
fee3ff,
fee3fe,
fee4fd,
ffe4fd,
ffe5fe,
ffe4fd,
ffe3fd,
ffe4fd,
fee4fd,
fee4fd,
fee4fd,
ffe4fd,
ffe3fb,
ffe3fb,
ffe3fb,
ffe3fb,
ffe4fb,
ffe4fb,
fee4fb,
ffe4fb,
ffe4fb,
ffe3fa,
ffe3fa,
ffe3fb,
fee2fb,
fee1fc,
fee1fc,
fee1fb,
fee1fb,
ffe2fc,
ffe2fd,
ffe4fd,
ee9fd2,
ee9ed1,
ee9ed1,
ef9ed1,
f09ed0,
f19fd2,
f19fd3,
f09ed2,
ef9fd5,
ef9fd5,
ef9fd5,
f09fd5,
f39fd5,
f2a0d5,
f1a0d5,
f1a0d5,
f1a0d6,
f1a0d5,
f1a0d4,
f3a1d6,
f2a1d7,
f1a1d8,
f2a2d8,
f2a2d8,
f1a2d7,
f2a3d8,
f2a2d9,
f1a3d9,
f0a3d8,
f1a3d8,
f1a3d8,
f1a3d9,
f1a4d8,
f2a4d8,
f3a3d8,
f3a2d6,
f3a3d6,
f4a4d7,
f3a4d7,
f2a4d7,
f2a4d7,
f1a4d7,
f0a4d7,
f0a4d7,
f1a4d7,
f2a5d8,
f3a5d8,
f3a6d7,
f3a7d7,
d58cb9,
eda0c8,
f1a1c8,
d685ab,
eea2c5,
f0a4c7,
f1a6c8,
efa5c7,
efa5c8,
e29bbe,
efa8cc,
efaacc,
efabcd,
f0accd,
f1adce,
efadcf,
efaed0,
eeafd0,
edafd0,
edafd0,
edafd0,
edb1d2,
db9cc1,
ca8cb2,
ecb0d3,
efb4d5,
eeb5d5,
edb5d5,
ecb5d6,
ecb5d6,
edb6d6,
edb7d7,
e6b1d1,
eab5d5,
ebb6d7,
ecb7d7,
ecb7d7,
e9b7d7,
e9b6d9,
e9b7da,
e9b9dc,
cda4d1,
cea7d1,
ebbde3,
ecbddf,
d19ec1,
eebbdd,
edbadc,
ecbadc,
e8badc,
e3c5e2,
f6e2fa,
e7d5f3,
d9c3ed,
d6b9e0,
dcb2d7,
ebbee0,
ecbedf,
e6bbde,
d2abd1,
e0b4db,
ebbee1,
edbee0,
edbedf,
edbfe0,
ecbfe1,
edbfe1,
edbfe1,
edbfe0,
edbfe1,
edc0e2,
efc1e3,
eec3e4,
eec3e5,
d4b3d1,
edc2e6,
f1c3e8,
deb4d8,
deb3d6,
f1c2e6,
e4b7da,
edbfe3,
f0c0e5,
dea3ce,
f8b4de,
efb2db,
f7c1e5,
eaa6d1,
f7b0db,
f7b0dd,
f7b2de,
f8b2dd,
f8b2de,
f8b2df,
f8b3df,
f9b3df,
fab3df,
f9b3e0,
f9b3e0,
fab3e0,
f9b3df,
f9b4df,
f7b5e0,
f7b5e0,
f6b5e0,
f5b5e0,
f2b5e1,
f2b5e1,
f2b6e1,
f3b6e2,
f5b7e3,
f4b7e3,
f3b7e2,
f4b7e3,
f4b7e3,
f3b7e1,
f3b7e1,
f3b7e1,
f3b8e1,
f3b8e1,
f4b9e3,
f5b9e3,
f6bae4,
f6bae4,
f6bae4,
f6bae4,
f6bae2,
f7bae2,
f7bae2,
f6bae3,
f5bae4,
f6bbe4,
f5bbe4,
f5bbe5,
f7bce6,
f6bce6,
f6bce6,
f7bce6,
f7bce6,
f8bce6,
f7bde6,
f7bde6,
f5bde6,
f5bee6,
f4bee7,
f5bee8,
f6bfe8,
f7bfe7,
f7bfe7,
f7bfe7,
f7bfe8,
f7bfe9,
f7c0ea,
f7c0ea,
f7c0ea,
f7c0ea,
f8c1eb,
f8c1eb,
f7c2eb,
f7c2ec,
f6c3eb,
f7c3ea,
f6c3ea,
f8c3eb,
fac5ec,
f9c8ef,
fccbf0,
fbccf0,
f9caef,
fac8ed,
f9c7eb,
f8c7eb,
f7c7ed,
f7c7ed,
f5c8ee,
f9cef1,
fad4f5,
fbd8f8,
fadaf9,
fbdaf9,
fad9f9,
fcd9f9,
fdd9fa,
fbd7f9,
fad7f8,
fad7f8,
fad8f8,
fbd9fa,
fcd9fa,
fcd9fa,
fbd9fa,
fbd9fa,
fbd8f9,
fbd8f9,
f9d8f7,
f9d7f7,
f9d6f7,
f8d5f6,
f8d5f6,
f9d6f7,
f9d6f8,
f9d4f6,
f8d3f5,
f8d2f3,
f8d2f3,
f9d2f3,
f9d2f4,
f9d2f3,
fad2f4,
fcd3f5,
fcd3f5,
fbd4f5,
fad3f5,
fbd3f5,
fbd5f6,
fcd7f7,
fedaf8,
ffdbf9,
ffdbf9,
ffdaf9,
ffdaf9,
ffdaf7,
ffd9f7,
ffd9f7,
ffd9f7,
ffdaf7,
ffdaf9,
fedaf9,
fedbfa,
ffdcf9,
ffddf9,
feddf9,
ffdefa,
fee0fc,
ffe1fd,
ffe1fd,
ffe1fd,
ffe1fe,
ffe1fd,
fee1fd,
fee3fd,
fee3fd,
fee3fd,
fee3fd,
ffe2fc,
ffe2fc,
ffe2fc,
fee2fc,
fde2fc,
fee2fd,
ffe3fc,
ffe2fc,
ffe2fc,
ffe3fc,
ffe3fc,
ffe4fb,
ffe4fb,
ffe4fb,
fee4fb,
ffe4fb,
ffe3fb,
ffe3fa,
ffe3fa,
fee2fb,
fee1fb,
fee0fb,
fee0fa,
fee1fa,
fee1fb,
ffe3fc,
ffe4fd,
eea3d8,
eea3d9,
eea3da,
eea3da,
eda2d9,
eea1d8,
eca1d8,
eca0d6,
eda1d7,
eda1d7,
eea2d8,
eea1d8,
eea2da,
efa2d9,
eea2d9,
eea1d8,
eea1d9,
eea2d9,
eea2d9,
f2a2d8,
efa3d9,
eea2d9,
efa2d9,
efa2d9,
efa2d9,
efa2d9,
efa2d9,
eea2d9,
eda2d9,
efa2d9,
efa3d8,
eea3d9,
efa4d8,
f1a4d8,
f2a4d8,
f3a3d5,
f3a3d6,
f3a3d6,
f3a5d8,
f3a5d8,
f2a4d7,
f1a4d7,
f0a4d7,
f0a4d7,
f1a5d8,
f2a6d9,
f2a7d9,
f2a7d9,
e198c5,
eea0cb,
eea0c4,
ec9abf,
db88ad,
f0a3c6,
f0a3c6,
f0a5c7,
eea5c7,
eea4c7,
e198bc,
efa8cb,
eea9cb,
edaacb,
efaccc,
f0adce,
efadcf,
eeaecf,
edaecf,
ecafd0,
ebafcf,
e5b1d0,
edbfdf,
e3b2d4,
c890b6,
e9afd1,
edb4d4,
edb4d4,
ecb4d5,
ecb5d6,
ecb5d6,
ecb6d6,
edb7d7,
e8b2d2,
eab5d5,
ebb6d7,
ecb7d7,
ecb7d7,
e9b7d7,
e9b6d9,
e9b6da,
e7b7da,
dbb2de,
dbbce6,
d2aad2,
edbce1,
dcacd0,
e3b2d5,
ebbadc,
ecbadb,
e9b9da,
dcbbd6,
f9e2f7,
f4e0f8,
dbc3ec,
dbc3ec,
c9a8ce,
e9bde0,
ebbddf,
eabde2,
d7add4,
dfb8df,
e7bde0,
edbfe0,
ecbee0,
ecbee0,
edbfe1,
edbfe1,
ecbee0,
ecbee0,
ecbedf,
edbfe1,
efc1e3,
efc3e2,
e4b9de,
e4c3e2,
ebc0e2,
f4c5e8,
dcb5d7,
d8abd1,
f1c0e6,
e3b5da,
ebbee2,
ecbfe4,
e1afd9,
f7b6df,
eab1d9,
f5bfe7,
eea9d5,
f6b1dd,
f7b0de,
f9b1df,
f8b1de,
f7b2dd,
f7b2de,
f7b3e0,
f8b4df,
f8b5df,
f8b4e1,
f8b4e1,
f8b4e1,
f7b5e0,
f6b5df,
f5b4e1,
f5b4e1,
f3b4e1,
f3b4e1,
f1b5e1,
f1b5e1,
f2b6e0,
f2b6e1,
f3b7e3,
f3b8e2,
f3b8e1,
f2b8e2,
f3b7e3,
f2b6e2,
f3b7e3,
f3b8e1,
f3b8e1,
f4b9e3,
f5bae4,
f6bae4,
f7bae4,
f7bae4,
f7bae3,
f7bae3,
f6bae2,
f6bbe3,
f7bce3,
f7bce3,
f5bce4,
f5bce3,
f5bce4,
f6bce6,
f6bce6,
f6bde6,
f6bde6,
f8bde6,
f7bde7,
f7bee7,
f6bee7,
f5bee7,
f5bee8,
f6bfe8,
f6bfe8,
f6bfe8,
f6bfe8,
f5c0e9,
f5c0ea,
f5c0ea,
f5c0ea,
f7c1eb,
f7c2eb,
f6c2eb,
f6c2eb,
f6c2eb,
f6c2eb,
f6c2eb,
f6c3ec,
f5c3ec,
f5c3ec,
f6c4eb,
f5c4e9,
f6c3ec,
f8c6ee,
facaf0,
fbcef2,
f9cef2,
f7cdf1,
f9cbef,
f7c9ed,
f7caee,
f8c9ef,
f8c9f0,
f7cdf1,
fbd2f5,
fbd6f7,
fbd8fa,
fcd9fc,
fbd7fa,
f8d5f7,
f8d5f7,
f8d5f6,
f9d5f6,
fad4f6,
f9d4f6,
f9d4f6,
f9d4f7,
f9d4f5,
f9d4f8,
f8d4f9,
f8d4f7,
f8d5f6,
f8d5f6,
f7d4f4,
f8d4f5,
f9d4f5,
f8d4f5,
f8d5f6,
f8d5f7,
f8d5f8,
f7d4f5,
f6d3f4,
f5d3f3,
f6d2f3,
f8d2f3,
f9d2f5,
f9d3f6,
f9d3f5,
fbd3f5,
fcd3f5,
fcd4f6,
fad5f6,
fad5f6,
fbd6f7,
fdd9f8,
ffdaf9,
fedcf8,
fedcf8,
ffdaf9,
ffdaf9,
ffd9f7,
ffd9f7,
ffd9f7,
ffd9f7,
ffdaf7,
ffdaf9,
ffdaf9,
ffdbf9,
ffdcfa,
ffddfa,
ffdefa,
ffdefa,
fee0fc,
fee1fd,
fee1fd,
fee1fd,
fee1fd,
fde0fb,
ffe1fb,
ffe1fc,
fee1fd,
fee1fc,
ffe1fc,
ffe0fc,
ffe0fc,
ffe0fc,
fee0fd,
fee1fd,
fee1fd,
fee1fd,
ffe0fc,
ffe0fb,
fee1fb,
fee2fb,
ffe4fc,
ffe4fc,
ffe4fc,
ffe4fb,
ffe4fb,
ffe4fb,
ffe4fb,
fee3fb,
fee2fc,
ffe0fb,
ffe0fb,
ffe0fb,
ffe0fb,
fee1fd,
ffe2fc,
fee4fd,
e8a9de,
eaa9df,
eba9de,
eaa9dc,
eba8de,
eba6dc,
e9a5db,
eaa3d9,
eba2d8,
eba2d8,
eca2da,
eca3db,
eca4dc,
eda4db,
eca3da,
eda2d9,
eda2da,
eca2d9,
eca2d9,
efa2d9,
eea2d9,
eca2d9,
eea2d9,
eea2d9,
eea2d9,
eea2d9,
eda3d8,
eca3d8,
eba3d9,
eda2da,
eea2d9,
eda3da,
eea4d9,
f0a4d8,
efa4d8,
f3a4d7,
f3a3d8,
f3a3d9,
f2a4d7,
f1a6d8,
f1a4d7,
f0a4d7,
f0a4d7,
efa5d7,
efa5d8,
f0a6d8,
f1a7d8,
f0a5d6,
e197c5,
eea0c7,
f0a2c6,
d07da3,
ea98bd,
f0a3c6,
efa3c5,
eea4c6,
eda5c6,
eda4c6,
e199bd,
efa8cc,
eea8cb,
edaaca,
eeabcc,
eeabcc,
eeaccd,
edadcf,
ebaecf,
ecafcf,
e6b0cf,
f4c9e7,
f8cfee,
f7d0ef,
e9bcdc,
e7add0,
edb4d5,
edb4d4,
ecb4d4,
ecb4d5,
ecb5d6,
ecb5d5,
edb6d6,
e8b2d2,
ebb6d6,
ebb6d6,
ecb7d7,
ecb7d7,
e9b7d7,
e9b6d9,
e8b6d9,
e8b7d8,
d6abd2,
debcec,
d6b3e0,
e5b8e0,
e5b8dd,
d2a9cc,
e9bbe0,
ebbadc,
ebbbda,
dcb8d4,
fbe1f7,
f8e2f8,
edd7f8,
dac4ec,
dec4eb,
d5afd6,
eabce0,
ebbce1,
e7bbe2,
dcb5de,
d9b0d9,
ebbfe2,
ecbee0,
ecbee0,
edbee0,
ecbee0,
ecbee0,
ecbee0,
ebbddf,
edbee1,
efc1e3,
efc1e3,
cba1c6,
d2acd0,
dbadd2,
e3b4da,
ca9dc9,
ecbce3,
efbde4,
e4b4da,
edbee4,
e3b2dc,
edbbe4,
f0b2dd,
ebadd9,
e7abd9,
f4b1de,
f6b1de,
f8b1de,
f8b2de,
f7b2dd,
f6b2dd,
f6b3de,
f6b3df,
f7b4df,
f7b5df,
f6b4e0,
f6b4e1,
f4b4e1,
f5b4e1,
f5b5e1,
f4b4e1,
f4b4e1,
f2b5e0,
f2b5e0,
f2b6e1,
f2b6e1,
f1b6e1,
f1b6e2,
f3b7e3,
f3b7e2,
f3b8e2,
f2b8e1,
f3b8e3,
f3b7e2,
f3b8e3,
f3b8e4,
f5b8e3,
f5bae4,
f6bae4,
f6bae4,
f7bae2,
f7bae2,
f7bae2,
f7bbe3,
f6bbe3,
f5bbe3,
f5bde5,
f6bde4,
f6bde5,
f6bce6,
f6bce6,
f6bde6,
f6bee7,
f7bee7,
f6bfe7,
f7bfe7,
f7bfe8,
f7c0e8,
f7c0e9,
f7c0e9,
f6bfe8,
f6bfe8,
f5c0e9,
f6c0e9,
f7c0e9,
f7c0ea,
f7c0ea,
f6c1ea,
f5c1ea,
f6c2eb,
f5c2eb,
f5c3ec,
f5c3ec,
f5c3ec,
f4c3ec,
f4c3ec,
f3c3eb,
f4c4eb,
f5c4ec,
f6c4eb,
f6c5ea,
f5c5ec,
f6c8ee,
f8ccf1,
facff2,
f8cff2,
f6cef1,
f7ccf0,
f7cbef,
f7cbee,
f6caf0,
f6cbf1,
f7cef3,
f8d2f5,
fad5f7,
fad6fa,
f9d6fa,
f7d3f7,
f6d1f4,
f7d1f4,
f7d2f4,
f7d1f5,
f7d2f6,
f9d2f7,
f8d2f5,
f8d2f4,
f8d2f4,
f7d2f5,
f7d2f5,
f5d2f4,
f5d2f4,
f5d2f4,
f6d2f3,
f7d3f3,
f8d3f5,
f7d3f5,
f7d4f6,
f8d4f7,
f9d4f7,
f7d4f5,
f8d3f5,
f8d3f5,
f8d3f5,
f9d3f5,
f9d3f6,
fad3f6,
f9d4f6,
fbd3f5,
fbd5f6,
fbd5f6,
fbd5f6,
fcd5f6,
fcd7f7,
fdd9f7,
ffdaf9,
ffdbf9,
ffdbf8,
ffdbf8,
ffdaf7,
ffd9f7,
fed9f7,
fed9f8,
ffdaf8,
ffdaf8,
ffdaf9,
ffdaf9,
ffdbfa,
ffddfa,
ffddfa,
ffdefa,
ffdffb,
ffe0fb,
ffe0fc,
ffe0fc,
ffe0fc,
ffe0fc,
fee0fb,
ffdffb,
ffdffa,
ffdff9,
ffdffa,
ffdffb,
ffdffb,
ffdefb,
ffdefb,
ffdffc,
ffe0fc,
ffe0fc,
ffe0fc,
ffe0fb,
ffe0fb,
fee1fc,
fde2fb,
ffe3fc,
ffe3fc,
ffe3fc,
ffe4fc,
ffe4fd,
ffe4fc,
ffe3fb,
fee2fb,
ffe1fc,
ffe0fb,
ffe0fb,
ffe0fb,
ffe0fb,
ffe0fb,
ffe2fd,
fee2fc,
e1afe0,
e0b0e0,
e1b0e0,
e0ade0,
e2ade2,
e2ace0,
e6aadf,
e7a7dc,
e8a4da,
e8a4da,
e9a4dc,
eba4dc,
eaa5dd,
eaa5dc,
eaa5db,
eca3d9,
eca2d9,
eba3d9,
eaa3d9,
eda2d9,
eda3d9,
eca2d9,
eba3d9,
eca2d9,
eaa3d9,
eba2d9,
e9a3d7,
eba3d8,
eaa4da,
eba3db,
eba4d8,
eba4d9,
eba4da,
eba4d9,
eba4da,
efa4d8,
f1a3da,
f2a3d9,
f1a4d7,
f1a6d8,
f0a4d8,
f0a4d8,
f0a4d7,
eea5d7,
eea5d7,
efa6d8,
f0a7d7,
eda3d1,
e496c1,
efa0c4,
e697bc,
cb779c,
f2a0c5,
efa2c7,
eea3c6,
eea4c6,
eca5c5,
eda6c6,
df97ba,
efa8cd,
eea8cb,
eda9ca,
edaacb,
edaacb,
edabcc,
ecadce,
ebaecf,
e9aecf,
ebbedd,
eec8ee,
e1bae2,
edc7ec,
e9bede,
e8aed0,
ecb4d5,
ebb4d4,
ebb4d4,
ebb4d4,
ecb4d5,
ebb4d4,
ecb5d6,
e8b1d1,
ebb5d6,
ebb6d6,
ecb7d7,
ebb7d7,
e9b7d7,
e9b6d9,
e8b7d9,
e7b6d9,
e2b5da,
d9b7e5,
dcbded,
dab4de,
e2b9e0,
dab3d8,
d1a4ce,
ebbbde,
edbbda,
dbb2ce,
f9e2f7,
f8e2f7,
f7e2fb,
e6cff2,
ddc4eb,
d8bae2,
dcb2dc,
eabce0,
e8bbe3,
ddb7e0,
e3bfe8,
d7add8,
ecbee0,
ecbee0,
ecbee0,
ecbee0,
ecbee0,
ecbee0,
ecbee0,
eebee2,
edbde0,
d0a0c5,
9b6690,
95608d,
c590b6,
cc9cc9,
cb9dcc,
efbfe7,
ecb9e1,
e8b7dd,
f0bfe6,
deabd8,
fbc7f0,
e4a9d6,
e6aad7,
e0a4d2,
f7b3e0,
f8b3e0,
f7b3df,
f6b4de,
f6b4de,
f5b4de,
f6b3de,
f6b3de,
f7b4df,
f7b5df,
f6b5df,
f4b4e1,
f4b6e2,
f4b6e2,
f5b6e2,
f3b6e2,
f3b6e2,
f1b7e0,
f1b7e0,
f3b8e1,
f3b8e1,
f1b7e3,
f1b7e3,
f3b8e4,
f4b8e4,
f4b8e4,
f2b8e2,
f4b9e4,
f5b9e3,
f5b9e5,
f4bae6,
f6bae6,
f6bae6,
f6bae4,
f6bae4,
f6bbe3,
f6bce3,
f7bce3,
f8bde4,
f6bce3,
f4bde5,
f2bde6,
f4bde5,
f6bde4,
f6bee7,
f6bee7,
f5bfe9,
f5c0e9,
f8c1eb,
f8c2eb,
f6c3ea,
f7c3ea,
f6c2e9,
f7c0ea,
f7c0ea,
f6c2ea,
f4c1ea,
f3c1ea,
f6c1eb,
f7c1ec,
f8c1eb,
f8c1eb,
f8c1eb,
f6c2eb,
f5c2eb,
f4c2eb,
f5c3ec,
f4c3ec,
f3c3ec,
f3c3ec,
f3c3ec,
f2c5eb,
f3c5eb,
f6c6ed,
f5c7ed,
f5c8ed,
f7c9ee,
f9cbef,
f8cdf1,
f8cff0,
f8cff1,
f7cdf0,
f6ccf0,
f6ccef,
f6cbee,
f5caf0,
f6cbf1,
f6cef3,
f5cff5,
f7d1f4,
f8d1f6,
f6d0f6,
f5cff3,
f6cef1,
f6cef3,
f7cff5,
f7d0f5,
f8d0f6,
f8d0f6,
f7d1f4,
f6d1f3,
f6d1f5,
f6d1f4,
f6d1f4,
f5d1f3,
f4d1f4,
f4d1f4,
f4d2f2,
f7d2f3,
f8d2f5,
f7d3f6,
f7d3f6,
f9d3f6,
f9d3f6,
f9d3f6,
f9d3f6,
f9d3f6,
f9d3f6,
f9d3f6,
f9d3f6,
f8d4f7,
fad3f7,
fad4f7,
fad5f6,
fad5f6,
fcd4f6,
fcd6f7,
fcd7f8,
fbd9f8,
fedaf9,
ffdaf9,
ffdaf7,
ffdaf7,
fedaf7,
fed9f7,
fed9f7,
ffdafa,
ffdaf9,
ffdaf9,
ffdaf9,
ffdbfa,
fedbfa,
ffddf9,
ffddf9,
ffdffb,
ffe0fb,
ffe0fb,
ffe0fb,
ffe0fb,
ffe0fb,
ffe0fb,
ffe0fb,
ffddf9,
ffddf9,
ffddf9,
ffddf9,
ffddfb,
ffddf9,
ffddf9,
ffddfa,
ffdffb,
ffe0fb,
ffe0fb,
ffe0fb,
ffe0fb,
ffe0fb,
fee1fd,
fee1fd,
ffe3fc,
ffe3fc,
ffe2fc,
fee3fe,
fee3ff,
ffe3fc,
ffe2fc,
ffe2fc,
ffe1fc,
ffe0fb,
ffe0fb,
ffe0fb,
ffe0fb,
ffe0fb,
fee1fd,
fee1fd,
dbb3e4,
dab2e4,
dab1e3,
dab1e2,
dcb0e3,
deafe3,
e3aee1,
e5aadd,
e7a7dc,
e7a7dc,
e6a6dc,
e7a7dd,
e7a7de,
e8a7dd,
e9a6dc,
eaa5db,
eaa4da,
eaa4da,
eba3d9,
eba4d8,
eca4d8,
eba2d9,
eaa3da,
eba3d9,
eaa3d9,
eba3d9,
eca3d9,
eca3d8,
eca3d8,
eca3da,
eba4da,
eba4da,
eaa4d9,
eca3d9,
eca3d9,
eda3d9,
eea4da,
efa4da,
efa4d9,
f0a4d8,
f0a4d8,
f0a4d8,
f0a4d8,
eea5d7,
eea5d9,
efa5d9,
f0a8d8,
d78fbc,
eb9dc3,
ee9fc2,
d486aa,
dd8baf,
f1a0c4,
f0a2c6,
efa3c5,
eea4c6,
eea4c6,
efa5c7,
e298bd,
efa7ce,
eda8cb,
eba9ca,
eca9ca,
edaacb,
ecabcb,
ecaccd,
ebadce,
ddabcb,
eec7ec,
d0aada,
d4aede,
cea8d4,
d4a6cb,
e7afd1,
ebb4d4,
ebb4d4,
ebb4d4,
ebb4d4,
ebb4d4,
ebb4d4,
ecb5d6,
e7b0d0,
eab4d5,
ebb6d6,
ecb7d7,
ebb6d8,
e9b6d9,
eab6d9,
e9b5d8,
e6b5d7,
e1b4d7,
dbb8e2,
dcbfea,
dab8e4,
deb3de,
dab1d9,
dfb5da,
dbafd9,
ecbcdd,
e3b6d4,
dfc4da,
f8e1f7,
f9e2fa,
f5dffa,
e0c7ec,
dcc2e8,
d2b1dd,
dfb4de,
eabce4,
dfb7e1,
e2c1e8,
dcb8e2,
dfb4dc,
ebbfe1,
ecbee0,
ecbee0,
ecbee0,
edbee1,
ecbae1,
dba7d2,
ce9cc3,
b985b1,
b485ab,
be8eb4,
dca9d0,
dab0d9,
ddafdb,
efbee8,
e8b4de,
edbbe3,
e2b1d9,
f4c2ec,
fcc8f0,
dfa4d1,
e4abd7,
e5a6d6,
f8b5e1,
f8b4e1,
f8b4e1,
f7b4e1,
f6b5df,
f7b5e0,
f6b5df,
f5b5df,
f4b5df,
f4b5df,
f4b5e1,
f4b6e2,
f4b6e1,
f3b6e1,
f3b6e1,
f2b6e2,
f2b6e2,
f2b7e2,
f2b7e3,
f5b8e2,
f5b9e3,
f3b9e5,
f4b9e5,
f4bae6,
f4bae5,
f4bae5,
f4bbe5,
f5bbe7,
f6bce8,
f6bce7,
f7bbe7,
f7bbe7,
f7bbe6,
f7bbe5,
f7bbe5,
f7bce3,
f7bce3,
f6bce3,
f6bde4,
f4bfe4,
f4bee5,
f5bee6,
f4bee6,
f4bde6,
f4bfe8,
f5c0ea,
f6c1ea,
f7c2ec,
f9c5ef,
fac7f1,
fac9f0,
f8c8ee,
f6c6ec,
f5c3ec,
f4c3ed,
f6c3eb,
f6c3eb,
f7c3eb,
f6c3ec,
f6c3ec,
f5c3ec,
f6c3ec,
f5c2eb,
f3c2eb,
f5c3ec,
f5c3ec,
f4c3ec,
f4c3ec,
f3c3ec,
f2c3ec,
f3c4ed,
f3c6ee,
f5c8ee,
f5c9ee,
f7caef,
f8ccf1,
f9cdf1,
f9cdf1,
f8cef2,
f8cef1,
f7cdf1,
f7ccf0,
f6cbef,
f6cbf0,
f5caf0,
f6cbef,
f6ccef,
f5cdf2,
f5cdf2,
f5cdf2,
f5cdf2,
f5cdf1,
f5cdf1,
f5cdf2,
f6cdf3,
f7cff4,
f7cff4,
f7cff4,
f6cff5,
f7d0f6,
f8d0f5,
f7d1f3,
f6d1f3,
f6d0f5,
f5d1f4,
f4d1f4,
f5d1f3,
f6d1f2,
f6d1f3,
f5d2f5,
f7d2f5,
f8d2f5,
f9d3f6,
f9d3f6,
f9d3f6,
f9d3f6,
f9d3f6,
f9d3f6,
f9d3f6,
f9d3f6,
fad4f7,
fad5f6,
fad5f6,
fad4f7,
fad4f7,
fad5f6,
fcd6f8,
fcd7f8,
fcd9f8,
fcdaf8,
fedafa,
ffdaf7,
ffdaf7,
fedaf6,
fed9f7,
ffdaf8,
ffdaf9,
ffdaf9,
ffdaf9,
ffdaf9,
ffddf9,
fedcfa,
ffddfa,
ffddf9,
ffdffb,
ffe0fb,
ffdffc,
ffe0fc,
ffe0fb,
ffe0fb,
ffe0fb,
ffdffb,
ffddf9,
ffddf9,
ffddf9,
ffddf9,
ffddf9,
ffddf9,
ffddf9,
ffddf9,
ffdefb,
ffe0fb,
ffe0fb,
ffe0fb,
ffe0fb,
ffe0fb,
ffe0fc,
ffe0fc,
ffe1fd,
ffe1fc,
ffe1fc,
ffe2fd,
ffe2fd,
ffe2fc,
fee2fb,
fde1fb,
fee0fa,
ffe0fa,
ffe0fa,
ffe0fb,
ffe0fb,
ffe0fb,
ffe0fc,
fee2fd,
dbb4e5,
d7b3e4,
d9b2e3,
dbb1e3,
dcb1e3,
dcb1e4,
dfb0e3,
e2afe1,
e6ade0,
e5ade0,
e4abdf,
e1abdf,
dfaadf,
e3aadf,
e7a8de,
e8a7dd,
e9a6dc,
e9a5db,
e9a4da,
e9a4d8,
eaa4d8,
eaa3d9,
eba4da,
eba4da,
eba4da,
eba4da,
eca2d9,
eca2d9,
eca2d9,
eba2d9,
eaa3d9,
eba3da,
eba4da,
eaa3d9,
eaa3d9,
eca3d9,
eea4da,
eea4da,
eea4da,
efa4da,
efa4d9,
eea4d8,
eea4d8,
eea4d8,
eea5d9,
efa6d9,
e19aca,
e59bc5,
ed9ec2,
ee9fc0,
c9799e,
ed9dc2,
f0a0c3,
f0a2c5,
efa3c5,
eda3c5,
eda3c5,
eea4c6,
e197bc,
f2a9ce,
eda8ca,
eba9ca,
eca9ca,
edaacb,
ecabcb,
edaccd,
e5a9cb,
f3c5e4,
e4bce4,
d4addd,
e0bbe6,
e9c4e9,
e6b9d9,
e8b1d2,
ebb4d4,
ebb4d4,
ebb4d4,
ebb4d4,
eab3d4,
eab3d4,
ebb4d4,
e7b0d0,
eab4d4,
ebb6d6,
ecb7d7,
ebb6d8,
e9b6d9,
e9b6d8,
e8b5d7,
e5b3d6,
e1b2d5,
e1bee2,
ebcef2,
dcbfe8,
dab7df,
d8b3da,
cfa7cc,
dab3de,
deb0d7,
eabbdc,
c6a0bb,
eccfe9,
e5cde6,
e2cae4,
e5cdee,
dac1e7,
d8bce6,
dcb6e2,
e6bae3,
e4bbe5,
d4b2db,
e3c3ea,
d4b0da,
deb4d9,
ecbee0,
ecbee0,
ecbee0,
e6b6da,
d39dc5,
cb96c0,
d9a3ce,
9f6c9b,
f4d3f0,
dbb6d5,
e1b7d8,
e5c5e6,
e7b6e2,
eebae5,
e7b4dc,
eebae4,
d8a8d0,
f1bfe6,
fbc7f0,
e2a8d4,
e1aad4,
e9abd9,
f6b4e2,
f7b4e1,
f7b4e1,
f7b5e1,
f6b4e1,
f5b4e2,
f5b5e1,
f5b5e0,
f4b5e0,
f3b5e0,
f4b6e1,
f4b6e2,
f5b6e3,
f3b7e2,
f2b7e1,
f2b6e2,
f2b6e2,
f3b7e3,
f4b8e4,
f6bbe6,
f6bce7,
f5bce7,
f5bce7,
f5bce8,
f5bce7,
f5bce7,
f6bce8,
f7bde9,
f9bfeb,
f8bfea,
f7bee9,
f5bce8,
f5bbe6,
f6bce5,
f7bce5,
f7bce3,
f7bce4,
f5bde6,
f6bee7,
f3bfe6,
f4bee6,
f5bee6,
f2bee7,
f2bfe8,
f3c0e9,
f5c2eb,
f7c4ed,
f8c6ef,
fac9f3,
fbccf5,
fccef5,
fbcef4,
faccf1,
f7c9ef,
f7c7ef,
f6c8ed,
f6c7ed,
f6c7ee,
f5c6ef,
f4c5ee,
f2c4eb,
f3c3ec,
f4c4ed,
f2c4ed,
f4c4ed,
f4c4ec,
f4c4ed,
f4c4ed,
f4c4ed,
f3c5ed,
f3c6ef,
f3c8ef,
f5caee,
f5cbef,
f6ccf0,
f7cdf0,
f8cdf1,
f7cdf1,
f7cdf1,
f6ccf0,
f6cbf0,
f5caf0,
f5caf0,
f5caef,
f5caef,
f5cbf0,
f6cbf0,
f5ccf2,
f5ccf2,
f5cdf3,
f5cdf2,
f5cdf1,
f5cdf1,
f5ccf2,
f6cdf3,
f6cef3,
f6cdf3,
f5cdf3,
f5cef4,
f7d0f5,
f8d0f6,
f7d1f4,
f6d1f2,
f6d1f4,
f6d0f6,
f6d0f6,
f6d1f4,
f5d2f4,
f5d2f5,
f5d2f5,
f6d2f5,
f8d2f5,
f8d3f6,
f9d3f6,
f9d3f6,
f9d3f6,
f9d3f6,
f9d3f6,
f9d3f7,
f9d3f6,
fad4f7,
fad5f6,
fad5f6,
fad4f7,
fad4f7,
fad5f6,
fbd7f8,
fcd7f8,
fbd9f8,
fcd9f8,
fdd9fa,
fedaf8,
ffdaf7,
fedaf7,
ffdaf9,
ffdaf9,
ffdaf9,
ffdaf9,
ffdaf9,
ffdbf9,
ffddf9,
ffddfa,
ffddfa,
ffddf9,
ffe0fb,
ffe0fb,
ffdffc,
ffdffd,
ffdffd,
ffdffd,
ffe0fc,
ffdffb,
ffddf9,
ffddf9,
ffddf9,
ffddf9,
ffddf9,
ffddf9,
ffddf9,
ffdefa,
ffdefb,
ffdffb,
ffdffb,
ffe0fb,
ffe0fb,
ffe0fb,
ffe0fb,
ffe0fc,
ffe0fc,
ffe0fc,
ffe0fb,
ffe0fd,
ffe0fd,
ffe0fc,
ffe0fc,
ffe0fc,
ffe0fc,
ffe0fc,
ffe0fc,
ffe0fb,
ffe0fb,
ffe0fb,
ffe0fc,
fee2fd,
dbb4e5,
dab5e5,
d9b4e5,
dbb3e5,
dcb3e3,
deb3e3,
e0b4e5,
e0b4e5,
ddb5e5,
dfb4e5,
dfb4e4,
deb3e3,
ddb3e2,
deb1e1,
dfb0e3,
e0aee1,
e2ade0,
e5acdf,
e6aadd,
e7a8db,
e9a6dc,
e8a5db,
e8a4db,
e9a4da,
e9a4da,
eaa4da,
e8a3d9,
eaa2d9,
eaa1d8,
e9a2d8,
e7a3d9,
e8a4da,
e9a4da,
eaa4da,
eba4da,
eaa4db,
eba5da,
eda5d9,
eda5da,
eea5da,
eea5da,
eca5d9,
eea4d9,
eea4d8,
efa5d9,
efa5d8,
de94c1,
ea9dc3,
ec9ebf,
e99bbc,
cd7ea3,
ee9fc4,
eea1c4,
efa2c4,
efa2c4,
eda2c4,
eca2c4,
eea4c6,
eba1c5,
e49cc0,
eea7cc,
eba8cc,
eba9ca,
ecaaca,
ecaac9,
ecacca,
e9afcf,
facbed,
dfb5dd,
f0cbef,
ebc8e7,
f5d1ed,
eec5e1,
eab4d3,
eab3d3,
eab3d3,
ecb4d4,
ebb4d4,
eab3d3,
eab3d3,
ebb4d4,
e7afd0,
eab4d4,
ebb6d6,
ecb7d7,
ecb6d8,
eab6d8,
e8b5d7,
e8b5d7,
e6b2d5,
e6b4d6,
e1badf,
f7dcfc,
e5cbf0,
dcbfe8,
d3b1dc,
d7b1da,
d7b0db,
d4a8d6,
dcacd4,
e5b3d7,
d1adcc,
d1afcd,
cfb0cd,
d1b4d1,
e5cbe9,
e2caee,
e0c4ea,
ddb8df,
e2bae1,
dbb6df,
dfbfe5,
e4c6ec,
d8b3dc,
e1b6dd,
ecbee3,
ebbce0,
d29fc4,
d39ec2,
dfabd2,
b981b5,
9f74a1,
fae1f7,
c3a1bc,
e5c6e2,
f6d5f5,
e4b4de,
e4b4dc,
e9b5de,
e9b3df,
d8a3d1,
eab8e0,
f9c7ef,
e1a8d5,
e0a3cf,
f4b5e3,
f4b3e2,
f4b4e1,
f4b4e1,
f3b6e2,
f4b5e3,
f5b5e4,
f3b4e3,
f3b4e2,
f4b5e2,
f4b6e3,
f3b6e3,
f2b6e3,
f4b6e3,
f2b7e3,
f1b7e3,
f1b7e3,
f2b8e4,
f5b9e5,
f6bbe7,
f6bce8,
f6bee9,
f5bee8,
f6bee8,
f4bee8,
f2bde6,
f4bee6,
f5bfe7,
f6c1ea,
fac3ee,
fbc4ee,
f7c2ec,
f3bee8,
f4bee7,
f5bde5,
f6bde4,
f6bde4,
f6bee5,
f5bee7,
f4bee7,
f4bee7,
f4bee7,
f3bfe8,
f1c0e9,
f1c1ea,
f2c3ec,
f5c8f0,
f8ccf3,
facef4,
f9d0f3,
fad1f4,
fbd2f5,
fcd2f6,
fcd3f5,
fad3f6,
fcd4f7,
fad5f6,
fbd5f7,
fbd3f5,
f9d1f4,
f7cff3,
f5ccf2,
f5c9f1,
f5c8f0,
f5c8f0,
f6c7ef,
f4c5ed,
f3c4ed,
f2c4ed,
f2c4ed,
f2c5ee,
f2c7ef,
f5caf0,
f6cbf1,
f6cbf1,
f6cbf1,
f6cbf1,
f6cbf1,
f7cbf2,
f6caf1,
f5c9f1,
f5caf0,
f5caf0,
f3caf0,
f3caf0,
f3caf0,
f3caf0,
f4cbf1,
f5ccf2,
f5ccf2,
f5ccf2,
f5ccf2,
f5cdf1,
f5ccf2,
f5ccf2,
f5cdf2,
f6cef3,
f6cdf3,
f6cdf3,
f6cef4,
f6d0f5,
f7d0f6,
f7d0f6,
f4d1f4,
f4d2f2,
f4d1f3,
f4d1f4,
f4d1f4,
f5d2f5,
f5d2f5,
f5d3f3,
f5d3f3,
f8d4f3,
f6d4f5,
f4d4f5,
f4d3f6,
f5d4f6,
f7d4f5,
f8d4f6,
fad4f7,
f9d5f7,
f8d5f7,
f9d6f6,
fad6f7,
fad6f8,
fad6f9,
f9d7fa,
fad7f9,
fad7f8,
f9d8f8,
f9d9f9,
f9dafb,
fcdafa,
ffdaf9,
ffdaf9,
ffdaf9,
ffdaf9,
ffdaf9,
ffdaf9,
ffdaf9,
fedcf8,
ffddf9,
ffddf9,
ffddf9,
ffdffa,
ffe0fb,
ffe0fb,
ffe0fb,
ffe0fb,
ffdffc,
ffdffd,
ffdffd,
ffdffc,
ffdffb,
ffddf9,
ffddf9,
ffddf9,
ffddf9,
ffddf9,
ffdefa,
ffdffb,
fedefa,
ffdffb,
ffe0fb,
ffe0fb,
ffe0fb,
ffe0fb,
ffe0fc,
ffe1fc,
ffe0fb,
ffe0fb,
ffe0fc,
ffe0fc,
ffe0fc,
ffe0fb,
ffe0fb,
fee1fd,
ffe1fc,
ffe1fc,
ffe0fb,
ffe0fb,
fee0fb,
fee1fb,
ffe2fe,
ffe2fe,
dbb5e6,
dbb7e7,
d9b8e7,
dab8e7,
dcb7e6,
deb9e6,
deb9e8,
debaea,
d9bcea,
dabde9,
dabde7,
d8bce7,
d8bbe6,
d7b9e6,
d6b7e5,
d9b6e4,
dcb5e4,
ddb3e3,
deb1e1,
e2aee0,
e5aadf,
e6a7dc,
e7a7dc,
e7a6dd,
e6a5db,
e6a5da,
e6a4da,
e8a3d9,
e8a3d9,
e7a3d9,
e6a3d9,
e7a4da,
e7a5da,
e8a5db,
eba5db,
e9a5db,
eaa5db,
eaa6da,
eaa5db,
eba5db,
eca5db,
eda5db,
eea5db,
efa6d9,
f1a6d8,
eca2d2,
e296c0,
ec9dc1,
ed9ebf,
e698bb,
d586aa,
efa0c3,
eea1c4,
efa1c3,
f0a2c4,
eea2c4,
eca2c4,
eda4c6,
efa5c8,
e099bb,
eda7cb,
eba8cb,
eba8ca,
eba9ca,
ebaac9,
ecaccb,
ecb3d3,
f8ccec,
ebc4e5,
f1cdea,
f0cde7,
f3d1eb,
efc6e3,
eab4d4,
eab3d3,
ebb4d4,
f1b9da,
ebb4d4,
eab3d3,
eab3d3,
ebb4d4,
e7afd0,
eab4d4,
eab5d5,
eab5d5,
eab5d6,
e9b5d7,
e8b5d7,
e8b5d7,
e5b2d3,
e5b4d6,
d6afd2,
fadcfa,
f7ddfa,
e7ccec,
e2bfe6,
d0a3d1,
c28fbc,
ab75a4,
8e5787,
a46a9b,
b077a6,
834c78,
804b77,
824e7a,
a17c9e,
f3d7f6,
e7cef0,
e0c2e8,
e6c4e9,
dbb9de,
dbbddf,
e9d1f0,
e0c7ec,
dab8e3,
daaeda,
ddacd3,
d6a3c9,
ebb7dd,
e5b2de,
ab75af,
b290b5,
fae6fa,
c2a4bd,
f5dbf4,
e3bfe1,
e9b8df,
e3b1da,
e9b2df,
d9a1d1,
dea5d7,
ebb4e1,
fac6ef,
dda3cf,
e9abd9,
f3b4e2,
f3b4e3,
f4b5e3,
f3b5e3,
f2b6e3,
f3b5e4,
f4b5e5,
f3b5e4,
f3b5e4,
f3b5e4,
f3b5e4,
f2b5e4,
f2b5e4,
f2b5e4,
f3b7e5,
f3b8e5,
f3b8e5,
f4b8e5,
f6bae6,
f7bde9,
f7bfeb,
f8c0ec,
f8c1eb,
f8c0ec,
f4bee9,
f2bee7,
f3bfe7,
f4c1ea,
f6c4ed,
f9c6f1,
f9c6f0,
f8c3ec,
f4bfe8,
f3bee7,
f5bee5,
f5bee5,
f5bee5,
f4bfe5,
f3bfe6,
f3bfe6,
f4bfe8,
f4bfe8,
f3bfe9,
f3c2eb,
f3c4ec,
f4c8f0,
fbd0f7,
fbd4f9,
fbd5f9,
f9d6f7,
f8d6f7,
f9d6f8,
f9d6f7,
fad7f8,
f9d8f8,
fad9f9,
fadaf9,
fadaf9,
fad9f9,
f8d8f9,
f7d7f8,
fad5f9,
fad4f9,
fad2f7,
f8cdf6,
f5c9f2,
f4c6ef,
f2c4ed,
f2c4ee,
f3c4ee,
f1c6ee,
f2c7ef,
f5c9f0,
f5caf0,
f6cbf1,
f5caf1,
f5c9f1,
f5c9f1,
f4c8f1,
f4c8f1,
f4c8f1,
f3c9ef,
f3c9ef,
f3caf1,
f4caf1,
f3caf0,
f3caf0,
f4caf1,
f4ccf2,
f4ccf2,
f4ccf1,
f5ccf1,
f5ccf1,
f5ccf1,
f6cdf3,
f6cdf3,
f7cef3,
f6cef4,
f6cff4,
f6cff5,
f6d0f6,
f6d1f7,
f5d1f7,
f4d1f5,
f5d2f5,
f5d2f5,
f5d2f5,
f5d2f5,
f6d3f6,
f6d3f5,
f7d4f4,
f7d4f4,
f8d5f4,
f7d5f5,
f6d4f5,
f6d5f6,
f6d5f6,
f7d6f6,
f7d6f8,
f7d7fa,
f8d7f9,
f8d8fa,
f8d8f9,
f8d8f9,
f9d8f9,
f9d9fa,
f9d9fa,
fad8fa,
fbd8f9,
fad9f9,
fadafa,
f9dafa,
fddafa,
ffdaf9,
ffdaf9,
ffdaf9,
ffdaf9,
ffdaf9,
ffdaf9,
ffdbfa,
ffdcf8,
feddf9,
ffddfa,
ffddfa,
ffdefb,
ffe0fc,
ffe0fc,
ffe0fb,
ffe0fb,
ffe0fb,
ffe0fb,
ffe0fb,
ffe0fb,
ffdffb,
ffdefa,
ffddf9,
ffddf9,
ffddf9,
fedefa,
ffdffb,
ffdffb,
ffdffb,
ffe0fb,
ffe0fb,
ffe0fb,
ffe0fb,
ffe0fb,
ffe0fb,
ffdffb,
ffdffb,
ffdffb,
ffe0fb,
ffe0fb,
ffe0fb,
ffe0fb,
ffe0fb,
ffe0fb,
ffe0fb,
ffe0fb,
ffe0fc,
ffe0fb,
fee0fb,
ffe2fc,
ffe2fe,
ffe2fe,
dab9e9,
d8bae9,
d7baea,
d9bbeb,
dabce9,
dbbdea,
dbbdea,
dbbdea,
d7beea,
d6bfea,
d6bfea,
d6bfea,
d6bde8,
d5bce9,
d5bbe9,
d7b9e8,
d9b8e8,
d7b8e8,
d9b6e7,
deb3e4,
e3b0e3,
e3aee1,
e3aee2,
e3abe1,
e5a9de,
e6a8dd,
e4a8dc,
e4a7dc,
e5a6db,
e6a6db,
e6a6db,
e6a6dc,
e7a7de,
e8a8de,
e9a8de,
e9a7dc,
eaa6dc,
eba6dc,
eaa6dc,
eaa6dc,
eca6dc,
eea7dc,
eea7db,
eea7d9,
f2a6d8,
dd93c2,
e89bc2,
eb9ebf,
ee9ebd,
e293b6,
d384a7,
eea0c4,
eca0c3,
eda1c3,
eda1c3,
eea2c4,
eca2c4,
eda3c5,
eea4c6,
e096b8,
eda7c9,
eba7c9,
eaa8c9,
e9a8ca,
eaaac9,
ebaccb,
eab0d0,
f8caec,
f0c7e9,
f1cce8,
f0cde5,
f5cfea,
f1c6e4,
eab3d3,
ebb3d3,
ecb3d4,
efb8d8,
eab3d3,
eab3d3,
eab3d3,
eab3d3,
e7afd0,
e9b3d3,
e9b4d4,
e9b4d4,
e9b4d5,
e9b4d5,
e8b5d7,
e8b5d7,
edb7d9,
e0abcd,
d7abce,
fddcfb,
ebcdeb,
be9ebc,
8b5e83,
7c4671,
8d507f,
915387,
85497f,
844981,
9d6097,
945a89,
8d5b84,
9f7397,
926d90,
9c7d9f,
dec6e1,
e5cdef,
e0c6ea,
edd3f0,
dbc0de,
e1c7e7,
edd6f6,
e3c9ed,
d6b5dd,
d3a9d4,
eabbe2,
efbde1,
eabbe3,
ac80b2,
eacdeb,
dbc4dc,
eed7ed,
fce2fb,
d7acd1,
ebb6de,
e5adda,
dea3d4,
dda4d6,
e0a4d8,
e7afe0,
f9c6ef,
dca5d1,
ecaddb,
f2b4e3,
f2b5e4,
f2b5e4,
f2b5e4,
f2b5e5,
f3b5e5,
f3b5e5,
f2b5e4,
f2b5e4,
f2b5e4,
f2b5e4,
f3b6e5,
f3b6e5,
f3b6e5,
f3b7e6,
f3b8e6,
f4b8e6,
f4bae6,
f6bce8,
f7bee9,
f6c0ea,
f7c2eb,
f8c1ed,
f8c1ec,
f4bee8,
f2bde9,
f5c0eb,
f6c2eb,
f7c5ec,
f9c5f1,
f7c5f1,
f7c3ec,
f3bfe8,
f3bee7,
f4bee6,
f5bee5,
f3bfe5,
f3bfe5,
f3bee7,
f3bee7,
f2bfe9,
f3bfea,
f3c1ed,
f4c3ee,
f4c7ef,
f5cef4,
fbd4f9,
fdd8fb,
fbd8fa,
fad9f8,
f9d9f8,
f9d7fa,
f9d6f8,
fad7f8,
f8d9f9,
f7d9f9,
fadafa,
f9dafa,
f8dafa,
f7d9f9,
f7d9f9,
f9d9f9,
f9d9f9,
f9d9f9,
f6d2f6,
f4caf2,
f4c7ef,
f2c5ed,
f3c4ee,
f3c6ee,
f3c6ee,
f3c7ef,
f5c8f1,
f5c9ef,
f5c9ef,
f5c9f0,
f4c9f0,
f4c8f0,
f4c8f1,
f2c8f1,
f2c8f1,
f0c9f1,
f0c9f1,
f3caf2,
f5cbf1,
f3caf0,
f3caf0,
f3caf0,
f3caf2,
f4cbf3,
f5ccf1,
f5cdf0,
f5ccf2,
f5cdf2,
f6cef3,
f5cef3,
f5cef4,
f6cff5,
f6cff5,
f6d0f7,
f6d1f7,
f5d2f7,
f5d2f6,
f6d2f6,
f6d2f7,
f6d2f8,
f5d2f7,
f5d2f7,
f6d3f6,
f6d3f6,
f6d3f6,
f7d4f6,
f8d5f6,
f8d5f7,
f7d5f8,
f7d6f9,
f7d7f8,
f7d7f6,
f7d7fa,
f6d7fa,
f7d8fb,
f7d8fb,
f7d8fb,
f7d8fb,
f8d9f9,
f9d9f9,
f9d9f9,
f9d9f9,
fad9f9,
f9d9f9,
fbdafb,
fadaf9,
ffdaf9,
ffdaf9,
ffdaf9,
ffdaf9,
ffdaf9,
ffdaf9,
ffdaf9,
fedbfa,
ffdcf9,
feddf9,
ffdcfb,
feddfb,
ffdffd,
ffdffd,
ffdffd,
ffe0fc,
ffe0fb,
ffe0fb,
ffe0fb,
ffe0fb,
ffe0fb,
ffe0fb,
ffdffb,
ffdefa,
ffdefa,
ffddf9,
fedefa,
fedffb,
ffe0fb,
ffe0fb,
ffe0fb,
ffe0fb,
ffe0fb,
ffe0fb,
ffe0fb,
ffdffb,
fedffb,
ffdffb,
ffdffb,
ffe0fb,
ffe0fb,
ffe0fb,
ffe0fb,
ffe0fb,
ffe0fb,
ffe0fb,
ffe1fc,
fee1fc,
ffe0fb,
ffe1fd,
ffe2fe,
ffe2fe,
ffe2fe,
d8baea,
d6bbeb,
d7bceb,
d7bdeb,
d8beea,
d8bfe9,
d8beea,
d9beea,
d7bfea,
d6c0ea,
d8c0eb,
d7c0eb,
d5bfeb,
d5bfeb,
d4bdeb,
d5bceb,
d6bceb,
d5bde8,
d6bce7,
ddb8e7,
dfb5e5,
ddb4e4,
deb3e4,
dfb2e3,
e3afe4,
e3aee3,
e5ade3,
e4ade3,
e4ade3,
e5ade3,
e6ade4,
e6ade2,
e7afe2,
e8afe3,
e9ade2,
e9a9e0,
e8a9df,
e6a9df,
e7a9de,
e9a9de,
eba9de,
efa9dd,
efa8dc,
efa8da,
eba1d1,
dd90bc,
e99dc2,
ea9ebf,
eb9ebe,
d889ab,
de8fb2,
ed9fc2,
eca0c2,
eda0c3,
eda1c3,
eca2c4,
eca2c4,
eda3c5,
eea4c6,
eea4c6,
e8a1c3,
eda6c8,
eba6c8,
eaa7c9,
eba9c9,
ebaacc,
e8abcc,
e5b9da,
f3cded,
f1cde9,
f1cee8,
f4d0e9,
f0c5e3,
e9b2d2,
eab1d2,
eab0d3,
eab1d3,
eab2d3,
eab3d3,
eab3d3,
eab3d3,
e6afd0,
e9b3d3,
e8b3d4,
e8b3d4,
e9b4d4,
e9b4d4,
e8b5d7,
e8b5d7,
ecb6d8,
dda8cb,
d3a3c7,
e8c1e3,
9a6f93,
7e4e72,
7a476b,
7a466b,
8a5880,
8d548c,
864b89,
975c9d,
9f60a3,
a264a3,
a476a2,
ecd4ed,
f1dbf3,
e9d2ea,
dbc7df,
f2def4,
f1dcf6,
e1cce7,
f5def5,
eed6f3,
e9d5f0,
f2dff9,
e8d0ee,
e2c3e8,
d6b0d7,
e8bbe0,
ebbfe3,
d4b0d5,
fbe1fc,
ead1ec,
fce2fb,
e7c1e4,
ebb9e1,
e5acdb,
dba0d1,
dda2d4,
dea3d6,
e0a4d7,
e5abdd,
fac6ef,
e1a9d6,
f0b3e1,
f1b5e3,
f2b5e4,
f2b5e4,
f2b5e4,
f2b5e4,
f2b5e4,
f2b5e4,
f2b5e4,
f3b7e4,
f2b6e4,
f0b7e5,
f2b7e5,
f3b8e6,
f3b8e7,
f3b9e7,
f3b9e7,
f3bae6,
f3bae6,
f4bbe8,
f5bde9,
f4bfe9,
f5c0ea,
f6bfeb,
f5bfeb,
f3bce9,
f4bde8,
f5c0ea,
f5c0eb,
f6c1eb,
f6c1ed,
f4c1ed,
f4bfe9,
f2bee8,
f2bde8,
f3bee8,
f3bee7,
f3bfe5,
f4bfe7,
f4bfe8,
f4bfe8,
f3bfea,
f3bfeb,
f4c2ef,
f4c6f0,
f5caf3,
f9d1f8,
fad6fa,
fad9fc,
fad9fb,
f9dafa,
f9dafa,
f9d9f9,
f9d8f9,
f9d9f9,
f9d9f9,
f9d9fa,
fadafa,
fadaf9,
f9daf9,
f9d9f9,
f9d9fa,
fad9fa,
f9dafa,
f8daf9,
f6d4f6,
f3cbf1,
f3c7ef,
f2c5ee,
f2c5ee,
f2c6ee,
f3c6ef,
f4c8f0,
f3c8f0,
f4c8f0,
f6c8f1,
f4c8f1,
f4c8f2,
f4c8f1,
f4c8f1,
f4c8f1,
f3c8f1,
efc9f1,
efc9f1,
f3caf2,
f4cbf1,
f3caf1,
f2caf0,
f2caf0,
f1caf2,
f3cbf3,
f5ccf2,
f4ccf1,
f3ccf2,
f4cdf2,
f5cef3,
f6cef4,
f6cff6,
f7d0f6,
f8d1f7,
f6d2f7,
f6d2f8,
f5d3f8,
f5d3f8,
f5d3f8,
f4d3f8,
f6d3f8,
f4d3f8,
f4d3f8,
f3d3f8,
f3d3f8,
f4d4f9,
f4d4f8,
f5d4f8,
f6d5f9,
f6d7f9,
f6d7fa,
f6d7fa,
f6d8f9,
f6d7fb,
f7d8fc,
f7d8fb,
f7d8fb,
f7d9fb,
f8d9fb,
f8dafa,
f8dafa,
f8d8fb,
f9d8fa,
fbd9f9,
fad9f8,
fbdbf9,
fcdaf9,
ffdaf9,
ffdaf9,
ffdaf9,
ffdaf9,
ffdaf9,
ffdaf9,
ffdaf9,
ffdaf9,
fedcf8,
feddf9,
ffdcfb,
ffdcfb,
ffddfb,
ffdefb,
ffdefb,
ffdffc,
ffdffc,
ffe0fb,
ffe0fb,
ffe0fb,
ffe0fb,
ffe0fb,
ffe0fb,
ffdffb,
ffdffb,
fedefa,
ffe0fb,
ffe0fb,
ffe0fb,
ffdffb,
ffe0fb,
ffe0fb,
ffe0fb,
ffe0fb,
ffe0fb,
ffdffb,
ffe0fb,
ffe0fb,
ffe0fb,
fedffb,
ffe0fb,
ffe0fb,
ffe0fb,
ffe0fc,
fee1fd,
fee0fb,
ffe1fc,
fee1fd,
fee1fc,
fee1fd,
ffe2fe,
ffe2fe,
fee3ff,
d9baea,
d7bbeb,
d7bcec,
d7bdeb,
d8bdea,
d8bfe9,
d8beea,
d8beea,
d7bfeb,
d7c0eb,
d7c0eb,
d7c0eb,
d8c0ec,
d8c0ed,
d7c0ee,
d7c0ee,
d7c1ed,
d7c2ec,
d6c3eb,
d9c1ea,
dbbfe9,
dabbe9,
dbb8e8,
dbb6e6,
deb3e6,
dfb2e7,
e0b1e7,
dfb1e7,
dfb1e7,
e1b1e7,
e3b1e6,
e2b1e5,
e3b0e5,
e3b0e5,
e4afe5,
e7ade3,
e6ace2,
e5ace2,
e4ace2,
e4abe2,
e6ace2,
ebabdf,
eeaade,
f0aadb,
db92bf,
ea9dc5,
e99dc0,
e99dc0,
e99ebf,
c17396,
e898bc,
ed9ec1,
ec9fc1,
eca0c2,
eda1c3,
eca1c3,
eca2c4,
eda3c5,
eea4c6,
f0a5c7,
e69ebf,
eda6c8,
eda6c8,
eca7c9,
eda7c9,
edaaca,
ebaccb,
d5a4c5,
efc7e8,
f3cfec,
f3cfe9,
f5cfe9,
efc5e1,
e8b1d1,
e9b0d1,
eab0d3,
eab0d3,
eab1d3,
eab2d3,
eab2d3,
eab3d3,
e6afd1,
e9b2d4,
e9b3d3,
e8b3d3,
e9b4d4,
e8b5d4,
e8b5d6,
e8b5d7,
eab6d8,
e0acd0,
cb98bd,
7b4b6e,
77476c,
85577c,
a57c9d,
d3b1cf,
e5c2e8,
8f5f9b,
865094,
9861a6,
9a60a6,
9c61a7,
b48cb5,
fae6fa,
f7e4f7,
f6e4f5,
f6e5f4,
f6e4f6,
f6e3f6,
f6e4f8,
f2def2,
f6e2f6,
f6e4f9,
f5e3f9,
f7e3fa,
ceb6d6,
dfc3e1,
ddbbdc,
ddb7dd,
d1adce,
efd4f0,
f9e1fc,
f9defa,
e3b1dc,
ebb0df,
dfa0d2,
dd9fd3,
dea1d4,
dfa2d6,
e0a4d8,
e3a9db,
f9c3ee,
e4acd8,
f0b6e3,
f1b5e3,
f2b5e4,
f2b5e5,
f2b5e5,
f2b5e5,
f2b5e5,
f2b5e4,
f2b5e5,
f3b7e4,
f2b7e5,
f0b8e6,
f2b8e6,
f3b9e7,
f3b9e7,
f3b9e7,
f4b9e7,
f2bae6,
f3bae6,
f4bae8,
f4bbe8,
f4bde7,
f4bde7,
f4bde8,
f4bde8,
f4bce8,
f4bde7,
f4bee7,
f5bee9,
f5bde9,
f4bde9,
f2bee9,
f2bde9,
f2bde8,
f2bce8,
f3bde9,
f3bee8,
f3bee7,
f3bee7,
f3bee7,
f3bee7,
f4bfe9,
f3c0eb,
f5c3f0,
f5c8f2,
f6cdf5,
f9d2f9,
f9d6fa,
fad9fc,
fadafc,
f9dbfb,
f9dbfc,
fadafb,
fadafa,
fadafa,
fad9f9,
f9d9f9,
fad9fa,
fad9f9,
f9d9f9,
f9d9f9,
f9d9f9,
fad9fa,
f8dafa,
fadbfb,
fad7fa,
f5cef3,
f4c8f0,
f2c6f1,
f2c6ef,
f3c8f0,
f3c9ef,
f2c9ef,
f4caf1,
f4caf2,
f5c9f1,
f1c8f2,
f2c8f2,
f2c8f2,
f2c8f2,
f3c8f2,
f3c8f1,
f1caf2,
f1caf2,
f3caf2,
f3cbf3,
f2cbf3,
f2cbf2,
f2cbf2,
f2cbf2,
f4cdf3,
f3cdf3,
f3cdf3,
f4cef3,
f4cef3,
f4cef4,
f5cff6,
f4d0f6,
f5d1f7,
f5d2f7,
f4d2f7,
f4d3f8,
f3d3f8,
f3d3f8,
f3d3f8,
f2d3f8,
f5d3f8,
f4d4f9,
f4d4f9,
f2d4f9,
f2d4f9,
f4d4f9,
f4d4f9,
f5d5fa,
f4d6fb,
f6d7fa,
f6d7fa,
f6d7fa,
f7d8fb,
f7d8fc,
f7d8fc,
f7d8fb,
f7d8fb,
f8d9fc,
f8d9fc,
f8dafb,
f9dafa,
f9d9fc,
fad9fa,
fcdaf9,
fbd9f8,
fbd9f8,
fedaf8,
ffdaf8,
ffdaf9,
ffdaf9,
ffdaf9,
ffdaf9,
ffdaf9,
ffdaf9,
ffdaf9,
fedbf8,
fedcf8,
ffdcfb,
ffdcfb,
ffdcfb,
ffddfa,
ffdefa,
fedefb,
fedefc,
ffdffb,
ffe0fb,
ffe0fb,
ffe0fb,
ffe0fb,
ffe0fb,
ffe0fb,
ffe0fb,
fedffb,
ffe0fb,
ffe0fb,
ffe0fb,
ffe0fb,
ffe0fb,
ffe0fb,
ffe0fb,
ffe0fb,
ffe0fb,
ffdffb,
ffe0fb,
ffe0fb,
ffe0fb,
fedefa,
ffe0fb,
ffe0fb,
fee1fc,
fee1fd,
fee1fd,
fee1fd,
fee1fd,
fee1fd,
fee1fd,
fee1fd,
ffe2fe,
ffe2fe,
fee3ff,
dab9e9,
d9bbeb,
d9bcec,
d8beec,
d9bfec,
d9bfeb,
d8bfea,
d7bdea,
d8c0ea,
d7c0ea,
d7c0eb,
d8c0eb,
dac2ed,
dbc3ee,
dac3ee,
dcc5f0,
d9c6f1,
d9c8f1,
d8c9ef,
d9caef,
dacaf0,
dbc6f1,
dbc0ee,
dbbbea,
ddb7e8,
dfb5e8,
deb4e9,
ddb4e9,
ddb4ea,
deb3e9,
deb3e7,
deb3e7,
deb3e6,
deb3e6,
dfb2e6,
e3afe4,
e2aee4,
e1aee5,
e0b0e5,
e0b0e6,
e0afe6,
e5aee3,
ecaee1,
eaa6d7,
e195c0,
ea9cc0,
ea9dbf,
ea9dc0,
eb9ec0,
b86a8e,
eb9cc0,
ed9ec2,
eb9ec1,
eca0c2,
eca0c2,
eba1c3,
eca2c4,
eca2c4,
eca2c4,
eda3c5,
e399bb,
eca4c6,
eca6c8,
eaa6c8,
eca7c8,
eda9c7,
ecabca,
e8adcf,
ddacce,
f6ccea,
f7cfea,
f7cee9,
f1c5e1,
e8b0d1,
e9b0d2,
eab0d3,
eab0d3,
ebb1d4,
ebb1d4,
ebb1d4,
eab1d3,
e7aed0,
e8b1d2,
e9b3d3,
e8b3d3,
e8b3d4,
e8b4d6,
e9b4d6,
e9b5d7,
e9b5d7,
e3aed1,
d7a3c7,
aa7b9c,
8a6180,
e6c3e3,
f8d9f5,
b692bf,
9a67aa,
864f98,
8b549f,
965faa,
9860a6,
9560a3,
ceaecf,
f9e4f9,
f5e2f6,
f5e3f5,
f6e4f4,
f6e4f4,
f6e4f5,
f5e4f6,
f4e2f6,
f5e2f6,
f5e3f6,
f6e4f6,
f6e3f7,
efdcf2,
f0dcf3,
f4def6,
ecd2ee,
d1b4d4,
c1a7c5,
f6dff9,
eecdee,
e0a8d5,
e1a2d3,
e1a0d1,
dea0d3,
dfa2d5,
e1a3d6,
e1a4d9,
e5a9dc,
f7c1ec,
edb8e1,
eeb3df,
f2b5e4,
f2b5e4,
f2b5e6,
f2b5e6,
f2b5e6,
f2b5e5,
f2b5e4,
f2b5e4,
f3b6e5,
f2b8e6,
f2b8e6,
f1b8e6,
f1b8e6,
f3b9e7,
f2b9e7,
f2b9e7,
f1bae6,
f2bae6,
f5bbe7,
f5bbe7,
f3bbe7,
f4bce8,
f5bce8,
f4bce8,
f4bce8,
f5bde8,
f5bde8,
f5bde9,
f4bce8,
f2bce9,
f0bce9,
f0bcea,
f0bcea,
f1bdea,
f2bdea,
f1beea,
f1beea,
f1bdea,
f1bdea,
f1bdea,
f4beea,
f3c0eb,
f5c3ef,
f6c7f3,
f6cdf6,
f7d3fa,
f8d7fa,
fbdafb,
f9dbfc,
fadcfc,
fbdcfd,
fbdbfc,
fadafa,
fbdafa,
fbd8f9,
fbd8f9,
fbd8f9,
fbd8f9,
fbd8f9,
f9d9f9,
f9d9f9,
f9d9f9,
f8d9fa,
fadbfb,
fbdafb,
fad4f8,
f6cbf1,
f4c8f2,
f4c9f1,
f7cdf4,
f5cef6,
f5d0f5,
f6cef5,
f4cdf5,
f2cbf3,
f0c9f1,
f0c8f0,
f0c9f2,
f1c9f2,
f1caf2,
f1caf2,
f1caf2,
f1caf2,
f2cbf1,
f2ccf2,
f3ccf4,
f1ccf3,
f1cdf3,
f1cef3,
f2cef4,
f2cef4,
f3cff5,
f2cff5,
f1cff5,
f1cff6,
f1d0f7,
f1d0f8,
f1d2f7,
f1d2f7,
f2d2f7,
f2d3f8,
f2d3f8,
f2d3f8,
f2d3f8,
f2d3f8,
f3d3f8,
f4d4f9,
f4d4f9,
f4d4f9,
f4d4f9,
f4d4fa,
f5d5fa,
f5d6fc,
f6d8fd,
f7d8fd,
f7d8fd,
f7d8fc,
f7d8fb,
f7d8fb,
f7d8fb,
f7d8fb,
f8dafa,
f8dafb,
f8dafa,
fadafa,
fadafa,
fcdaf9,
fbdaf9,
fadaf9,
fddaf9,
fed9f7,
ffd9f6,
ffd9f6,
ffd9f7,
ffd9f7,
ffd9f7,
fedaf8,
fedaf8,
fedaf8,
ffdaf9,
ffdaf9,
ffdaf9,
ffdaf9,
ffdbf9,
ffdbfa,
ffdcfb,
feddfa,
feddfb,
ffddfb,
fedefc,
fedffc,
ffdffd,
ffe0fc,
ffdffd,
ffdffd,
ffe0fc,
ffe0fb,
ffe0fb,
ffe0fb,
ffe0fb,
ffe0fb,
ffe0fb,
ffe0fb,
ffe0fb,
ffe0fb,
ffe0fb,
ffe0fb,
ffdffb,
fedefa,
ffdffb,
ffdffb,
ffdffb,
ffe0fb,
ffe0fb,
fee1fc,
fee1fd,
fee1fd,
fee1fd,
fee1fd,
fee1fd,
fee1fd,
fee1fd,
ffe2fe,
ffe2fe,
ffe3ff,
ddb9ea,
dcbbec,
dcbcec,
dbbeec,
dabfed,
dabfed,
d5baea,
c9afe2,
ceb7e8,
d4bdeb,
d5beeb,
d6bfec,
d8c2ef,
dac3ef,
dbc3f0,
dcc6f1,
d8c8f2,
d9ccf3,
dbcdf3,
dbcff2,
dbcef2,
dacaf3,
dbc6f0,
dac2ee,
dbbdea,
dcbcea,
dabaeb,
dabaeb,
dab7ea,
dbb6e9,
dab5e8,
dab4e8,
dab4e7,
dab5e8,
dcb5e8,
dfb5e7,
dfb5e7,
dfb7e7,
ddb7e8,
ddb5e8,
dcb2e6,
dfb0e4,
e5b0e3,
e4a3d1,
e496be,
eb9dbf,
ea9cbe,
eb9dbf,
ec9ec0,
b86a8d,
ed9ec1,
ec9ec1,
eb9ec1,
eca0c2,
eca0c2,
eba1c3,
eba1c3,
eca2c4,
eca2c4,
eda3c5,
dd93b5,
efa5c7,
eba5c7,
eaa6c8,
eaa6c9,
eba8c9,
edaaca,
ebacce,
d598bb,
d6a4c5,
f8ceeb,
f5cde8,
f0c4e1,
e8b0d1,
e9b0d1,
eab0d3,
eab0d3,
eab0d3,
e9afd2,
eab0d3,
eab0d3,
e8aed1,
e8b0d1,
e9b2d2,
eab4d4,
e8b3d5,
e8b4d6,
e9b4d5,
eab4d5,
eab5d5,
e7b2d3,
cc9bbd,
d0a5c5,
ad8ca8,
f0d4f0,
fde2fb,
a580b6,
9d6cba,
a373c7,
a676c9,
a270c1,
ac84b8,
8b6095,
f8ddf7,
f5e2f8,
f4e2f6,
f3e2f6,
f6e4f5,
f6e4f4,
f6e4f4,
f5e4f5,
f3e2f6,
f3e2f6,
f3e3f6,
f5e4f5,
f6e4f6,
f6e3f7,
f6e3f8,
f6e3f9,
f6e3fb,
f7e0fa,
efd7f1,
e1cae5,
cc9ec5,
db9fce,
dda0d1,
e0a0d2,
dfa0d4,
dfa2d5,
dfa2d5,
e0a4d7,
e5aadd,
f3bee8,
f1bee6,
edb2dd,
f2b6e4,
f2b5e4,
f2b5e6,
f2b5e6,
f2b5e6,
f2b5e5,
f2b6e4,
f2b6e5,
f4b7e5,
f2b8e6,
f2b8e6,
f1b9e6,
f1b9e7,
f2b9e7,
f3bae8,
f1b9e7,
f1b9e7,
f2b9e7,
f4bbe7,
f4bbe7,
f2bae6,
f3bbe7,
f4bce8,
f3bce8,
f3bbe7,
f2bce8,
f4bce8,
f3bce8,
f2bce8,
f0bcea,
efbdea,
efbdeb,
efbeeb,
f0beec,
f1bfeb,
f0bfeb,
f0bfed,
f1bfed,
f2beec,
f2beec,
f2beec,
f1c0eb,
f4c3ef,
f5c7f2,
f4cdf5,
f7d3f9,
f8d7fb,
fbdafb,
f9dbfc,
fadcfc,
fbdcfd,
fbdbfc,
fadafa,
fbdafa,
fbd8f9,
fbd8f9,
fdd8f9,
fcd7f8,
fad7f8,
f9d7f8,
f8d8f8,
f9d7f7,
f9d8f9,
fbd9fa,
fbd8fa,
fbd6fa,
f7cef4,
f4caf1,
f4ccf2,
f6cef4,
f6d1f7,
f6d2f8,
f4d2f7,
f3d0f6,
efcbf3,
efc9f1,
f0c9f0,
efcaf2,
efcaf2,
efcaf2,
eecaf2,
eecaf2,
eecaf2,
efcbf1,
f1ccf2,
f1cdf3,
f1cef4,
f0cef4,
eecef3,
efcff4,
f1cff5,
f1cff5,
f1d1f6,
f0d1f6,
f1d0f6,
f0d0f7,
f0d0f8,
f0d2f7,
f0d2f7,
f1d2f7,
f2d3f8,
f2d3f8,
f2d3f8,
f2d3f8,
f2d3f8,
f2d3f8,
f3d4f9,
f3d4f9,
f3d4f9,
f4d4f9,
f4d5fa,
f5d6fa,
f7d7fc,
f7d8fd,
f7d8fd,
f7d8fd,
f7d8fc,
f7d8fa,
f7d8fb,
f8d8fb,
f8d9fa,
f9dafa,
f8dafa,
f8dafa,
fadafa,
fadafa,
fcdaf9,
fcdaf9,
fddaf9,
fedafa,
ffd9f7,
ffd9f6,
ffd9f6,
ffd9f6,
ffd9f7,
ffd9f7,
fdd9f7,
fdd9f7,
fedaf8,
ffdaf9,
ffdaf9,
ffdaf9,
ffdaf9,
ffdbf9,
ffdbfa,
ffdcfb,
ffdcfb,
ffdcfb,
ffdcfb,
feddfc,
fedefc,
ffdefd,
ffdffd,
ffe0fc,
ffdffc,
ffdffd,
ffe0fc,
ffe0fb,
ffe0fb,
ffe0fb,
ffe0fb,
ffe0fb,
ffe0fb,
ffe0fb,
ffe0fb,
ffe0fb,
ffe0fb,
ffe0fb,
ffdffb,
ffdffb,
ffdffb,
ffe0fb,
ffe0fb,
ffe0fb,
fee1fc,
ffe1fd,
ffe2fe,
ffe2fe,
ffe2fe,
ffe2fe,
fee1fd,
fee1fd,
ffe2fe,
ffe2fe,
ffe3ff,
ddbcec,
debcec,
dfbded,
debeee,
dcbfef,
dbbfef,
d1b6e9,
bba2de,
af97d9,
b7a0e0,
c2ade4,
cdb6ea,
d3bcee,
d6c0ee,
d7c1ef,
d7c4f1,
dac9f3,
dacdf4,
dacef7,
dacff5,
dbcef3,
dacbf3,
dac9f0,
dbc5ee,
dac2ed,
dac2ed,
d9c1ee,
dac1ee,
d8beeb,
d8bbea,
d6b8e8,
d7b8e8,
d8b8e9,
d9baea,
ddbceb,
dcc0ed,
dbc2ee,
dbc2ee,
dbc2ef,
dabfed,
dab9ea,
dbb4e5,
e3b2e0,
d796bf,
e99bc0,
ea9bbf,
ea9cbe,
eb9dbf,
ec9ec1,
bd6f91,
ed9ec1,
ec9ec1,
eb9ec1,
eb9fc2,
eca0c2,
eca0c2,
eca1c3,
eca1c3,
eda1c3,
eea2c4,
d58aac,
f4a7ca,
eaa1c3,
eba7c9,
eba7c9,
eaa7c9,
eba8c9,
edabce,
cc88ac,
c27fa2,
d9abca,
f7d1ed,
e7bad9,
eaafd0,
eab0d1,
eab0d3,
eab0d3,
eab0d3,
e9afd2,
eab0d2,
eab0d3,
e9afd1,
e7b0d0,
e9b2d2,
eab3d3,
e8b3d3,
e7b3d4,
e9b4d5,
e9b4d6,
e9b4d4,
e8b5d5,
cda1c1,
d5afcb,
e6c7e0,
ecd1ea,
fee3fb,
aa87bb,
ac80cf,
c196e3,
c8a0e1,
c7a2db,
c0a1cc,
dfc2e2,
f8e2f8,
f5e0f7,
f3e1f6,
f3e2f6,
f5e3f4,
f6e5f3,
f6e5f2,
f5e5f4,
f4e4f5,
f5e4f5,
f5e3f7,
f5e3f7,
f6e3f7,
f6e3f9,
f6e3f9,
f6e3f9,
f8e3f9,
f8e3f9,
f6dff7,
dcc1df,
dfbddc,
d99ecc,
dda0d0,
dfa0d2,
dea0d5,
dea2d5,
dea2d5,
e0a4d8,
e8addf,
efbae4,
eeb8e0,
edb2de,
f2b7e3,
f2b7e4,
f2b7e5,
f1b7e5,
efb7e5,
f0b7e5,
f1b8e6,
f1b8e7,
f2b9e8,
f2b9e8,
f2b9e8,
f2bae8,
f3bae8,
f1bae8,
f1bae8,
f0bae8,
f0bae8,
f1bbe9,
f3bbe9,
f3bbe9,
f3bbe8,
f3bbe8,
f5bce8,
f3bce8,
f2bde8,
f2bce9,
f4bce9,
f3bdea,
f1bdea,
f0beeb,
f0beeb,
f1beed,
f1bfed,
f1c1ed,
f2c2ed,
f2c2ee,
f3c1ef,
f2c2f0,
f1c2ed,
f1c2ed,
f0c2ed,
f0c2ec,
f2c4ee,
f5c9f0,
f3cdf2,
f4d4f7,
f8d8fa,
f9dafb,
f8dbfc,
fbdcfd,
fadcfd,
fadafa,
f9d9f9,
fad8f9,
fcd7f8,
fbd7f8,
fad6f7,
fbd6f7,
fbd6f7,
fbd6f7,
fad6f7,
f9d6f7,
f9d6f7,
fad7f7,
f9d5f8,
f6d2f7,
f4cff5,
f1cbf3,
f0ccf4,
f1cef6,
f3d1f7,
f4d3f7,
f3d1f6,
f1cff5,
edcbf3,
edcaf3,
edcbf3,
eecbf3,
eecbf3,
edcaf3,
eccaf4,
ebcaf2,
ebcbf2,
edcbf3,
efcdf4,
efcdf4,
f0cef4,
edcff3,
eccef5,
edcef5,
eecef3,
eed0f5,
efd0f5,
efd0f6,
f0d1f6,
efd1f6,
eed1f6,
efd2f7,
efd2f7,
f1d2f7,
f1d3f8,
f0d3f8,
f0d3f8,
f0d3f8,
f0d3f8,
f0d3f8,
f1d4f9,
f2d4f9,
f3d5f7,
f4d6f9,
f4d6fb,
f6d8fd,
f7d8fd,
f7d8fc,
f7d8fb,
f7d8fb,
f7d9fb,
f7dafa,
f9d9fa,
fad9f9,
fbd9f9,
fcdaf9,
fbdaf9,
fadaf9,
fcdaf9,
fddaf9,
fcdaf9,
fedaf9,
ffdaf9,
ffdaf9,
ffd9f9,
ffd9f7,
ffd9f7,
ffd9f7,
ffd9f7,
ffd9f7,
fed9f7,
fcd9f7,
fed9f8,
ffdaf9,
ffdaf9,
ffdaf9,
ffdaf9,
ffdaf9,
ffdaf9,
ffdbfa,
ffdcfb,
ffdcfb,
ffdcfb,
ffdcfb,
feddfb,
feddfc,
fedefc,
ffdefa,
ffdefb,
ffdffb,
ffe0fb,
ffe0fb,
ffe0fb,
ffe0fb,
ffe0fb,
ffe0fb,
ffe0fb,
fee0fb,
ffe0fb,
ffe0fb,
ffe0fb,
ffe0fb,
ffe0fb,
ffe0fb,
ffe0fb,
ffe0fb,
ffe0fb,
ffe0fb,
ffe0fb,
ffe0fc,
fee1fd,
fee1fd,
fee1fd,
fee1fd,
fee1fd,
fee1fd,
fee1fd,
ffe2fc,
ffe3fc,
ddbceb,
debdeb,
dfbded,
ddbeee,
dbbcf0,
cdb1e9,
b59cd9,
a892d5,
a28dd3,
a38cd3,
a48ed6,
a993d7,
b39ddb,
bface6,
c4b2ea,
cab9ed,
d3c4f4,
d2c5f4,
cbbff1,
d1c3f2,
daccf4,
daccf3,
dac8f0,
dac6ed,
d8c5ed,
d9c5ef,
d8c5f0,
d9c5f0,
d9c4ef,
d8c0ec,
d6bcea,
d7bcea,
d8beeb,
dac0ed,
dcc4ef,
dcc7ef,
dbc8f1,
dbc8f1,
dbc8f2,
dbc6f0,
dabeed,
d9b8e7,
deafdc,
d38fb4,
e89dbe,
e99dbe,
ea9cbe,
eb9dbf,
eb9dc0,
c07294,
ec9ec1,
eb9ec1,
eb9ec1,
eb9ec1,
ec9fc1,
ec9fc2,
ec9fc2,
eda1c3,
eda1c3,
eea2c4,
df93b6,
d78bae,
e49bbd,
e8a1c3,
eba7c9,
eaa7c9,
eba7c9,
eda7cb,
c37b9f,
c87fa4,
c487ab,
e8bddb,
f6c9e7,
ebb1d2,
eaafd1,
e9afd2,
e9afd2,
eab0d3,
e9afd2,
eab0d2,
eab0d3,
e8afd1,
e7afd0,
e7b0d0,
e8b1d2,
e8b3d3,
e8b3d3,
e9b3d5,
e8b4d5,
e7b4d4,
e7b6d6,
d5aac9,
cbaac1,
e5c6e0,
eed1eb,
e1c6df,
d6bbd9,
dcbde2,
f4d5f8,
f8dbf9,
f5dcf9,
f5ddf9,
f5dff7,
f4dff7,
f3e0f7,
f3e1f6,
f3e2f7,
f4e3f4,
f6e5f3,
f6e5f2,
f5e5f4,
f4e5f4,
f5e4f4,
f6e3f5,
f6e3f7,
f6e3f8,
f6e3f9,
f6e3f9,
f6e3f9,
f7e3f9,
f7e3f9,
ebd7ef,
ead2ec,
f1d0ef,
d99dd0,
dda0d2,
dea0d2,
dea1d3,
dea1d4,
dda2d5,
dfa3d8,
eab1e1,
e8b4e0,
e6b0d9,
eeb4de,
f2b7e3,
f2b8e5,
f2b8e6,
f2b8e6,
f0b8e6,
f1b8e6,
f1b9e7,
f2bae8,
f3bbe9,
f3bbe9,
f3bbe9,
f3bbe9,
f3bbe9,
f3bbe9,
f2bbe9,
f0bbe9,
f1bbea,
f2bcea,
f2bce9,
f2bce9,
f2bceb,
f2bcea,
f1bcea,
f1bdea,
f1bdea,
f3bdeb,
f4beec,
f2beec,
f2bfed,
f1c0ee,
f0c1ef,
f2c2f0,
f1c4f0,
f0c5ef,
f1c5f0,
f1c5f0,
f2c5f0,
f1c5f0,
f1c6f0,
f1c6f1,
f2c6f1,
f2c6f1,
f3c9f1,
f4ccf2,
f6d0f5,
f8d6f9,
fadafb,
f9dafb,
f8dbfc,
f9dbfc,
f9dafb,
fad9fa,
f9d8f9,
fad7f8,
fbd6f7,
fbd6f7,
fad7f8,
fbd6f7,
fbd6f7,
fbd6f7,
fad6f7,
fad6f7,
fad6f7,
f8d5f5,
f6d3f6,
f3cff6,
f1cdf5,
f0cbf4,
efccf5,
f0cdf6,
f2d0f7,
f2d0f7,
f1cff5,
efcef3,
eccdf2,
eccaf3,
edcbf4,
eccbf5,
edcbf5,
ebcbf4,
eacaf3,
eacaf2,
eacbf2,
e9ccf3,
eccdf4,
eecef5,
eecef4,
eccef4,
eccef5,
eccef5,
eccef5,
eacff5,
ecd0f5,
edd0f6,
eed1f6,
eed1f6,
eed1f6,
efd2f7,
efd2f7,
efd2f7,
f0d3f8,
f0d3f8,
f0d3f8,
f0d3f8,
f0d3f8,
f1d3f8,
f2d4f9,
f2d4f9,
f4d6f8,
f5d7fa,
f5d8fd,
f7d8fd,
f7d8fd,
f7d8fc,
f7d8fb,
f7d9f9,
f8d9fa,
f8dbf8,
fadaf8,
fbd9f7,
fcd9f7,
fcd9f6,
fcd9f7,
fcd9f7,
fedaf9,
ffdaf9,
fcdaf9,
fedaf9,
ffdaf9,
ffdaf9,
ffd9f9,
ffd9f7,
ffd9f7,
ffd9f7,
ffd9f7,
ffd9f7,
fed9f7,
fdd9f7,
fed9f7,
fed9f7,
ffdaf8,
ffdaf8,
ffdaf8,
ffd9f8,
ffdbf9,
ffdaf9,
ffdcfa,
ffdcfb,
fedcfa,
ffdcfb,
ffdcfb,
ffdefc,
ffdcfb,
ffddf9,
ffddfa,
ffdffa,
ffe0fb,
ffe0fb,
ffe0fb,
ffe0fb,
ffe0fb,
ffe0fb,
ffe0fb,
ffe0fb,
ffe0fb,
ffe0fb,
ffe0fb,
ffe0fb,
ffe0fb,
ffe0fb,
ffe0fb,
ffe0fb,
ffe0fb,
ffe0fb,
ffe0fb,
ffe0fb,
fee1fd,
fee1fd,
fee1fd,
fee1fd,
fee1fd,
fee1fd,
fee1fd,
ffe2fc,
ffe3fc,
debbec,
d8b4e7,
ddbaed,
ddbeee,
d8b9ec,
bd9fdc,
a28bcf,
9f8ad0,
a08ad0,
9f8ad0,
9d89cf,
9d8ad1,
9e8cd4,
a190d4,
a797d8,
bbade6,
c3b5ef,
b5a7e7,
ab9ddd,
b9a7e3,
d4c2f3,
d8c8f3,
d9c6ef,
d9c5ee,
d9c6ef,
d9c7f1,
d9c8f3,
d8c8f2,
d8c8f3,
d9c4f1,
d8c2ef,
d9c1ee,
dac3ee,
dcc5f0,
ddc7f0,
ddc8f0,
dbc9f1,
dcc8f2,
ddc7f3,
dbc5f0,
dbc1ec,
d9bbe6,
d6a1cb,
e69cbf,
e89bbb,
e99bbc,
ea9cbe,
eb9cbf,
ea9cbf,
c6789a,
ec9ec0,
ea9dc0,
eb9dc0,
ed9ec1,
ed9ec1,
ed9ec1,
ec9fc2,
eca0c2,
eca0c2,
eda1c3,
e89dbf,
bf7496,
eda3c6,
ca82a4,
eca7c8,
eda8ca,
eda7ca,
dd92b6,
c6789d,
c87ea4,
c680a6,
c186a9,
e0afce,
ecb1d3,
e9afd0,
e8aed0,
e8aed1,
e9afd2,
eab0d3,
eab0d3,
e9afd2,
e8afd1,
e7afd0,
e7afd0,
e7b0d0,
e7b2d2,
e7b2d2,
e7b2d2,
e7b2d2,
e8b4d4,
e7b4d5,
d8a8c8,
e6c7df,
d9bdd5,
f6def3,
f4ddf1,
f2dcf0,
f3dcf1,
f1dbf2,
f0dbf4,
eedbf4,
f1dcf6,
f2ddf8,
f2def5,
f2dff7,
f3e0f7,
f4e1f8,
f5e2f6,
f7e4f5,
f6e4f4,
f6e4f4,
f6e4f4,
f6e4f4,
f6e4f5,
f6e4f6,
f6e3f7,
f6e3f8,
f6e3f8,
f6e3f9,
f4e3f9,
f4e1f8,
f0dbf1,
fae1fc,
e5bde3,
dca0d1,
dda0d1,
dea1d2,
dea1d2,
dea1d3,
dea2d4,
dda3d7,
ebb4e2,
eab6e1,
dda6d0,
f0b7e1,
f2b8e5,
f1b9e7,
f2bae8,
f2bae8,
f2bae8,
f1bae8,
f2bae8,
f2bbe9,
f3bcea,
f3bdeb,
f3bdeb,
f2bcea,
f2bcea,
f3bdeb,
f3bdeb,
f3bdeb,
f2bdec,
f2bdec,
f1bdeb,
f1bdea,
f1bdeb,
f1bdeb,
f0bfec,
f0bfec,
f2bfed,
f3bfed,
f5bfed,
f3c0ef,
f3c2f0,
f3c4f4,
f3c6f5,
f3c8f4,
f1c9f3,
efc8f2,
efc7f1,
f0c7f1,
f1c9f3,
f1c9f3,
f2caf5,
f3ccf6,
f5cdf6,
f5cdf6,
f7cff6,
f7d1f6,
f8d5f8,
f8d9fb,
f8dafa,
f9dbfb,
f8dbfb,
f9dafa,
fad9fa,
fbd8f9,
fad7f8,
fad6f7,
fbd6f7,
fbd6f7,
fbd6f7,
fbd6f7,
fbd6f7,
fad6f7,
f9d6f7,
f8d5f6,
f8d5f6,
f6d3f6,
f3d1f6,
efcef5,
eeccf5,
edcbf5,
edcbf4,
f0cdf4,
f0cef5,
efcff6,
efcff6,
eecef5,
edcdf3,
edcbf4,
eccbf5,
edccf6,
eeccf6,
ecccf4,
ebccf3,
eaccf3,
eacdf4,
eacdf2,
eccff4,
f2d2f8,
edcff6,
eccef5,
eacdf4,
ebcdf4,
eccef5,
edcff5,
eed1f5,
eed1f6,
eed1f6,
eed1f6,
eed1f6,
efd2f7,
efd2f7,
efd2f7,
f0d3f8,
f0d3f8,
f0d3f8,
f0d3f8,
f1d3f8,
f2d3f8,
f4d4f9,
f4d4f9,
f4d6f9,
f5d7fa,
f7d8fd,
f8d8fc,
f7d8fb,
f7d9fb,
f7d8fb,
f7d9fa,
f8d9fb,
f8dafa,
fbdafa,
fcd9f9,
fbd8f7,
fad8f6,
fcd8f6,
fcd8f6,
fdd9f7,
fdd9f7,
fdd9f7,
fedaf8,
ffdaf9,
ffdaf9,
fedaf8,
ffdaf8,
ffd9f8,
fed9f7,
fed9f7,
fed9f7,
fed9f7,
ffd9f7,
ffd9f7,
ffd9f7,
ffd9f7,
ffd9f7,
ffd9f7,
fed8f7,
ffd9f8,
ffdaf9,
ffdaf9,
ffdaf9,
ffdaf9,
ffdbfa,
ffdcfa,
ffdcfb,
ffdcfb,
fedcfb,
ffddfa,
ffddf9,
ffdffa,
ffe0fb,
ffe0fb,
ffe0fb,
ffe0fb,
ffe0fb,
ffe0fb,
ffe0fb,
ffe0fb,
ffe0fb,
ffe0fb,
ffe0fb,
ffe0fb,
ffe0fb,
ffe0fb,
ffe1fc,
ffe1fc,
ffe1fc,
ffe1fc,
ffe1fc,
fee1fd,
fee1fd,
fee1fd,
fee1fd,
fee1fd,
fee1fd,
fee2fe,
ffe2fe,
ffe2fe,
d1abe1,
bb93ce,
c8a2dd,
d4b0e6,
cbaae4,
b293d4,
a288ce,
9e86ce,
9f87ce,
9e87ce,
9b87cf,
9a87d0,
9b89d1,
9c8dd1,
9e8ed3,
a697db,
a99ae0,
a495dc,
a493d9,
b39fe0,
cfb9f1,
d7c2f2,
d9c3ef,
dac5ee,
dac6ef,
dac9f1,
d8c8f2,
d8c8f1,
d9c8f2,
dbc7f3,
dbc5f2,
dac4f0,
dcc4f1,
dfc5f1,
dfc6f1,
dec6f1,
dec6f2,
dfc6f2,
dfc4f1,
ddc1ef,
dcbfec,
ddbae6,
d799c1,
e99cbc,
e99bbb,
e99bbb,
ea9cbe,
ea9cbe,
ea9dbf,
d788aa,
e99bbc,
ea9dc0,
ea9dc0,
ed9ec1,
ed9ec1,
ec9dc0,
ec9ec1,
eca0c2,
eca0c2,
eca1c3,
eba1c3,
b66a8d,
eda3c5,
d98fb1,
d38cae,
efa6c9,
eda5c9,
cb80a4,
c4769c,
cb7fa4,
c880a4,
c581a5,
c181a4,
e6a7cb,
e9adce,
e8acce,
e8adcf,
e8aed0,
e9aed1,
e9afd1,
e9afd2,
e7afd0,
e6afcf,
e6afcf,
e6afcf,
e7b1d1,
e7b2d2,
e7b2d2,
e7b2d2,
e7b3d3,
e7b4d4,
e4b2d1,
e5c1dd,
d4b8d0,
f4dcf5,
f1dcf2,
efdaf1,
efdaf2,
f0daf2,
eedaf4,
efdbf4,
f0dcf5,
f1ddf6,
f2dff6,
f2e0f6,
f3e1f7,
f3e1f7,
f4e3f5,
f6e4f5,
f6e4f4,
f6e4f4,
f6e4f4,
f6e4f4,
f6e4f4,
f6e4f5,
f6e3f6,
f6e3f7,
f6e3f8,
f6e3f9,
f4e3f9,
f5e3fa,
f8e4fb,
f9e2fd,
dab1d9,
dda1d2,
dda0d1,
dda0d3,
dda1d3,
dfa1d2,
dfa2d3,
dea4d6,
eab4df,
edb8e4,
d29bc7,
f2b9e4,
f2b9e7,
f1bae9,
f3bbe9,
f3bae9,
f3bbea,
f2bcea,
f2bcea,
f1bcea,
f2bdeb,
f4bdeb,
f5bdeb,
f3bdeb,
f3bdeb,
f3beec,
f2beec,
f2beec,
f3bfed,
f4bfed,
f3c0ed,
f3c0ed,
f4c0ee,
f4c0ee,
f2c0ee,
f1c0ee,
f0c1ee,
f1c2ef,
f2c2ef,
f0c3f0,
f0c5f2,
f1c7f5,
f2c9f6,
f1c9f5,
efc9f3,
edc9f1,
eecaf2,
eecbf2,
f0cdf6,
f2cff7,
f5d0f8,
f6d3f9,
f7d4fb,
f7d5fa,
f8d6fb,
f9d8fa,
f9dafb,
f8dbfa,
f9dcfa,
f8dbf9,
f8dafa,
f8d9f9,
f9d8f8,
fad7f8,
fad7f8,
fbd6f7,
fad6f7,
fad6f7,
fbd6f7,
fbd6f7,
fbd6f7,
fad6f7,
f9d6f7,
f7d4f6,
f7d4f5,
f6d2f6,
f4cff6,
eeccf6,
edccf6,
edcbf5,
eccbf4,
eeccf3,
eecdf4,
eecef6,
efcff6,
efcff6,
eecef5,
edcdf5,
edccf6,
eecdf6,
efccf6,
edcdf5,
eccdf4,
ebcdf4,
ebcdf4,
eacdf2,
eccff4,
f1d2f9,
eccef5,
ebcef5,
eacdf4,
ebcef4,
eccef4,
edcff5,
eed1f5,
eed1f6,
edd1f6,
edd1f6,
edd1f6,
eed2f7,
eed2f7,
efd2f7,
f0d3f8,
f0d3f8,
f0d3f8,
f0d3f8,
f1d3f8,
f2d3f8,
f4d4f9,
f4d4f9,
f4d6f9,
f5d7fa,
f7d8fb,
f8d8fb,
f7d8fb,
f7d9f9,
f7d9fa,
f7d9f9,
f8d9f9,
f9daf9,
fbdaf9,
fdd8f8,
fbd8f7,
fad7f6,
fbd7f5,
fcd7f6,
fcd8f6,
fdd9f7,
fdd9f7,
fdd9f7,
ffdaf9,
ffdaf9,
fedaf8,
ffdaf8,
ffd9f7,
ffd9f7,
ffd9f7,
ffd9f7,
ffd9f7,
ffd9f7,
ffd9f7,
ffd9f7,
ffd9f7,
ffd9f6,
ffd9f6,
ffd8f7,
ffd9f7,
ffd9f8,
ffdaf9,
ffdaf9,
ffdaf9,
ffdaf9,
ffdaf9,
ffdbf9,
ffdbf9,
ffdbf9,
ffdcf9,
ffddf9,
ffddf9,
ffdefa,
ffdffb,
ffdffb,
fedefa,
ffdffb,
ffe0fb,
ffe0fb,
ffdffb,
ffe0fb,
ffe0fb,
ffe0fb,
ffe0fb,
ffe0fc,
ffe1fc,
fee1fd,
fee1fd,
fee1fd,
fee1fd,
fee1fd,
fee1fd,
fee1fd,
ffe1fc,
ffe0fc,
fee1fd,
fee1fd,
ffe2fe,
ffe3fe,
ffe3fe,
b78fca,
ae84c5,
b186c8,
b287c7,
b189cb,
ac87cc,
a685cb,
a485ca,
a585cb,
9f86ce,
9a86d1,
9986d1,
9a87d2,
9b8ad2,
9c8bd5,
9b8cd8,
9c8dd9,
9f8fd8,
a591da,
b7a1e0,
d0b6ec,
d9c0f2,
dbc2ef,
dbc4ed,
dbc5ef,
dbc7ef,
dac8f2,
dac8f1,
dbc9f1,
dcc8f1,
dfc5f1,
dfc0f1,
dfbbed,
e1b9ec,
e1b7ec,
e1b7ed,
e3b7f0,
e4b7f0,
e3b6ed,
e0b6eb,
e2b6e9,
e2b3df,
e29cc3,
e99abc,
ea9bbc,
eb9bbc,
eb9abc,
eb9bbd,
ed9cbf,
e696b9,
de90b1,
ea9cbe,
ea9cbf,
eb9dc0,
eb9dc0,
eb9dc0,
eb9ec0,
eca0c2,
eba0c2,
eba1c3,
eba1c3,
cc82a4,
dd93b5,
eba1c3,
c67b9f,
d489ad,
da90b6,
c87ea3,
c3779b,
cb7ea0,
ca7fa2,
c77fa3,
c47fa2,
e3a3c7,
eaabcd,
eaabcc,
e8accc,
e8adcd,
e9adce,
e9aecf,
e8aed0,
e8add0,
e5acd0,
e5aece,
e6afcf,
e6b1d1,
e5b0d1,
e6b1d1,
e7b2d2,
e7b2d2,
e7b3d3,
e8b4d5,
dfb6d8,
d3b6d4,
f8def6,
f2dcf3,
eddaf3,
eddaf3,
eedaf3,
eedaf3,
efdbf4,
f0dcf5,
f1def6,
f2dff7,
f3e1f7,
f4e2f6,
f2e3f5,
f2e2f6,
f3e2f6,
f6e4f5,
f6e4f4,
f6e4f4,
f6e4f4,
f6e4f4,
f6e4f5,
f0def0,
f2e0f3,
f6e3f8,
f5e3f7,
f5e3f8,
f5e3f8,
f9e4fb,
fae4fc,
d2a0cd,
dc9fd1,
dc9fd1,
dda0d2,
dda0d4,
dfa1d1,
dfa2d2,
dfa4d6,
ebb3de,
e9b4de,
d098c4,
f2b9e4,
f1bbe9,
f2bbec,
f0bdeb,
f1bdeb,
f1bdec,
f1bdec,
f1bdec,
f0bded,
efbeee,
f1beed,
f2bfed,
f2beed,
f3bfec,
f2c1ee,
f1c1ee,
f1c1ee,
f1c1ee,
f2c1ee,
f2c1ee,
f2c1ee,
f2c1ee,
f2c1ee,
f1c1ee,
f0c1ee,
edc3f0,
ecc4f1,
edc4f1,
ebc5f1,
ecc6f3,
ecc8f2,
edcaf5,
edc9f5,
edcaf5,
f0cdf6,
f4d1f7,
f6d2f7,
f6d2f6,
f6d2f5,
f6d3f7,
f8d6f9,
fad7fb,
f9dafd,
f9dbfd,
f9dbfc,
f7dbfc,
f7dbfc,
f7dbfc,
f8dbfb,
f8dafa,
f8d9f9,
f9d7f8,
fad7f8,
fbd7f8,
fbd6f7,
fad6f7,
f9d6f7,
fad6f7,
fad6f7,
f9d6f7,
fad5f7,
f9d4f7,
f6d3f6,
f4d3f6,
f4d1f7,
f2cff5,
efcdf7,
eeccf6,
ecccf5,
ecccf4,
ecccf4,
edcdf4,
efcff6,
f0d0f7,
efd0f6,
efd0f5,
efcef5,
efcff6,
efcff6,
eecff6,
eccff6,
eccff6,
eccff6,
edcff6,
ebcef3,
eccff3,
eccef5,
eccef4,
ebcef4,
ebcef5,
eccff5,
eccff4,
edd0f5,
eed1f6,
edd2f7,
ecd2f7,
edd2f7,
edd2f7,
ecd3f7,
ecd3f7,
edd2f7,
eed2f7,
efd2f7,
f0d3f8,
f0d3f8,
f2d4f7,
f3d5f7,
f4d5f7,
f4d6f9,
f5d6f9,
f6d8fa,
f6d9f9,
f6d9f8,
f8d9f8,
f9d9f7,
f8daf7,
f8daf6,
fadaf7,
fcd9f7,
fdd9f7,
fed8f6,
fdd7f5,
fdd6f5,
fbd6f4,
fcd8f6,
fcd8f6,
fdd9f7,
fdd9f7,
fdd9f7,
fdd9f7,
fdd9f7,
fdd9f7,
ffd9f7,
ffd9f7,
ffd8f7,
ffd9f7,
ffd9f7,
ffd9f7,
ffd8f7,
ffd8f6,
ffd8f7,
ffd9f7,
ffd8f7,
ffd9f7,
ffd9f7,
ffd8f7,
ffd8f6,
ffd9f7,
ffd9f7,
ffd9f8,
ffd9f8,
ffd9f7,
ffdaf6,
ffdaf6,
ffdbf7,
ffdbf8,
fedcf8,
ffdcf8,
ffddf9,
ffddf9,
ffddfa,
ffdefa,
ffdffb,
ffdffb,
ffdffa,
ffdffb,
ffe0fb,
ffe0fb,
ffe0fb,
ffe0fc,
ffe1fd,
fee1fd,
fee1fd,
fee1fd,
fee1fd,
ffe2fe,
ffe2fe,
ffe2fe,
fee1fd,
ffe0fb,
ffe0fb,
ffe1fd,
fee1fd,
ffe3fe,
fee4fd,
fee4fd,
ab85c5,
ac83c4,
ac82c3,
ae81c2,
af81c4,
af81c5,
ac84c9,
ac84c6,
ad82c7,
a684ca,
9d86ce,
9887cf,
9987d0,
9989d1,
9a8bd6,
9b8cd8,
9c8dd9,
9f8fda,
a592da,
b4a0e1,
cab4ea,
d8bff1,
dcc1ef,
ddc2ef,
dcc3f0,
ddc4f0,
dbc5f0,
dcc5f0,
ddc6f1,
dcc6f1,
dfc4f1,
dfbaed,
e1b2e9,
e1afe7,
e1aee6,
e2aeea,
e4aeea,
e5aeea,
e4aee9,
e2aee7,
e5aee7,
e6aadb,
e497c1,
e999bf,
ea99bc,
ea99bc,
ea99bc,
eb9abd,
ec9bbe,
e899bb,
dc8fb1,
e99cbe,
e99cbe,
ea9dc0,
ea9dc0,
ea9dc0,
eb9ec1,
ec9fc2,
eba0c2,
eba1c3,
eba1c3,
d88cae,
d58bad,
eda3c6,
d88bae,
cb7ba0,
ca7ca3,
bc6e95,
cd7fa3,
cc7fa2,
ca80a2,
c77fa3,
c67fa2,
e2a0c3,
eaabcd,
e9abcc,
e8aacb,
e8abcc,
e6accc,
e7adcd,
e7aece,
e7adce,
e6acce,
e6accd,
e6adce,
e7aecf,
e7afd0,
e7b1d1,
e7b1d1,
e8b2d2,
e8b2d3,
e6b2d2,
d5accd,
ecd0ec,
d0b2d1,
f3dbf5,
eedbf3,
eedbf3,
eedbf3,
efdbf3,
f0dcf5,
f1ddf6,
f2dff6,
f3e0f7,
f4e2f8,
f4e2f7,
f2e2f6,
f4e2f6,
f4e2f6,
f4e3f5,
f6e4f5,
f6e4f4,
f6e4f4,
f6e4f4,
f6e4f4,
eeddee,
f2e0f3,
f5e3f7,
f6e3f7,
f5e3f7,
f5e2f7,
f8e4fa,
f5ddf4,
d096c9,
dc9fd1,
dc9fd0,
dda0d1,
dea1d2,
dda1d2,
dea2d4,
dfa4d5,
f2bae6,
ebb5e0,
d9a4d1,
efbbe9,
f0bcec,
f1beee,
f0beee,
f0beee,
f0beee,
f0beee,
f0beee,
f0bfef,
f1bfef,
f1bfef,
f1c0ee,
f0bfef,
f0c0ed,
efc1ee,
efc1ee,
efc1ee,
eec1ee,
edc1ee,
efc2ef,
efc2ef,
efc1ee,
efc1ee,
efc1ef,
f0c2ef,
edc4f1,
ecc5f1,
ecc5f2,
ebc5f2,
ebc7f3,
eac8f3,
ebc9f4,
ecc9f5,
efccf6,
f3d1f7,
f7d3f7,
f7d3f6,
f6d2f4,
f7d2f3,
f7d2f5,
f9d6f7,
f8d8f9,
f9dafc,
f9dcfe,
f8dcfd,
f8dcfd,
f8dcfd,
f8dcfd,
f7dbfb,
f8dafa,
f9d9fa,
fad8f9,
fbd8f9,
fbd7f8,
fad6f7,
f9d6f7,
f9d6f7,
fad6f7,
fad6f7,
f9d6f7,
f9d5f7,
f8d4f7,
f5d3f7,
f2d3f7,
f2d1f6,
f0cff5,
eecef6,
edcef6,
edcdf5,
edcdf5,
eecef5,
efcef6,
f1d0f7,
f0d0f8,
f0d1f8,
f0d1f6,
f0d0f6,
f0d1f6,
f0d1f7,
f0d0f8,
efd0f7,
eed1f7,
eed0f7,
edd0f7,
edd0f4,
eccff4,
eccff5,
eccff4,
edcff6,
eccff6,
ecd0f6,
eed0f7,
eed1f7,
edd2f7,
edd3f8,
ecd2f8,
edd3f8,
eed3f8,
ebd4f8,
ebd4f8,
ebd4f8,
edd3f7,
efd4f7,
efd4f8,
efd4f8,
f2d5f7,
f3d5f8,
f3d6f9,
f4d7f8,
f6d7fa,
f7d8fa,
f6d9f9,
f7d9f8,
f8d9f7,
fad9f7,
f9d9f7,
fad9f6,
fbd9f6,
fdd8f7,
fed7f6,
fed7f6,
fdd6f5,
fdd6f5,
fcd6f5,
fdd8f6,
fcd8f6,
fdd8f7,
fed9f7,
fed9f7,
fed9f7,
fed9f7,
fed8f7,
ffd9f7,
ffd9f7,
ffd9f7,
ffd9f7,
ffd9f7,
ffd9f7,
ffd9f7,
ffd9f7,
fed8f5,
ffd8f6,
fed8f6,
ffd8f7,
ffd9f7,
ffd8f7,
ffd8f6,
ffd9f7,
ffd9f7,
ffd9f7,
ffd9f7,
ffd9f7,
ffd9f7,
ffd8f6,
ffd9f7,
ffdaf8,
fddbf7,
fedbf7,
ffdbf8,
ffdcf8,
ffdcf8,
ffdefa,
ffdefa,
ffdffb,
ffdefa,
ffdffb,
ffdffb,
ffe0fb,
ffe0fb,
ffe0fb,
ffe1fd,
ffe2fe,
fee1fd,
fee1fd,
fee1fd,
ffe2fe,
ffe2fe,
ffe2fe,
ffe1fd,
ffe0fc,
ffe0fb,
ffe0fc,
fee1fd,
ffe3fe,
fee4fd,
fee4fd,
aa83c6,
ad81c5,
af81c5,
b180c4,
b180c2,
ad7ec0,
ae80c2,
b081c2,
b27ec2,
ab80c5,
a085cb,
9887cd,
9888ce,
9889d0,
9a8bd6,
9e8edb,
a08fdc,
a291dc,
a593db,
ab96dc,
b8a2dd,
d0b5eb,
dcbff0,
ddc0ef,
dec0ef,
dec1ee,
dec1ef,
dec2f0,
e0c2f1,
dfc3f2,
e0c2f0,
e1baed,
e2b1ea,
e2aee8,
e1ade8,
e2abe9,
e3abe7,
e4abe6,
e4abe8,
e3abe7,
e7ace6,
e8a4d6,
e598bf,
ea99be,
ea99bc,
ea9abb,
ea99bc,
ea99bc,
eb9abd,
e697b9,
dd92b4,
e89cbe,
e99cbe,
ea9dc0,
e99dc0,
ea9ec0,
eb9ec1,
eb9ec1,
eb9ec1,
e99fc1,
eba1c3,
e59abc,
d084a7,
eea3c6,
e798ba,
cb7a9f,
cb7aa1,
bb6c93,
ce7ea2,
e095b8,
ca7fa2,
c77fa3,
c77fa3,
db96bb,
eba9cd,
e7a9ca,
e7a9ca,
e8a9ca,
e6abcb,
e7abcc,
e7abcd,
e6accd,
e2a8ca,
e5accc,
e5abcc,
e4adcd,
e5aecf,
e7afd0,
e8b0d1,
e8b1d1,
e8b2d2,
e6b2d2,
dbaed0,
f1d2ee,
c3a6c7,
f0d9f1,
f2ddf3,
f1ddf3,
efddf3,
efddf3,
f1def6,
f2dff6,
f3e0f8,
f4e1f8,
f4e2f8,
f4e2f7,
f3e2f6,
f6e2f6,
f4e2f6,
f3e3f6,
f6e4f6,
f6e4f4,
f6e4f4,
f6e4f4,
f6e4f4,
f6e4f4,
f6e4f5,
f6e4f5,
f6e3f7,
f5e3f7,
f6e3f7,
f8e4fa,
debbde,
db9fd2,
db9ed2,
da9fd0,
dca0d1,
dda0d2,
dca1d4,
dda2d5,
dfa3d7,
f5bfed,
e8b0dc,
d9a5d2,
efbcea,
efbeed,
efbfef,
efbfef,
efbfef,
edbff0,
eebff0,
f0c0f0,
efc0f0,
efc0f0,
f0c0f0,
f0c1ee,
eec1f0,
edc2ef,
ecc2ef,
ecc2ef,
edc2ef,
ecc2ef,
ebc2ef,
edc3f0,
eec3f0,
edc3f0,
edc3f0,
ecc4f0,
edc4f1,
edc5f2,
ebc6f2,
eac6f2,
e9c6f3,
eac8f4,
e9c8f4,
eac8f4,
edcaf6,
f0cdf7,
f3d1f6,
f6d1f5,
f6d1f3,
f6d0f2,
f5d0f1,
f7d2f3,
f9d4f5,
f7d7f7,
f9dafa,
fadcfd,
f9ddfe,
f8ddfd,
f8ddfd,
f8ddfd,
f7dbfc,
f9dbfc,
f9dbfb,
f9dafa,
fad9fa,
fad8f9,
fad7f8,
f9d6f7,
f9d6f7,
fad6f7,
f9d6f7,
f9d6f7,
f9d6f8,
f7d4f7,
f4d3f8,
f2d3f8,
f0d1f6,
efd0f5,
eecef5,
edcef5,
eecef5,
eecef5,
efcff6,
efcff7,
f2d1fa,
f1d4fb,
f2d4fa,
f1d3f9,
f1d3f8,
f2d3f6,
f1d3f7,
f0d3f8,
f0d3f8,
f0d3f6,
f0d2f7,
efd2f7,
efd2f7,
edd2f6,
ecd1f6,
ecd2f6,
edd1f8,
edd2f8,
edd2f8,
edd2f7,
edd3f8,
ecd3f7,
ecd3f8,
ebd4f9,
ebd4f8,
ecd4f8,
ead4f8,
ead4f8,
ead4f8,
ebd4f7,
edd4f6,
ecd4f8,
ecd5f9,
efd5f7,
f2d6fa,
f4d6f9,
f6d7fa,
f6d8fa,
f8d9fa,
f7d9f9,
f8d9f8,
f8d9f7,
f9d9f7,
f9d9f7,
fbd8f8,
fbd7f6,
fdd6f5,
fdd6f5,
fdd6f5,
fdd6f5,
fdd6f5,
fdd6f5,
fed7f6,
fdd7f6,
fed7f6,
ffd8f7,
ffd8f7,
ffd9f7,
ffd9f7,
ffd9f7,
ffd9f7,
ffd9f7,
ffd9f7,
ffd9f7,
ffd9f7,
ffd8f7,
fed8f6,
fed8f6,
ffd9f6,
fed8f6,
fed7f6,
fed8f6,
ffd9f7,
ffd8f7,
ffd8f6,
ffd9f7,
ffd9f6,
ffd9f6,
ffd9f6,
ffd9f6,
ffd9f7,
ffd8f7,
fed9f7,
fed9f7,
ffd9f7,
ffd9f7,
ffd9f6,
ffdbf7,
ffdbf8,
ffdcf8,
ffddf9,
ffddf9,
ffddf9,
ffddf9,
fedffb,
ffdffb,
ffe0fb,
ffe0fb,
ffe1fd,
ffe2fd,
ffe1fe,
fee1fd,
fee1fd,
ffe2fe,
ffe2fe,
fee3ff,
fee2fe,
fee2fe,
ffe2fe,
ffe1fd,
fee1fe,
ffe3ff,
fee4fd,
fee4fd,
ae81c4,
b180c4,
b380c3,
b282c5,
b485c7,
af81c2,
b17bbc,
b679bb,
b879bd,
b77ec2,
ab83ca,
9e87cd,
9a88d0,
998ad2,
9a8cd6,
9c8fd8,
9d91db,
a294dd,
a595dc,
a796de,
ac9adf,
c6ace7,
dbbcf1,
ddbdef,
ddbdee,
debeee,
dec0f0,
dec1ef,
dfc1f2,
e2c0f2,
e7c0f3,
e6bbf0,
e2b4ed,
e2b0ea,
e1acea,
e1aae8,
e2a9e7,
e3aae7,
e5aae6,
e7abe3,
e8ade3,
e39cce,
e798bf,
ea99bd,
ea99bc,
ea99bb,
e998bc,
e998bb,
ea9abd,
ea9abd,
d78aad,
e99cbe,
ea9dbf,
eb9dc0,
e99dc0,
e99dc0,
ea9ec0,
eb9ec1,
eb9ec1,
e99fc1,
ec9fc2,
ea9fc1,
cd81a5,
eda1c4,
efa3c6,
d383a6,
c57599,
c97c9f,
d589ac,
f0a6ca,
ca7ea1,
c87d9f,
c97fa3,
d38fb3,
e9a9cb,
e8a8c9,
e7a9ca,
e7a9ca,
e5a9ca,
e6aacb,
e6aacb,
e6accd,
dea4c9,
e6abcd,
e6aacb,
e4accd,
e6adcd,
e6aecf,
e7b0d1,
e6b1d1,
e6b1d1,
e5b1d1,
e2b3d7,
e5c3e4,
dbc3df,
e2cae4,
f4def4,
f2ddf3,
f1def2,
f1dff4,
f2e0f6,
f3e0f6,
f3e0f7,
f4e1f8,
f4e2f8,
f4e2f6,
f4e2f6,
f5e2f6,
f4e2f6,
f4e2f6,
f5e4f5,
f6e4f4,
f6e4f4,
f6e4f4,
f6e4f4,
f5e4f3,
f6e4f4,
f6e4f5,
f6e4f6,
f6e3f7,
f7e4f8,
f6dff9,
d7a9d5,
da9ecf,
db9fd0,
dc9fd0,
dda0d1,
dda0d1,
dca1d4,
dda2d5,
e3aada,
e5b1dc,
ebb4e1,
ce9ac7,
f1beed,
efc0ef,
eec0ef,
ecbff1,
edbff1,
ecc1f2,
edc1f2,
edc2f1,
edc1f1,
eec0f2,
eec1f1,
eec2f0,
edc2f0,
edc3ee,
edc3f0,
ebc3f0,
ebc3f0,
ebc3f0,
ebc3f0,
edc3f2,
edc3f2,
edc5f1,
ecc5f1,
ecc5f2,
ecc5f2,
eac7f3,
eac7f3,
e9c7f3,
e9c7f4,
e9c6f5,
e7c8f4,
e8c9f5,
ebcaf6,
eecdf6,
f1cff3,
f4d0f1,
f5d0f1,
f5d0f0,
f6d1f2,
f7d2f3,
f7d4f5,
f7d7f8,
f8d9f9,
f9dbfc,
fadcfd,
fadcfd,
f8ddfd,
f8ddfd,
f8ddfd,
f9ddfd,
f9dbfc,
f9dafa,
f9d9f9,
f8d8f8,
f9d6f7,
fad6f7,
fbd6f7,
f9d6f7,
f9d6f7,
f9d6f7,
f9d6f7,
f8d5f6,
f7d4f7,
f3d3f5,
f0d1f6,
f0d1f6,
efd0f6,
efcff6,
efcff6,
eecff7,
f0d0fa,
f0d2fa,
f2d6fc,
f4d8fb,
f5d8fb,
f4d6fb,
f4d6fa,
f2d4f9,
f0d4f8,
efd5f8,
f0d4f8,
f0d3f8,
efd4f8,
eed4f9,
edd3f6,
ecd3f6,
ead3f6,
ebd2f6,
ebd2f6,
ebd3f6,
ead3f6,
e9d4f6,
e8d4f6,
e8d4f8,
e9d4f8,
ead4f8,
e9d6f7,
e9d6f7,
e9d6f6,
e9d6f5,
e8d6f9,
e9d5f8,
ecd6f7,
edd5f7,
ecd6f8,
efd6f8,
f0d7f9,
f1d8f8,
f3d8f9,
f6d9f9,
f9d9f9,
f9d9f9,
f9d9f9,
f9d9f9,
f9d9f9,
f9d8f9,
fbd7f6,
fbd6f4,
fdd6f5,
fdd6f5,
fdd6f5,
fbd5f5,
fbd5f5,
fcd6f5,
fdd7f5,
fcd6f5,
fcd6f5,
fcd7f5,
fed7f6,
ffd8f7,
ffd9f7,
ffd9f7,
ffd8f7,
fed8f7,
fed9f7,
fed9f7,
ffd9f7,
ffd8f7,
fed7f4,
fed7f5,
fed8f4,
fed7f6,
fed7f6,
fed7f6,
ffd8f7,
ffd8f7,
fed7f6,
ffd8f7,
fdd8f5,
fdd8f5,
fdd9f5,
fdd9f5,
fcd9f6,
fcd9f6,
fdd9f6,
fdd9f6,
fed9f6,
ffd9f7,
ffd9f7,
ffd9f6,
ffdaf7,
ffdaf9,
fedbf8,
ffdcf8,
ffdcf8,
ffddf9,
ffddf9,
ffdefa,
ffdefa,
ffe0fb,
ffe1fc,
ffe1fd,
ffe1fc,
fee1fd,
fee1fd,
fee3ff,
ffe4fe,
ffe5fe,
ffe5fe,
ffe3fe,
ffe2fd,
ffe3fc,
ffe2fd,
fee2fe,
fde3fd,
ffe3fc,
af7dc0,
b278bc,
b37bbe,
b47ec3,
b584c8,
b383c6,
b378ba,
b472b6,
b572b7,
b675ba,
ae7cc3,
a385cb,
9d88cf,
9a8ad2,
9b8cd3,
9c8dd3,
9a8dd5,
9e90d8,
a394db,
a595df,
aa98e2,
c5abe9,
dabbf0,
dabaf0,
d7b6ed,
d7b9ee,
dabcf0,
dabcf0,
debcf0,
e4c0f2,
e9c0f4,
e7bbf1,
e3b6ee,
e3b2ec,
e0adeb,
e1aae8,
e0a9e7,
e1a9e7,
e4aae6,
e8abe3,
e8ace3,
de97c9,
e798c0,
e998bd,
e998bb,
e998bb,
e998bb,
e998bb,
ea99bc,
ea99bc,
d788ab,
eb9dc0,
eb9dbf,
eb9dbf,
ea9dbf,
e99dc0,
e99dc0,
ea9ec0,
eb9ec1,
eb9ec1,
ec9ec1,
eca0c2,
cb7ea2,
eda0c4,
eda3c6,
e093b7,
c17395,
c87b9d,
e297bc,
f2a8cc,
cb7ea3,
c3779a,
cb80a2,
d18cb0,
e8a9cb,
e9a9c9,
e7a8ca,
e6a8c9,
e4a8c9,
e5a9ca,
e5aacb,
e6abcd,
e1a7cb,
e5a9cb,
e6aacb,
e4accd,
e6adcd,
e5adce,
e5aecf,
e6afd0,
e6b0d0,
e4b0d1,
e2b1d5,
dfb9df,
f4dcf4,
d7bbd5,
f6e0f4,
f5e0f3,
f3e0f3,
f3e0f4,
f2e0f4,
f3e1f5,
f3e2f5,
f3e1f5,
f4e2f6,
f4e2f6,
f5e2f6,
f4e2f6,
f4e3f5,
f3e2f5,
f5e4f4,
f5e4f3,
f5e4f3,
f5e4f3,
f6e4f4,
f6e4f4,
f6e4f4,
f6e4f4,
f6e4f5,
f6e4f7,
f9e5f8,
eacdea,
d59fcd,
d99ecd,
db9fce,
dc9fd0,
dda0d1,
dda0d1,
dca1d3,
dda1d4,
e6aedd,
d6a0cd,
e9b3de,
e1aedb,
f0c0ef,
edc0f2,
ecc0f2,
ecc0f4,
edc1f4,
edc2f3,
edc2f3,
edc2f2,
edc2f2,
edc2f3,
edc2f2,
edc3f2,
edc3f0,
eec3ef,
edc4f1,
ecc4f1,
ecc4f1,
ecc4f1,
ecc4f1,
ebc4f2,
ebc4f2,
ecc5f2,
eac6f2,
eac6f2,
e9c7f3,
e9c8f4,
eac8f4,
e8c9f4,
e8c7f5,
e9c7f6,
e5c9f4,
e7caf5,
eacbf5,
edcdf5,
f0cef1,
f2ceef,
f3cff0,
f5d0f0,
f6d1f2,
f7d3f4,
f9d6f7,
f7d7f8,
f7d9f9,
f9dbfb,
f9dbfc,
f9dcfc,
f8ddfd,
f8ddfd,
f8ddfd,
f8ddfd,
f8dbfc,
f9dafa,
f9d9f9,
f8d8f8,
f9d6f7,
fbd6f7,
fbd6f7,
f9d6f7,
f9d6f7,
f9d6f7,
f9d6f7,
f8d5f6,
f8d5f7,
f4d4f5,
f4d4f5,
f4d3f7,
f2d3f8,
f2d3f8,
f2d3f8,
f3d3fa,
f4d4fb,
f5d7fc,
f6dafd,
f7dbfc,
f7dbfc,
f7dafd,
f5d9fb,
f4d7fa,
f1d6f9,
f1d6fa,
f1d5f9,
f0d3f8,
eed4f8,
edd4f8,
ead4f6,
e9d4f5,
ead5f6,
ead4f5,
ead4f6,
e9d6f6,
e9d5f6,
e9d6f7,
e9d6f7,
e9d6f7,
e9d6f7,
e9d6f7,
e8d6f7,
e7d7f6,
e7d7f6,
e6d7f5,
e9d6f7,
e9d6f7,
ead7f8,
ead7f8,
ead7f8,
eed7f9,
f0d8fa,
f0d9f9,
f2d9f8,
f6d9f9,
f9d9fa,
f9d9f9,
f8d9f9,
f8d9f9,
f9d9f9,
f9d8f8,
fbd7f5,
fbd7f4,
fbd6f5,
fbd6f5,
fbd6f5,
fad6f5,
fad6f5,
fbd6f4,
fdd6f5,
fbd6f5,
fbd6f5,
fcd6f5,
fed7f6,
fed7f6,
fed8f6,
fed8f7,
fed8f7,
fed8f6,
fcd8f6,
fcd8f6,
fed8f7,
fed7f6,
fdd7f4,
fed7f5,
fed8f4,
fed7f6,
fed7f6,
fed7f6,
fed7f6,
fed8f6,
fed8f6,
fed8f6,
fdd8f5,
fcd8f4,
fcd8f4,
fcd8f4,
fbd9f6,
fbd9f6,
fdd9f6,
fdd9f6,
fed9f6,
ffd9f6,
ffd9f6,
ffd9f6,
ffd9f7,
ffd9f7,
fedaf7,
fedaf7,
ffdbf8,
ffdcf8,
ffddf9,
ffddf9,
ffddf9,
ffdefa,
fedffb,
ffe0fb,
ffe0fc,
ffe1fd,
fee1fd,
fee3ff,
ffe5fe,
ffe5fe,
ffe5fe,
ffe5fe,
ffe4fe,
ffe4fd,
ffe3fd,
ffe2fe,
fee3fd,
ffe3fc,
b07abf,
b274b9,
b273b6,
b176b7,
b479bd,
b578bd,
b373b6,
b372b5,
b572b3,
b373b8,
ae7abf,
a883c9,
a286cd,
9f88d0,
9a8ad0,
998ad0,
988ad0,
9b8bd2,
9e8fd7,
a493db,
ad97df,
c6aceb,
d5b6f0,
c8aae8,
bfa4e3,
c4aae7,
c8ade9,
c0a6e2,
c8aae3,
e1bbef,
e6bcf2,
e7b8f1,
e3b5ed,
e2b2eb,
e0adea,
e0abe8,
e0aae8,
e1aae8,
e1abe8,
e4abe6,
e8ade4,
db96c6,
e89ac0,
e998bb,
e998bb,
e998bb,
e998bb,
e998bb,
e998bb,
e998bb,
ec9bbf,
cd7da1,
ea9cbe,
ea9cbe,
ea9cbe,
e99cbe,
e99dbf,
e99dc0,
e99dc0,
ea9ec1,
eb9ec1,
eca0c2,
c6799c,
eca0c4,
eca3c5,
da8eb1,
bc7092,
d286a8,
efa5c9,
eda6c9,
c57c9f,
ca7ea1,
cc7fa2,
cb80a4,
e9a9cb,
dc9cbf,
e6a7c8,
e6a8c7,
e4a9c7,
e4a9c8,
e5a9ca,
e5aacb,
e3a9cb,
e0a5c7,
e6aacb,
e5abcc,
e4accc,
e3accc,
e4aece,
e3aecf,
e4afcf,
e3afd1,
e3b1d4,
d9b0d6,
f5d7f5,
d3b4cf,
f5e1f4,
f5e0f5,
f7e0f7,
f6e0f6,
f3e1f5,
f3e1f3,
f3e2f4,
f3e1f5,
f5e1f5,
f4e1f5,
f5e1f5,
f5e2f6,
f4e1f5,
f3e1f5,
f6e4f5,
f6e3f3,
f6e5f4,
f6e4f4,
f6e4f4,
f6e4f4,
f6e4f4,
f7e4f5,
f8e3f7,
f9e3fa,
f4daf3,
cc99c8,
d99fcf,
d99ece,
da9fcf,
dc9fd0,
dc9fd0,
dda0d1,
dda1d3,
dca1d4,
eab3e0,
cf98c9,
d7a2cd,
f3c1ef,
efc1ef,
edc1f2,
edc2f3,
edc1f5,
edc3f4,
eec3f4,
eec3f4,
efc3f3,
eec3f2,
edc3f2,
ebc4f0,
ecc4f1,
ebc4f2,
ebc4f1,
ecc4f1,
ebc4f1,
eac4f1,
e9c6f2,
e9c6f2,
e7c5f4,
e7c5f4,
e8c6f2,
e7c6f3,
e6c7f5,
e7c8f6,
e7c8f5,
e6c9f4,
e5c9f3,
e5c9f3,
e5c9f3,
e3c9f4,
e6caf6,
e7cbf6,
ebcdf5,
efcdf3,
f3cef0,
f4cff0,
f4d1f2,
f6d3f4,
f7d4f5,
f9d6f7,
f7d8f8,
f7d9fa,
f8dafa,
f8dafa,
f8dafb,
f7dbfb,
f8ddfd,
f8ddfd,
f8ddfd,
f8dbfc,
f9dbfb,
f9d9f9,
f9d7f8,
f9d6f7,
fad5f6,
fad5f6,
fad5f6,
fad5f6,
fad5f6,
fad6f7,
fad6f7,
f9d6f7,
f7d6f7,
f9d6f8,
f8d6fa,
f8d7fd,
f7d8fd,
f6d7fb,
f7d8fb,
f8d9fd,
f7dafd,
f8dbfd,
f7dbfc,
f6dcfc,
f5dcfc,
f4dafa,
f4d8f8,
f3d7f7,
f3d7f7,
f0d6f8,
f0d4f6,
eed4f6,
eed4f6,
ecd5f5,
ead5f5,
e8d5f5,
ead5f5,
ecd6f6,
e9d6f7,
e9d7f8,
e9d7f6,
ead8f7,
e9d6f6,
e9d6f7,
e8d6f7,
e9d6f7,
e8d7f6,
e9d6f7,
e7d7f6,
e9d6f6,
e9d7f8,
e9d7f9,
ecd7f9,
ecd7f9,
f0d8f8,
f1d8f8,
f0d8f8,
f2d9f7,
f4d9fa,
f6d8fb,
f6d9f9,
f4d9f9,
f2d8f8,
f4d8f8,
f5d8f6,
f6d8f6,
f7d8f6,
f9d7f5,
f9d7f5,
f9d7f5,
f8d6f5,
f8d6f5,
fad6f5,
fbd6f5,
fbd6f5,
fbd6f5,
fed6f5,
fdd7f6,
fcd8f6,
fbd8f6,
fad9f7,
fbd9f7,
fbd9f7,
fbd8f6,
fcd8f6,
fcd8f6,
fbd7f6,
fbd7f4,
fdd7f5,
fed8f5,
fed8f6,
fed7f6,
fed8f6,
fdd8f5,
fad8f4,
fad8f4,
fad8f4,
fad8f4,
fad8f4,
fad8f4,
fad8f4,
fbd9f7,
fbd9f7,
fdd9f7,
fdd9f6,
fdd8f5,
fed9f5,
ffd9f6,
ffd9f6,
ffd9f6,
ffd9f6,
ffd9f7,
ffd9f7,
ffd9f7,
ffdbf7,
fedcf8,
fedcf8,
ffddf9,
ffddf9,
ffdefa,
ffe0fb,
ffe0fc,
fde2fe,
fee3ff,
fee3ff,
ffe5ff,
ffe5fe,
ffe5fe,
ffe5fe,
ffe5fe,
fee4fd,
fee4fd,
fee4fd,
ffe3fe,
ffe2fe,
b37dbf,
b577bb,
b675b6,
b473b5,
b474b7,
b373b7,
b271b5,
b372b5,
b472b5,
b374b8,
b07abe,
ac81c5,
a884ca,
a386cc,
9d87cd,
9a87ce,
9988cf,
9d88d1,
9f8bd5,
a18ed7,
a491d9,
b59ee3,
bfa5e8,
b59ee2,
ab98df,
ac99df,
af9bde,
ad98da,
c2a5e3,
dbb5ed,
e0b7ef,
e3b5ef,
e1b3ed,
e1b0ec,
e1adeb,
e2adec,
e2adeb,
e3aeeb,
e3aeeb,
e4aeea,
e9afe8,
e5a4d4,
e395bb,
e997bc,
e998ba,
e998ba,
e998bb,
e998bb,
e898bb,
e899bb,
ea99bd,
de8db1,
e092b4,
ea9cbe,
ea9cbe,
ea9cbe,
ea9dbf,
ea9dbf,
e99cbf,
e89cbf,
ea9ec0,
ec9fc2,
c6799c,
e69abe,
eaa0c2,
b96e90,
c97d9f,
eb9fc1,
eda5c7,
eba3c5,
c1789a,
ca7ea0,
cb80a2,
ca81a4,
e4a2c6,
e1a1c3,
d293b4,
e7a8ca,
e5a8c9,
e5a8ca,
e5a8ca,
e5a9cb,
e2a7c9,
e0a5c7,
e5a9cb,
e4aacb,
e3aacb,
e3accc,
e3accd,
e3aece,
e3aece,
e3aece,
e4b0d4,
d5aacf,
eac8ea,
cfaec8,
f3ddf5,
f6e0f7,
f7e0f7,
f6e1f6,
f3e2f3,
f3e0f3,
f3e0f3,
f3e1f4,
f3e2f4,
f4e2f4,
f4e0f4,
f4e1f5,
f4e1f6,
f2e0f4,
f6e4f5,
f0ddee,
f5e3f4,
f6e4f5,
f6e4f5,
f6e4f5,
f6e4f4,
f7e4f5,
f8e3f7,
eed6ed,
c8a1c7,
d69fce,
d99ecf,
db9dd0,
db9ed0,
db9fd0,
db9fd0,
db9fd0,
dda1d2,
dda2d3,
e1abda,
d39ecd,
dfabd7,
f2bfee,
eec2f1,
edc3f2,
ecc4f3,
ebc3f4,
edc4f4,
edc5f4,
eec4f5,
efc4f4,
eec4f4,
ecc5f4,
eac6f1,
ebc5f1,
e8c6f2,
e7c6f2,
eac6f2,
eac6f2,
e9c7f3,
e9c6f3,
e9c7f3,
e8c7f5,
e7c7f5,
e7c7f4,
e5c8f4,
e6c9f5,
e6caf5,
e4caf5,
e5caf4,
e4caf4,
e3cbf4,
e3cbf5,
e4caf5,
e5cbf6,
e6cdf5,
eacdf4,
eecdf2,
f1cef0,
f3cff0,
f3d0f1,
f5d2f4,
f7d4f6,
f8d8f8,
f7d9f9,
f8dafa,
f7d9f9,
f6d8f8,
f7d8f8,
f6d9f9,
f8dbfc,
f9ddfd,
f8ddfd,
fadcfd,
f9dbfb,
f9dafa,
fad7f8,
f9d6f8,
fad5f7,
f9d5f7,
fad5f7,
fad5f6,
fad5f6,
fad5f7,
fad6f8,
f9d7f8,
f9d8f8,
fad9fa,
f9dafb,
fadafe,
f9dbfe,
f9dafe,
f9dafd,
f9dbfc,
f8dcfb,
f8dcfb,
f7dbfc,
f7dcfd,
f6ddfd,
f5dbfb,
f5d9f9,
f4d8f8,
f3d8f8,
f0d7f8,
efd6f7,
edd5f7,
edd5f7,
ebd6f6,
ebd6f6,
ecd6f7,
ecd7f7,
edd8f7,
edd8fa,
edd9fa,
eedafa,
eddafa,
eddaf9,
ecd9f8,
ebd9f8,
ebd7f9,
ebd7f9,
ead6f8,
e9d6f7,
e8d6f7,
e7d7f7,
e8d7f9,
ead7f9,
ebd8fb,
ecd9f9,
edd9f9,
eed8f9,
efd8f8,
efd9f9,
eed9f9,
efd9f9,
eedaf9,
eddaf9,
efdaf9,
efdaf8,
f2daf7,
f4d9f7,
f6d8f6,
f6d8f6,
f6d8f6,
f7d8f6,
f7d8f6,
fad7f6,
fbd7f6,
fad7f5,
fad7f5,
fbd7f6,
fad7f6,
f9d8f6,
f8d9f7,
f9daf8,
f8dbf9,
f9dbf9,
f8daf8,
f9d9f7,
f9d8f7,
fad8f6,
fbd7f6,
fcd7f6,
fdd8f6,
fdd8f6,
fdd8f6,
fdd8f6,
fcd8f5,
fad8f4,
fad8f4,
fad8f4,
fad8f4,
fad8f4,
fad8f4,
fad8f4,
fbd8f6,
fbd9f6,
fbd8f5,
fcd8f5,
fcd8f4,
fdd8f4,
fdd8f4,
fdd8f4,
fdd8f4,
fed8f4,
fed9f6,
fed9f7,
fed9f7,
ffdaf7,
fedcf8,
ffddf9,
ffddf9,
ffddf9,
ffdefa,
ffe0fb,
ffe0fc,
ffe2fe,
fee3ff,
fee3ff,
ffe4ff,
ffe5ff,
ffe5fe,
ffe5fe,
ffe5fe,
fee4fd,
fee4fd,
fee3fd,
ffe2fe,
ffe2fe,
b480be,
b87dbe,
b677b8,
b271b2,
b272b4,
b372b5,
b372b5,
b474b7,
b476b9,
b379bc,
af7ec0,
ad81c2,
ad82c5,
a685c7,
a087ca,
9e86cd,
9d86d0,
9e86d0,
a088d3,
a08bd5,
a18fd7,
a290db,
a493de,
a394df,
a293dd,
a495de,
a896dc,
aa99dd,
bca1e5,
ceaaea,
d9b1ee,
dfb2ed,
dfb2ed,
e0b0ec,
e1b0eb,
e1afed,
e1afec,
e0afea,
e0afeb,
e2b0eb,
e7b1eb,
e2aada,
de94bb,
e997bd,
e999b9,
e999b9,
e897ba,
e897ba,
e897ba,
e898bb,
e998bb,
e696b8,
d887aa,
e99bbd,
e99bbd,
e99bbd,
e89bbd,
e89cbe,
e89cbe,
e89cbe,
e99cbf,
eb9fc1,
ca7da2,
c87da0,
d187a9,
c3799b,
d990b2,
eda4c7,
eea5c7,
d68caf,
c77c9e,
ca7ea0,
cb80a2,
cc83a6,
da98bb,
e8a7c8,
ba7a9b,
e5a8cb,
e7a7cb,
e4a8c9,
e4a8c9,
e5a9cb,
e5a9cb,
dda1c3,
e6aacb,
e3a9cc,
e3a9cc,
e3abcc,
e3adcd,
e3accc,
e4adcd,
e3adcd,
e5afd2,
d8a8cc,
dbbadf,
d7b7d2,
d4b8d2,
f7e0f7,
f7e1f5,
f5e1f4,
f3e2f3,
f3e0f2,
f4e0f4,
f3e1f5,
f3e2f3,
efdcf0,
ebd6ec,
ecd9ed,
ead8eb,
f1dff1,
f4e3f4,
f6e4f5,
f6e4f5,
f6e4f5,
f7e4f5,
f8e4f6,
f7e4f6,
f8e3f7,
f5dcf4,
d0afd2,
cf9bc9,
d89ecb,
da9dcd,
db9ecf,
da9ed0,
da9fd0,
da9fd0,
da9fd0,
dda1d2,
dfa5d3,
deabd6,
deabd8,
d9aad4,
eec1f0,
ecc4f3,
ecc5f4,
ecc5f4,
ebc5f6,
ebc5f6,
ebc5f4,
ecc5f5,
eec6f5,
ecc6f5,
eac6f5,
e8c7f4,
e8c8f1,
e8c8f3,
e9c8f3,
e8c7f5,
e7c7f4,
e8c8f4,
e8c8f4,
e8c8f4,
e7c8f5,
e7c9f5,
e7caf5,
e6caf5,
e6cbf5,
e6cbf5,
e4cbf4,
e4cbf4,
e4ccf5,
e3ccf4,
e2ccf4,
e3ccf6,
e4cdf5,
e5cef6,
eacef3,
eecef1,
efceef,
efceef,
f0cff0,
f2d1f2,
f5d4f5,
f6d8f8,
f7d9f9,
f7d9f9,
f6d8f8,
f6d6f7,
f5d5f6,
f6d7f7,
f8dafa,
fcdcfd,
fadcfc,
fbdcfd,
fbdbfb,
fadafa,
fad8fa,
fad7fa,
f9d6f9,
f8d4f7,
fad4f7,
fad5f7,
fad5f6,
fad4f7,
fad5f9,
fbd8f9,
fad9f9,
f8dafa,
f8dbfd,
f8dcfe,
f8dcfe,
f8ddfd,
f9dcfd,
f9dbfc,
f9dbfc,
f7dbfc,
f7dbfc,
f8ddfd,
f8ddfd,
f6dafb,
f5d9f9,
f3d9f9,
f2d9f9,
efd8f8,
eed7f7,
eed7f7,
eed7f8,
eed7f7,
eed7f8,
efd8f9,
efd8f8,
f0d8f8,
f1dafa,
f2dafa,
f3dbfb,
f3dbfa,
f3dbfa,
f1dbfa,
f1dafa,
f0dafa,
f0d9f9,
edd8f9,
ecd7f9,
e7d6f8,
e7d7f7,
e8d7f9,
e9d8fb,
e9d8fc,
e9d8fa,
e9d8fa,
e9d8fa,
e9d9fa,
e8dafb,
e8dafb,
e8dafb,
eadafa,
e9dafa,
e9dafa,
e9dafa,
f0daf8,
f2daf8,
f3d9f7,
f5d9f7,
f6d9f7,
f5d9f7,
f5d9f7,
f7d9f7,
f7d9f7,
f7daf5,
f7daf5,
f6d9f6,
f3d9f7,
f1daf8,
f2dbf9,
f3dcfb,
f0dcfb,
f3dcfa,
f5dbf8,
f9d9f7,
fad9f7,
fad8f6,
fcd8f6,
fcd8f6,
fcd8f6,
fbd8f6,
fad8f6,
fcd8f6,
fbd8f5,
fad8f4,
fad8f4,
fad8f4,
fad8f4,
fad8f4,
fad8f4,
fad8f4,
fcd8f4,
fcd8f4,
fcd8f4,
fcd8f4,
fcd8f4,
fcd8f4,
fcd8f4,
fdd9f5,
fdd9f5,
fdd9f5,
fdd9f5,
fdd9f7,
fddaf7,
ffdbf7,
fdddf9,
ffddf9,
ffddf9,
ffddf9,
fedefa,
ffe0fb,
ffe0fc,
ffe2fe,
ffe2fe,
fee3ff,
fee3ff,
ffe5ff,
ffe4ff,
ffe4ff,
ffe4ff,
fee4fe,
ffe3fe,
ffe2fe,
fee2fe,
ffe2ff,
b680bf,
b980c0,
b97abb,
b070b1,
af6fb0,
b371b1,
b674b4,
b77bbc,
b37fc2,
af81c3,
ad81c3,
ac81c4,
ad82c4,
ab83c6,
a685ca,
a485cc,
a485ce,
a386cf,
a188d2,
9f8cd6,
a08fda,
a191dd,
a092df,
9f93df,
9f90dc,
a192de,
a495de,
a896df,
ad97e0,
be9fe4,
d8aeef,
deb3ee,
dfb2ed,
e0b1ed,
e1b1ed,
e1b1ef,
e0b1ee,
e0b2ec,
e0b2ec,
e0b3ee,
e4b4ee,
e6b1e6,
d694be,
e598be,
e798bb,
e798bb,
e897ba,
e998bb,
e998bb,
e898bb,
e998bb,
e998bb,
d988ab,
de8caf,
e899bc,
e799bb,
e89abc,
e89bbd,
e89cbe,
e89cbe,
e99cbe,
ed9ec1,
cf81a4,
b6698c,
c47598,
d083a5,
eca1c3,
eca4c6,
e39abd,
d88db1,
c87da0,
ca7ea0,
cb7fa1,
cd81a4,
d993b6,
e8a5c7,
c784a5,
e1a3c5,
e6a7cb,
e4a8c9,
e4a8c9,
e4a8c9,
e6aaca,
d599bb,
e6aacb,
e3a8cb,
e2a9cb,
e1aacb,
e2abcb,
e3accc,
e4adcd,
e4adcd,
e3aecf,
e0aed0,
cda7cd,
d9b7d5,
c39fbc,
f9e0f8,
f8e0f6,
f6e1f4,
f4e1f3,
f3e0f2,
f3e0f3,
f3e1f3,
f4e1f3,
f3e2f3,
f3e2f5,
f3e1f5,
f4e2f4,
f3e3f4,
f4e3f4,
f5e4f4,
f6e4f4,
f6e4f4,
f8e5f6,
fae5f9,
fbe5f9,
e8d1e8,
ddbede,
edc5ee,
d49cce,
da9ccd,
db9ccd,
db9cce,
d99ecf,
d99fcf,
da9fd0,
da9fd0,
dca1d2,
e0a6d5,
e0afdb,
daa7d3,
dcb3de,
ecc4f2,
ebc7f5,
edc8f6,
edc8f7,
ebc8f7,
ebc8f6,
ecc9f5,
ebc8f5,
eac8f5,
ebc8f6,
eac9f6,
e8c9f5,
e7c9f4,
e7caf5,
e8caf6,
e7cbf5,
e6caf5,
e6cbf6,
e5cbf5,
e5cbf4,
e6ccf5,
e6ccf6,
e5ccf6,
e6ccf6,
e4cef5,
e4cff6,
e3cef6,
e3cef6,
e4cef7,
e2cef5,
e2cef5,
e3cef5,
e3cff5,
e6d0f6,
e9d0f4,
eccff2,
f0ceef,
efceef,
f0cef0,
f2d0f1,
f5d3f4,
f8d6f7,
f7d8f8,
f7d8f8,
f7d5f6,
f5d3f4,
f5d2f3,
f7d4f5,
f8d7f7,
fad9f9,
fadbfb,
fbdbfb,
fadafb,
fbd9fa,
fbd8fa,
fad7fa,
fad6f8,
f9d5f7,
fad4f7,
fad4f7,
f9d4f7,
f9d4f6,
fad5f7,
fad7f8,
fbd8f9,
fadafa,
fadbfc,
f9dcfd,
f8dcfd,
f9dcfc,
f9dbfc,
f9dafb,
f9dbfb,
f9dbfc,
f9dbfc,
f9dcfc,
f7dcfc,
f6dafb,
f6dafa,
f5d9f9,
f3d9f9,
f2d9f9,
f1d8f9,
f2d8f8,
f2d8f8,
f2d8f8,
f2d8f8,
f3d8f8,
f3d9f9,
f4d9f9,
f4dafa,
f5dbfa,
f7dbfc,
f7dbfc,
f7dbfc,
f7dbfc,
f6dcfc,
f6dcfc,
f6dbfb,
f0dbfb,
eed9f9,
e9d8f9,
e8d8f9,
e7d7f9,
e8d9fa,
e8d9fb,
e8d8fb,
e8d8fb,
e7d9fa,
e7d9fa,
e7d9fb,
e7d9fb,
e6dafc,
e6dafc,
e7dafc,
e8dafb,
e8dafb,
ecdafa,
eddbfa,
ecdbfa,
eddbf9,
efdbf8,
efdbf9,
f0dbf9,
f0dbf9,
f0dbfa,
f1dbf9,
f2dcf8,
f0dcfa,
eedcfa,
ecdcfb,
efddfc,
efddfc,
efdcfc,
f1dcfb,
f6dbf9,
f9d9f8,
fad9f8,
fad8f6,
fcd8f6,
fbd8f6,
fbd8f6,
fad8f6,
fad8f6,
fbd8f6,
fbd8f6,
fad8f6,
fad8f5,
fad8f4,
fad8f4,
fad9f4,
fad8f5,
fad8f5,
fcd8f4,
fcd8f4,
fcd8f4,
fbd8f5,
fcd8f5,
fbd9f5,
fcd9f5,
fdd9f7,
fdd9f7,
fcd9f6,
fcdaf6,
fcdbf7,
fddbf8,
fedcf8,
fdddf9,
fdddf9,
feddf9,
fedefa,
fedffa,
ffe0fc,
fee1fd,
fee1fd,
ffe2fe,
ffe3ff,
fee3ff,
fee3ff,
fee3ff,
fee4ff,
fee4ff,
fee3fe,
ffe3fd,
ffe2fe,
fee2fe,
ffe2fe,
b880c0,
b97fbf,
b979bb,
b372b3,
ad6bac,
ae69aa,
b473b4,
b280c1,
ad83c5,
ac82c5,
ab82c3,
ad81c4,
ad81c5,
ac81c5,
a984c7,
aa83c8,
ab83c9,
aa84ce,
a688d3,
a18ed9,
a192dc,
a092de,
a092e0,
9e91df,
9c90dc,
9f90dc,
a393dd,
a793de,
a893de,
b59be0,
d5aded,
dfb3ef,
e0b3ed,
e0b2ef,
e0b2ef,
e2b2ef,
e1b3ee,
e0b3ee,
e1b3ee,
e1b4ef,
e2b6f0,
e8b6ef,
d49bc9,
df96bd,
e697bb,
e697bb,
e897ba,
e897ba,
e897ba,
e897ba,
e898bb,
e898bb,
e899bb,
ca7598,
e593b6,
e798bb,
e89abc,
e99bbd,
e89bbd,
e89cbe,
e99cbe,
ed9ec1,
d280a3,
b66386,
ca7b9e,
ee9fc2,
efa1c5,
df96b8,
df93b6,
dc8eb2,
ca7c9e,
c97d9f,
ca7ea0,
c97fa1,
d089ab,
eca6c8,
ca84a6,
dd9bbe,
e6a7ca,
e4a8c9,
e3a7c8,
e4a8c9,
e4a8c9,
d99dbe,
dfa4c4,
e3a8cb,
e0a8cb,
e1a9ca,
e2abcb,
e3accc,
e3accb,
e3accc,
e3accc,
dfabcc,
cb9fc4,
d9b3d6,
c195b5,
f3dbf1,
f8e1f4,
f6e0f2,
f4e0f2,
f3e0f3,
f2e0f4,
f4e0f4,
f5e1f3,
f4e2f4,
f2e3f5,
f1e1f5,
f2e3f4,
f2e3f4,
f4e3f4,
f4e3f3,
f6e4f5,
f6e4f5,
f7e5f5,
f9e4f8,
dbc3dd,
dbbce1,
ebc6ee,
f0c6ef,
d39cce,
dc9ccd,
db9ccd,
da9dce,
da9ece,
da9ece,
da9fcf,
da9fd0,
dba2d3,
dca5d5,
e7b8e6,
d7a2ce,
dcb6e2,
ecc8f5,
ebcaf8,
ebcbf9,
ebcbf9,
ebccf7,
eaccf8,
ebcdf7,
eacdf7,
eacdf8,
ebcdf8,
ebcbf7,
e8caf7,
e7cbf6,
e6ccf7,
e6ccf8,
e7cef7,
e5cdf7,
e4cdf7,
e4cef5,
e5cef5,
e5cef7,
e5cef7,
e4cff7,
e4cff7,
e3d0f5,
e3d1f6,
e1d0f6,
e1d0f6,
e3d0f7,
e3d0f6,
e3d0f7,
e1d0f6,
e3d1f7,
e7d1f7,
ead1f4,
eed0f3,
f1cef0,
efceef,
f1cdee,
f2ceef,
f5d1f2,
f8d4f4,
f4d5f6,
f4d5f5,
f6d2f3,
f3d0f1,
f3d0f1,
f4d1f2,
f6d3f4,
fad6f7,
fbd7f8,
f9d9f9,
f9d9f9,
f9d9f9,
fbd7f9,
fcd7fa,
fbd6f8,
f9d5f6,
fad5f7,
fad4f7,
fad4f7,
f9d4f5,
f9d4f5,
f9d6f7,
fad7f8,
fad9f9,
fadafa,
f9dbfc,
f8dbfc,
f9dbfa,
f8dafa,
f8dafa,
f8dafa,
fadafa,
fadbfb,
f9dafb,
f9dbfb,
f7dafa,
f7dafa,
f5d9f9,
f4d9f9,
f5d9f9,
f5d9f9,
f5d8f8,
f5d8f8,
f5d8f8,
f5d8f8,
f5d8f8,
f7d9f9,
f7d9f9,
f8dbfb,
f9dbfb,
f9dcfd,
f9dcfd,
fadcfd,
faddfd,
f9dcfd,
f8ddfc,
f8ddfb,
f4dcfb,
eedaf9,
ecdaf9,
e9d9fa,
e7d8fa,
e7d9fa,
e7d9fa,
e7d8fc,
e7d8fc,
e7d9fa,
e7d9fa,
e8dafb,
e8dafb,
e7dbfc,
e6dbfc,
e7dafb,
e8dafb,
e9dafb,
e9dbfc,
ebdcfc,
ebddfc,
eaddfb,
eaddfa,
e9ddfb,
e8ddfc,
e9ddfc,
eaddfc,
ebddfc,
eedcfc,
eedefd,
ecddfd,
eadcfd,
efdcfc,
f0dcfc,
f0dcfc,
f1dcfb,
f7daf7,
f8d9f8,
f9d9f8,
fad9f7,
fbd8f6,
fbd8f6,
fad8f6,
fad8f6,
fad8f6,
fad8f6,
fad8f6,
fbd9f7,
fad8f5,
fad8f4,
fad9f3,
fad9f3,
fad8f6,
fad8f6,
fcd8f5,
fcd8f5,
fbd8f4,
fcd8f5,
fdd9f6,
fcd9f6,
fbd9f6,
fcd9f7,
fcdaf7,
fcdbf7,
fcdcf8,
fddcf9,
fddefa,
fedefa,
fedefa,
fedefa,
fddffa,
fedefa,
ffdffb,
ffe1fc,
fee1fd,
fee1fd,
ffe2fd,
ffe3ff,
ffe3ff,
fee2fe,
fee2fe,
fee2fe,
fee2fe,
ffe3fd,
ffe3fd,
fee2ff,
fee2ff,
ffe2fe,
b77dbf,
b477b8,
b272b2,
b573b3,
af6eaf,
ab67a8,
b175b5,
ad83c3,
ac85c6,
ac83c6,
ad81c4,
ae81c3,
b080c3,
b07fc2,
b07fc1,
b07fc2,
b07ec1,
af81c7,
ab89d3,
a590db,
a092dc,
9f92dd,
9f91dd,
9e91dd,
9d90db,
a08fdc,
a390db,
a592dd,
a693de,
b399df,
d2aceb,
dfb4ef,
deb4ef,
deb4ef,
deb4ef,
e1b4ef,
e1b4ef,
e0b5ef,
e1b5ef,
e2b5f0,
e3b6f0,
e6b9f2,
e4b6eb,
cb8cb7,
e597bd,
e797bb,
e897ba,
e897ba,
e897ba,
e897ba,
e897ba,
e797ba,
e797ba,
e794b7,
d27ea1,
e797ba,
e899bd,
e899be,
e89abe,
e89bbe,
e89bbe,
eb9dc0,
d07fa1,
bd6c8f,
da8aad,
ed9ec1,
d589ad,
dd93b3,
eda1c3,
d081a4,
ca7b9e,
c87c9e,
c97d9f,
c87ea0,
ca82a4,
e9a2c3,
d791b1,
c482a3,
e7a7c9,
e4a7c8,
e2a6c7,
e3a7c8,
e3a7c8,
e3a7c8,
d195b6,
e3a8cb,
e1a8cb,
e2a9cb,
e2a9ca,
e1aaca,
e2abcb,
e2abca,
e2abcc,
e0aacd,
ddaccf,
d0a6cd,
c898bb,
e5cae2,
f9e0f5,
f7e0f3,
f5e0f3,
f3e0f4,
f2e0f4,
f4e0f3,
f4e1f3,
f4e2f4,
f4e3f5,
f3e1f6,
f3e2f6,
f4e2f6,
f4e3f5,
f5e3f5,
f6e4f5,
f5e4f5,
ead9ed,
ddc8e3,
e2c7ed,
e9c8f2,
eec8f2,
f0c7f3,
d5a0d1,
da9dcc,
db9dcc,
da9dcd,
db9ecd,
db9ecd,
db9fce,
db9fcf,
dea2d3,
e2aada,
dcafdb,
e1afd8,
e3beec,
e9cbf9,
e8cefa,
e9cff9,
eacff9,
e9d0f9,
ead0f8,
ecd1f8,
ecd0f8,
ecd0f7,
edd0f8,
ecd1f7,
ecd0f9,
ecd0f9,
e8d0f9,
e7d0f9,
e9d1f8,
e8d1f8,
e7d1f8,
e7d1f7,
e8d2f5,
e5d2f6,
e4d2f8,
e3d2f7,
e2d2f7,
e1d2f6,
e0d2f6,
dfd2f7,
dfd1f7,
e0d0f7,
e1d2f7,
e2d2f7,
e6d2f5,
e9d3f6,
ead3f7,
edd2f6,
f1d0f4,
f1cef0,
f0cced,
f2cced,
f3ccee,
f4ceef,
f5d0f1,
f2d1f2,
f2d1f2,
f5d0f1,
f3ceef,
f3ceef,
f3cff0,
f4d0f1,
f8d2f3,
f9d4f5,
f9d5f6,
fad6f7,
fad6f7,
fcd5f8,
fbd6f8,
fad5f7,
fad4f7,
fad5f6,
f9d4f6,
f9d4f5,
f9d4f4,
f8d3f4,
f9d5f6,
f9d6f7,
f9d7f8,
f9d9fa,
fadafb,
f9dafb,
f8dbfa,
f8dafa,
f8dafa,
f8d9f9,
f8d9f9,
fad9fa,
fad9fa,
fadafa,
f9dafa,
f8dafa,
f8dafb,
f7dafa,
f8d9f9,
f8d7f8,
f7d8f8,
f8d9f9,
f7d7f8,
f8d8f9,
f9d8f9,
fadafa,
fadafa,
f9dbfc,
fadcfc,
fbddfc,
fbddfc,
fbdcfd,
fcdcfd,
fdddfe,
fcddfd,
f9defe,
f7ddfd,
f3ddfc,
efdbfb,
eadafa,
e9d9f9,
e9d9f9,
ead9f9,
ead9fa,
ead9fa,
eadafa,
ebdbfb,
ecdbfb,
ebdbfb,
e8dbfa,
e7dbfa,
e7dbfa,
e7dbfa,
e7dcfa,
e8ddfc,
e8ddfd,
e8ddfd,
e8ddfc,
e8ddfc,
e7ddfd,
e6ddfd,
e7ddfc,
e7ddfc,
e8ddfc,
e9ddfc,
eadefc,
eadefc,
eedcfc,
f2dbfb,
f2dafa,
f4daf9,
f4daf9,
f8d9f7,
f9d8f7,
f8d8f6,
f8d8f6,
fad8f6,
fad8f6,
fad8f6,
fbd8f6,
fcd8f6,
fbd8f6,
fad8f6,
fad8f6,
fad8f5,
fad8f4,
fbd8f4,
fcd8f4,
fcd8f5,
fcd8f5,
fcd8f4,
fcd8f4,
fbd8f5,
fbdaf6,
fbdaf6,
fadbf7,
fadbf7,
fadbf7,
fadbf7,
fadcf8,
fadcf8,
fadefa,
fbdffa,
fddffb,
fedffb,
ffdffb,
fedffa,
ffdffb,
ffe0fb,
ffe0fc,
ffe1fd,
ffe0fd,
fee0fe,
ffe0fc,
ffe1fc,
ffe0fc,
ffe0fc,
ffe1fd,
ffe1fd,
ffe2fc,
ffe2fe,
ffe2ff,
ffe2fe,
ffe2fd,
b779bc,
b371b4,
b16eb0,
b472b0,
b272b2,
af6fb0,
b47aba,
af82c2,
ac84c5,
ac84c7,
ae81c5,
b181c3,
b37cbf,
b176b9,
b376b9,
b477ba,
b477ba,
b07abf,
ac85d0,
a68dd8,
9f90da,
9d90dc,
9d8fdc,
9c8fdb,
9d8fd9,
a18edb,
a18eda,
a590db,
a894de,
b397de,
d0aae9,
ddb5ef,
deb5f0,
deb5f0,
deb5f0,
dfb5f0,
dfb5f0,
dfb5f0,
e1b5f1,
e1b6f2,
e1b7f1,
e1b8f0,
e1baef,
e0aedf,
d68eb7,
e697bc,
e897ba,
e897ba,
e897ba,
e897ba,
e897ba,
e897ba,
e897ba,
e897ba,
e28fb2,
c16f92,
e797bb,
e899be,
e899be,
e99abf,
e89abf,
ea9cbf,
ce7da0,
c06f92,
da8aad,
c37698,
e297b8,
eba0c1,
e69abd,
ca7da0,
c97b9e,
c87c9e,
c97d9f,
c3799b,
c77fa1,
e79fc0,
e09ab9,
9f5c7d,
dd9cbd,
e4a7c8,
e2a6c7,
e4a7c8,
e4a7c8,
e5a8c9,
cf93b4,
e1a7c9,
e2a8cb,
e1a9c9,
e1aaca,
e1aaca,
e2abcb,
e2abcb,
e2abcd,
e0aacd,
dfaccf,
d1a1cb,
ca97bf,
dfbdd7,
f9e1f6,
f6e0f4,
f7e0f4,
f3e0f4,
f2e0f4,
f4e0f3,
f4e2f3,
f4e2f3,
f4e2f6,
f4e2f6,
f4e2f6,
f4e2f6,
f6e3f7,
f7e4f7,
f7e3f8,
e7d3ec,
d9c1e3,
e6cbf2,
e6cbf2,
e8cbf3,
ebcaf6,
edc8f5,
daa2d5,
da9dcb,
db9dcb,
da9dcc,
db9ecd,
db9ecd,
dc9fcd,
db9fce,
dda3d1,
d5a2d1,
e1b8e1,
cba3cb,
edcef7,
e9cff8,
e8d0f9,
e7d1f8,
e5d2f8,
e9d3f9,
ead2f9,
eed3fa,
f0d3fa,
efd3f8,
f1d4f9,
f5d5fa,
f3d3fa,
f3d3fa,
ecd2f9,
e9d2f9,
ead1f7,
ebd1f8,
ebd1f8,
ebd1f6,
ecd2f5,
e9d2f4,
e4d2f6,
e5d3f7,
e4d3f7,
e1d2f6,
e0d2f6,
dfd2f6,
e0d2f7,
e2d0f7,
e2d2f6,
e5d2f8,
ecd2f4,
efd3f5,
efd3f6,
f0d2f7,
f3d0f5,
f3cdef,
f4ccee,
f5cbec,
f5cced,
f3cced,
f3cdee,
f2ceef,
f2ceef,
f5cdef,
f4ceef,
f2cdee,
f5cef0,
f5d0f1,
f8d1f2,
fad2f3,
fad3f4,
fbd3f5,
fbd4f5,
fbd4f5,
fad4f5,
fbd3f6,
f9d3f7,
fad4f5,
f9d4f5,
f9d4f4,
f9d4f5,
f8d3f3,
f9d4f4,
f9d5f5,
f8d6f7,
f8d7f9,
fad9fc,
fad9fc,
f8dafa,
f9dafa,
f9d9f9,
f8d8f8,
f8d7f8,
fad7f8,
fad7f8,
f9d8f9,
f9d9f9,
f9d9fa,
fadafa,
f9d9fa,
fbd8f9,
fad7f8,
fad8f9,
fad9f9,
fad8f9,
fad9f9,
fbd8f9,
fbdafa,
fadafa,
f9dbfc,
fadcfc,
fbddfb,
fbddfc,
fbdcfd,
fcddfd,
fedefd,
fddefb,
fcdefd,
f8ddfd,
f5ddfd,
f6defe,
f2dcfb,
f0dbfb,
f0dbfa,
f0dbfa,
f1dbf9,
f0dbf9,
f1dcfb,
f2ddfd,
f1defb,
f1defb,
edddfb,
eadcfb,
e7dcfa,
e6dcf9,
e6def8,
e8ddfc,
e7ddfd,
e6ddfd,
e6ddfd,
e6ddfd,
e6ddfd,
e6ddfd,
e6ddfc,
e6ddfc,
e7ddfc,
e8ddfc,
e8ddfc,
ebddfb,
efdcf8,
f7d9f8,
f7d8f7,
f7d8f7,
f7d8f6,
f8d8f6,
f9d8f6,
f8d8f6,
f8d8f6,
fad8f6,
fad8f6,
f9d7f5,
fbd7f5,
fbd7f5,
fbd7f5,
fbd7f6,
fad8f6,
fad8f5,
fad8f4,
fbd8f4,
fcd8f4,
fcd8f4,
fcd8f4,
fcd8f4,
fcd8f4,
fbd9f6,
fadaf6,
f9dbf7,
f9dcf8,
fadcf8,
f7dcf8,
f6dbf7,
f7dcf8,
f7ddf9,
f7dffa,
f9dffa,
fbe0fb,
fee0fb,
ffe0fb,
ffdffb,
fee0fb,
ffe0fb,
ffe0fb,
ffe0fc,
ffdffd,
fedffd,
ffdffb,
ffdffb,
ffdffb,
ffdffb,
ffe0fb,
ffe0fb,
ffe1fd,
ffe2fd,
ffe1ff,
fee1fd,
fee1fd,
b674b8,
b570b5,
b26db0,
ae69a9,
b572b1,
b575b7,
b57abc,
b27ec0,
ae80c3,
ad81c5,
af81c5,
b181c5,
b47ec0,
b577ba,
b573b7,
b475b8,
b577bb,
b27ac1,
ab81ca,
a58bd5,
9d8ed9,
9c8eda,
9c8fdb,
9c8eda,
9d8dd9,
9f8dda,
9e8dd9,
a790db,
b699e1,
c5a1e5,
d7afee,
dfb7f1,
deb7f1,
dfb7f1,
e0b7f2,
e0b8f1,
e0b8f1,
dfb8f2,
dfb8f2,
dfb8f2,
deb8f4,
deb8f2,
e1b9f0,
e2b8ed,
d79ece,
d78fb8,
e396b9,
e697b9,
e897ba,
e897ba,
e897ba,
e897ba,
e897ba,
e897ba,
e998bb,
df8caf,
d27fa3,
e999be,
e999bc,
ea99bd,
e99abd,
ea9cbf,
cc7b9e,
c06e90,
d584a6,
e799bc,
eca0c2,
eda1c2,
dd90b3,
c87a9c,
c77b9d,
c97d9f,
c67b9d,
c67b9e,
c77ea1,
dc95b5,
dc99b6,
9b5a77,
a66585,
e4a5c6,
e4a5c7,
e3a5c7,
e3a7c7,
e4a8c9,
da9ebf,
dba1c3,
e4a7cb,
e2a8ca,
e2a8cb,
e2a9ca,
e2aacb,
e2abcb,
e2aacb,
e1aacb,
e2acce,
d09ac3,
cc95bd,
dcb5d1,
fae1f5,
f7e1f3,
f6e1f3,
f3e1f4,
f3e0f4,
f4e1f5,
f3e1f5,
f4e2f5,
f4e2f6,
f4e2f6,
f4e2f6,
f4e2f6,
f6e3f8,
f1dff5,
ddc9e5,
dec6ea,
e6ccf5,
e6cbf6,
e6ccf4,
e6ccf5,
e8cbf7,
e8c5f2,
daa1d4,
da9ccd,
db9dcc,
da9ecc,
db9ecd,
db9ecd,
db9ecd,
dba0ce,
d7a0ce,
e4b7e4,
dcb4db,
d7b4dc,
e8d0f9,
e6d1fa,
e5d1fa,
e5d3f7,
e6d3f7,
e9d4fb,
eed6fc,
f4d9fe,
f9dafe,
f8dafd,
f9d8fc,
fad5fa,
f8d3f9,
f8d3f7,
f3d3f6,
f2d3f6,
f1d2f7,
f1d2f7,
f0d1f6,
eed1f5,
f0d1f4,
eed3f6,
ebd4f7,
ead4f8,
e7d4f8,
e3d3f9,
e2d3f8,
e1d3f8,
e2d2f7,
e5d2f6,
e8d1f6,
ebd1f6,
efd1f3,
f1d1f2,
f2d1f4,
f3cff2,
f3cef0,
f4cdef,
f4ccee,
f5cbed,
f5cbed,
f5cced,
f6ccee,
f4cced,
f5cced,
f6ccee,
f6cdee,
f6cdef,
f8cef0,
f8d0f1,
fbd1f2,
fcd2f3,
fcd2f3,
fbd2f4,
fbd3f5,
fbd3f5,
fbd3f5,
fad4f5,
f9d4f5,
fad2f4,
fad3f4,
fad4f4,
fad4f3,
fbd4f3,
fad4f5,
fad4f6,
fbd5f6,
fad6f7,
fad7f9,
fbd9fa,
f9d9fa,
fad9f9,
fad8f9,
f9d7f7,
f9d6f7,
f9d6f7,
f9d6f7,
f9d6f7,
fad7f8,
f9d8f8,
f8d8f8,
f9d7f8,
fad7f8,
fad7f8,
fad7f8,
fad7f8,
fbd8f9,
fbd8f9,
fbd8f9,
fad9f9,
fadafa,
fcdcfd,
fcdcfd,
fcdcfd,
fcddfb,
fbddfb,
fbddfb,
faddfb,
fbddfb,
fcddfc,
fcdefc,
fadefc,
f7defc,
f7ddfb,
f7ddfb,
f5ddfb,
f4ddfb,
f6ddfb,
f6ddfb,
f8defc,
f9dffc,
fadffd,
f9dffd,
f4dffc,
eeddfc,
eadcfc,
e9dcfc,
e8ddfb,
e8ddfc,
e7ddfc,
e4ddfc,
e5ddfd,
e6ddfd,
e5ddfd,
e4ddfd,
e5ddfc,
e5ddfc,
e7ddfc,
e9defd,
ecddfa,
efdcf9,
f2daf7,
f7d8f6,
f9d7f5,
fad6f5,
f9d7f5,
f9d7f5,
f9d7f5,
f8d7f5,
f7d7f5,
f7d7f5,
f9d7f5,
f9d7f5,
fbd6f5,
fcd6f5,
f9d7f5,
fad7f4,
fbd6f5,
fbd7f5,
fbd7f5,
fcd8f4,
fcd8f4,
fcd8f4,
fcd8f4,
fcd8f5,
fddaf6,
fbdaf6,
fadbf8,
f9dcf8,
f7dcf8,
f7dcf8,
f7dcf8,
f7dcf8,
f6ddf9,
f7def9,
f8def9,
f9dffa,
fbe0fb,
fee0fb,
ffe0fb,
fedffb,
fedefa,
ffdefc,
ffdefc,
ffdefc,
ffddfb,
ffddfb,
ffddfa,
fdddfa,
ffddf9,
ffddf9,
ffdefa,
ffe0fb,
fedffd,
fee0fd,
fee1fd,
fee1fd,
ffe1fd,
b671b5,
b970b4,
b86fb1,
af67a7,
b773b4,
b273b5,
b479bc,
b17dbe,
ad7bbd,
ae7abd,
af7abd,
b17abd,
b379bc,
b676ba,
b674b7,
b374b8,
b777be,
b780c7,
b383cc,
aa8ad2,
a18dd8,
a08eda,
9d8edb,
9d8edb,
9e8fdb,
9f8fdc,
a090da,
b99de7,
d3adf1,
dcb3f2,
e3baf4,
e2baf2,
e2bbf3,
e2baf3,
e3baf4,
e1bcf3,
e1bbf3,
e1bbf3,
e1bbf4,
e2bbf4,
e0bbf6,
e0bbf6,
e2bdf4,
e4bdf3,
ebbef4,
d8a0cd,
da93b8,
e596b9,
e796b9,
e796b9,
e796b9,
e796b9,
e796b9,
e796b9,
e896b9,
eb98bb,
d17ea1,
d07ea3,
e998bc,
ea99bc,
ea9abd,
eb9cbf,
c9779c,
bb698d,
e393b7,
ea9ec0,
ec9fc2,
eca0c2,
cb7ea0,
c67a9d,
c67a9d,
c37699,
c67b9d,
ca7fa1,
ca7fa3,
c67f9e,
e3a2bd,
9e5e7a,
8b4b68,
d294b1,
e4a6c5,
e3a6c5,
e3a7c7,
e4a8c9,
e1a5c6,
d89bbb,
e5a8c9,
e1a7ca,
e2a8cb,
e3a8cb,
e2aacb,
e1aaca,
e1aaca,
e1aaca,
dfa9cc,
ce95ba,
d096bc,
a47191,
ac8ea2,
e4cee1,
f4def0,
f4e1f2,
f3e1f4,
f4e1f5,
f3e1f5,
f3e1f6,
f4e2f6,
f4e2f6,
f4e2f6,
f5e3f7,
f4e1f9,
d5bede,
e6cbf3,
e7cdf4,
e6cdf6,
e5cdf6,
e5cdf6,
e5cdf6,
e5cdf6,
e3c3ee,
d69ecf,
da9ccf,
da9dce,
da9ecc,
db9ecd,
db9ecd,
db9ecd,
dba0ce,
d3a5d2,
f0c8f2,
c9a3cb,
e9cff5,
e5d2f8,
e4d3fa,
e3d2fb,
e6d3fa,
e9d4fa,
edd5fd,
f5d8fe,
f8dbfe,
fcdafd,
fbd9fc,
fbd6f9,
f9d3f7,
fad3f6,
fbd3f6,
f7d3f5,
f6d4f5,
f7d2f7,
f5d1f6,
f4d1f4,
f4d1f4,
f5d2f4,
f4d4f5,
f1d5f8,
f1d5f7,
edd5f9,
e9d3fa,
e5d3f8,
e2d3f7,
e6d2f6,
ecd1f6,
efd1f6,
f2d1f6,
f2d0f2,
f4d0f0,
f5cef2,
f7cdf1,
f7cdef,
f6ccee,
f6ccee,
f6ccee,
f6ccee,
f6cced,
f6ccee,
f6cbed,
f6cced,
f6ccee,
f7cdef,
f9cff0,
fad0f1,
fbd1f2,
fcd2f3,
fcd2f3,
fcd2f3,
fcd2f4,
fbd3f5,
fbd3f5,
fbd3f5,
fad4f6,
fad4f6,
fbd3f5,
fbd3f5,
fbd3f5,
fbd3f5,
fbd3f5,
fad4f7,
fad4f7,
fcd4f6,
fcd5f7,
fbd6f7,
fbd6f7,
fad7f8,
fad7f8,
f9d6f7,
f9d6f7,
f8d5f6,
f9d6f7,
f9d6f7,
f9d6f7,
f9d6f7,
f9d6f7,
f9d6f7,
f9d6f7,
f9d6f7,
f9d6f7,
fad7f8,
fad7f8,
fbd8f9,
fad9f9,
fad8f9,
fad9f9,
fadafa,
fbdbfc,
fcdcfd,
fbdbfc,
fbdcfc,
fbddfb,
fbddfb,
fbddfb,
fbddfb,
fbddfb,
fbddfb,
f9defc,
f7defc,
f7ddfb,
f8ddfb,
f7ddfb,
f6ddfb,
f8defc,
fadefc,
fbdffd,
fbdffd,
fae0fd,
f9e0fd,
f8e0fd,
f4dffd,
eeddfd,
ebddfc,
e9ddfc,
e8defd,
e6ddfc,
e4ddfc,
e4ddfc,
e4ddfc,
e4ddfc,
e4ddfc,
e7ddfc,
e8ddfc,
eadefd,
e8ddfc,
efdbf8,
f3daf8,
f5d8f6,
f7d7f5,
f8d6f4,
fad6f2,
fad5f4,
fbd6f5,
fad6f5,
f8d6f4,
f8d6f5,
f8d5f4,
f9d5f4,
fad5f4,
fcd6f5,
fdd6f5,
fbd6f5,
fcd6f5,
fbd5f4,
fcd5f4,
fdd6f5,
fcd7f4,
fcd8f4,
fcd8f4,
fcd8f4,
fcdaf7,
fcdbf7,
fddcf8,
fbdcf9,
f8ddfa,
f6def9,
f6def9,
f7ddf8,
f7ddf9,
f7def9,
f6def9,
f7def9,
fadef9,
fcdffa,
fddffa,
fedefa,
fedefa,
fdddfa,
ffdcfc,
ffdcfc,
fedcfa,
ffdbfa,
ffdbfa,
fedbfa,
fedbfa,
fedcf9,
ffddf9,
ffdefa,
ffe0fb,
ffdffd,
ffe0fc,
ffe0fb,
ffe0fb,
ffe0fb,
b76caf,
b365a7,
b162a4,
b064a5,
b374b6,
a870b2,
a872b6,
b27cc1,
b077ba,
ae73b6,
b173b5,
b373b5,
b473b5,
b473b5,
b474b8,
b376ba,
b279bf,
b181c7,
ad82c8,
ab7dc6,
ad87d0,
a48bd6,
a08dd8,
9f8fdb,
a290dd,
a492dd,
ae96e1,
caa7ed,
deb8f3,
e0bcf3,
e1b9f1,
e3bcf0,
e3bcef,
e4bdef,
e4bdf0,
e4bef1,
e4bef1,
e4bef1,
e3bef3,
e2bef4,
e1bff5,
e2c0f6,
e1c0f5,
e3c0f5,
e4c1f6,
e6c0f1,
d7a4d2,
d690bb,
e596ba,
e796b9,
e796b9,
e897ba,
e797b9,
e796b9,
e897ba,
e897ba,
e694b7,
c9779a,
d380a4,
ed9bbe,
e99bbc,
eb9ec1,
c57397,
b86588,
de8db1,
eb9ec0,
ec9ec1,
d98bad,
c7789b,
c6799c,
c4779a,
c67a9c,
c97e9e,
c57e9b,
cc88a4,
d798ae,
e1a1bc,
b3748f,
8b4e69,
af718e,
e5a5c3,
e4a6c4,
e3a6c5,
e4a6c8,
e4a6c8,
cf90b3,
e1a1c5,
e1a6c9,
e1a6c9,
e2a8cb,
e2a9cc,
e0aacb,
e1a9cb,
e1a9cc,
e0a7c9,
dfa4c5,
d194b4,
ad7691,
906579,
e7c6d8,
e7c7d8,
e5c9da,
dec8d9,
ead4e7,
f4e2f4,
f5e1f5,
f6e2f5,
f4e3f6,
f5e1f9,
e1cde7,
d8c2e3,
e3cdf3,
e6cdf8,
e5cdf8,
e5cef7,
e5cef6,
e5cef6,
e4cff6,
e4cef6,
e2c0eb,
d59ccb,
d89bcd,
d99ccd,
da9ccc,
da9dcb,
db9ecc,
db9fd0,
d9a1d0,
e1bae3,
e2c3e5,
d0add6,
e9d0f8,
e4d1f9,
e5d2fa,
e7d3fa,
ead3fa,
ecd5fc,
f2d8fe,
f6d8fd,
f8d7fc,
f8d5f9,
f8d4f8,
f9d2f6,
fad2f5,
fad2f4,
fad2f4,
fad3f6,
fbd3f6,
fad1f6,
fad1f6,
fad2f4,
fad2f4,
fbd2f3,
fad2f5,
f8d3f6,
f7d4f6,
f3d4f7,
efd3f8,
edd3f8,
ecd3f9,
eed2f8,
f3d2f7,
f4d1f6,
f6d1f4,
f7d0f1,
f6cff0,
f7cdef,
f6cdef,
f5ccee,
f6cdee,
f7cdef,
f7cdef,
f7cdef,
f6ccee,
f6ccee,
f6ccee,
f6ccee,
f6ccee,
f8cef0,
f9d0f1,
fbd1f2,
fbd1f2,
fbd1f2,
fbd1f3,
fbd2f3,
fcd2f5,
fdd4f5,
fdd4f6,
fcd4f6,
fcd4f7,
fcd4f7,
fcd4f6,
fcd5f5,
fbd3f5,
fbd3f5,
fcd4f5,
fad5f6,
fad5f6,
fad4f7,
fad4f7,
fad6f7,
f9d6f7,
f9d6f7,
fad7f9,
fad6f9,
fbd5f7,
fbd5f6,
f8d5f6,
f8d5f6,
f8d5f6,
f8d5f6,
f9d5f6,
fad6f7,
f9d6f7,
fbd6f7,
fbd6f7,
fbd7f8,
fcd7f8,
fbd7f8,
fad9f9,
f9d9f9,
f9d9f8,
fadaf8,
fbdbfc,
fbdcfd,
fbdcfd,
fbdcfd,
fbddfb,
fbddfb,
fbddfb,
f9ddfb,
f8ddfb,
f8ddfb,
f8ddfb,
f8ddfb,
f9defb,
f9defc,
f9defc,
f9dffd,
fcdffd,
fddffd,
fddffd,
fddffd,
fbdffd,
fbdffd,
fcdffd,
fadffe,
f7dfff,
f3e0ff,
eedfff,
e8ddfe,
e6ddfd,
e6ddfc,
e6ddfc,
e6ddfc,
e6ddfc,
e6ddfc,
e8ddfc,
e9ddfc,
eedcfc,
f0daf8,
f0daf7,
f2d9f6,
f5d8f6,
f8d6f5,
f9d4f3,
fbd4f3,
fbd4f3,
fbd4f3,
fbd4f3,
f9d4f3,
f9d5f4,
fad5f4,
fad5f4,
fbd6f5,
fbd6f5,
fbd6f5,
fdd6f5,
fcd6f5,
fbd6f5,
fcd6f5,
fcd6f5,
fdd7f6,
fcd9f7,
fbdaf8,
fadbf8,
f8ddf8,
f7defa,
f6defa,
f6dffb,
f4dffa,
f5dffb,
f6dffc,
f5dffa,
f5dffa,
f5dffa,
f5dffa,
f5dff9,
f7dffa,
f9dffa,
fcdefb,
ffdcfb,
feddfb,
fdddfb,
fedcfa,
fedbfa,
ffdaf9,
ffdbf8,
ffdaf7,
ffdaf9,
ffdaf9,
ffdcf9,
ffddf9,
ffdefa,
ffdffb,
ffe0fb,
ffe0fb,
ffe0fb,
ffe0fb,
ffe0fb,
b368ab,
ae5fa1,
ae5ca0,
b262a5,
b679bb,
af80c2,
ac83c5,
b182c6,
b079bd,
ae72b6,
b273b5,
b373b5,
b473b6,
b373b7,
b479bd,
b37dc1,
b27fc5,
ad84cb,
b287cd,
af7dc5,
ad79c2,
a682cc,
a189d4,
9e8dd9,
a290dc,
a693dd,
ae95e0,
bd9ee5,
cdadea,
cdaee8,
c69fdb,
ddb5ea,
e4bcef,
e6bdef,
e7beef,
e7bff1,
e8bff1,
e8bff1,
e5c0f2,
e3c0f3,
e2c1f5,
e1c2f7,
e0c3f7,
e0c3f7,
e1c2f7,
e4c2f6,
e9c3f5,
edbbe9,
dd93bb,
e695b9,
e796b9,
e796b9,
e796b9,
e796b9,
e896b9,
e897ba,
ea96b9,
de88ac,
c87296,
d07ba0,
eb9abd,
e696ba,
c57297,
ba678a,
d987aa,
ec9dbf,
e293b6,
c9799c,
c7789b,
bd7093,
c27799,
c77c9e,
c57d9d,
d895b1,
ebb0c6,
e8b0c3,
dca0b7,
d293ab,
8b4f66,
8d5068,
d394b0,
e5a6c4,
e4a6c5,
e4a5c7,
e5a6c9,
d697ba,
d392b6,
e2a5c9,
e3a6c9,
e2a8cb,
e2a9cc,
e1a9cc,
e1a9cc,
e1a9cb,
e1a8c9,
e1a7c7,
d297b3,
b17794,
8c5970,
f3cadc,
f5ccde,
f2cdde,
e6c5d7,
d9bece,
d8c2d6,
d7c1d8,
d5c2d7,
e7d2eb,
d5bfdc,
e2caef,
e7cef7,
e4cdf6,
e6cef9,
e6cef9,
e5cef7,
e4d0f6,
e4d0f6,
e6d0f6,
e8d0f7,
e2bee5,
d39ac7,
d89bcc,
d89bcc,
d99ccc,
db9ecb,
db9fcd,
daa1d1,
cea0ce,
efcff5,
c3a3c4,
d7b9e1,
e9d2f9,
e5d2f9,
e7d2fa,
e9d3fa,
ecd4fb,
f3d7fd,
f6d8ff,
f9d7fd,
f9d6fc,
f6d2f7,
f8d0f6,
f9d0f6,
fbd1f6,
fbd2f6,
fad2f6,
fad2f6,
fad2f6,
fad1f7,
fbd1f6,
fbd1f5,
fbd2f4,
fcd2f3,
fcd1f5,
fbd2f6,
fad2f5,
f8d2f5,
f4d2f5,
f4d2f6,
f5d2f8,
f6d2f8,
fad1f6,
f8d2f6,
fad2f5,
fad2f3,
f9d0f1,
f7cdef,
f6ccee,
f6ccee,
f7cdef,
f7cdef,
f7cdef,
f7cdef,
f7cdee,
f7cdef,
f7cdef,
f7cdef,
f7ccee,
f8cff0,
fad0f2,
fbd1f2,
fbd1f2,
fbd1f2,
fbd1f2,
fcd2f3,
fdd2f5,
fed3f5,
fdd3f5,
fcd4f6,
fcd4f7,
fcd4f7,
fcd4f6,
fcd4f6,
fbd3f5,
fad5f6,
fcd5f6,
fbd5f6,
fad5f6,
fad4f7,
fad4f7,
fad6f7,
f9d6f7,
fad6f7,
fbd7f9,
fbd5f9,
fbd6f8,
fbd6f7,
f9d5f6,
f9d5f6,
f9d5f6,
f9d5f6,
fad5f6,
fad5f6,
f9d5f6,
fbd6f7,
fbd6f7,
fcd6f8,
fcd7f8,
fbd7f8,
fad9f9,
f9d9f9,
f9d9f8,
fadaf9,
fbdbfc,
fbdcfd,
fbdcfd,
fbdcfd,
fbddfb,
fbddfb,
fbddfb,
f9ddfb,
f8ddfb,
f8ddfb,
f8ddfb,
f8ddfb,
f9defc,
f9defc,
fbdffd,
fbdffd,
fcdffe,
fddffe,
fddffd,
fddffd,
fbdffd,
fbdffd,
fddffd,
fcdffe,
fadfff,
f7e0ff,
f1e0ff,
ecddfe,
e8ddfd,
e7ddfc,
e8ddfc,
e8ddfc,
e9ddfc,
e9ddfc,
ebddfc,
ecddfc,
f0dcfb,
f3daf8,
f3daf7,
f4d8f6,
f5d8f6,
f7d6f5,
f8d5f3,
fbd4f3,
fbd4f3,
fbd4f3,
fbd4f3,
fbd4f3,
fad4f3,
fbd4f3,
fad4f3,
fbd6f5,
fbd6f5,
fbd6f5,
fdd6f5,
fcd6f5,
fbd6f5,
fbd6f5,
fbd6f5,
fdd8f6,
fad9f8,
f9dcfa,
faddfb,
f8dffb,
f6e0fc,
f3dffc,
f3dffb,
f2dffb,
f2dffc,
f4dffc,
f5dffa,
f5dffa,
f5dffa,
f5dffa,
f4defa,
f7dffa,
fadffa,
fcdefb,
ffdcfb,
fdddfb,
fdddfb,
fedbfa,
fedaf9,
ffdaf9,
fedaf6,
fdd9f6,
fdd9f7,
ffdaf9,
ffdcf9,
ffddf9,
ffdefb,
ffdffc,
ffe0fb,
ffe0fb,
ffe0fb,
ffe0fc,
ffe0fc,
b066ab,
b364a9,
af60a2,
b164a8,
b174b8,
ac82c3,
a884c7,
ab83c7,
ae7fc6,
ae79bf,
b076bb,
b275ba,
b178bd,
b17bc3,
af7fc6,
ae82c5,
ac85c8,
aa87cd,
ae88ce,
b185cb,
ad81c9,
a783cc,
a088d2,
a08cd6,
a28fd9,
a693dc,
aa95df,
b095df,
b598e0,
b699df,
bc9adc,
dab2e9,
e6bdf0,
e8beef,
e8beef,
e8c0f0,
eabff0,
ebbff0,
e8c0f1,
e7c1f3,
e5c1f4,
e4c2f5,
e4c3f5,
e4c3f5,
e3c2f5,
e7c3f5,
ebc4f3,
f2c3ee,
e4a3cc,
d485a9,
d783a7,
e491b4,
e996b9,
e996b9,
e996b9,
e796b9,
e896b9,
e48fb2,
ce799c,
c57295,
d582a5,
db88ab,
c37094,
c26f92,
cd7a9d,
d480a4,
c8779b,
c17194,
ba6e8f,
c37999,
c37c9b,
d591ac,
e5a6be,
efb3c8,
ebb4c5,
e0a9b8,
e2a8bb,
e0a3ba,
9e6578,
8c5165,
a0637a,
dfa0bd,
e5a5c3,
e5a4c6,
e5a4c8,
e6a3c8,
d28fb3,
dc9ec1,
e2a5ca,
e2a6ca,
e2a7ca,
e2a8cb,
e1a8cb,
e1a8cb,
e1a8c8,
e1a7c7,
db9fbe,
b17792,
8c586d,
f0c5d7,
f5cbdc,
f3ccda,
f1ceda,
e4c6d5,
e0c7d9,
f5dcef,
ebd5ed,
e2cbea,
e6cef4,
e7cef8,
e7cdf9,
e5cef9,
e6cef9,
e7cef8,
e6d0f6,
e6d1f7,
e6d0f7,
e9d0f8,
edd0f9,
d5a2cf,
d89ccb,
d89bcc,
d89bcc,
d99ccc,
db9ecd,
da9ecd,
d29ecb,
e8c2ee,
f0d1f8,
bf97bd,
eacef5,
ecd2f9,
e8d3f9,
e9d4fa,
ebd5fb,
f0d6fd,
f6d7fe,
f7d8fe,
f8d7fe,
f8d5fa,
f8d1f7,
f9d0f6,
fad1f7,
fcd1f7,
fbd1f9,
fad2fa,
fad1f7,
fad1f6,
f9d1f5,
fad1f5,
fad0f4,
fad0f4,
fad0f4,
fad0f4,
facff4,
facff4,
f9cff4,
f6cff5,
f6d0f6,
f7d0f6,
f8d0f6,
f8d0f6,
fbd1f7,
fdd1f6,
fcd1f4,
fbd1f4,
f8cdf1,
f7cdf0,
f7cdef,
f7cdef,
f7cdef,
f7cdef,
f7cdef,
f7cdef,
f7cdef,
f7cdef,
f7cdef,
f8cef0,
fad0f1,
fad0f1,
fbd1f2,
fbd1f2,
fbd1f2,
fbd1f3,
fcd2f4,
fcd3f4,
fdd3f3,
fcd3f4,
fbd2f5,
fcd3f6,
fcd3f7,
fbd3f7,
fbd3f7,
fad4f6,
fad4f7,
fad4f8,
fbd4f6,
fbd4f6,
fad4f7,
fad4f7,
fbd5f7,
fcd6f7,
fcd7f8,
fcd7f8,
fcd6f8,
fcd7f8,
fad6f7,
fbd6f7,
fbd6f7,
fbd6f7,
fad6f7,
f9d5f6,
f9d5f6,
f9d5f6,
fbd6f7,
fbd6f7,
fbd6f7,
fbd6f7,
fbd7f8,
fad9f9,
f9d9f9,
fad9fa,
fbdafb,
fbdafb,
fadbfc,
fadbfc,
fadbfc,
fadcfc,
f8ddfb,
f8ddfb,
f8ddfb,
f8ddfb,
f8ddfb,
f7dcfa,
f7dcfa,
f9ddfb,
fbddfb,
fcdefc,
fddffd,
fbdfff,
fbdfff,
fddffd,
fddffd,
fbdffd,
fbdffd,
fddffd,
fcdffe,
fadfff,
f8e0fe,
f5e0ff,
f5dffd,
f0defd,
eedffd,
eddffd,
eddffe,
efdffe,
f0dffd,
f3defd,
f4defd,
f5defc,
f6ddfa,
f5dbf8,
f6daf7,
f6d8f6,
f6d8f5,
f8d6f4,
fad5f4,
fad5f4,
fbd4f3,
fbd4f3,
fbd4f3,
fbd4f3,
fbd4f3,
fbd4f3,
fcd6f5,
fbd6f5,
fad6f4,
fbd6f5,
fbd6f5,
fbd6f5,
fbd6f5,
fcd7f6,
fbd9f8,
f8dbf9,
f7ddfb,
f7dffd,
f7e0fd,
f5e0fd,
f3dffd,
f2dffc,
f2dffd,
f3dffc,
f3dffb,
f4dffa,
f4dffa,
f4dffa,
f5dffb,
f5dffc,
f7dffb,
fadffa,
fcdefc,
fddefc,
fcddfc,
ffdcfb,
fedbfa,
ffdaf9,
ffdaf8,
fdd9f7,
fdd9f7,
fed9f8,
ffdaf9,
ffdcf9,
ffddfb,
ffdffc,
ffe0fd,
ffdffc,
ffdffc,
ffdffc,
ffdffe,
ffdffd,
ac65aa,
b267ab,
af64a6,
a760a4,
ac71b5,
ab82c4,
a784c9,
a685ca,
a984cb,
ab82c9,
ac80c5,
ad7fc5,
b082c9,
ae84cc,
ab84cd,
aa84cb,
a988ce,
a889d0,
aa8bd1,
a78ad2,
a389d1,
a288cf,
9e89d2,
a08ad4,
a28dd7,
a490d7,
a793dc,
a993dc,
ad93dd,
b495dd,
c7a3e4,
e1b7ef,
e8bef1,
eabff0,
ebc0f0,
eac1ef,
eac0f0,
ebc0f0,
eac1f0,
eac1f1,
e8c2f3,
e8c2f3,
e9c3f3,
e8c3f3,
e7c3f4,
eac4f3,
ebc4f3,
e2afda,
e195bb,
e596b8,
e28fb2,
c06b8e,
d17b9e,
e792b6,
ea97ba,
e896b9,
e997ba,
ec98bb,
d37ea1,
c57194,
c37194,
c57295,
bc698c,
c16e91,
c16e8f,
b9678a,
b96a8d,
bd7194,
c0819f,
d9a1bc,
f8bed6,
f2bacc,
e7adc0,
ebb3c5,
ecb5c6,
e2aebd,
e4adbe,
dea5b8,
cb91a4,
8d5466,
8d5265,
c98ba7,
e5a5c2,
e6a4c4,
e6a3c7,
e7a4ca,
df9cc0,
d090b5,
e2a2ca,
e4a5c9,
e4a7ca,
e3a8cb,
e2a8cb,
e2a8cb,
e1a8c7,
e1a8c7,
dfa5c6,
b17795,
905b70,
eec1d3,
f4ccdb,
f3ccda,
f1cdda,
ecd1dd,
e1cbd8,
e9d0e1,
f5ddf0,
ecd5ee,
e5cef2,
e6cef7,
e7cdf8,
e6cef8,
e6cef8,
e8cef8,
e9d0f8,
e8d0f7,
e8d1f7,
ebd2f9,
dfbae4,
d79bca,
d89cca,
d799ca,
d89ccb,
d99dcb,
db9ecc,
d69dcc,
e1b8e3,
f0d1fb,
ddbae5,
d5aed7,
f1d4fd,
efd4fd,
eed4fb,
eed5fc,
efd6fd,
f5d7fe,
f8d8ff,
f7d7ff,
f8d6fd,
f9d4fa,
f8d0f6,
f9d1f7,
fad1f7,
fad1f7,
f9d0f7,
f9d0f7,
f9d0f6,
f8d0f6,
f9d0f6,
facff5,
fbcff5,
fad0f4,
fad0f4,
f8cdf3,
f8cdf3,
f8cef3,
f8cef3,
f7cef3,
f8cff4,
f8cff4,
f9cff5,
f9d0f6,
fad0f5,
fad1f6,
fbd0f5,
fad0f5,
f9cff4,
f8cef2,
f8cef1,
f8cef0,
f8cef0,
f7cef1,
f7cef1,
f8cff1,
f8cff1,
f8d0f1,
f9d0f1,
fad0f2,
fcd2f4,
fcd2f4,
fcd1f4,
fcd1f3,
fcd1f4,
fcd1f4,
fcd1f5,
fcd1f4,
fcd2f3,
fcd2f3,
fcd2f4,
fcd1f5,
fcd3f6,
fcd3f6,
fbd3f6,
fbd3f6,
fbd4f6,
fbd4f6,
fad4f6,
fad4f6,
fad5f7,
fad5f7,
fcd5f7,
fdd6f7,
fcd7f8,
fcd7f8,
fcd7f8,
fcd7f8,
fbd6f7,
fbd6f7,
fbd6f7,
fbd6f7,
fad5f6,
fad5f6,
fad5f6,
fad5f6,
f9d5f6,
f9d5f6,
fbd6f7,
fbd6f7,
fbd7f8,
fad8f9,
f9d8f9,
fad8f9,
fad8f9,
fad9f9,
f9daf9,
fadbfb,
f9dbfc,
f8dbfb,
f8dcfb,
f9ddfb,
f8ddfb,
f8ddfb,
f9ddfb,
f7dcfa,
f8dcfa,
f9dcfa,
faddfb,
fcddfb,
fbdcfb,
fadefc,
f9defd,
fbdefc,
fadefc,
fbdefc,
fadefc,
fcdffd,
fbdffe,
f9dfff,
fbdffe,
fadffe,
f9e0fd,
f6e0fd,
f5e0fd,
f5e0fe,
f5e0fe,
f4dfff,
f4dffe,
f9dfff,
fadfff,
f8defc,
f9defc,
f8dcfa,
f8dbf9,
f7dbf8,
f8d9f7,
f8d8f6,
fad6f5,
fad6f5,
fad4f3,
fbd4f3,
fbd4f3,
fbd4f3,
fbd4f3,
fbd4f3,
fdd6f5,
fcd6f5,
fcd6f5,
fcd6f5,
fcd6f5,
fcd6f5,
fbd7f5,
fbd8f6,
fbdaf9,
f8dcfa,
f6ddfc,
f7dffd,
f7e0fd,
f6e0fd,
f3dffc,
f4dffc,
f4dffc,
f5dffc,
f5dffc,
f6dffa,
f6dffb,
f5dffb,
f5dffc,
f5dffc,
f8dffb,
fbe0fc,
fbdffc,
fbdefc,
fdddfc,
ffdcfb,
fedcfa,
ffdaf8,
ffdaf9,
fedaf8,
ffdaf9,
ffdaf9,
ffdaf9,
fedbf9,
ffdcfa,
fedefc,
ffdffd,
ffdffd,
ffdffd,
ffdffd,
ffdffe,
ffdffd,
b16eb4,
b36eb4,
b26fb1,
af70b1,
b07cbf,
aa84c8,
a584cb,
a485cc,
a286cc,
a386cd,
a486cd,
a686cf,
ac88cf,
aa87ce,
a987d1,
a98ad3,
a78bd4,
a88ad4,
a78cd6,
a48cd7,
a18bd5,
a288d0,
a088d1,
a189d2,
a28ad4,
a18dd5,
a290d9,
a290d9,
a690da,
b595de,
cda5e3,
e3b8ed,
eabfef,
ecc2ef,
ecc2ef,
edc3ee,
edc2ef,
ecc2f0,
ecc1f0,
edc2ef,
ecc2f1,
ebc2f0,
ebc2f1,
ebc2f1,
e9c3f2,
ecc4f1,
e8bbe8,
d894bf,
e795b9,
e894b7,
e994b7,
e993b6,
d77fa2,
c16a8d,
d37da0,
e691b5,
e997ba,
e897ba,
dd8aad,
c37092,
c47093,
c37093,
c16c8f,
c06d8f,
c16f90,
c0708f,
bf7694,
d89cba,
f7c1db,
fbc9e1,
fccae1,
fccbdf,
f8c7db,
ecbcce,
e1b0c2,
e6b6c7,
d8a4b7,
e0aabd,
dca3b4,
a56b7d,
8c5062,
995b74,
da98b5,
e6a4c2,
e6a3c4,
e5a3c8,
e2a1c5,
ce8db1,
d393b9,
e1a3c9,
e2a6c9,
e2a7ca,
e1a7ca,
e1a7c9,
e1a7c8,
e1a7c8,
e0a7c7,
bc85a1,
915c72,
e9becf,
f1ccd8,
f1ccda,
f1d0dc,
f8deeb,
cdbbc8,
e3cfdd,
f5dced,
f6dff0,
ead4ed,
e4cbed,
e9cef5,
e8cdf6,
e8cef7,
e8cef7,
eacff8,
eacff8,
ebd1f8,
eacaf1,
d69fcd,
d79bc9,
d699c9,
d698c8,
d99dcb,
da9dca,
d99ecc,
d4a7d4,
f1cef8,
f4d6fc,
d3b0d6,
f6d6fc,
f3d6fd,
f2d6fe,
f3d7ff,
f5d7ff,
f7d7ff,
f7d8ff,
f8d7fe,
f9d6fe,
f8d3fb,
f8d1f6,
f7cff4,
f8cef4,
f9cff5,
f8d0f6,
f8d0f6,
f8d0f6,
f8d0f6,
f7cef4,
f8cef3,
f9cef3,
fccef4,
facff4,
f9cff3,
f9cef3,
f8cdf3,
f8cdf3,
f8cdf3,
f8cdf2,
f8cef2,
f8cef2,
f9cff4,
f9cff5,
f8cff4,
f8cff3,
f8cff5,
f8cff5,
f8cff5,
f9cff4,
f9cff4,
facff3,
fad0f4,
f8d0f4,
f8d0f5,
f8d1f2,
f8d1f4,
f8d0f5,
fad1f3,
fcd2f3,
fcd2f5,
fcd1f5,
fcd1f5,
fcd1f5,
fcd1f6,
fcd1f6,
fcd1f6,
fcd1f6,
fcd1f5,
fcd1f5,
fcd1f5,
fcd1f5,
fbd2f4,
fcd2f5,
fbd2f4,
fdd2f3,
fcd2f3,
fcd2f4,
fcd3f5,
fbd3f5,
fcd3f5,
fcd3f5,
fcd4f5,
fcd5f6,
fbd5f6,
fbd5f6,
fbd5f6,
fbd5f6,
fad5f6,
f9d4f5,
f9d4f5,
f9d4f5,
fad4f6,
fbd4f6,
fad5f6,
fad5f6,
fad5f6,
f9d4f5,
f9d4f5,
fad5f6,
fad6f7,
fad6f7,
f9d6f7,
fad5f6,
fad5f6,
f9d6f5,
fad7f6,
fcd9f8,
f9d9f9,
f9daf8,
f9dbf9,
f9dbf9,
f9dbf9,
f8dcf9,
f9dcfa,
f9dcfa,
f9dcfa,
f9dcfa,
fadbf9,
fadbf9,
f9d9f8,
f9daf8,
f7dbf9,
f9dbf9,
f6dbf9,
f7dcf9,
f8defb,
fbdefc,
fadefc,
fadefd,
fcdffd,
fddffd,
fadffd,
f9e0fd,
f8e0fc,
f8e0fc,
f8e0fc,
f7e0fc,
f6dffc,
f9dffb,
fadffb,
fadefc,
fadefc,
fbddfb,
fadcfa,
f9dcfa,
f8dbf9,
f9dbf9,
f9daf8,
fad9f8,
f9d7f5,
fbd5f4,
fbd4f3,
fbd4f3,
fcd4f3,
fcd4f3,
fdd6f5,
fdd6f5,
fdd6f5,
fdd6f5,
fdd6f5,
fdd6f5,
fbd7f6,
fadaf8,
f9dbf9,
f6dcfa,
f5ddfd,
f7defe,
f5dffc,
f5dffc,
f2dffc,
f5defc,
f7defc,
f8defc,
f9defc,
f7defc,
f7defc,
f7dffc,
f9dffc,
fadefc,
fbdffb,
fcdffd,
fcdffd,
fbdefc,
fddefc,
feddfc,
feddfb,
fedcfa,
ffdcfa,
ffdbfa,
ffdbfa,
ffdbfa,
ffdbfa,
ffdbfa,
ffdcfb,
ffdcfb,
ffddfb,
fedefc,
ffdffd,
ffdffd,
ffdffd,
ffdffd,
b075ba,
b375bb,
b578bd,
b77fc0,
b383c4,
aa85c7,
a386ca,
a187cd,
a288ce,
a188cf,
a489d2,
a58ad3,
a589d2,
a889d2,
a98bd2,
a78fd8,
a590db,
a48ed9,
a68ed9,
a28dd8,
a18cd5,
a389d0,
a389d0,
a388d0,
a489d4,
a28bd5,
9f8dd8,
a18eda,
a691dc,
af94dd,
bb99db,
d5ace4,
ecbff0,
edc2f0,
edc3f0,
edc3f0,
edc3f0,
edc3f0,
edc2f1,
edc2f1,
ebc3f2,
ebc3f2,
ebc3f2,
ebc3f2,
ebc4f2,
eec4f1,
dda3d2,
e394be,
e693b8,
e993b8,
e894b7,
e894b7,
e894b7,
e78fb3,
c06a8d,
c57093,
de8aad,
e997ba,
eb99bc,
c57194,
c36f92,
c36f92,
c06b8e,
c16f93,
be7092,
ba7291,
dea4c2,
fdc4e0,
fbc8de,
fac6dc,
f3c1d6,
f0bfd4,
f1c2d6,
f6c7db,
f6cbdf,
d5aabe,
dcafc1,
e1afbf,
dda4b6,
ce93a7,
b5788d,
905169,
a46581,
e4a2c1,
e6a3c5,
e4a4c7,
e6a5c8,
db99bd,
c888ad,
da98be,
e5a5c9,
e3a6ca,
e2a5c9,
dfa5c8,
e2a7c9,
e0a7c8,
dda7c6,
daa2bf,
945e74,
efc4d6,
f1ccd9,
f2d0dc,
fce4f0,
fae0ed,
f6e3f1,
d1bcca,
f4dae8,
f7dff0,
fae2f3,
ecd4ee,
eacdf3,
eacdf6,
e9cef7,
eacef8,
edcff9,
edd0f8,
f1cff7,
d8a8d3,
d899c8,
d89bc9,
d395c5,
d99bca,
db9ecc,
db9ecc,
d1a0cc,
f7d1fc,
f6d5ff,
f1d2f8,
e5c4eb,
f6d9fe,
f5d8fe,
f5d8fe,
f8d9ff,
f8d8ff,
f8d7ff,
f9d7ff,
f9d5fc,
f7d3fb,
f6d1f9,
f6cff6,
f6cef6,
f7cef6,
f7cff7,
f8d0f8,
f8d0f8,
f8d0f6,
f9cff5,
f7cdf3,
f8cef3,
f9cff3,
fccff3,
facff4,
f9cff5,
f8cdf3,
f8cdf3,
f7cdf3,
f7cdf2,
f7cdf1,
f7cdf1,
f8cef2,
f9cef3,
facef4,
facef3,
f9cef4,
f8cef4,
f9cff5,
f9cff5,
fbd0f6,
fbd0f6,
fbd1f6,
fcd1f6,
fad2f6,
fad3f6,
fad2f3,
fad2f4,
fad1f6,
fbd1f6,
fcd1f7,
fbd1f5,
fbd1f4,
fbd1f4,
fbd0f4,
fbd0f6,
fbd0f6,
fbd1f7,
fbd1f7,
fbd0f6,
fad0f5,
f9d0f4,
fbd0f6,
fbd1f4,
fcd2f5,
fcd2f3,
fcd2f3,
fcd2f3,
fcd2f3,
fcd2f4,
fcd2f4,
fcd2f4,
fcd2f4,
fcd2f4,
fcd3f4,
fbd4f5,
fcd4f5,
fdd4f5,
fbd3f4,
fad3f4,
f9d3f6,
f9d4f6,
f9d4f5,
fad4f5,
fbd4f5,
fbd4f5,
fad3f4,
fad3f2,
fad3f2,
fad3f5,
fbd4f5,
fad4f5,
fbd4f5,
fcd3f4,
fad3f2,
fad2f2,
fcd4f3,
fcd5f4,
fcd7f7,
f9d7f8,
fad8f7,
fad8f6,
f9d9f7,
f8d8f6,
f9daf8,
fbdbf9,
fbdcfa,
f9dcfa,
fadbf9,
fadaf8,
f8d8f8,
f7d7f7,
f7d6f5,
f7d6f5,
f5d6f3,
f7d8f5,
f9daf8,
f9dcfa,
fcdefc,
fcdefc,
fcdefc,
fcdefc,
fcdefc,
fcdffd,
fcdffc,
fde0fb,
fbe0fb,
fbe0fb,
fbdffa,
f9def9,
fbddf9,
fbddf9,
fbddf9,
fbddf9,
fcddfb,
fbddfb,
fbddfb,
fcddfb,
fdddfb,
fdddfb,
fcdcfb,
fcd8f7,
fcd5f4,
fbd4f3,
fbd4f3,
fbd4f3,
fcd5f4,
fcd7f5,
fed7f6,
fdd6f5,
fdd6f5,
fcd6f5,
fcd7f6,
fbd8f6,
f9d9f8,
fadbfa,
f8ddfc,
f8ddfd,
f8ddfd,
f7ddfd,
f6ddfd,
f7defa,
f9defb,
fadefc,
fddefc,
fedefc,
fddefc,
fcdefc,
fcdefc,
fddffd,
fddffd,
fddffd,
fedffd,
ffdffd,
ffdffd,
ffdffd,
ffdffd,
ffdffd,
ffdefc,
ffddfc,
ffdcfc,
ffdcfd,
ffdcfb,
ffdcfb,
ffdcfb,
ffdcfb,
fedefc,
fedefc,
fedefc,
fedefc,
ffdffd,
ffdffd,
ffdffd,
b57dc4,
b279be,
b178bc,
b67ebf,
b381c3,
ac83c7,
a586cb,
a288d1,
a289d2,
a28bd3,
a58cd5,
a58cd6,
a48cd5,
a58bd4,
a68cd4,
a58fdb,
a490dc,
a290dd,
a48fdb,
a18fd9,
a38cd5,
a288d2,
a388d1,
a388d0,
a389d4,
a18bd5,
9e8dd9,
9f90da,
a492dc,
b198e0,
c09fe2,
d5afe8,
ebbfef,
edc2f0,
eec4ef,
eec4f1,
eec4f1,
eec4f1,
eec4f1,
eec3f2,
edc4f2,
ecc4f2,
ecc4f3,
ecc4f3,
ecc4f2,
eec4f2,
d797c4,
e593bb,
e593b7,
e993b8,
e693b6,
e794b7,
e894b7,
e894b7,
dd87aa,
be698c,
c46f92,
da86a9,
e996b9,
d783a6,
c26f92,
c26f92,
bf6b8e,
c07092,
c07a9a,
e1a9c6,
f8c1dc,
fbc4dc,
f9c6dc,
f3c1d6,
f2c0d5,
efbdd3,
edbed4,
edc0d6,
efc3d8,
f2c7db,
e1b7cb,
ddb0c4,
edb7c9,
daa1b4,
d398ad,
bc8096,
965a73,
c685a4,
e5a3c4,
e4a3c5,
e4a4c5,
e3a3c5,
d394b8,
cc8db2,
db9cc1,
e2a4c9,
e1a4c8,
e0a4c7,
e2a6c8,
e0a6c7,
dda6c6,
dfa7c5,
c18aa6,
efc7d9,
f7d5e3,
fce1ee,
ffe7f4,
fde4f1,
fee6f4,
ddc9d6,
dbc7d4,
f3dbe9,
f7ddee,
f5def1,
e3c9e7,
eccff5,
ebcef6,
eccef6,
f0cff8,
ebc5ee,
d3a1cc,
cb91be,
d69ac8,
d295c4,
d59ac7,
d89dc8,
d89fcc,
ce9fcb,
f1c8f1,
f9d3ff,
f8d6ff,
f1d3f7,
eecdf2,
f6d9fe,
f6d8fd,
f7d8fd,
f8d9fe,
f8d8ff,
f8d7ff,
f7d7fc,
f7d4fb,
f8d3fb,
f7d2fa,
f7d0f8,
f8d0f8,
f8cff8,
f8cff8,
f8cff8,
f7d0f8,
f8d0f7,
facff6,
f8cef4,
f9cef3,
f9cef3,
facff3,
f9cff5,
f9cff5,
f9cef5,
f8cdf3,
f8cdf3,
f7cdf2,
f7cdf1,
f8cef2,
f8cef2,
f9cef3,
f9cdf3,
facef3,
f8cdf3,
f9cef4,
f9cff5,
f9cff5,
fbd0f6,
fcd0f7,
fbd1f7,
fbd2f8,
fbd3f6,
fbd3f6,
fad2f4,
fad2f3,
f8d0f4,
f9d0f5,
facff6,
fbcff4,
fbcff3,
fbcff3,
fbcff4,
fbcff5,
fbd0f6,
fbd0f6,
fbd0f6,
fbd0f6,
f9d0f5,
f8d0f4,
fbd0f5,
fbd0f4,
fbd0f4,
fbd1f2,
fbd1f2,
fcd2f3,
fcd2f3,
fcd2f3,
fcd2f3,
fcd2f3,
fcd2f3,
fcd2f3,
fcd2f3,
fbd2f3,
fcd2f3,
fcd2f3,
fbd2f3,
fad2f3,
fad4f4,
fad4f4,
fad3f5,
fbd4f4,
fbd4f3,
fcd3f3,
fcd3f4,
fbd4f3,
fbd4f3,
fbd3f5,
fbd3f5,
fad3f4,
fbd2f3,
fbd2f3,
f9d2f1,
f8d2f0,
fcd2f0,
fbd3f2,
fcd5f3,
fad5f4,
fbd5f4,
f9d5f4,
f7d5f4,
f7d5f3,
f8d6f4,
f8d8f6,
f9d9f7,
f7daf8,
f7d8f6,
f7d7f5,
f5d5f5,
f4d4f5,
f7d5f4,
f8d5f4,
f7d6f6,
f9daf9,
fcdcfa,
fddefc,
fbdefc,
fcdefc,
fcdefc,
fbddfb,
fbddfb,
fddffb,
fde0fb,
fee0fb,
fce0fb,
fce0fb,
fcdffa,
faddf9,
fcddf9,
fcddf9,
fbddf9,
faddf9,
fdddfb,
fcddfb,
fcddfa,
fddefa,
fedefb,
fedffb,
fedffc,
fcdcfa,
fcd7f5,
fbd4f3,
fbd4f3,
fbd4f3,
fcd5f4,
fcd7f5,
fed7f6,
fdd7f6,
fdd6f5,
fdd7f6,
fcd8f6,
fcd9f7,
fbdaf9,
fbdbfa,
f9dcfc,
f8ddfd,
f9ddfd,
faddfd,
faddfd,
fbddfb,
fcdefb,
fcdefc,
fedefc,
fedefc,
fedefc,
fdddfc,
fedefc,
fedffd,
fedffd,
fedffd,
ffdffd,
ffdffd,
ffdffd,
ffdffd,
ffdffd,
ffdffd,
ffdefc,
ffddfc,
ffdcfd,
ffdcfd,
ffdcfb,
ffdcfb,
ffdcfb,
feddfb,
fddefc,
fddefc,
fedefc,
fedefc,
ffdffd,
ffdffd,
ffdffd,
ad74ba,
aa6db0,
a96db0,
ae73b7,
b37bc1,
ae7fc5,
aa83cc,
a889d1,
a78bd3,
a68cd7,
a58dd7,
a48ed7,
a58fda,
a38cd7,
a189d4,
a28bd5,
a18ed9,
a190dc,
a291db,
a391da,
a28ed5,
a389d2,
a288d1,
a188d1,
a089d3,
9d8bd5,
9d8dd8,
9f91da,
a494dc,
c3a6e7,
dcb7ee,
e5bcf0,
ebc0f0,
edc3f0,
eec4f1,
eec4f1,
efc5f2,
efc5f2,
efc5f2,
efc5f3,
edc4f5,
ecc4f5,
ebc5f4,
efc5f2,
eac4f3,
e6beec,
da97c1,
e693b7,
e792b4,
e692b5,
e592b5,
e592b5,
e692b5,
e693b6,
e894b7,
e48eb1,
bb6689,
c57094,
d682a5,
e693b6,
c26f92,
c36f92,
bd6a8d,
bc6c8d,
e7aac7,
f8bfd9,
f8c2da,
f6c4d8,
f0bed2,
eebcd0,
f4c2d6,
f2bed6,
eebcd4,
ecbed4,
eabfd5,
ecc1d6,
edc3d6,
edc2d7,
e1b7cb,
ebbbcf,
d59eb2,
dca2b6,
dfa5b9,
9a5b72,
df9db9,
e1a3c0,
dfa3c1,
e1a3c3,
dd9fc1,
cb8cb0,
cc8db2,
de9dc3,
e2a4c9,
e0a4c8,
e2a5ca,
e0a5c9,
dca5c8,
dea6c7,
dfa8c6,
e2bbd2,
ffe2f5,
fee4f4,
fee4f2,
fee4f2,
fee5f4,
e3cfdd,
f2dfeb,
e1cbd7,
f0d9e8,
f4daea,
f8e0f5,
dec3e5,
f0cff7,
f1cdf6,
d8add9,
c793c1,
c98eba,
cf91bf,
cf8fbd,
d79ac5,
d89dc8,
d69dc8,
cb9cc6,
f9d0fa,
fad5fd,
f7d6fe,
f6d7fe,
e3c5e7,
f7d5fd,
f7d7ff,
f8d9fe,
f8d9fe,
f9d7ff,
f9d7fe,
f8d7fc,
f8d6fb,
f6d4fa,
f6d4f9,
f6d4f9,
f4d4f9,
f5d3f9,
f6d3f8,
f6d2f9,
f5d1f9,
f5d1f9,
f5d1f9,
f7d2f7,
f7d2f7,
f5d2f7,
f6d2f6,
f7d2f5,
f6d0f6,
f6d0f6,
f6cff5,
f6cff5,
f5cff4,
f5cff4,
f5cff5,
f5cff5,
f5cff5,
f6cff5,
f6cff4,
f8cef4,
f9cef4,
f9cff5,
f9d0f6,
f8d1f7,
f8d1f7,
f9d1f7,
f9d1f7,
f9d1f7,
fad2f5,
fad2f5,
f9d0f5,
f9d1f4,
f8d0f5,
fad0f6,
facff5,
fbcff4,
fbcef2,
fccff3,
fbcff3,
f9cff3,
f9cff3,
f9cff3,
f9cff4,
f9cff5,
f9cff4,
f9cff3,
f9cff5,
f9cff3,
fad0f2,
fbd1f3,
fbd1f2,
fcd2f3,
fcd2f3,
fcd2f3,
fcd2f3,
fcd2f3,
fcd2f3,
fcd2f3,
fcd2f3,
fcd2f3,
fcd2f3,
fcd2f3,
fcd2f3,
fcd2f3,
fcd2f3,
fbd3f4,
fbd3f5,
fcd3f5,
fdd3f5,
fcd2f4,
fcd2f3,
fbd4f3,
fbd4f3,
fbd4f5,
fad2f3,
fcd2f3,
fcd2f3,
fcd2f3,
fbd2f0,
fad2ef,
fbd1f0,
fbd1f0,
fcd2f2,
fad3f2,
f9d3f1,
f8d3f2,
f5d2f3,
f4d2f3,
f3d3f1,
f6d4f3,
f5d5f3,
f3d6f6,
f4d5f5,
f4d4f5,
f3d5f4,
f4d6f4,
f6d6f6,
f7d6f6,
f9d9f8,
fdddfb,
fedefc,
fedefc,
fdddfb,
fdddfb,
fadcfa,
fbdcfc,
fbdcfd,
fdddfb,
fdddfc,
fedefc,
fddffb,
fde0fb,
fddffa,
fedefa,
fdddfb,
fdddfb,
fadcfa,
f9dcfa,
fedcf9,
feddf9,
fdddf9,
ffdffb,
ffe0fc,
fce1fe,
fde0fe,
fddffd,
fcdbfa,
f9d6f6,
fad5f5,
fad5f4,
fcd7f4,
fed8f7,
fdd9f7,
fdd9f7,
fed9f8,
fedaf7,
fedaf7,
fedaf8,
fedbf9,
ffdcfc,
fbddfb,
fcddfb,
fdddfb,
fdddfb,
fdddfb,
feddfb,
feddfb,
fddefc,
fedefc,
fedefc,
fedefc,
fedefc,
fedefc,
fedefd,
fedefe,
fedffe,
ffdffd,
ffdffd,
ffdffd,
ffdffd,
ffdffd,
ffdffd,
ffdffd,
ffdcfc,
ffdcfd,
ffdcfd,
fedcfd,
ffddfd,
ffdcfb,
ffddfb,
fedefc,
fedefc,
fedefc,
fedefc,
ffdffd,
ffdffd,
ffdffd,
a766ab,
a966a7,
a866a7,
a867a9,
ab6caf,
a86eb3,
a874bc,
ad83ca,
af89d0,
ab8ad4,
aa8cd6,
a88cd6,
a48dd8,
a48dd7,
a389d3,
a389d3,
a38cd6,
a390da,
a291db,
a391db,
a18fd9,
a18bd2,
a388d1,
a388d1,
a189d3,
9e8bd5,
9e8ed8,
a091db,
a395de,
bba2e5,
d3b0eb,
dcb5ec,
eac0f0,
edc2f0,
eec4f1,
efc4f4,
eec5f4,
eec5f5,
ecc5f6,
edc4f6,
ebc4f7,
e9c4f7,
e9c5f5,
edc5f3,
ebc4f3,
e9c1f0,
d895c0,
e593b6,
e693b3,
e592b5,
e693b6,
e592b5,
e592b5,
e693b6,
e693b6,
e490b3,
d783a6,
ba6487,
c36e91,
d885a7,
cc799b,
bf6d8e,
bc6f90,
e4a6c3,
f5bcd6,
f7c0d8,
f8c2da,
efbdd2,
ebb9cd,
edbacf,
eebcd1,
efbdd3,
ecbbd2,
ecbcd2,
ebbdd3,
ebbfd3,
eabfd3,
eabfd1,
ecc2d5,
eac4d7,
e3b7c9,
d9a4b7,
e3acbd,
e4aec2,
c78ea8,
dda1bc,
e0a3c1,
dfa3c3,
dfa2c5,
d797bb,
cb8baf,
d08fb5,
dd9bc1,
e1a2c8,
e1a3c9,
dfa3c8,
dda3c7,
dea5c8,
dda7c8,
d6a7c4,
f4d7ec,
fee4f5,
fee4f4,
ffe4f3,
ffe5f4,
e8d4e4,
f8e4f0,
e5d1dd,
edd8e3,
f1d8e5,
f3d9eb,
dfc4de,
cea6cc,
ce9fc8,
d1a0ca,
dfaed9,
d398c5,
d292c1,
d696c4,
d99cc7,
d19ac5,
d2a7d0,
f1ccf4,
f9d6fe,
f6d6fe,
f5d6fd,
f5d5fc,
efcff6,
f8d6fc,
f7d7fb,
f7d6fc,
f7d6fd,
f8d6fe,
f8d6fc,
f7d5fa,
f7d5fa,
f6d4f9,
f6d4f9,
f6d4f9,
f5d4fa,
f4d4fa,
f4d4f9,
f5d4f9,
f6d3f8,
f4d3f9,
f4d3f9,
f6d5fa,
f6d6fb,
f5d6fb,
f6d6fa,
f7d5f9,
f5d4f7,
f4d3f7,
f4d1f7,
f5d1f7,
f5d1f7,
f4d1f7,
f6d1f7,
f6d1f7,
f6d1f7,
f5d1f6,
f5d1f6,
f6d0f6,
f7d0f6,
f7d1f6,
f7d1f7,
f5d1f7,
f5d1f7,
f6d2f7,
f6d2f7,
f6d2f7,
f8d1f5,
f7cff4,
f8cff4,
f7cff4,
f8cff4,
fad0f5,
facff5,
fbcef3,
facef2,
fbcff3,
fbcff3,
facff3,
f9cff2,
f9cef3,
f9cef3,
f8cdf3,
f8cef3,
f8cef2,
f9cff3,
f9cff3,
fad0f4,
fbd0f4,
fbd1f4,
fcd2f3,
fcd2f3,
fcd2f3,
fcd2f3,
fcd2f3,
fcd2f3,
fcd2f3,
fcd2f3,
fcd2f3,
fcd2f3,
fcd2f3,
fcd2f3,
fcd2f3,
fcd2f3,
fcd3f3,
fdd3f5,
fed3f5,
ffd3f5,
ffd3f5,
fed3f4,
fcd4f3,
fbd4f3,
fbd3f4,
fad2f3,
fcd2f3,
fcd2f3,
fdd2f2,
fbd2ef,
fad1ee,
fad0ef,
fad0ef,
fbd1ef,
fad2ef,
f8d2ef,
f8d1f0,
f7d1f2,
f4d1f1,
f4d1f2,
f5d2f2,
f4d3f3,
f4d4f4,
f4d4f4,
f7d4f5,
f7d5f5,
f8d7f7,
f9d9f7,
f9d9f8,
fbdbf9,
fdddfb,
fdddfb,
fdddfb,
fcdcfb,
fbdbfa,
fbdbf9,
fcdbfc,
fddcfd,
fdddfb,
fdddfb,
fedefc,
ffdffd,
ffdffd,
fedffc,
fedefa,
fddffb,
fcdefb,
fcddfb,
fcddfb,
ffddf9,
feddf9,
fdddfa,
ffdffb,
ffe1fc,
fde2ff,
fde1fe,
fedffd,
fcdcfb,
f9d9f7,
fad9f5,
fad9f5,
fcd9f7,
fddaf9,
fddbfa,
fddbfa,
ffdbfa,
fedcfa,
fedcfa,
fedcf9,
fedcf9,
ffdcfb,
fddcfb,
fdddfb,
fdddfb,
fdddfb,
fdddfb,
feddfb,
fdddfb,
fdddfb,
fedefc,
fedefc,
fedefc,
fedefc,
fedefc,
fedefd,
fdddfe,
feddfe,
ffddfe,
ffddfe,
ffddfe,
ffdefd,
ffdffd,
ffdffd,
ffdefc,
ffdcfb,
fedcfc,
ffdcfd,
fedcfd,
ffddfe,
fedefd,
fedefc,
fedefc,
fedefc,
fedefc,
fedefc,
ffdffd,
ffdffd,
ffdffd,
a862a3,
a863a1,
a5609e,
a360a0,
a461a3,
a15fa3,
a565ab,
b07ec3,
b184c9,
b085ca,
ae85cc,
ab87ce,
a988d1,
a68bd4,
a48ad4,
a289d3,
a58ad4,
a38eda,
a292dc,
a490dd,
a490dd,
a58bd7,
a889d4,
a589d3,
a289d3,
9e8bd5,
9e8ed8,
a191db,
a495dd,
af9ae0,
c5a4e6,
dcb3ed,
ebbff3,
edc2f2,
eec4f3,
edc5f4,
edc5f6,
eec5f7,
edc5f8,
ecc5f8,
ecc6f7,
eac6f7,
e8c4f7,
e8c4f6,
ebc5f4,
eec5f2,
d298c2,
e393b5,
e593b3,
e592b5,
e592b5,
e592b5,
e492b5,
e592b5,
e592b5,
e793b5,
d580a1,
cb7697,
bf6b8c,
c47193,
c37394,
b96e8e,
d093b0,
f4bcd5,
f6bed4,
fbc3db,
f3c0d7,
e9b7cd,
e9b7cb,
ecbace,
edbbcf,
edbbcf,
ebbbcf,
edbdd1,
edbed3,
ebbfd3,
eabfd0,
eac0d1,
edc1d3,
efc7da,
e2bfd2,
e8bfd2,
d3a2b5,
d9a9bf,
f6c8e0,
d199b6,
dea1c2,
dea2c3,
dea2c5,
e0a2c5,
d293b9,
cd8cb2,
cf8eb4,
d395bb,
e2a1c7,
e1a1c7,
dea2c9,
dea3c8,
dfa4c8,
dba6c8,
d9abc4,
f7d8ec,
fadff2,
fee4f6,
ffe5f5,
f6e3f4,
e3d1de,
eedce8,
ecd5e2,
efd6e5,
f0d7e6,
f2daed,
e8c7e4,
f6ccf1,
fdcff9,
dfacd7,
c78ab7,
d698c4,
d89bc5,
d49bc5,
d6abd4,
f5cffa,
f6d4fc,
f5d6fc,
f4d5fc,
f3d4fb,
f5d2fa,
f5d2fa,
f5d4fb,
f5d4fb,
f5d4fb,
f5d4fb,
f5d3fb,
f5d2fa,
f6d1f9,
f6d2f8,
f7d3f8,
f5d3f8,
f5d3f9,
f5d3fa,
f5d3fa,
f4d4f9,
f5d4fa,
f6d4fb,
f4d4fa,
f5d6fa,
f7d6fb,
f7d8fd,
f5d8fd,
f5d8fc,
f4d7fc,
f4d6fb,
f4d5fa,
f4d4f9,
f4d4f9,
f5d5fa,
f4d4f9,
f4d3f8,
f5d3f8,
f6d4fa,
f5d4f9,
f5d3f8,
f6d3f8,
f7d3f8,
f6d3f8,
f6d3f8,
f6d3f8,
f6d3f8,
f5d2f7,
f7d1f7,
f5d1f7,
f5cff5,
f4cdf3,
f7cdf2,
f7cef2,
f8cdf3,
f8cef3,
f8cef2,
facef3,
facdf3,
f8cdf3,
f9cdf3,
facef2,
f8cef1,
f8cdf3,
f8cdf3,
f8cdf3,
f8cdf3,
f8cdf3,
f9cff5,
f8d0f6,
fbd0f6,
fbd0f4,
fbd1f4,
fbd2f5,
fad3f3,
fcd2f3,
fcd2f3,
fcd2f3,
fcd2f3,
fcd2f3,
fcd2f3,
fcd2f3,
fcd2f3,
fcd2f3,
fcd2f3,
fcd2f3,
fdd4f3,
fcd4f3,
fbd4f3,
fcd3f3,
fcd2f3,
fcd2f3,
fcd2f3,
fcd2f3,
fcd2f3,
fcd2f3,
fcd2f3,
fcd2f3,
fdd2f3,
fed2f2,
fed2f0,
fcd1ee,
fcd0ed,
fbd0ed,
f9d1ed,
f9d1ee,
fbd1f0,
fad1f1,
f7d1f2,
f6d1f1,
f4d1f1,
f4d1f2,
f5d3f3,
f6d3f4,
f6d4f4,
f7d4f5,
f8d5f6,
fad7f8,
f9d9f9,
f9d9f9,
fbd8f9,
fcd9fa,
fbdafa,
fbdbfa,
fbdbf9,
fbdaf9,
fcdaf9,
fcdafa,
fbdbfb,
fbdbfa,
fcdcfb,
fdddfb,
ffdffd,
ffdffd,
fedffd,
fddffd,
fedffd,
ffdffd,
fedefb,
fedefb,
fedefb,
fedefc,
fedffc,
fde0fc,
fee1fd,
fde2ff,
fde2ff,
fee1ff,
ffdffd,
ffddfc,
ffddf9,
feddf9,
fdddf9,
fedefc,
ffdffd,
ffdffd,
fddffd,
ffdffd,
ffdffd,
ffdefb,
ffddfa,
feddfb,
fcdcfb,
fbdbfa,
fdddfb,
fbddfb,
fbddfb,
fdddfb,
fdddfb,
fdddfb,
fcdcfb,
fbddfb,
fdddfb,
fdddfb,
fdddfb,
fedefc,
fedefc,
ffddfc,
ffdcfb,
feddfd,
fedefd,
fedefc,
fedefc,
fdddfb,
fedcfa,
f9d9f8,
f7d8f5,
fbd9f9,
fedcfb,
fedcfd,
fddcfd,
ffdcfd,
ffddfe,
ffddfd,
fedefc,
fedefc,
fedefd,
ffdffd,
ffdffd,
a861a1,
a964a1,
a5619c,
a15f9d,
a260a0,
a762a3,
b070b3,
b780c3,
b381c5,
b382c5,
b283c6,
b083c7,
ac85ca,
aa88cf,
a689d1,
a688d1,
a789d4,
a78bd5,
a98ed9,
aa8fd9,
ab90d9,
ac8cd7,
ac89d4,
a98bd6,
a38cd6,
a08cd8,
9e8dd9,
a090da,
a594dc,
af99df,
c5a5e8,
dfb7f2,
eac1f5,
edc3f5,
eec4f6,
edc4f5,
ecc5f7,
ecc5f8,
ebc5f8,
eac5f8,
ebc5f8,
eac5f8,
e8c4f8,
e8c4f7,
e9c5f4,
ebc5f3,
dfb0d8,
d78daf,
e493b3,
e491b4,
e491b4,
e592b6,
e492b5,
e592b5,
e592b5,
e692b5,
d47ea0,
dc85a6,
c16c8c,
c27192,
bc7091,
c384a2,
f2b8d1,
f1bad1,
f8c1d7,
f7c2d8,
f2bfd4,
ecbacf,
ebb7cc,
ecb9cd,
ecbace,
ebbacd,
e9bacd,
ebbbcd,
ecbdd0,
ebbdd1,
eabfd0,
eac0d0,
ebc0d2,
ecc4d5,
f4cedf,
ebcada,
edc6d8,
ddb0c3,
daabc2,
dcabc6,
cd93b2,
db9fbf,
dca0c1,
dea0c3,
dd9ec3,
d795bb,
cf8cb4,
cd8cb4,
d391b7,
de9cc2,
dfa0c6,
dfa3c7,
dfa4c7,
dfa6c9,
dda6c7,
d9acc7,
e2c0d4,
b798ae,
fde3f2,
fce7f8,
dbccd9,
f3e0f1,
e2cddb,
f0d7e5,
f0d6e5,
f2d7e8,
f3d7ec,
e5c1e1,
d2a2cd,
c58eb8,
d197c2,
d39ac4,
d5a1ca,
e4b8e1,
f5cff9,
f6d1fb,
f4d2fa,
f3d2fa,
f3d2fa,
f3d2fa,
f5d2fa,
f4d2fa,
f5d2fa,
f5d2fa,
f5d2fa,
f5d2f9,
f3d1f9,
f3d1f7,
f3d2f7,
f4d1f7,
f5d1f7,
f4d3f8,
f4d3f8,
f4d3f8,
f4d3f8,
f4d4f9,
f3d4f9,
f3d4f9,
f5d4f9,
f7d5fa,
f5d6fb,
f3d7fc,
f4d7fc,
f4d7fc,
f4d7fc,
f3d6fa,
f3d5fa,
f4d4f9,
f4d4f9,
f4d4f9,
f3d4f9,
f3d4f9,
f4d4f9,
f5d4f9,
f5d4f9,
f5d4f9,
f5d4f9,
f7d4f9,
f5d4f9,
f5d4f9,
f5d4f9,
f6d3f8,
f5d2f7,
f5d1f6,
f5d0f6,
f5cff4,
f5cdf2,
f7cdf2,
f7cdf2,
f8cdf3,
f8cdf3,
f8cef3,
f9cdf3,
f9cdf3,
f8cdf3,
f8cdf3,
facef2,
f9cef3,
f9cef3,
f9cdf3,
f8cdf3,
f8cdf3,
f8cef4,
fad0f6,
f8d0f6,
f9d0f6,
fbd0f5,
fcd1f5,
fbd2f5,
fad2f4,
fad2f3,
fad2f3,
fad2f3,
fad2f3,
fad2f3,
fbd2f3,
fbd2f3,
fcd2f3,
fcd2f3,
fcd2f3,
fcd2f3,
fdd3f3,
fdd3f3,
fcd3f4,
fcd2f3,
fbd2f3,
fbd2f3,
fcd2f3,
fcd2f3,
fcd2f3,
fcd2f3,
fcd2f3,
fcd2f3,
fdd2f3,
fdd2f3,
fdd2f1,
fcd1ef,
fcd0ee,
fbd1ef,
fad1f0,
fad2f0,
fbd2f2,
fbd3f2,
f9d2f3,
f8d2f3,
f7d2f3,
f6d2f3,
f7d3f4,
f7d4f5,
f8d5f6,
f9d6f7,
f9d6f8,
fad7f9,
f9d7f8,
f9d8f8,
fad8f8,
fad8f9,
f9d8f9,
fad9f9,
fad8f9,
fad8f8,
fcd9f9,
fbd9f9,
fbd8f9,
fbdaf9,
fcdaf9,
fedcfb,
fedcfb,
feddfb,
fedefb,
fedefc,
ffdefc,
ffdefd,
fedefc,
fedefc,
fedefc,
fedefc,
ffdffd,
fedffc,
fee1fd,
fde2ff,
fde2ff,
fee2ff,
fee1ff,
ffe1fe,
ffe1fd,
fee0fc,
fee0fd,
fee0fe,
ffe0fe,
ffe0ff,
ffdffd,
ffdffd,
ffdffd,
ffdffd,
fedefc,
fdddfb,
fdddfb,
fcdcfb,
fdddfb,
fbdcfa,
fbdcfa,
fcdcfb,
fcdcfb,
fcdcfb,
fcdcfb,
fcdcfb,
fedbfa,
fedcfb,
ffdcfb,
ffddfb,
fedefb,
ffddfc,
ffddfd,
ffddfe,
ffddfe,
feddfc,
fddbfb,
f5d6fa,
efd0f8,
e6caf5,
e5caf2,
eacdf6,
f6d7fc,
fedbfd,
fedcfd,
fedbfc,
fedbfd,
fedcfd,
fedefc,
fedefc,
fedefc,
ffdffd,
ffdffd,
aa67a1,
ae6ea3,
ab6fa5,
a769a4,
a2629f,
ae6cab,
b577b7,
b67cbd,
b47dc0,
b47fc2,
b482c4,
b383c5,
af85c6,
ad86ca,
ab87cd,
aa86ce,
ab87ce,
ad88d1,
af89d2,
af8bd0,
b08bd1,
b08ad1,
b089d3,
a98fda,
a291dc,
a292de,
a093de,
a797de,
bfa4e7,
c9acea,
d4b4f2,
e5c0fa,
e8c4fa,
e8c4f8,
e8c4f8,
eac4f7,
e9c4f8,
eac5f9,
eac5f8,
eac5f8,
eac5f8,
eac5f8,
eac5f8,
e9c5f8,
e9c6f7,
ebc7f5,
f0c7f1,
ce96b9,
e395b8,
e290b3,
e392b5,
e297b8,
e7aaca,
e393b6,
e492b5,
e592b5,
da87aa,
c57192,
c67493,
b96889,
c27f9d,
f3bad5,
eeb5ce,
f3bdd4,
f8c3d8,
f6c1d7,
f6c2d7,
f7c3d8,
edbacd,
eab8cc,
ebb8cc,
ebb8cc,
eab8cd,
ebbacc,
ebbbcd,
ecbdcf,
ecbed0,
ebbfcf,
ebc0d0,
edc3d4,
f2cada,
f8d5e5,
eacadd,
f7d4e5,
fad5e8,
f8cee3,
eec1da,
d49ebc,
dca0c2,
db9fc2,
dca0c2,
df9fc4,
d794bb,
d18db4,
cf8bb3,
cf8cb4,
ce8bb4,
e1a1c6,
e2a4c7,
e1a5c9,
e1a6c9,
dda7c8,
d3a5bf,
dbb3cc,
f6d9ed,
fee4f8,
d4c2d2,
fae6f7,
e0ccdb,
efd8e5,
f0d7e3,
f1d7e4,
f5d9ea,
e6c6df,
c898bf,
ce9ac0,
d3a4cb,
e7bde3,
f2cbf5,
f6cff9,
f5d1fb,
f1d0f8,
f2d0f8,
f2d0f8,
f3d1f9,
f5d1f9,
f4d0f8,
f3d0f8,
f4d0f8,
f4d0f8,
f3d0f8,
f3d0f8,
f2d0f8,
f2d1f7,
f2d1f6,
f3d0f6,
f3d0f6,
f2d1f6,
f3d2f7,
f3d2f7,
f2d2f7,
f1d2f7,
f1d3f8,
f0d3f8,
f2d3f8,
f6d5fa,
f4d5fa,
f4d6f8,
f3d6fa,
f2d5fa,
f2d5f9,
f3d4f9,
f3d4f9,
f3d4f9,
f2d3f8,
f4d2f7,
f4d2f7,
f3d2f7,
f3d2f7,
f3d1f6,
f4d1f7,
f5d2f7,
f5d2f7,
f6d1f7,
f7d3f8,
f6d2f8,
f6d2f7,
f5d1f6,
f5d0f5,
f5d0f6,
f5cff5,
f7cef4,
f8cdf3,
f8cdf3,
f8cdf3,
f7cef3,
f7cef3,
f8cdf3,
f8cdf3,
f8cdf3,
f8cdf3,
f8cdf3,
f8cdf3,
f8cdf3,
f8cdf3,
f8cdf3,
f8cdf3,
f8cdf3,
facff5,
fbd0f6,
f8d0f6,
f9d0f6,
fbd0f6,
fcd1f6,
fad2f5,
f9d1f6,
fad2f4,
fad2f3,
fad2f3,
fad2f3,
fad2f3,
fad2f3,
fad2f3,
fbd2f3,
fcd2f3,
fcd2f3,
fcd2f3,
fcd2f3,
fcd2f3,
fcd2f3,
fbd2f3,
f9d1f3,
fad1f2,
fbd1f2,
fbd1f2,
fcd2f3,
fcd2f3,
fcd2f3,
fcd2f3,
fcd2f3,
fcd2f3,
fad2f3,
fad1f2,
fbd1f1,
fad2f3,
f9d4f5,
fad5f6,
fad6f7,
fad6f7,
fbd6f7,
fad5f6,
f8d4f5,
f8d4f5,
f9d5f6,
f9d6f7,
f9d6f7,
f8d6f7,
f9d7f9,
fad7fa,
fad7f8,
f9d7f7,
fbd7f8,
f9d6f7,
f9d6f7,
f9d6f7,
fad7f8,
fad7f8,
fad7f8,
f9d6f7,
f9d6f7,
fbd8f6,
fcd9f7,
fdd9f8,
fcdaf9,
fddbf7,
fedcf8,
fedcf8,
ffddf9,
ffdcfb,
fedcfb,
fedcfb,
fedcfa,
fddcfa,
fedefc,
fedefc,
fedefc,
fde0fe,
ffe0fe,
ffe2fc,
ffe2fe,
ffe2ff,
fee2ff,
fde2fe,
fee2fe,
fee0fe,
ffe0fe,
ffdffd,
ffdffd,
ffdffd,
ffdffd,
fedefc,
fdddfc,
fdddfb,
fdddfb,
fcdcfa,
fbdbfa,
fbdbf9,
fadaf9,
fadaf9,
fadaf9,
fadaf9,
fadaf9,
fadaf9,
fcdaf9,
fcdaf9,
fddaf9,
fedcfa,
ffddf9,
ffddfb,
ffdcfb,
ffdcfd,
feddfc,
fbdbfb,
f5d4f7,
e4c9f0,
d9c2ef,
d2bdf0,
cdbef1,
d1c1f4,
e5cdfb,
f5d6fe,
f7d6fc,
f8d7fa,
f7d7f9,
fcdafa,
ffdcfd,
ffdcfc,
fedefc,
fedefc,
fedefc,
b273a8,
b375a9,
b87eb3,
c487c0,
a463a0,
ab6aa8,
ac6cab,
ae70b1,
b279bb,
c18fcf,
bb8ace,
b383c7,
b185c6,
b086c9,
af85cb,
b085cb,
b185c9,
b184c9,
b383c7,
b483c9,
b485ca,
b586cc,
b388d1,
a891dc,
a394df,
a497e1,
ac9ee7,
ccb0f2,
e3bffa,
e6c0fa,
eac2fa,
ecc4fa,
e9c5fb,
e7c4fa,
e7c4f9,
e7c4f9,
e8c5f9,
eac6fa,
e9c5f8,
e9c5f8,
e9c5f8,
e9c5f8,
e9c5f8,
e9c5f8,
e9c6f9,
ebc7f9,
efc9f7,
edc0e9,
d693b8,
e293b7,
df8cb0,
e395b8,
e4a1c3,
e492b6,
e391b4,
e491b4,
e592b5,
be6d8f,
c17090,
b36483,
dc9dbb,
efb5cf,
eeb6ce,
f5bfd5,
f7c2d7,
f8c3d8,
f8c3d9,
fac5da,
f0bbd0,
ebb8cd,
e9b6cb,
eab6cc,
eab8cc,
eab9cb,
ebbacc,
ecbccd,
ecbdcd,
ebbece,
ebbecf,
eec2d3,
efc6d7,
f8d2e3,
f8d4e6,
efcfe1,
f5d4e6,
fdd9eb,
ffd9ec,
f7d0e7,
d9abc8,
d49fbf,
daa0c2,
dca0c3,
dfa0c3,
d998bd,
d390b6,
cf8cb2,
d08bb3,
cc88b1,
d895be,
db99c1,
e1a3c9,
dfa6c9,
d8a7c4,
d0a3be,
dfb7cf,
c4a4bb,
e2cdde,
f6e0ee,
ebd9e6,
e9d3e0,
f0d7e2,
efd6e2,
f2d8e6,
f3d8eb,
dfbfde,
ecc6eb,
f3cef4,
f2cef6,
f2cff9,
f1d0f9,
f1d1f9,
f0d0f8,
f2d0f8,
f1cff7,
f3d1f8,
f3d0f7,
f3d0f7,
f3d0f7,
f3d0f7,
f3d0f7,
f2d0f8,
f2d0f8,
f2d0f7,
f2d1f7,
f2d1f6,
f1d1f6,
f0d1f6,
f1d0f5,
f1d1f6,
f2d1f6,
f1d1f6,
efd1f6,
f0d2f7,
f0d3f8,
f0d3f8,
f2d3f8,
f1d4f8,
f3d4f7,
f2d4f9,
f1d4f9,
f0d3f8,
f0d3f8,
f2d3f8,
f1d2f7,
f1d1f6,
f4d1f6,
f3d0f6,
f3d0f6,
f3cff5,
f3cff5,
f4cff5,
f5d0f5,
f4d0f5,
f5d0f5,
f4d0f6,
f4d0f6,
f4d0f6,
f4cff5,
f5cff5,
f5cff5,
f5cff4,
f6cef3,
f7cdf3,
f8cdf3,
f7cdf3,
f6cef3,
f6cef3,
f6cef3,
f7cef4,
f8cef4,
f8cef4,
f8cef4,
f8cdf3,
f8cdf3,
f8cdf3,
f7cdf3,
f8cef4,
f9cff5,
f9d0f6,
fad0f6,
fad0f6,
fad0f6,
fad0f6,
fbd1f7,
fad1f6,
f9d1f6,
fad2f5,
fad2f3,
fad2f3,
fad2f3,
fad2f3,
fad2f3,
fad2f3,
fad2f3,
fbd2f3,
fbd2f3,
fbd2f3,
fcd2f3,
fcd2f3,
fcd2f3,
fbd2f3,
fad1f3,
fbd2f3,
fcd2f3,
fbd1f3,
fbd1f3,
fcd2f3,
fcd2f3,
fcd2f3,
fcd2f3,
fbd2f3,
f9d2f3,
f8d1f3,
f9d2f3,
fad5f6,
fcd7f8,
fcd8f9,
fad9fa,
fad8f9,
fad7f8,
fad6f8,
f9d5f7,
f9d6f7,
f9d6f7,
f8d6f7,
f8d6f7,
f7d7f7,
f9d7f8,
f9d7f9,
fad7f8,
fad6f7,
fad6f7,
f9d5f6,
f9d5f6,
f9d5f6,
f9d6f7,
f9d6f7,
fad6f7,
fad6f7,
fbd6f7,
fcd7f6,
fcd7f6,
fdd8f7,
fcd9f7,
fcdaf8,
fcdaf7,
fcdbf7,
fddbf8,
ffdbf9,
fedaf8,
fddaf9,
fcdaf9,
fcdbf9,
fcdcfa,
fdddfb,
fdddfb,
fedefc,
fedefc,
ffe0fc,
ffe2fe,
ffe2ff,
fee2ff,
fce2fe,
fce2fe,
fde1ff,
fee1fe,
ffdffd,
fedefc,
fedefc,
fdddfb,
fdddfb,
fbdcfb,
fcddfb,
fcddfb,
fcddfb,
fcdcfa,
fbdbfa,
fbdbfa,
fbdbfa,
fadbfa,
fbdcfa,
fcdbfa,
fcdbfa,
fcdaf9,
fcdaf9,
fddaf9,
fedbf9,
fedbf8,
fedbfa,
fedbfa,
fedcfb,
fedbfb,
f9d8f8,
eccbf1,
ddc1eb,
d6bcea,
d0baed,
cbbaf0,
c9bcf2,
d1c3f6,
e0cafa,
e7ccf8,
eacdf4,
f1d0f5,
fad6f8,
ffdbfb,
ffdcfb,
ffddfc,
fedefc,
fedefc,
ad6fa4,
a86ca0,
ab70a5,
b275ab,
a865a2,
a866a3,
a967a8,
af6faf,
ba7fc1,
e0b0ee,
d0a3e4,
b487c9,
b288c7,
c49ad7,
bb8fd1,
b585c7,
b582c4,
b47fc1,
b57dc1,
b77fc3,
b882c5,
b783c7,
b688d0,
aa92de,
a295df,
a597e1,
ab9ae2,
c4a6e8,
deb4f0,
e8bef5,
ecc3f7,
ecc4f9,
ebc5fa,
ebc5fa,
eac5fa,
eac5f8,
eac6f9,
ebc6fa,
ebc6fa,
eac7fa,
e9c7fa,
e9c7fa,
e9c7fa,
e9c6fa,
e9c6f9,
eac7fa,
ecc8fb,
efc9f6,
e9b6df,
d78eb5,
e493b8,
da88ac,
e493b6,
e592b4,
e491b4,
e491b4,
e593b6,
bb6b8c,
bd6e8e,
c683a0,
f1b4d0,
ecb1cb,
edb4cb,
f2bcd1,
f3bdd1,
f2bdd2,
f1bcd1,
f9c4da,
f0bbd1,
eebad0,
eeb9d0,
ecb7ce,
eab7cb,
e9b8c9,
eab9c9,
edbccb,
ebbbcd,
ebbbce,
ebbecd,
eec2d2,
efc4d5,
f3cbdd,
f7d4e3,
f5d5e5,
edd1e1,
f9d7e7,
fedaeb,
fddcec,
fbdaed,
e6c2db,
c898b6,
d7a1c0,
daa1c2,
dda1c4,
e19ec3,
d793b8,
d18db1,
d18db3,
cf8cb2,
ce8db3,
ca8bb3,
bd82a6,
ba86a6,
c194b0,
b891ac,
9a7a95,
f3e0f1,
e6d1dd,
fbe8f3,
e4d0dd,
eed6e3,
efd5e2,
eed7e4,
f2d9e9,
efdbf0,
e5ccef,
eed2f5,
f0d0f7,
f4cff9,
f1d0f8,
eed0f8,
edd1f8,
f0d0f8,
f1d0f8,
f0d1f7,
f0d1f6,
f1d0f6,
f1cff6,
f1d0f7,
f1d0f8,
f0d0f8,
f0d0f8,
f2d1f6,
f1d1f6,
f0d1f6,
eed1f6,
eed1f6,
eed1f6,
eed1f6,
eed1f6,
eed1f6,
ecd1f6,
edd1f6,
efd2f7,
efd2f7,
efd2f7,
efd2f7,
f0d3f8,
f2d3f8,
f1d3f8,
efd2f7,
efd2f7,
f0d2f7,
f0d1f6,
f1d1f6,
f3cff5,
f3cff5,
f2cff3,
f3cff3,
f4cef3,
f4cef3,
f4cef3,
f3cff5,
f3cff5,
f2cef4,
f3cff4,
f3cff5,
f4cff4,
f4cef3,
f4cef3,
f4cef3,
f4cef3,
f4cef3,
f5cdf3,
f5cef3,
f7cef4,
f8d0f6,
f8d0f6,
f8d0f6,
f8d0f6,
f9d0f6,
f9d0f6,
f8cff5,
f8cdf3,
f7cef4,
f7cff5,
f6d0f6,
f6d0f6,
f6d0f6,
f9d0f6,
fbd0f6,
f8d1f7,
f8d1f7,
f8d1f7,
f8d1f7,
f8d1f7,
f8d1f7,
fad2f5,
fad2f3,
fad2f3,
fad2f3,
fad2f3,
fad2f3,
fad2f3,
fad2f3,
fad2f3,
fad2f3,
fcd2f3,
fcd2f3,
fcd2f3,
fdd2f3,
fdd2f3,
fcd2f3,
fcd2f3,
fcd2f3,
fcd2f3,
fcd2f3,
fcd2f3,
fcd2f3,
fbd2f3,
fad2f3,
f9d2f3,
f8d2f3,
f9d4f5,
fad6f7,
fad7f8,
fad7f8,
f8d7f8,
f8d7f7,
fad5f6,
f9d5f7,
f8d5f8,
f9d6f7,
f9d6f7,
f7d6f7,
f7d7f7,
f8d7f8,
f8d7f8,
f8d7f8,
f9d7f8,
fad7f7,
f9d6f7,
f8d5f6,
fad5f6,
fad5f6,
f9d5f6,
f9d5f6,
fad5f6,
fad5f6,
fad5f6,
fbd6f7,
fcd6f6,
fdd6f5,
fcd8f6,
fad8f6,
fbd9f7,
fbd9f7,
fdd9f7,
fedaf6,
fdd9f7,
fdd9f7,
fdd9f8,
fed9f8,
fedaf9,
fedbfa,
fedbfa,
fcdcfb,
fdddfb,
ffe0fb,
fee1fd,
fde2fe,
fce2fe,
fbe2ff,
fbe2ff,
fde2ff,
fde2fe,
ffe0fb,
ffdffd,
fedefc,
fdddfb,
fcddfb,
fbddfb,
fcdefc,
fcdefc,
fedefc,
fedefc,
fedefc,
fedefc,
fedefc,
fcdefc,
fbdefc,
fcdcfb,
fcdbfa,
fbdaf9,
fbdaf9,
fcdbf9,
fcd9f8,
fad6f5,
fad7f6,
fad8f7,
fcd9f8,
fbd9f8,
f6d5f6,
e6c6ef,
dabde9,
d5b8e7,
cfb8e9,
c9b8ef,
c7baf2,
ccbef4,
d2c1f5,
d5c2f0,
d9c3ed,
eacbf1,
fbd6f7,
fedafa,
fedbfa,
ffddfc,
ffdefc,
fedefc,
c387ba,
aa6ea3,
aa6fa4,
bd82b9,
a769a3,
a868a6,
ab6aaa,
b573b5,
b77bbe,
cc98d8,
ca9ad8,
c697d3,
d6a7dd,
dcace5,
c394d1,
b785c5,
b682c2,
b880c2,
b97fc2,
bb7fc2,
b97ec0,
b77cc0,
b783ca,
ae92de,
a695e0,
a996e1,
ad97e1,
bb9be0,
d09fdf,
dea6e2,
e6ade4,
e8b0e6,
ebb4eb,
eabbf2,
eabff5,
ebc1f5,
ecc3f7,
edc5f8,
ebc6f9,
eac7f9,
eac7fa,
e9c7fb,
e9c7fa,
e9c7fa,
eac7f9,
eac7fa,
ecc8fb,
edc8f9,
f2caf7,
e9b6e1,
d994bd,
db8db2,
dc8aaf,
e693b6,
e492b3,
e491b3,
e593b4,
bb698a,
bc7292,
f9b9d7,
eeb2cd,
ecb1ca,
ecb2c9,
edb6cb,
efbace,
ebb6ca,
efbacf,
f2bdd4,
eab5cc,
ecb7ce,
edb8cd,
ecb7cb,
ecb8cb,
e9b8c9,
e9b8c9,
e9b9c9,
e9bacb,
eabbcb,
eabdce,
edc1d1,
edc3d3,
efc6d7,
f7d2e2,
f8d4e4,
f7d6e7,
f3d3e3,
fcd9ea,
fcdbeb,
fddced,
fddef0,
f9d9ee,
dab3cc,
d2a3c1,
d59fc1,
dfa2c6,
e0a1c5,
e09ec1,
d896ba,
d291b5,
d190b4,
ce8eb3,
c484a7,
945878,
b48ba7,
fbdff8,
dbc4d8,
f0dfec,
e5d1de,
fceaf4,
e4d3de,
edd6e3,
eed6e2,
efd7e2,
f1d8e6,
f3dfed,
ecd7f1,
ecd1f5,
efd2f7,
f1d1f8,
efd2f8,
edd2f9,
edd2f9,
eed2f9,
efd1f8,
efd0f8,
efd0f7,
efd0f6,
efd0f6,
eed0f8,
eed1f8,
efd0f8,
efd0f8,
eed1f6,
edd1f7,
ebd1f7,
ecd1f6,
ebd1f6,
e9d1f6,
e9d1f6,
ead1f6,
ebd1f6,
ecd1f6,
edd1f6,
eed1f6,
eed1f6,
efd2f7,
eed1f6,
efd2f7,
f0d2f7,
f0d3f8,
f0d3f8,
f1d2f7,
f2d2f7,
f2d1f6,
f2d1f6,
f2cff5,
f2cff5,
f1cff4,
f1cff4,
f3cff5,
f3cff4,
f3cef4,
f2cff5,
f2cff5,
f2cef5,
f2cef5,
f3cef5,
f4cef4,
f5cef3,
f4cef3,
f4cef3,
f3cff3,
f2cff3,
f4cef3,
f4cef3,
f6cff5,
f7d0f6,
f7d0f6,
f7d0f6,
f7d0f6,
f7d0f6,
f7d0f6,
f8cff5,
f7cef5,
f6cff4,
f6cff5,
f6d0f6,
f7d0f6,
f7d0f6,
f7d0f6,
f9d1f7,
f7d1f7,
f7d1f7,
f8d1f7,
f7d1f7,
f5d1f7,
f7d2f6,
f9d2f5,
f9d2f4,
f9d2f4,
f8d2f3,
f8d2f4,
f9d2f5,
f8d2f4,
f8d2f3,
f8d2f3,
f9d2f3,
fad2f3,
fbd2f3,
fbd2f3,
fad2f3,
fad2f3,
fad2f3,
fbd2f3,
fbd2f3,
fbd2f3,
fbd2f3,
fbd2f3,
fbd2f3,
fbd2f3,
f9d2f3,
f8d2f3,
f7d2f3,
fad4f5,
f9d5f6,
f9d5f7,
f8d5f7,
f7d5f7,
f7d5f7,
f8d5f7,
f8d4f7,
f8d4f7,
f8d4f6,
f8d5f6,
f7d5f6,
f8d5f6,
f8d6f7,
f7d6f7,
f8d7f8,
f9d7f8,
f9d6f7,
f9d6f7,
f8d5f6,
f9d4f6,
fad4f6,
f9d5f6,
fad5f6,
fad5f6,
fad5f6,
fad5f6,
fcd6f5,
fcd6f4,
fdd6f5,
fdd6f5,
fdd7f6,
fcd8f6,
fcd9f7,
fdd9f8,
fdd9f8,
fdd9f7,
fdd9f7,
fdd9f8,
fdd9f9,
fddaf9,
fcdafa,
fcdafa,
fbdbfa,
fcdcfa,
fedefb,
ffdffd,
fee0fd,
fee1fe,
fce2ff,
fce2ff,
fde2ff,
fee1fd,
fee0fc,
fedffd,
fedefc,
fedefc,
fedefc,
fddefc,
fcdefc,
fcdefc,
fcdffd,
fde0fd,
fde0fd,
fde0fd,
fedffd,
fddffd,
fddefe,
fad9fc,
f9d9fb,
f9dafa,
fbdbf9,
fbdbf9,
f4d4f7,
eac9ef,
f1cff2,
f6d3f6,
f8d6f8,
fad8f8,
f5d4f7,
e4c3ec,
d7b8e6,
d4b6e6,
ceb7e9,
cab8ed,
c8b9f1,
c7bbf2,
c9bef3,
cbbff1,
d3c1ef,
eacdf5,
fad8f9,
fedbfa,
ffdcfb,
ffdcfc,
ffddfc,
ffddfc,
ebafdf,
e1a3d8,
b577ad,
ad70a9,
a96ba4,
b070ac,
b574b4,
b776b9,
b377ba,
b178b8,
c690ca,
e9b3eb,
ebb4ea,
d8a2dd,
bc88c6,
b784c4,
b681c1,
b87fc1,
b97ec1,
b679bc,
ac6fb2,
ae71b5,
b076bf,
ab84ce,
ab8fdb,
aa90d9,
af92db,
b897dd,
c79add,
da9fdc,
e4a2da,
e6a4d9,
e5a4db,
e5a7dd,
e8aae1,
e7ace5,
e9aee7,
eeb4ea,
eab8ec,
e9bdf1,
ecc3f7,
ecc5f9,
ebc6fa,
ecc6fa,
edc7f8,
edc7f8,
eec8f9,
eec8fa,
f0c8f8,
f0c9f9,
ebbdec,
cc8bb5,
ce82ab,
e08db2,
e593b3,
e492b2,
e592b3,
bc6a8d,
d490b0,
f2b4d0,
eeb2cb,
eaaec6,
ebb1c8,
edb3c9,
ecb7cc,
efb9ce,
f4bfd5,
f0bbd1,
ecb7ce,
edb8ce,
edb9cd,
edb9cb,
ebb8cb,
e9b7ca,
e8b8ca,
e8b9c9,
e8b9c9,
e8b9c9,
e9bcce,
edc0d1,
edc3d2,
edc5d5,
f4cfe0,
f6d3e4,
f7d4e5,
f4d6e6,
f6d6e7,
fcdbeb,
fddced,
fcddee,
fcdeed,
fcdfef,
f8d8ec,
ebc9e1,
cfa7c4,
c797b7,
dfa8c7,
dea2c3,
dea0c3,
d89bbc,
d397b6,
d094b2,
c78eaa,
b3819f,
ab859f,
e1c6d9,
f9e6f3,
ecd9e6,
ffeaf6,
eddbe8,
ebd4df,
eed7e2,
efd8e3,
f0d8e4,
f2dce7,
f2e1ef,
e4cceb,
eed5fa,
e8d5f8,
e8d5f8,
ead5f9,
ead5f9,
ebd4f9,
ecd2f9,
ead2f8,
ead2f8,
ead2f7,
e9d2f6,
e8d2f8,
e9d2f9,
ead2f7,
e9d2f6,
e9d2f6,
e7d2f6,
e5d2f6,
e7d2f6,
e5d2f6,
e3d2f6,
e4d3f7,
e3d2f6,
e7d2f6,
e9d2f6,
ecd1f6,
edd0f5,
edd0f5,
edd0f5,
ecd0f5,
ecd1f6,
efd2f7,
efd2f7,
efd2f7,
efd2f7,
f1d2f7,
f2d2f7,
f3d2f7,
f2d1f6,
f2d1f6,
f2d1f6,
f2d1f6,
f2d1f6,
f2d1f6,
f1d1f6,
f1d1f6,
f1d1f6,
f2d0f8,
f2cff7,
f1cff6,
f4cff6,
f4cff6,
f4cef5,
f4cef4,
f2cef4,
f2cef4,
f2cef4,
f2cef4,
f6cff6,
f6d0f6,
f6d0f6,
f6d0f6,
f6d0f6,
f6d0f6,
f6d0f6,
f7d0f6,
f6d0f6,
f6d0f6,
f6d0f6,
f6d0f6,
f6d0f6,
f5d0f6,
f6d0f6,
f8d1f7,
f6d0f6,
f7d1f7,
f8d1f7,
f6d2f7,
f5d2f7,
f5d2f5,
f6d2f6,
f7d2f5,
f7d2f5,
f6d4f6,
f6d4f5,
f7d3f6,
f6d3f6,
f5d3f5,
f6d3f4,
f6d3f4,
f8d2f3,
f9d2f3,
fad2f3,
f9d2f3,
f8d2f3,
f8d2f3,
f8d2f3,
fad2f3,
fad2f3,
fad2f3,
fad2f3,
fad2f3,
f9d3f4,
f9d3f4,
f5d4f4,
f5d4f5,
f7d4f5,
f7d4f5,
f7d3f6,
f7d3f6,
f7d3f6,
f6d3f6,
f5d2f5,
f6d2f6,
f7d3f6,
f7d3f6,
f7d3f6,
f7d4f5,
f7d4f5,
f7d4f5,
f8d6f7,
f9d6f7,
fad6f7,
fad6f7,
f8d5f6,
f7d4f5,
f7d3f6,
f8d3f6,
f9d4f5,
fad4f5,
fad5f6,
fad5f6,
fad5f6,
fbd5f4,
fdd6f4,
fdd6f5,
fdd6f5,
fed7f6,
fed7f6,
fed7f6,
ffd8f9,
ffd8f9,
fdd9f7,
fdd9f7,
fdd8f9,
fdd9fa,
fcdafa,
fcdafa,
fcdafa,
fadaf9,
fbdbfa,
fedefc,
ffdffd,
ffdffd,
ffe0fd,
fee1fe,
fde2fe,
fde2fe,
fee2fd,
fde0fb,
fddffd,
ffdffd,
ffdffd,
ffdffd,
fedffd,
fddffd,
fde0fe,
fee0fe,
fce1fe,
fce1ff,
fce1ff,
fce1ff,
fce1fe,
f9ddfb,
eccdf1,
ebcaf1,
f5d6f8,
f7dafa,
f7daf9,
eacef5,
d8beea,
e1c4ee,
edcdf4,
f4d3f7,
f9d7f8,
f6d5f6,
e5c3ea,
d7b7e5,
d2b5e5,
cdb6e8,
cab8ed,
c9b8f0,
c4baf0,
c5bcf2,
c8bef1,
d7c5f2,
f0d4fa,
fad9fb,
fddcfa,
fdddfb,
fdddfb,
fdddfb,
feddfb,
eaabe0,
eaaae1,
c886bd,
a36099,
ab68a3,
af6dac,
b371b2,
b370b4,
b173b7,
b476ba,
bc7cbf,
d194d2,
d99cd7,
c98ece,
b980c2,
b981c4,
b67cbf,
b578ba,
b97bbb,
c180bd,
b674b5,
a86bae,
ae73b7,
b17ec6,
b085cf,
b182cb,
b585cd,
bd92d4,
c899db,
db9cda,
e59fd7,
e9a1d4,
e8a2d5,
e7a1d7,
e6a2d7,
e9a3da,
e9a4da,
e9a5d9,
e8a5d9,
e8a8db,
eaaee1,
ebb7e8,
eebeef,
f0c0f0,
f0bdec,
efbceb,
efbeed,
f0c1f2,
f2c3f5,
f1c6f7,
f3c8f8,
f1c6f5,
d79ec9,
ba7098,
d98baf,
e492b5,
df8eaf,
b5688a,
e8a7c4,
ebafc6,
ecb0c7,
ebafc7,
ebb1c8,
ebb4ca,
edb8cb,
f2bdd2,
f3bdd2,
e8b1c6,
eeb7cc,
ecb8cd,
ebb7cb,
eab6c9,
e9b5c8,
e9b6c8,
e9b7c9,
e9b8c9,
e9b8ca,
eabacc,
eabccd,
edbfd1,
edc3d4,
f0c4d6,
f2cadc,
f8d3e4,
f6d4e6,
f7d8e8,
f0d3e3,
fcdbeb,
fddced,
fcddee,
fcdded,
fcdff0,
fde0f1,
fee2f2,
fee1f3,
e9c8dd,
dab6cd,
e2bbd3,
e4bbd2,
e3b8cf,
e2b5cc,
d5a6bf,
d7a9c2,
ebd1e6,
fbe7f8,
fde7f5,
fce8f7,
efdbe8,
ffeaf7,
f1ddec,
edd5e2,
f0d8e3,
efd8e3,
efd8e3,
f1d9e4,
f2ddea,
eddded,
e3d0eb,
e9d7f6,
e8d7f8,
e8d7f9,
e8d7fa,
e8d6fa,
e5d5f8,
e4d5f8,
e3d5f8,
e4d4f8,
e4d3f8,
e3d3f7,
e2d3f8,
e1d3f9,
e1d3f9,
e1d2f6,
e1d2f5,
e1d3f4,
e2d2f6,
e2d2f6,
dfd2f6,
e0d2f5,
e0d3f4,
e2d2f5,
e5d1f5,
e7d0f3,
e7cff3,
e9cff3,
eacff4,
e7d1f3,
e7d2f4,
ead3f7,
ebd3f6,
edd3f6,
eed2f7,
efd2f7,
f0d2f7,
f1d2f7,
f2d1f6,
f2d1f6,
f2d1f6,
f2d1f6,
f2d1f6,
f2d1f6,
f2d1f6,
f2d1f6,
f2d1f6,
f2d1f6,
f3d1f7,
f2d0f8,
f2d0f8,
f3d0f8,
f3d1f7,
f3d1f6,
f3d1f6,
f4d0f6,
f3d1f6,
f2d1f6,
f4d0f6,
f4d0f6,
f4d0f6,
f4d0f6,
f4d0f6,
f5d0f6,
f4d0f6,
f4d0f6,
f4d0f6,
f4d0f6,
f5d1f7,
f4d0f6,
f5d1f7,
f4d0f6,
f5d0f6,
f6d2f7,
f6d2f7,
f6d2f7,
f6d2f7,
f5d2f7,
f5d2f7,
f4d2f7,
f4d2f7,
f5d3f7,
f6d5f7,
f7d5f7,
f8d5f7,
f9d6f7,
f8d5f6,
f8d5f6,
f7d4f5,
f7d4f5,
f7d4f5,
f6d3f4,
f7d4f4,
f8d3f3,
fad3f3,
f9d3f4,
f8d3f4,
f8d3f4,
f8d3f4,
f9d3f4,
f9d3f4,
f7d4f5,
f7d4f5,
f8d5f6,
f8d4f6,
f6d4f6,
f7d4f5,
f7d4f5,
f7d3f6,
f6d3f5,
f6d3f4,
f7d3f4,
f8d2f5,
f8d2f5,
f8d2f5,
f8d2f5,
f8d2f5,
f7d2f3,
f6d3f3,
f6d4f4,
f7d4f5,
f8d5f6,
f9d5f6,
f8d5f6,
f7d4f5,
f6d3f4,
f5d3f4,
f6d3f4,
f8d3f4,
f9d3f4,
fbd3f5,
fad4f5,
fad5f6,
fcd5f4,
fcd5f4,
fcd5f4,
fcd5f4,
fcd5f4,
fdd6f5,
fed7f6,
ffd7f8,
ffd8f9,
fdd9f7,
fdd9f7,
fed8f9,
ffdafa,
fddaf9,
fddafb,
fcdafa,
fedbfc,
ffdcfc,
ffdcfd,
feddfc,
fedefc,
ffdffd,
ffe0fe,
ffe0fe,
fde1fe,
fde1fe,
fee0fe,
fddffd,
fedffd,
ffdffd,
fedffd,
fedfff,
fddffe,
fee0fe,
fee0fe,
ffe2ff,
ffe2ff,
ffe2ff,
fce1ff,
f4dbfa,
edd1f2,
dfc0e4,
d9bae2,
e2c5ea,
efd3f5,
f2d7f7,
e3c9f5,
d0bbeb,
d0bbea,
d6c0ec,
e8c9f2,
f5d5f8,
f3d4f7,
e4c3eb,
d6b5e3,
d3b5e4,
cdb6e6,
ccb7eb,
c9b8ef,
c7b9f1,
c6baf0,
c7bdf1,
d8c5f5,
efd6fb,
f6dafb,
f9dbf9,
f8dcf9,
f8dcf9,
fadbfa,
f9daf9,
da9ad1,
d999ce,
b372a8,
9e5b93,
a15c97,
a964a1,
ab67a5,
a964a6,
ac69ad,
b370b6,
b774b9,
bb79bc,
c080c0,
bb7cbc,
b879ba,
b678ba,
ae6faf,
ad6baa,
bd79b4,
d992cb,
df99d5,
b572b4,
ab69ab,
b276b9,
bb7ec4,
c785c6,
c682c4,
d08dcd,
dc95d1,
e497d1,
eb99ce,
ec9acb,
eb9bcb,
e99acc,
e79acd,
e79acd,
e89acd,
e99ccd,
ea9ccc,
ea9ccc,
ea9ece,
e9a0cf,
e9a1cf,
e99fcc,
e79bc7,
e699c6,
e79cca,
eea9d8,
f4b4e5,
f1baea,
f0bfee,
f2c7f6,
f4c9f7,
efb8e2,
bd78a0,
de93b6,
d389a9,
cc88a6,
efb1c9,
ebaec3,
ebafc5,
ecb0c8,
eab2c9,
ebb4ca,
eeb8cd,
f4bdd3,
efb8cd,
edb6cb,
ebb5ca,
ecb7cc,
eab6ca,
e7b3c7,
e7b3c8,
e8b4c7,
eab6c9,
ebb9cb,
e8b7c9,
e9b8ca,
eabbcd,
eec0d2,
eec2d4,
f0c4d6,
f2c9da,
f8d2e3,
f8d4e5,
f8d6e7,
eed0e2,
fddbeb,
fddced,
fcdded,
fcddee,
fbdff0,
fddff0,
fee1f0,
f9e1f1,
e4c4d5,
f6d6e7,
fde2f2,
fee5f4,
ffe6f5,
ffe5f4,
f4d5e5,
ebcbdb,
e9cfde,
decbd8,
e4cfdb,
ead5e2,
f5e0ed,
ffeaf6,
f3dfed,
f1d7e5,
f2d8e3,
f0d8e3,
f0d8e3,
f1d8e3,
f1dae6,
f1dfec,
ead9ec,
e5d3f1,
e9d8fa,
e8d7f9,
e6d7fa,
e6d7fa,
e1d5f8,
e0d5f8,
dfd5f8,
dfd4f7,
dfd4f7,
e0d4f7,
dfd4f7,
ddd4f7,
ddd4f7,
ded3f6,
dfd3f5,
dfd3f4,
dfd3f4,
dfd3f6,
ddd3f6,
ded3f5,
ded3f4,
ded2f5,
e1d1f5,
e2d0f4,
e1d0f4,
e2d0f4,
e3d0f4,
e1d1f5,
e1d3f5,
e2d4f7,
e3d4f6,
e6d3f5,
ead3f7,
edd2f7,
eed1f6,
f0d1f6,
f2d1f6,
f2d1f6,
f1cff5,
f2cff5,
f3cff5,
f2cff5,
f1cff4,
f2cff4,
f3cff4,
f1cff6,
f2d0f7,
f2d0f8,
f2d0f8,
f2d0f8,
f2d0f8,
f3d0f8,
f2d1f6,
f2d1f6,
f3d2f7,
f3d2f7,
f3d2f6,
f3d1f6,
f2d1f6,
f2d1f6,
f2d1f6,
f2d1f6,
f3d1f6,
f3d2f7,
f4d2f7,
f5d2f7,
f5d2f7,
f5d2f7,
f5d2f7,
f5d1f6,
f5d1f6,
f6d2f7,
f6d3f7,
f6d3f8,
f6d2f7,
f6d3f6,
f6d3f6,
f5d3f6,
f4d3f6,
f5d4f6,
f6d5f7,
f7d7f7,
f8d7f8,
f8d6f7,
f8d6f7,
f8d6f7,
f8d6f7,
f8d5f6,
f8d5f6,
f6d5f5,
f6d6f5,
f9d5f6,
fad6f6,
f9d6f7,
fad6f7,
f9d6f7,
f9d6f7,
f8d5f6,
f8d5f6,
f9d7f7,
f9d7f8,
fad7f8,
f9d5f8,
f7d3f6,
f7d4f5,
f7d4f5,
f5d2f5,
f5d2f5,
f5d3f3,
f6d3f4,
f8d2f5,
f8d2f5,
f8d2f5,
f8d2f5,
f8d2f5,
f7d1f3,
f6d2f3,
f6d2f4,
f5d3f3,
f6d3f4,
f8d4f5,
f8d4f5,
f7d4f5,
f6d3f4,
f5d3f3,
f5d3f3,
f7d2f3,
f9d2f3,
fad2f3,
f9d4f4,
f9d4f5,
fbd4f3,
fbd4f3,
fbd4f3,
fcd5f4,
fcd5f4,
fdd6f5,
fed7f6,
fed7f8,
ffd8f9,
fdd9f7,
fdd9f7,
fed8f9,
fed9fa,
fed9fb,
fcdafa,
fddafb,
fedbfc,
ffdcfc,
ffdcfd,
ffddfc,
fedefc,
ffdffd,
ffe0fe,
ffe0fe,
fee0fe,
fee0fe,
fee0fe,
fde0fd,
fedffd,
fddefc,
f8d9f8,
fadcfb,
fddffd,
fde0fe,
fee0fe,
ffe2ff,
ffe2ff,
ffe2ff,
fce0fe,
e9d0f0,
dbbfe4,
d4b6dd,
d2b4de,
d3b8de,
e1c5ea,
e7ccf4,
dbc3f3,
ceb8ec,
ccb8ea,
ccb9ea,
dbc1ee,
eacdf6,
e5caf2,
d9bae6,
d3b3e2,
d1b4e3,
cdb5e5,
cbb5eb,
c8b7ed,
c7b7ef,
c8b9f0,
c8baef,
d3c3f3,
ebd4fc,
f0d8fc,
f3d9fc,
f2d9fb,
f0d9fb,
f0d7fa,
eed5fa,
cb8dc9,
ca8ec5,
a8679b,
9b588e,
9e5a90,
a45f97,
a8629d,
a95fa0,
aa60a4,
b167ad,
b770b3,
b473b5,
b673b3,
b773b1,
b470af,
b06ca9,
a964a0,
ad639f,
c275b0,
e094cf,
e99ed6,
dd94cf,
c17bba,
bc79ba,
d086c5,
de8ec8,
dd8cc7,
e08fc9,
e692c8,
eb92c7,
ea91c4,
eb91c3,
eb90c2,
e991c0,
e990c0,
e990bf,
e990c0,
eb92c1,
ec93c0,
ec94c0,
ed94c0,
ee94be,
ed94bd,
ec92bb,
eb91ba,
eb91ba,
e891bc,
e694c1,
efa5d4,
f0b4e0,
efb9e3,
eebeea,
eec3f0,
e9c0eb,
e2b4dc,
a56e94,
c083a5,
f6b7d2,
eeb1c8,
e9adc3,
eaaec5,
edb1c8,
edb2ca,
eeb5cc,
f1b8cf,
f1b9ce,
edb7cb,
eab4c8,
ecb5ca,
eab3c8,
eab5c9,
e8b4c6,
e9b5c7,
ecb8c9,
eab7c9,
efbdcf,
e8b7c7,
e8b6c7,
e8bacb,
ecc0d1,
eec2d4,
efc4d6,
f2c8d9,
f8cfe2,
fbd4e6,
fcd6e7,
f6d4e7,
f1cee1,
fddbed,
fcdced,
fbddef,
fadeef,
fedfef,
fcdeee,
e5c7da,
f8d8ea,
ffe0f0,
fee2f2,
fee4f4,
ffe5f5,
ffe6f4,
fbe1ed,
e8ccd5,
f6dce7,
fee7f4,
fee7f3,
fee9f4,
feeaf5,
feeaf5,
fdeaf6,
ddc7d2,
f1d8e2,
f1d8e3,
f1d7e4,
efd8e3,
f0d8e3,
f1dbe7,
f0deed,
ead9ed,
e5d3f2,
e8d8fb,
e4d7fa,
e2d6f9,
dfd6f6,
ded5f7,
ded5f8,
dfd4f7,
dfd4f7,
dcd4f9,
dcd4f9,
dbd3f6,
dbd3f6,
ded3f6,
ddd3f6,
dcd3f6,
dcd3f6,
dcd3f6,
dbd3f6,
dbd3f6,
dbd3f5,
dad2f5,
dcd3f6,
dcd2f5,
dbd2f5,
dbd2f5,
dbd2f5,
dcd2f5,
ddd3f6,
ddd3f6,
dfd3f6,
e0d2f6,
e6d2f6,
edd1f6,
efd1f6,
f1d1f6,
f2d1f6,
f2d1f6,
f2d0f6,
f1d0f5,
f1cff5,
f1cef4,
f3cef3,
f2cef3,
f2cef3,
f1cdf3,
efcdf4,
f1cff6,
f1cff6,
f1cff6,
f2cff5,
f3cff5,
f2d0f4,
f2d1f5,
f2d1f6,
f2d1f6,
f3d2f6,
f3d2f5,
f3d2f5,
f2d2f7,
f1d2f7,
f3d2f7,
f3d2f7,
f3d2f7,
f3d2f7,
f3d2f7,
f3d2f7,
f4d1f6,
f4d0f6,
f4d0f6,
f5d1f5,
f6d2f5,
f4d3f6,
f6d3f7,
f7d3f8,
f4d4f6,
f2d4f5,
f4d3f6,
f4d3f7,
f5d5f7,
f5d6f9,
f7d6f7,
f7d6f7,
f7d6f7,
f7d6f7,
f7d6f7,
f7d6f7,
f7d6f7,
f7d6f7,
f7d6f8,
f7d6f9,
f7d6f9,
f8d7fa,
f9d8fb,
f9d8fb,
f8d7f8,
f6d6f7,
f7d6f7,
f7d6f7,
f8d7f8,
f8d7f8,
f8d7f8,
f9d6f8,
f8d4f6,
f5d3f3,
f5d3f3,
f5d3f3,
f5d3f3,
f5d3f4,
f6d2f5,
f8d2f5,
f8d2f5,
f8d2f5,
f8d2f5,
f8d2f5,
f8d2f5,
f7d2f4,
f6d2f5,
f6d3f4,
f5d3f3,
f8d4f4,
f9d4f5,
f7d4f5,
f9d4f5,
f7d4f5,
f7d4f5,
f7d3f4,
f7d3f3,
f8d2f3,
fad4f3,
fbd4f3,
fbd3f4,
fbd3f4,
fbd4f3,
fcd5f4,
fcd5f5,
fed7f6,
fed7f6,
fdd9f7,
fdd9f7,
fcdaf9,
fbdaf9,
f9daf8,
f9daf8,
fadaf9,
fcdafa,
fcdafa,
fddbfc,
fedbfc,
fedbfc,
ffdcfd,
ffddfd,
ffdefd,
ffdffe,
fee0fe,
fee0fe,
fee0fe,
fee0fe,
fee1fd,
fee0fe,
f7d4f6,
edcded,
f8d7f7,
feddfd,
fee0fe,
fce1fe,
fde2ff,
fde2ff,
fee3ff,
fde2ff,
e7caee,
d5b5dd,
d0b2da,
d0b1dc,
d1b2df,
d3b6e1,
d3bae9,
cfb9ec,
cdb5ea,
ccb5e8,
cbb5e6,
d0bae9,
d8bfec,
d6bbe9,
d2b4e2,
ceb2e1,
ceb3e4,
cdb4e6,
cbb5e9,
c7b5ec,
c6b7ef,
c7b8f0,
c7b8f0,
cbbbf2,
d4c3f5,
dccafa,
e1cefd,
d9c9f9,
d3c5f6,
d0c5f5,
d1c6f6,
c58bc7,
b578b3,
a05e96,
9d5990,
9f5b92,
a35f97,
ad68a1,
be76b1,
bf77b6,
c177ba,
bf78b9,
b976b6,
c177b9,
cb81bf,
cb80bd,
c177b2,
bc70aa,
c878b2,
d583bc,
df8dc8,
de91ca,
dd98cf,
ce90ca,
d496d1,
d996ce,
dd94cc,
dd91c9,
e091c8,
e490c6,
e78fc6,
e78fc2,
e78fc1,
ea8dbf,
ea8dbd,
eb8dbc,
eb8dbc,
ea8dbd,
ea8ebe,
ec8fbd,
ec90be,
ec90bc,
ed90ba,
ed91b9,
ea90b8,
eb90b8,
eb90b8,
ea91ba,
e993bb,
e897c1,
eaa4cf,
e9afdb,
d8a7d9,
c09acd,
b290c0,
9a75a4,
986d9b,
bd87ad,
f4b9d2,
ecb1c9,
e7acc4,
e9adc4,
ecb0c7,
edb2c9,
ebb2c9,
f1b8cf,
f1b7cd,
edb4ca,
eab3c8,
e9b3c8,
ebb3c8,
e9b4c9,
e8b4c8,
e8b4c6,
eab6c7,
ecb8cb,
eebcce,
ebbaca,
e9b8c8,
e9bbcd,
ecbfd1,
edc2d3,
efc4d5,
f2c8d7,
f8cfe1,
fdd4e7,
fdd6e7,
f6d3e6,
e4c3d5,
e5c7db,
f4d8e9,
fbdcef,
fadeef,
f9dceb,
e7ccdc,
f7d8e8,
ffe0f0,
ffe1f1,
fee2f2,
fee4f4,
ffe5f5,
ffe5f4,
fee6f2,
fbe0e7,
eed4e0,
fee8f4,
ffe8f5,
fee9f5,
feeaf5,
feeaf5,
fee9f4,
e2ccd8,
f2d7e4,
f1d8e3,
f0d7e2,
f0d8e3,
f0d8e3,
f2d9e4,
f2dce9,
f3e1ef,
eadaf1,
e3d1f3,
e4d7f9,
e1d6f8,
dfd6f6,
ded4f6,
ded3f7,
dcd3f6,
dbd3f6,
dbd2f8,
dbd2f8,
dbd2f6,
dbd2f6,
dcd2f6,
dcd2f6,
dbd3f6,
dcd3f6,
dcd3f6,
dcd3f7,
dcd3f7,
dbd3f6,
dbd3f5,
dbd3f5,
dbd2f6,
dad1f6,
dbd1f6,
dbd1f6,
dcd2f6,
ddd3f6,
dcd3f6,
dfd3f6,
e2d2f6,
e9d1f6,
efd2f7,
efd1f6,
efd1f6,
f0d1f6,
f1d1f6,
f1d2f7,
f1d2f7,
f1d1f6,
f2cff5,
f1cef3,
f1cdf2,
f1cdf2,
f1cef3,
f0cef4,
f0cef5,
f0cef5,
f0cef5,
f1cef5,
f2cdf5,
f1cef4,
f0cef4,
f1cff6,
f1d0f6,
f2d2f7,
f2d2f7,
f3d2f7,
f2d2f7,
f2d2f7,
f3d2f7,
f3d2f7,
f3d2f7,
f3d2f7,
f3d2f7,
f3d1f7,
f3cff5,
f2cef4,
f2cef3,
f2d0f3,
f3d0f3,
f3d2f4,
f4d2f5,
f6d3f7,
f5d4f6,
f4d4f5,
f3d4f6,
f3d4f6,
f4d5f6,
f4d6f7,
f6d5f7,
f6d6f6,
f7d6f6,
f6d5f6,
f6d5f7,
f6d6f7,
f7d6f7,
f7d6f7,
f7d6f8,
f7d6f8,
f8d6f9,
f8d6f9,
f9d7fa,
f7d6f9,
f7d6f8,
f6d5f7,
f7d6f7,
f7d6f7,
f8d7f8,
f7d7f8,
f7d7f8,
f7d6f7,
f7d4f5,
f6d4f4,
f6d3f4,
f5d3f3,
f5d3f3,
f5d2f4,
f6d2f5,
f7d2f5,
f7d2f5,
f8d2f5,
f8d2f5,
f8d2f5,
f8d2f5,
f7d2f4,
f6d3f4,
f6d2f4,
f7d3f4,
f8d4f5,
f9d4f6,
f9d5f6,
f9d5f6,
f6d5f5,
f7d5f6,
f8d5f6,
f8d4f5,
f8d3f4,
f8d3f3,
f8d3f3,
fad3f4,
fbd3f5,
fbd3f4,
fcd5f5,
fcd6f6,
fdd7f6,
fed8f8,
fdd9f8,
fddaf9,
fadafa,
f8dbfb,
f5dbfa,
f6dbf9,
f7dcf9,
f7dbfa,
f8dafa,
fadbfb,
fbdbfb,
fcdbfb,
fcdbfc,
fcdcfd,
fcddfe,
fddefd,
fddffe,
fddffd,
fee0fe,
ffe1ff,
fde2ff,
ffe0ff,
f2cef3,
e4c0e5,
efcbf0,
fcdbfb,
fde0fd,
fde1fe,
fde0fe,
fce0fe,
fce2ff,
fae1fe,
e4c6ea,
d2b3db,
cfb0d9,
cfb0db,
cfb0de,
cfb2e0,
d1b4e5,
d0b4e6,
cfb2e5,
ceb1e5,
ceb2e4,
ceb4e5,
d1b7e7,
d0b5e6,
cfb2e3,
ccb2e2,
ccb2e5,
cbb3e7,
cab5e9,
c8b4ec,
c6b6ee,
c6b7ef,
c6b7ef,
c8b8ef,
c9baef,
cabcf1,
cbbdf2,
c9bdf2,
c7bcf4,
c6bcf2,
c6bef2,
b377b2,
a3619b,
9d5992,
9f5a92,
a35f97,
b26fa6,
c480b8,
ca86be,
cb86c0,
cc87c2,
cd89c4,
c784c2,
c881c0,
cf85c4,
d587c2,
d587c1,
d486bf,
d688c1,
db8cc4,
dd90cd,
d998d4,
d5a1da,
cd9ed8,
cd9cd7,
d39ed8,
d29bd6,
d096d2,
d295d1,
d395d1,
d795d1,
db93cb,
df90c6,
e48ec1,
e78cbd,
e88bbc,
ea8bbb,
e98cbc,
ea8ebd,
eb8ebd,
eb8ebe,
ec90bc,
ec90ba,
ec91b8,
ea8fb7,
ec8fb8,
ed91b9,
ee93bb,
eb94bc,
e696bf,
d695c2,
b989bb,
9977ac,
9070a4,
9276a7,
a484b5,
9f7ba8,
ca96b7,
f1b9d1,
f0b4cb,
e5a7bf,
e2a4bc,
eaaec5,
ecb2c9,
f2b7cf,
f0b5cd,
eeb5cb,
ebb3c8,
e9b1c6,
ebb3c7,
eab4c9,
e7b3c9,
e9b4cb,
e8b4c7,
e6b3c4,
e9b6c8,
ecbacd,
eebccd,
edbbce,
ecbccf,
eebfd1,
edc1d2,
efc3d4,
f1c7d7,
f5cdde,
fbd4e8,
fdd6e7,
f7d2e4,
f2d0e0,
fadaeb,
ecd0e4,
e6cdde,
e1c7d4,
ecd0df,
f9dbea,
fce0ee,
ffe1ee,
fee2f0,
fee3f1,
fee4f3,
fee4f2,
fee4f2,
fee6f2,
ffe8f3,
f2dae5,
fbe4f0,
fee7f4,
fee9f4,
fde9f4,
feeaf5,
feeaf5,
ddcbd8,
f1d7e2,
f0d7e2,
f0d7e3,
f0d8e3,
f0d8e3,
f1d8e3,
f2d9e7,
f4ddeb,
f8e4f5,
e1d0e8,
dfd3f2,
e0d5f5,
e0d6f6,
ded5f7,
dcd4f7,
dbd3f6,
dbd3f6,
dad2f6,
dad1f6,
dad1f6,
dad1f6,
dbd1f7,
dcd1f7,
ddd2f6,
ddd2f6,
ddd2f6,
ded2f8,
ddd2f7,
dcd3f6,
dcd3f5,
dcd3f4,
dcd2f5,
dcd1f6,
ddd1f6,
dcd1f7,
ddd3f6,
ded3f6,
dfd3f5,
e0d3f6,
e6d2f6,
ecd1f6,
f0d2f7,
efd2f7,
eed1f6,
f0d1f6,
f0d1f6,
f1d2f7,
f1d2f7,
f1d1f6,
f1d1f6,
f1cff5,
f0cff4,
f0d0f5,
efd0f4,
eed0f5,
efcff6,
f0cff5,
f0cef4,
f0cef4,
f2cef5,
f2cdf5,
f0cdf4,
f1cff6,
f2d0f7,
f2d1f7,
f2d2f8,
f3d1f9,
f2d2f8,
f1d2f7,
f3d2f7,
f3d2f7,
f3d2f7,
f3d1f7,
f2d1f6,
f2cff5,
f2cef4,
f2cef4,
f2cef4,
efd0f3,
f0d1f3,
f1d2f3,
f3d2f4,
f3d2f5,
f4d4f5,
f6d4f5,
f3d4f5,
f2d4f5,
f3d4f4,
f2d4f5,
f4d4f6,
f4d4f5,
f7d4f5,
f5d4f5,
f4d4f6,
f5d5f6,
f5d4f6,
f4d4f6,
f5d4f6,
f6d5f7,
f6d5f6,
f6d5f6,
f5d5f7,
f5d5f7,
f5d5f7,
f5d4f7,
f6d5f6,
f7d6f7,
f7d6f7,
f6d6f7,
f5d7f7,
f5d6f7,
f5d5f6,
f7d4f5,
f7d4f5,
f6d3f4,
f6d3f4,
f5d2f5,
f5d2f5,
f5d2f5,
f6d2f5,
f7d2f5,
f7d2f5,
f7d2f5,
f7d2f5,
f6d3f4,
f5d3f3,
f6d2f4,
f7d2f4,
f9d4f6,
f8d4f7,
f9d6f7,
f8d5f6,
f7d5f6,
f7d5f6,
f8d5f6,
f8d5f6,
f7d4f5,
f8d3f4,
f8d3f4,
f9d4f5,
fad4f5,
fbd3f5,
fdd5f5,
fdd6f5,
fcd7f7,
fdd8f9,
fcd9f9,
f9dafb,
f3dcfc,
efddfd,
eeddfb,
eedcfa,
efdcf9,
f1dbf9,
f2d9f8,
f4d8f8,
f6d9fa,
f7dafb,
f7dcfc,
f7ddfd,
f8ddfd,
f9defe,
fbdfff,
fcdffe,
fcdffd,
fee1ff,
fde2ff,
ffe0ff,
f4cdf3,
e4bce4,
e5bfe6,
f4d2f5,
fcddfc,
f9ddfb,
f1d2f3,
edcff1,
f0d4f5,
ecd1f4,
dbbde3,
ceb1db,
cdafda,
ceb0dc,
ceafde,
ceb0df,
d1b2e2,
d1b2e2,
cfb1e0,
ceb0e0,
ceafe0,
cdb0e1,
cfb2e3,
ceb1e3,
ceb2e3,
cbb2e3,
ccb2e7,
cbb2e9,
cab4ea,
c8b4eb,
c7b5ed,
c6b5ed,
c7b5ed,
c6b5ed,
c7b6ee,
c6b6ed,
c6b7ed,
c5b8ee,
c4b9f0,
c5b8f1,
c5baf2,
9e5d96,
9e5a92,
a05a91,
a25d94,
ab679d,
be79b1,
c47fb7,
c983bd,
c985c2,
cc86c6,
cc8ac9,
c789c9,
c78ccc,
c98dcb,
c889c5,
ca8bc4,
cb89c2,
ca89c3,
cd8bc8,
ce8ecc,
cd92d0,
ce98d6,
ca97d4,
c490ce,
c691d1,
c993d4,
c995d7,
c896da,
c799df,
ca9fe5,
cda0e3,
cc9edd,
d199d6,
d898d0,
e198cb,
e094c4,
e199c7,
e390c0,
e58fc0,
e68fc1,
e890c0,
e991bd,
ea91bb,
ec90b8,
ec90b8,
ef93bb,
f199c2,
ea9fc7,
c088b8,
9a72a7,
8e6da2,
8d70a6,
a386b9,
a185b7,
9979aa,
906894,
e9b1d0,
f5bbd1,
f2b6cd,
ecaec6,
e4a7bf,
eaaec6,
ecb2c9,
f1b5cd,
edb2c9,
ecb2c7,
ebb1c6,
ebb2c6,
edb5c9,
edb7cc,
eab6cb,
ebb8cd,
e8b5c8,
e6b2c5,
e9b5c7,
ecbacc,
ecbbcc,
edbbcd,
eebdd0,
edbed1,
ecc0d2,
f0c3d5,
f1c6d7,
f2cadc,
f9d3e4,
fdd6e8,
fcd6e7,
eec9da,
fcd7e8,
fcdbee,
fcdcee,
fcdded,
fddeed,
fcdfed,
fce0ee,
fee1ee,
ffe3f1,
ffe3f1,
ffe4f2,
fee4f2,
fee4f2,
fee5f2,
fde6f3,
fce6f2,
ebd5e0,
fee7f3,
fee9f4,
feeaf5,
fdeaf5,
feeaf5,
dbc9d8,
eed7e3,
f1d8e3,
f2d9e5,
f3dae6,
f1d9e3,
f0d8e3,
f0d8e3,
f2dbe6,
f7e1ef,
f7e5f7,
dacde7,
ded4f4,
dfd6f8,
ddd5f7,
dcd4f7,
dad3f6,
d9d3f6,
d9d2f6,
d9d2f5,
dcd2f6,
dcd2f6,
dfd2f6,
e0d2f6,
e0d2f6,
e2d2f6,
e2d2f6,
e2d2f6,
e1d2f7,
dfd1f7,
dfd2f7,
dfd2f7,
dfd2f6,
dfd2f6,
e2d2f6,
e2d2f6,
e1d3f5,
e1d3f4,
e2d2f6,
e2d2f6,
e8d2f6,
edd2f7,
efd2f7,
f0d1f6,
efd1f6,
efd2f5,
eed2f5,
efd2f5,
eed2f5,
efd3f5,
f0d2f6,
eed1f6,
eed2f7,
eed2f7,
ecd2f4,
ecd2f6,
ecd1f7,
eed1f5,
efd0f6,
efd0f5,
efcff4,
f1cef5,
f2cef5,
efcff6,
f0d1f7,
f1d1f7,
f1d3f8,
f2d3f8,
f0d3f8,
f0d2f7,
f1d2f7,
f2d2f7,
f2d1f7,
f1d1f6,
f1d1f4,
f1d1f5,
f0d1f5,
f0d1f5,
efd2f6,
ead4f6,
e9d5f6,
e8d5f6,
ebd5f6,
efd4f7,
f1d4f6,
f2d4f6,
f1d5f6,
f0d5f5,
f0d5f5,
f2d5f5,
f1d4f6,
f2d4f6,
f2d4f5,
f2d4f6,
f3d4f6,
f4d3f6,
f4d3f6,
f3d4f8,
f3d4f7,
f4d4f7,
f3d4f6,
f3d6f7,
f3d5f6,
f4d5f6,
f3d5f7,
f2d5f7,
f3d5f7,
f4d5f7,
f4d5f7,
f3d6f8,
f4d6f9,
f4d7f8,
f6d6f7,
f7d6f7,
f6d5f6,
f7d4f6,
f7d4f5,
f7d4f5,
f6d3f4,
f6d2f5,
f7d3f6,
f6d2f5,
f6d3f5,
f6d3f4,
f5d3f4,
f5d3f3,
f5d3f3,
f6d2f4,
f8d3f5,
f8d3f6,
f8d4f6,
f7d4f7,
f8d4f6,
f9d4f5,
f9d4f5,
f8d5f6,
f8d5f6,
f9d4f5,
f7d3f6,
f9d3f6,
f7d4f5,
f9d4f5,
fcd4f6,
fbd5f5,
fcd6f5,
fcd8f7,
fad9f8,
f7dbfb,
f0ddfd,
efdefd,
ebdffe,
eeddfc,
ebd5f7,
e6cbef,
e2c8ec,
e2c4e8,
e3c6ea,
f1d6f9,
f2dbfa,
f3dbfa,
f3ddfc,
f3defe,
f3dffe,
f5dffe,
f7e0fe,
f7defe,
f4d7f8,
f9dcfc,
fdddfe,
f3ccf3,
e7bde5,
e3bbe2,
e7c1e8,
eac9ed,
e6c7ed,
ddbde4,
d7b8df,
d6b7df,
d5b5df,
d2b3dd,
ceb0db,
ceb1dc,
cfb1dc,
cfb1dd,
cfb2df,
d0b0df,
cfb1de,
ceaede,
cdaede,
cdaedf,
cdaede,
ccafdf,
ceb0e1,
ccb0e5,
ccb1e7,
cbb2e7,
cab2e7,
c8b3e8,
c6b3eb,
c6b4ea,
c9b4eb,
cab4eb,
cab4eb,
c9b4ea,
cab3ea,
cab4ea,
c8b6eb,
c5b7ee,
c4b8f0,
c4b9f2,
9e5b91,
a05c93,
a25d94,
a46096,
aa669c,
b06ca4,
b671aa,
bf7ab4,
c582c1,
c986c9,
c887cc,
c689cc,
c88ed0,
c997d9,
c89ddd,
c7a0dc,
c89ad4,
c28eca,
c088c9,
c388c8,
c58bcb,
c78fd0,
c892d1,
c58fcd,
c48fd0,
c48ed1,
c691d5,
c895dc,
c699e3,
c69ee8,
c5a1e8,
c3a0e4,
c69ddd,
cb9fdc,
d5a9df,
d9acdc,
e3b9e5,
e09fd0,
dd91c5,
de93c8,
e296cc,
e794c4,
ea93bf,
eb92bc,
eb92ba,
ed93bc,
ee98c2,
d296c5,
9370a2,
8c6ea4,
997cb3,
ae91c8,
9e7fb2,
9370a3,
946d9e,
b889ae,
f3bad6,
f6bcd2,
f1b6cd,
ecafc5,
eaaec4,
eaaec6,
edb1c9,
efb3c9,
ecb0c6,
ecb0c5,
ecb1c5,
f0b5c9,
edb5ca,
ebb6ca,
edb9cd,
edbbcf,
ebb9cd,
e9b5c8,
eab6c8,
eab6c9,
e8b6c7,
edbccc,
eebdcf,
eebed2,
edc1d2,
f0c3d4,
f1c6d9,
f1c9db,
f6d0e1,
fcd6e7,
fed8e9,
efccdd,
f0cbdb,
fcdaeb,
fcdded,
fcddee,
fcdeee,
fbdfed,
fde0ee,
fee1ef,
ffe2f1,
ffe3f1,
ffe4f1,
fee4f2,
fee5f1,
fee4f1,
fce4f2,
fde7f2,
fae7f2,
f7e1ec,
fee9f4,
feeaf5,
feebf6,
fdebf6,
eedeea,
ebd4e1,
f3d8e4,
f9e0eb,
fbe3ef,
f3dae5,
f0d8e3,
efd8e3,
f1dae3,
f4dde9,
fae4f4,
f0e3f3,
d8cfea,
ded7f7,
ddd6f7,
dcd4f7,
dad3f6,
d9d3f6,
d9d3f6,
d9d3f6,
dcd3f5,
ddd3f6,
e1d2f6,
e2d2f6,
e2d2f6,
e4d2f6,
e4d2f6,
e4d2f6,
e3d2f6,
e1d2f8,
e2d2f8,
e2d2f8,
e2d2f7,
e2d2f6,
e4d2f6,
e4d2f6,
e3d4f5,
e3d4f5,
e4d2f6,
e3d2f6,
e9d2f6,
ebd2f7,
ebd2f7,
ecd1f6,
ebd2f6,
ead2f4,
ead2f4,
e9d2f4,
ead2f4,
ebd3f5,
ecd3f6,
ead3f6,
ead3f6,
e8d3f6,
e8d4f5,
e8d4f6,
e8d5f7,
e9d4f6,
e8d3f6,
ead3f5,
ead1f5,
ecd1f5,
eed1f5,
eed1f6,
efd3f6,
f0d2f8,
f1d3f8,
f1d3f8,
f1d3f8,
f1d3f8,
f1d2f7,
f1d2f7,
f1d2f7,
f1d2f7,
f1d3f5,
efd3f5,
eed3f5,
edd4f6,
ebd5f6,
e6d7f8,
e2d8f9,
ddd9f8,
dfd8f8,
e4d7f8,
e7d6f7,
e7d6f7,
e7d7f7,
e7d7f7,
e9d6f6,
ecd6f7,
edd5f6,
efd5f6,
efd5f5,
efd4f6,
f1d4f6,
f1d4f5,
f2d4f6,
f4d5f7,
f4d5f6,
f4d5f6,
f3d5f6,
f3d7f7,
f4d7f7,
f4d7f7,
f3d6f9,
f3d6f9,
f0d5f8,
f0d5f7,
f2d6f8,
f3d6f8,
f3d6f9,
f4d7f8,
f5d7f7,
f6d6f7,
f5d5f6,
f5d4f7,
f6d4f7,
f8d5f6,
f7d5f6,
f7d3f6,
f6d3f6,
f6d3f6,
f6d4f5,
f7d4f5,
f6d4f4,
f6d4f4,
f6d4f4,
f8d3f6,
f9d3f6,
f7d3f6,
f8d3f5,
f7d3f5,
f7d3f6,
f9d4f5,
f9d4f5,
f9d4f5,
f9d4f5,
f9d4f5,
f8d3f6,
f9d3f6,
f8d5f6,
f9d5f6,
fcd5f7,
fad6f6,
fbd6f5,
f9d9f7,
f5daf8,
efddfb,
eadefd,
ebdffe,
e8dffe,
ead5f7,
e2bde4,
dfb5dd,
dbb3db,
deb2da,
e0b7e0,
edcef4,
ebd4f3,
e9d4f1,
ecdaf7,
eddffc,
ecdffe,
eddffd,
eedffd,
f1d8fa,
e6c3ea,
e7c3ea,
ebc6ee,
e7bee8,
e3b8e1,
e1b7e0,
deb7e1,
dab6e0,
d5b4dd,
d1b1da,
cfafd9,
ceaeda,
ceaddc,
ceadda,
cdaedb,
cfb1de,
cfb5de,
cfb6e0,
d0b7e1,
ceb2df,
ceafdc,
cdafdc,
cdaedc,
cdaedd,
cdaedd,
cdafdf,
ceafe1,
cbb0e5,
cbb1e8,
cab1e7,
c8b1e5,
c8b1e6,
c6b1e8,
c6b1e6,
c9b2e8,
ccb2e7,
ccb2e7,
cdb1e6,
cdb1e6,
cdb1e6,
ccb4ea,
c8b6ee,
c5b6f0,
c5b7f2,
ad689f,
ae68a0,
ae69a1,
ac69a0,
a768a0,
a465a1,
a767a2,
af6ea7,
be7db9,
c585c5,
c181c6,
c180c5,
c583c7,
c78acd,
ca98d9,
c9a0de,
ca98d5,
cd97d5,
c990d0,
c388c8,
c389cb,
c48ccf,
cd99d8,
ce9cda,
cb97d9,
c78fd3,
c68ed5,
c891d9,
c796df,
c698e2,
c69be1,
c89de1,
c698d8,
c698d5,
cea0db,
d4a4da,
d49dd4,
d495cd,
d291c9,
d595d0,
d89bd9,
dc9ad6,
e199cc,
e695c3,
e794be,
e894bf,
e495c2,
c38dbd,
a885b7,
ac8ec3,
af94cd,
987cb6,
a587ba,
a081b1,
9873a0,
e2afce,
f5bbd5,
f9bcd4,
f2b5cc,
eaaec6,
ebaec5,
ebafc6,
ebaec6,
ecafc7,
ecb0c8,
eeb2c8,
eeb3c6,
efb4c8,
e7afc4,
e7b1c6,
eab4c9,
ecb8cd,
eebacf,
efbbce,
eab6c9,
e6b2c4,
e6b3c6,
edbacd,
f0bed0,
efbfd2,
eec1d3,
f0c4d3,
f2c7d9,
f3c8dc,
f6cee0,
fbd5e6,
fdd7e8,
ebccdd,
fbd7e8,
f8d7e8,
fbdcec,
fcddee,
fddeee,
fddfed,
fde0ee,
fee1ef,
ffe2f0,
ffe3f1,
ffe4f0,
fee4f0,
fee5f0,
fde4f0,
fce5f0,
fee6f1,
ffe6f1,
fbe4ef,
fee8f3,
feeaf5,
fdebf6,
fdebf6,
fbeaf7,
e4cdd9,
f3d8e5,
e5ceda,
fbe8f4,
f5dee9,
efd8e3,
efd8e3,
f1d8e3,
f2dbe5,
f8e1ef,
f8e9f9,
e8dcf0,
d2c9e6,
ded6f7,
dcd4f6,
d9d3f6,
d9d3f6,
dad3f6,
dbd3f6,
dcd3f5,
ddd3f5,
e2d2f6,
e3d2f6,
e3d2f6,
e3d2f5,
e3d1f5,
e5d2f6,
e4d2f6,
e3d2f6,
e2d2f6,
e1d2f6,
e2d2f6,
e2d3f7,
e3d3f7,
e3d3f7,
e1d4f6,
e1d4f5,
e3d3f7,
e3d3f6,
e4d3f5,
e4d4f5,
e3d4f5,
e4d3f5,
e3d4f5,
e3d4f5,
e3d4f5,
e5d4f6,
e4d5f5,
e3d5f4,
e3d5f5,
e4d6f7,
e1d6f6,
e1d6f6,
e0d6f7,
e0d6f7,
e0d8f6,
dfd7f6,
dfd6f6,
e2d6f7,
e4d5f7,
e6d4f7,
e8d4f6,
e8d4f7,
e9d4f6,
ecd3f7,
eed3f7,
efd4f8,
f0d4f7,
f0d4f6,
efd4f6,
eed4f6,
edd4f6,
edd4f6,
ecd5f6,
ead5f7,
e9d5f7,
e8d6f7,
e6d6f7,
e3d8f7,
dfd9f7,
dcd9f9,
dddaf9,
dedaf9,
ded9f9,
ded9f9,
dfd9f9,
dfd9f9,
dfd9f9,
e2d9f9,
e6d7f8,
e8d8f8,
e8d8f7,
e7d7f7,
ead7f5,
edd6f6,
f0d6f8,
f5d5f8,
f4d6f8,
f2d6f8,
f2d7f8,
f2d8f8,
f3d8f9,
f3d8f9,
f2d8fa,
f1d8fa,
f1d8fa,
f1d8fa,
f3d8fb,
f3d8fb,
f4d8fa,
f4d9fa,
f5d9fa,
f6d8f9,
f5d6f8,
f5d6f8,
f5d6f8,
f6d6f7,
f6d5f7,
f6d5f6,
f5d5f6,
f5d5f6,
f6d5f7,
f6d6f7,
f7d5f5,
f7d5f5,
f8d4f6,
f8d5f7,
f7d5f6,
f7d4f4,
f6d4f3,
f5d3f3,
f5d3f3,
f6d3f3,
f6d3f3,
f8d2f3,
f7d3f4,
f7d4f6,
f8d4f7,
f9d5f9,
f8d6f9,
f8d7f9,
f9d7f8,
f8d7f7,
f7d8f6,
f7d9f7,
f3dbfa,
ecddfc,
eadffe,
ebdffe,
eadffe,
e3d0f1,
deb5dd,
deb1da,
deb0d8,
e0afd8,
e2b5e0,
e9c6ef,
e1c2e5,
debfe0,
e5d1f0,
e8ddfc,
e9ddfc,
e6dcfa,
eadcfc,
e9caf2,
e1b8e3,
e2b7e0,
e0b7e2,
e1b5e2,
e0b4e1,
e0b3e0,
dfb5e0,
dcb6e1,
d4b1de,
cfacda,
cdabda,
cbaada,
ccaadb,
ceabdb,
ceaedc,
cfb3e0,
d0b9e0,
cfbbe2,
d5c4e9,
d6bee7,
d0b0dd,
cfaddc,
cfaddd,
cfacdd,
ceacdd,
ccaddd,
ceafe1,
c9b0e6,
c7b1e7,
c7b0e5,
c8aee3,
caaee1,
caaee1,
caafe4,
cab0e4,
cab0e4,
cbb0e4,
ceafe4,
cfafe4,
d0b0e5,
ceb2e6,
cdb4ea,
cab4ec,
c9b5ee,
bf78b5,
c17ab7,
c47dba,
c682c0,
c788c9,
c085c7,
c28acb,
be89c8,
c08ecd,
c795d4,
c08ccf,
c88fd2,
c483c8,
c583c9,
c786cb,
c688c9,
c887c8,
c88ccc,
c78dce,
c388c9,
c489cb,
c68bd0,
c68ecf,
c893d0,
d29bdb,
cd92d5,
ca8dd4,
ca8fd8,
c891d9,
c891d9,
c792d6,
cb96da,
cc98d8,
c692d1,
c490cd,
cd97d2,
d298d4,
ce8fcb,
cb8fca,
cc93d2,
cd95d6,
cf95d3,
d798d3,
dc96ca,
df94c2,
e499c6,
e09ccb,
bb8dbf,
b99acc,
b599cf,
a589c1,
b095c9,
b698cb,
b594c7,
b58bb7,
ecb5d4,
f7bbd6,
fbbcd6,
f4b7ce,
ebaec7,
ecafc6,
ecb0c7,
ecaec5,
eaacc5,
f0b2cc,
f1b4cb,
eeb4c7,
ecb2c3,
e9b1c4,
e7b0c5,
edb7cc,
ecb7cc,
edb9cd,
ebb6c9,
e8b4c8,
e8b4c6,
e9b5c9,
eebace,
f0bed0,
efc0d2,
eec1d4,
f0c4d4,
f2c7d7,
f3c8db,
f4ccde,
fad4e5,
fdd7e8,
f2d1e3,
fcd8ea,
fcdbea,
fbddeb,
fcdded,
fddeef,
fedfee,
fee0ee,
ffe0ee,
ffe1f0,
ffe3f0,
ffe4f0,
fee4f0,
fee5f0,
fce5f0,
fce5f0,
fee6f1,
ffe6f1,
fee7f3,
fee9f4,
feeaf5,
fdebf6,
fdebf6,
fdebf7,
e1cad7,
eed5e3,
baa2b0,
ebd8e5,
f9e2ee,
f0d8e3,
f0d8e3,
f0d8e3,
f1dae4,
f5dee9,
f9e7f6,
f5e8f9,
e0d4eb,
d9ceec,
ddd3f4,
ddd3f4,
dbd3f6,
dbd3f6,
dbd3f6,
dcd3f4,
ddd3f4,
e2d2f6,
e2d2f6,
e1d2f6,
e2d2f6,
e3d2f6,
e4d2f6,
e3d2f6,
e2d2f6,
e1d2f6,
e0d2f6,
e0d3f5,
e1d5f6,
e0d5f6,
e0d4f6,
ded5f7,
ded6f6,
dfd6f7,
dfd6f6,
dfd6f5,
ded5f5,
ded4f5,
ded5f5,
ded5f5,
ded5f5,
ddd5f5,
dcd6f6,
dcd6f6,
dbd7f7,
dbd8f8,
dcd9f9,
d9d9f7,
d8d9f7,
d9d8f7,
d8d8f7,
d8d8f6,
d8d8f6,
d9d8f8,
dbd8f9,
ddd8f9,
ddd7f9,
dfd7f7,
e0d7f7,
e2d7f7,
e8d6f6,
ead4f6,
ebd4f7,
edd4f7,
eed4f6,
ecd4f6,
ebd4f6,
ead4f8,
e7d5f7,
e6d6f7,
e4d7f7,
e5d6f7,
e1d8f8,
e0d8f9,
e0d8f7,
ddd9f7,
dddafa,
dcdafa,
dbdafa,
dbdafa,
dbdafa,
dcdafa,
dbdafa,
dbdafa,
dcdafa,
dddafa,
dfdafa,
e1dafb,
e2d9f9,
e2d9f8,
e8d8f8,
ecd8f9,
efd7f9,
eed7f9,
edd9f9,
edd8fa,
ecd8fa,
ecd9fb,
eed9fb,
eed9fb,
eed9fb,
efd9fb,
efd9fb,
f2d9fb,
f3d9fb,
f2d9fb,
f3d9fb,
f4d9fb,
f4d7fa,
f3d7f9,
f3d6f9,
f3d6f9,
f3d6f9,
f4d6f8,
f6d6f7,
f6d6f7,
f6d6f7,
f5d6f8,
f5d6f9,
f7d6f7,
f6d6f7,
f6d5f6,
f6d5f7,
f6d5f7,
f5d5f6,
f5d5f5,
f4d4f5,
f5d3f3,
f5d3f3,
f6d3f4,
f8d3f4,
f7d3f6,
f8d4f7,
f9d6f9,
f9d8fb,
f9d8fb,
f8d8fb,
f7d8fb,
f7d9fa,
f6d9f9,
f6d9f8,
f1dbfa,
ecddfc,
eadffe,
eadefd,
eadefd,
edd9fc,
e4bbe3,
dfb0da,
dfafd8,
e1aed7,
dfb1dc,
e1b7e3,
dfb6e0,
dfb7de,
e4c6eb,
e8d4f7,
e1cbef,
dfc7eb,
e2c8ed,
e3bbe7,
e0b4e1,
e2b4df,
e1b4df,
e1b3e0,
e1b2e0,
e1b2df,
e0b3df,
dcb5df,
d2afdd,
ccaad9,
caa9d9,
c9a8d8,
caa8d8,
ccaada,
cdaddd,
d1b6e2,
d7c3e9,
d2c0e7,
d6c5ea,
dac4eb,
d2b2df,
cfaddc,
cfacdd,
cfacde,
ceabdd,
ccaddd,
ceaee1,
c8b1e6,
c6b1e7,
c6b0e5,
c8ade2,
caaddf,
c9addf,
c9aee2,
caafe3,
c9b0e4,
cab0e4,
ccafe4,
cdb0e5,
ceb1e5,
cfb1e5,
ceb1e7,
cdb2ea,
ceb4ec,
c880c7,
cc82c9,
d186cd,
d38bd1,
d593db,
d196da,
cf96d9,
cb94d7,
c992d6,
c993d6,
c08bd0,
c88dd2,
cb8acf,
cc8ace,
cc8acc,
ca89cb,
c888cb,
c688cb,
c788cc,
c688ce,
c98ad0,
cc8dd1,
cd8fd0,
cd8ecd,
d390ce,
d290ce,
d190d2,
d18fd3,
cf8fd4,
cd8fd3,
cb90d4,
cd93d6,
ce96d5,
cc92d1,
c88fcc,
c98fc9,
cb8fc9,
cb8dca,
c78dca,
c48cc9,
c58dc8,
c78dc6,
cc8fc7,
d090c4,
d191c6,
dfa7d7,
e3b3e4,
ba94c8,
b99ace,
af93cb,
aa8dc4,
b698ce,
b799cd,
ba95c6,
cb9ac0,
eeb5d0,
f7bbd7,
fbbcd6,
f9b9d2,
eeb0c8,
eeb0c7,
edb1c8,
eaabc3,
e8aac2,
efb0c9,
f1b3cb,
edb2c7,
edb2c7,
edb3c8,
ecb5ca,
eeb8cb,
edb9ce,
ecb7cb,
f3bfd1,
f3bed1,
ebb7cb,
ecb8cb,
efbbcf,
efbed0,
efbfd2,
eec0d4,
efc2d4,
f0c4d4,
f0c5d5,
f1c9db,
f9d3e4,
fdd7e8,
ebcadc,
fad7e9,
fcdbea,
fcdcec,
fcdded,
fddeee,
fedfed,
ffe0ee,
ffe1f0,
ffe1f0,
ffe3f1,
ffe4f1,
fee5f0,
fee5f0,
fde5f0,
fde6f1,
fee7f2,
fde7f2,
fee9f4,
fdeaf5,
fcebf6,
fbebf6,
fbebf6,
fdecf7,
e2cbd8,
eed6e3,
cbb2c0,
e6d1dd,
fbe5f0,
f1d8e3,
f1d8e2,
f1d8e2,
f2dae4,
f3dce5,
f7dfec,
f9e6f4,
f6e7f7,
d9cde3,
dfd1f0,
e0d2f4,
ded2f4,
dcd2f6,
ddd2f6,
ded3f6,
ded3f6,
dfd3f6,
e0d3f5,
e0d3f5,
e0d4f6,
dfd3f6,
e1d3f5,
e1d3f5,
e1d3f5,
e0d3f5,
e0d3f4,
e0d4f3,
e0d5f5,
ddd4f6,
ded4f7,
dfd5f8,
ded5f8,
dfd5f8,
ded6f7,
ded4f5,
ded5f6,
dfd5f6,
e0d4f6,
e0d4f7,
ded4f6,
dfd5f7,
dfd7f6,
ddd7f6,
dcd8f6,
dcd8f6,
dcd8f6,
dcd8f7,
dad8f7,
d9d8f6,
d8d9f7,
d6daf7,
d7daf7,
d7dbf9,
d7d9f9,
d8d9f9,
d7d9f9,
d9daf9,
dad9f9,
dbd9f9,
e0d8f7,
e2d7f7,
e4d6f7,
e6d6f6,
e7d6f6,
e6d6f8,
e5d6f8,
e5d6f8,
e3d6f8,
e1d7f7,
ded8f8,
ded9f9,
ddd9f9,
ddd9f9,
dbd9f9,
dad9f9,
dcdafa,
dbdafa,
dadafa,
d9dafa,
d8dafa,
d8dbf8,
d8dbf8,
d9dcf9,
d9dcf9,
d8dbf9,
d9dbf9,
dcdbfb,
dcdcf9,
dcdcf7,
dfdbf9,
dfdbf9,
e0daf9,
e0daf9,
e1dbf9,
e3dbf9,
e5dafa,
e5dafb,
e7dafb,
eadafb,
ebdafb,
eedafa,
efdafa,
f2d9fb,
f1d8fa,
f0d8fa,
f2d9fb,
f3d9fb,
f2d8fb,
f2d8f9,
f3d7f7,
f3d7f8,
f5d6f9,
f4d6f8,
f4d7f7,
f3d6f8,
f3d6f8,
f5d6f9,
f6d7fa,
f5d6f9,
f5d6f9,
f6d4f8,
f5d2f7,
f5d2f7,
f4d4f6,
f4d4f5,
f3d4f6,
f3d4f6,
f7d5f6,
f8d5f6,
f8d5f6,
f8d6f8,
f9d7fa,
fad9fc,
f9dbfc,
f7dbfc,
f7dbfc,
f5dbfb,
f4dbfa,
f1dcfa,
eedcfa,
ecdcfa,
ebddfb,
eadffc,
eadefb,
e9daf9,
ebd7fa,
e7c1ea,
e0b1dd,
dfafda,
dfadd8,
deaed9,
dfaedc,
e0aedc,
dfb0dc,
e2b7e1,
e7c7ee,
debee4,
deb6e0,
e0b5df,
e0b3de,
e2b2de,
e2b2dd,
e3b2de,
e3b2df,
e2b2df,
e0b2df,
dab0de,
d3afdb,
cdabd9,
caa8d7,
c8a7d8,
c7a6d8,
c8a6d9,
c9a8d9,
caaadb,
d0b2e0,
dabfe9,
d4bde4,
cfb6df,
cfb3df,
cdafde,
ceabdc,
ceabdc,
cdabdc,
cdabdc,
cdabdc,
cbacdf,
caafe2,
c8b0e4,
c7afe4,
c9ade2,
c9ace0,
c8ace0,
c8aee2,
c8afe5,
c8b1e8,
c9b2e8,
c9b2e8,
c9b2e7,
ccb1e6,
ccafe4,
ccafe3,
cfb1e8,
ceb3ea,
d190dc,
ce8ad6,
d18ad3,
d189d1,
d28cd4,
d190d6,
cf92d6,
cc92d7,
c88fd6,
ca91d7,
cb91d8,
cb8dd5,
d594da,
d694d7,
d592d4,
d391d4,
d190d4,
ce8dd1,
cc8bcf,
cc8ad0,
cd8ad1,
ce8cd0,
d290d1,
d793d1,
de98d4,
de99d4,
da96d3,
d490d0,
d08dce,
ce8dcc,
cd8dcd,
cc8fd0,
cb8fcf,
ca8ecd,
ca8ecb,
cb8ec9,
cb8ec9,
ca8dca,
c68cc9,
c38bc6,
c48bc4,
c88dc5,
cb8fc8,
cc90c6,
cc91c9,
cb97cd,
d0a4d8,
b18bc2,
b899d0,
a68bc3,
b193cb,
b898cf,
b999cd,
b892c1,
d8a3c4,
f1b8d2,
f9bbd7,
fdbbd8,
fcbad5,
f0afc8,
f1b1c9,
f0b4cc,
eaaac2,
eaa9c1,
edaec6,
f0b3cb,
efb3ca,
ebb1c7,
ecb3c8,
edb6cb,
efb9cc,
f0bace,
edb6cb,
f3bed1,
f0bccf,
e8b4c7,
e7b5c8,
ecbacf,
eebdcf,
eebed0,
ecbed0,
eec1d3,
edc2d2,
eec3d3,
efc8d7,
f8d2e2,
fcd6e8,
f0cedf,
fcd9ea,
fcdbeb,
fcdcec,
fcddee,
fddeee,
fedfed,
ffe0ee,
ffe1f0,
ffe2f0,
ffe3f1,
ffe4f1,
fee5f0,
fee5f0,
fee5f0,
fde6f1,
fee7f2,
fce7f2,
fde9f4,
fceaf5,
fbebf6,
fbebf6,
fbebf6,
fceaf5,
e4d1dd,
efd8e4,
d9c1cd,
edd7e1,
fbe5f0,
f2d9e4,
f2d9e3,
f3dbe4,
f3dbe5,
f1dae4,
f1dae5,
f6e0ec,
f9e6f3,
f8e9f8,
cfbed8,
e0caea,
e4cbed,
e1cbef,
e1cdf1,
e1cef1,
e1d0f2,
e0d2f2,
e0d2f3,
e0d2f2,
e0d3f2,
e2d3f3,
e0d1f1,
e1d2f2,
e3d1f2,
e2d2f1,
e3d4f0,
e7d8f3,
e3d4f3,
e0d3f6,
dfd3f6,
e0d4f8,
dfd4f7,
ded4f7,
dfd4f6,
e0d2f3,
e1d0f2,
e2cef0,
e3cbee,
e3cbee,
e1cbee,
e3ccef,
e2cff2,
e2d2f2,
e1d3f2,
e1d4f3,
e1d4f4,
e2d5f6,
e0d6f6,
ded8f6,
ddd8f7,
ddd9f7,
dcd9f7,
dbd8f7,
dcd8f7,
dcd9f7,
dbd8f8,
dcd8f9,
dbd8f9,
dbd9f9,
ddd8f6,
e0d7f6,
e2d6f6,
e4d6f5,
e5d6f5,
e3d5f6,
e3d5f6,
e3d5f6,
e1d5f6,
e0d6f5,
ddd8f6,
ddd9f8,
dcd9f9,
dcd9f9,
dbd9f9,
dad9f9,
dbdaf9,
dadaf9,
dadafa,
dadafa,
d9dafa,
d9daf8,
d9dbf8,
d9dcf9,
d9dcf9,
d8dbf8,
d8dbf9,
d8dbfb,
d7dcf9,
d7ddf7,
d9dcf9,
d9dcf9,
d8dcf9,
d8dcf9,
dbdcf9,
dcdbfa,
dfdbfb,
e1dbfb,
e4dafa,
e7dafa,
eadafb,
ebd9f9,
edd9f8,
f1d8fa,
f1d8fa,
f0d8fa,
eed9fb,
eed9fb,
edd9fb,
edd7f8,
f2d6f7,
f2d7f8,
f2d6f9,
f1d7f8,
f0d7f7,
f1d7f7,
f3d7f9,
f3d7fa,
f4d9fb,
f3d6f9,
f2d3f8,
f2cdf3,
e7c2e9,
e9c3eb,
f2cdf3,
f6d2f6,
f3d4f6,
f3d4f6,
f5d6f6,
f6d7f7,
f7d7f8,
f4d4f7,
f0cff5,
f6d7fc,
f4dbfd,
f3dcfc,
f2ddfc,
efddfa,
eddefb,
e9dffb,
e7e0fc,
e6e0fc,
e5e0fc,
e8e0fc,
e6d4f3,
dcbce3,
dfbbe2,
e1b9e1,
e1b0db,
dfafda,
deadd9,
deadda,
dfaddb,
e1aedb,
dfaedc,
e1b2df,
e5bce6,
e0b7e0,
dfb3de,
dfb1dc,
dfb1dc,
e1b0dc,
e1b1dc,
e1b0dc,
e1b0de,
e2b0df,
dfb0de,
d8addb,
d2abd8,
cda9d7,
c9a8d6,
c8a7d7,
c5a6d8,
c4a6d9,
c6a7d8,
c9a9d9,
ccacdb,
cdafdc,
cbaeda,
caaddb,
cbacdb,
cbabdb,
ccaadb,
ccaadb,
ccaadb,
cdabdc,
cdabdc,
cbabde,
caade0,
caafe1,
c8aee2,
c9ade2,
c9ace1,
c8ade1,
c7aee4,
c6b0e7,
c5b2eb,
c7b2ed,
c6b3eb,
c9b3e9,
cab0e4,
ccafe3,
ccafe2,
ceb0e5,
cfb1e7,
cf9ae6,
ce99e4,
d097e2,
cb8fd7,
ca8dd2,
cc90d4,
c891d3,
ca93d5,
ca94d8,
cf9cdf,
d49be0,
d398dc,
d79adf,
d599dd,
d396da,
d394da,
d394d9,
d493d8,
d290d4,
d08ed3,
d08dd3,
d48fd1,
d592d1,
dc97d3,
df9bd5,
e09cd6,
e09cd6,
da95d1,
d48fcd,
cf8dcc,
ce8ccd,
cc8ccb,
cb8dcd,
cc8ecf,
ce91d2,
d196d4,
cc92cf,
ca93d2,
ce96d5,
c58ccb,
c38ac6,
c78cc7,
cb8fc9,
cd90ca,
cd91cd,
ca94d0,
c89ad3,
bd94cf,
b394cb,
a487be,
b799cd,
ba99cc,
bb99cc,
b088b5,
e7b2d2,
f4b9d6,
fabbd6,
fcbcd6,
fcbcd7,
f4b3cc,
f3b4cc,
f6b7cf,
ebaac2,
e9a8c0,
edacc4,
f1b4cb,
f0b5cd,
eeb5cc,
edb6cb,
ebb5ca,
ecb6cb,
edb7cc,
f1bbcf,
f2bdd1,
efbbce,
e7b3c6,
e9b6c9,
ecbacd,
ecbccf,
ebbcce,
e9bcce,
eabfd0,
ecc0d2,
efc3d6,
f3c9d8,
f8d0e0,
fcd6e7,
f5d4e6,
f3d2e3,
fddaea,
fcdceb,
fcdded,
fddeed,
fedfed,
fedfed,
ffe1ef,
ffe3f1,
ffe2f0,
ffe4f1,
fee4f0,
fde5f0,
fee5f0,
fee8f0,
fee7f1,
fee7f2,
fde9f4,
fdebf6,
fcebf6,
fbebf6,
fbebf6,
fcebf8,
e9d7e4,
f0dae5,
ead3df,
eed8e2,
fbe3ef,
f4dbe6,
f4dae6,
f4dae7,
f3dbe7,
f1dae6,
f1dbe4,
f3dde7,
f9e4f1,
fde7f3,
f5e2f2,
dbbfdc,
eac2e3,
eac0e2,
eac1e2,
e9c3e4,
e7c5e6,
e4cbe8,
dfc7e6,
e1c9e6,
e3cbe4,
ecd4ed,
e7cce7,
e4c4e5,
e6c6e4,
e4c9e4,
f5dff2,
f4dcf2,
e7cbeb,
e5ccec,
e4cceb,
e4cbed,
e5cbed,
e5c8ec,
e6c7ea,
eac5e8,
ecc4e7,
ecc2e6,
ecc2e7,
ecc2e8,
ecc1e7,
ecc2e9,
ebc3e9,
e9c4e9,
e9c6e8,
ebc6ea,
ebc8ea,
eac8ea,
e7cceb,
e9cff0,
e9cff0,
e7d1f1,
e6d1f1,
e4d1f1,
e4d1f1,
e4d1f1,
e4d0f2,
e4d0f2,
e4d1f2,
e4d1f3,
e5d1ef,
e9cfef,
ebcfef,
ebcfef,
ebcfef,
ebcff0,
eacff0,
eacff0,
e8cff0,
e7d1f0,
e7d2f1,
e6d4f2,
e7d5f3,
e6d5f3,
e5d5f4,
e5d5f4,
e3d5f3,
e3d5f3,
e3d6f4,
e3d6f4,
e3d6f4,
e2d6f5,
e3d7f6,
e2d8f7,
e1d8f7,
e0d9f8,
dfdaf8,
e0daf9,
dddaf9,
dcdbf7,
dbdbf8,
dadbf8,
d9dbf8,
d9dbf9,
dadbfa,
dcdbfa,
dfdbf9,
e1dbf8,
e4dbf7,
e5daf7,
e5daf9,
e8daf9,
eadaf9,
eed8f9,
f0d8fa,
f0d8fa,
ebd9fa,
ebd9fa,
e9d7f8,
e4ccee,
e6caed,
edd6f6,
ecd8f8,
ebdaf7,
ebdaf7,
eddaf7,
eedaf7,
eed9f9,
efd9f9,
f2d3f6,
eac5ee,
e5bbe7,
e1b5e3,
e1b6e1,
e6bce5,
efc6ee,
f1cdf3,
f6d5f8,
f6d7f9,
f5d8f9,
f4d4fa,
e9c5ee,
e2bee6,
eccff6,
efdcfe,
eedcfe,
edddfd,
ebdefc,
e8defb,
e6dffb,
e5e0fb,
e4e1fa,
e6e1fc,
eae1fc,
e2c7e9,
dab1da,
dfafd8,
e0aeda,
e0adda,
deaddb,
e0addb,
e0addc,
dfaddb,
dfacda,
dfacda,
ddaddb,
ddb0dc,
dfb1db,
e2b4de,
e5bae4,
e2b5e1,
deb0dd,
deafdc,
dfaedc,
e0aedc,
dfaedc,
dcaedc,
daadda,
d2abd8,
cda8d6,
caa7d5,
caa8d7,
c9aad9,
c7a8db,
c6a7da,
c8a8d9,
caa9da,
c9abd9,
caabd9,
c8aad8,
c9aad8,
c9a9da,
c9a9da,
cba9d9,
cba9d9,
ccaadb,
ccaadb,
ccaadc,
ccabde,
caacdf,
cbacdf,
c9ace2,
c8ace5,
c6aee6,
c5afe7,
c4b0e9,
c4b1ec,
c4b2ec,
c3b3eb,
c9b2e7,
ccaee2,
ceade2,
ceaee2,
cdaee3,
ceafe4,
c08bd4,
c08dd6,
c697df,
cca0e5,
ca9ee1,
d0a2e4,
c999d9,
c190cf,
c28fd0,
c491d3,
ca95d8,
cd98db,
ce98dc,
cd98de,
cc98df,
ce99e0,
d299df,
d596dc,
d392d6,
d290d5,
d390d4,
d48fd2,
d391d1,
d691cf,
d791cf,
d994cf,
dc96d1,
db94d1,
da93d0,
d993d0,
da96d3,
dc98d7,
df9ada,
d593d4,
d295d5,
d89bdc,
d197d6,
ca93d2,
d29ada,
cc93d2,
c48cc9,
c68cc9,
ca8ecb,
cc91cc,
cc91cf,
cb92d1,
c694cf,
bb8fca,
b391c8,
b798cf,
b999ce,
bc99cc,
bd9aca,
b98eb7,
ebb5d2,
f5bad6,
fbbbd6,
fdbcd5,
fcbcd6,
f8b9d2,
f2b2c9,
f7b9d1,
efaec7,
eaa8c0,
eaaac2,
f4b3cd,
f3b8d0,
f1b8cf,
efb8cc,
eeb7cc,
eeb8cd,
eebace,
efbbcf,
f0bcd0,
efbacf,
eeb8cd,
eeb9cd,
edbacd,
ecbccd,
ecbcce,
ebbdcf,
ebbfd0,
ebbfd2,
f0c4d7,
f5c9da,
f7cddf,
fcd5e6,
fbdaeb,
eac9db,
fcdaeb,
fbdceb,
fcdeec,
fddfed,
fedfed,
fedfed,
ffe1f0,
ffe3f1,
ffe3f0,
ffe4f2,
fee4f1,
fde5f0,
fee5f0,
fee7f0,
fee7f1,
fee7f2,
fce9f5,
fdebf6,
fdebf6,
fcebf6,
fcebf6,
fcebf7,
e0d2df,
f0dce8,
f2dce6,
f1dae4,
f9dfec,
f6dce8,
f4dbe7,
f3dbe8,
f2dae6,
f1dae6,
f1dbe5,
f3dde7,
f6e1ee,
fbe5f2,
fee7f5,
f0d6eb,
e5bbd7,
efc3df,
efc2de,
ecc1de,
eec6e0,
f7dff1,
fde5f8,
ebcee5,
e0c1da,
f0d2eb,
fbdff5,
e3c0d9,
e5c1d9,
f5d7ec,
ffe4f6,
eecde5,
e7c2df,
ebc4e1,
edc4e1,
ecc2e4,
edc1e4,
efbfe4,
f0bfe3,
efbfe4,
f1bfe2,
eebfe4,
edbfe4,
eebfe4,
efc0e6,
efc0e7,
edc1e7,
edc1e6,
edc2e6,
f0c2e5,
f0c2e5,
efc3e4,
f0c3e4,
f0c4e6,
f0c4e7,
efc5e7,
eec5e8,
edc5e8,
edc5e9,
edc5ea,
edc5ea,
edc5e9,
ecc6e9,
edc7ea,
eec6e8,
f0c6e8,
f3c6e8,
f3c7e9,
f3c7e9,
f5c8ea,
f5c8ea,
f4c9e9,
f3c9e9,
f1c9e9,
f2cbea,
f1cceb,
f2cbea,
f2cbea,
f2cbea,
f2cbea,
f1cce9,
f0cbea,
f1ccec,
f1ccec,
f1ccec,
efceee,
eeceef,
eed0f0,
eed0f0,
efd1f2,
eed2f2,
eed2f2,
ecd3f3,
ead4f2,
e8d5f4,
e6d5f4,
e5d7f5,
e5d7f6,
e5d7f7,
e3d8f6,
e1d9f6,
e2d9f6,
e4d9f5,
e5d9f6,
e6d9f7,
e9d9f8,
e9d8f8,
eed6f8,
efd5f7,
f0d6f8,
efd4f8,
e4c7f0,
debae7,
d9b3df,
d7b4e0,
e8cdf3,
ebdafa,
e8dbf7,
e7dbf7,
e8daf8,
e7d8f6,
e9d9f8,
ecd9fa,
e9caef,
e0b7e4,
dfb3e2,
e0b3e2,
e0b2e1,
e3b5e2,
e4b8e4,
e5bde6,
f6d0f7,
f8d5fa,
f5d4f9,
efccf4,
e4bce7,
e0b9e4,
e4c1e9,
efd3f9,
f0dafe,
efdbfc,
e6d5f5,
e7d9f8,
e7defb,
e5defa,
e5dffa,
e9dffb,
ecdefb,
e5c9ec,
e0bae3,
e3b6e0,
e1b3dd,
deaeda,
dfaddb,
e0addb,
e1acdb,
e0acda,
dfacd9,
dfacd9,
dfacda,
deadda,
e0afda,
e4b6e0,
f2caf4,
e5bde9,
deb0dd,
dcaedb,
ddadda,
deaddb,
dcadd9,
dcadd9,
daacd9,
d5acd8,
d1aad7,
d0a9d7,
d3adda,
d4b1de,
cfaedf,
cbaadd,
caa9db,
cbaada,
caaad9,
caaad9,
c7a8d8,
c7a8d7,
c7a8d8,
c8a9d9,
caa9d9,
caa9d9,
c9a9da,
c9a9da,
caa9db,
cbaadd,
cbabde,
cbabdf,
c9ace3,
c8ade4,
c6afe5,
c5afe7,
c4afe9,
c5b1eb,
c4b1ec,
c4b3ea,
cab1e7,
ccaee3,
cdade3,
ceaee3,
ccaee3,
ccafe4,
c188cd,
c088cd,
c08dd0,
c796d9,
c493d5,
c28fcf,
be8dcd,
bc8aca,
c08acc,
c18bcd,
c58ed0,
c591d3,
c793d8,
c997dd,
c899e0,
ca9be3,
cd9be3,
d099e1,
cd92d9,
cf91d7,
d191d8,
d28fd5,
d490d4,
d892d2,
dc96d5,
e099d8,
de96d5,
db94d2,
da93d2,
da92d2,
dc95d3,
dd99d6,
e29ddb,
de9cd9,
d597d5,
d092d3,
cd90d0,
cb8fcf,
c98dce,
c88ecf,
c68dca,
c88cca,
c78ecb,
ca8fce,
cd91d1,
cc92d1,
ca93d0,
c190cd,
b28dc7,
bb99d1,
ba98d0,
be99cc,
bf98c8,
ba8db2,
eeb7d2,
f6bad5,
fabbd6,
fbbcd6,
fabcd5,
f9bdd4,
f1b3c9,
f6b8ce,
f1b2ca,
ebaac2,
e9aac1,
eeaec7,
f4b5ce,
f3b7d0,
f1b8cd,
efb9cd,
eeb9ce,
eeb9ce,
ecb9ce,
ebb6cb,
ebb6cb,
ebb5c8,
ebb6c9,
eebacc,
eebbcd,
edbccf,
edbed0,
ebbfd0,
eac1d4,
eec5d6,
f1c9da,
f3ccdd,
fbd5e6,
f9d8ea,
e6c5d7,
fcdaeb,
fbddec,
fcdeec,
fddfed,
fedfed,
ffe0ee,
ffe1f0,
ffe2f1,
ffe3f1,
fee3f1,
fee4f0,
fee5f0,
fee5f0,
fee7f0,
fee7f2,
ffe8f4,
fdeaf6,
fcebf6,
fbebf6,
fdebf6,
fdebf6,
fbecf6,
e6d8e5,
ead8e5,
f0dce7,
f7e1ec,
fde5f3,
f8deec,
f4dce8,
f3dbe7,
f1dbe6,
f3dfec,
f0dbe8,
f2ddea,
f3e0ee,
f6dfee,
f9e1ef,
f8e1f0,
efdcea,
fae6f3,
feeaf7,
fbe6f3,
f5deed,
f4dfec,
f1deeb,
f7e0f0,
f3daef,
e9d0e6,
fbe1f6,
e5c3db,
eecfe5,
fde1f5,
eacde4,
e9c7df,
eecde4,
edcce5,
ecc8e4,
edbfe0,
f0bade,
f2badf,
f3bce1,
f2bce1,
f2bce1,
efbce1,
efbee1,
f1bee1,
f3bfe3,
f2bfe5,
f1c1e4,
f1c1e4,
f1c1e4,
f3c1e3,
f4c0e2,
f2c1e2,
f2c1e2,
f2c1e5,
f1c1e5,
f1c1e5,
f1c1e4,
f1c2e3,
f1c2e5,
f1c2e6,
f1c2e7,
f0c2e6,
f1c3e5,
f1c3e5,
f1c3e5,
f2c3e5,
f3c3e5,
f4c4e6,
f5c5e7,
f2c5e7,
f5c7e8,
f6c7e7,
f5c8e7,
f7c7e8,
f6c7e8,
f5c8e7,
f5c8e7,
f6c8e7,
f6c8e7,
f7c8e6,
f7c9e6,
f7c8e7,
f7c8ea,
f7c9eb,
f7c9eb,
f5c9eb,
f5caec,
f3caeb,
f4caeb,
f7caec,
f7caec,
f7caec,
f6caeb,
f6cceb,
f5cceb,
f6cceb,
f4cdec,
f4ceed,
f3ceed,
f3cfed,
f2d0ef,
f2d0ee,
f1d0ee,
f0d0ef,
f1d2f0,
efd0ee,
edcaed,
efcaed,
f0ccef,
f1cef1,
ebc3ea,
dfb1e0,
ddaede,
ddaede,
ddb0df,
e6c0ea,
edd4f6,
ead5f4,
e8d3f3,
e5cdf1,
dbbfe5,
e0c2e8,
e7c8ef,
dfb8e4,
deb1e0,
dfb0e0,
e2b0e0,
e1b0e0,
e3b2e2,
e3b5e4,
e5b7e4,
f3c8f2,
f6cdf4,
efc5ec,
e6bce5,
e2b6e2,
e4b7e2,
e6b9e4,
ebc0ea,
edc7ef,
e7c3ea,
d8b3da,
e4c2e8,
e6c5ea,
debfe4,
dfc2e6,
eacef1,
f1d7f9,
efd2f5,
e9cbf2,
f0d0f7,
f3cef6,
e3b3df,
e0acda,
e1acd9,
e1abd9,
e0aad8,
e0abd9,
e0abd9,
e1abd9,
e0acd8,
e1afd8,
e3b5de,
e7bfe9,
e1b5e0,
daaedb,
daabd9,
daabd8,
dbacd9,
daabd8,
d8abd8,
daacd9,
daacd9,
d7acd9,
d5add9,
d8afdb,
d8b0dd,
d4addc,
cfaadb,
cda9da,
cca9d9,
caa8da,
c6a8d8,
c5a7d9,
c7a7da,
c7a8d9,
c7a8d9,
c7a8d8,
c7a8d8,
c5a7d9,
c5a7d9,
c6a8db,
c7a9dc,
caaadc,
caabde,
cbace0,
c8ade2,
c7aee3,
c6aee6,
c6aee7,
c5aee8,
c5b0e9,
c6b1ea,
cab1ea,
ceb1e9,
d0b1e8,
cdb1e8,
c8b0e5,
c7b0e5,
c587c9,
c587cb,
c488cb,
c188cb,
be88ca,
be88c8,
bd88c8,
bc88c8,
bd87c9,
bf88cb,
c18acc,
c18dce,
c390d3,
c696da,
c799df,
c598df,
c191d9,
cd99e0,
cd97de,
ca94d9,
ce99df,
cf97dd,
d494d9,
d18cd0,
d28ccd,
d790d1,
db94d4,
db95d4,
db94d3,
da92d2,
db93d2,
d996d5,
d997d7,
d797d9,
d597d8,
d094d8,
ca92d4,
c991d3,
c791d4,
c690d4,
c691d1,
c791d3,
c894d5,
c996d7,
ca97da,
cb98db,
cd99da,
cb9bdc,
a987c3,
bb99d2,
bb99d1,
be9ace,
ba94c3,
a8799c,
f0b9d1,
f6bad2,
fabbd4,
fabbd5,
f9bcd5,
fabdd6,
f2b6cd,
f5b8cf,
efb2c9,
ebaac1,
e7a8bf,
e8a9c1,
efafc7,
f2b4cc,
f2b7cd,
efb8cd,
ecb8cc,
ebb7cb,
ebb7ca,
ebb7cb,
eab7c9,
ecb8c9,
eebacc,
edbacc,
eebbce,
eebdd0,
efbfd3,
ecbdd0,
eec1d4,
efc4d5,
f0c6d6,
f2cada,
f9d3e4,
fcd6e9,
eacadd,
fcdaec,
fbdced,
fcdeec,
fddeed,
fedfed,
ffe0ee,
ffe1f0,
ffe2f1,
ffe2f1,
fee3f1,
ffe4f1,
fee5f0,
fee5f0,
fee6f1,
fee7f2,
ffe8f4,
fdeaf7,
fdebf7,
fcebf7,
fcebf6,
fdebf6,
fcebf6,
eadbe8,
e0d1de,
efdde8,
f9e5f1,
ffe8f5,
f7e0ed,
f4dce7,
f2dde8,
f6e3ee,
f9e9f5,
efdbe8,
f0deeb,
f3e4ef,
fdebf9,
fbe4f3,
f8e1ee,
f6e2ef,
d7c1cf,
dbc9d4,
f2e1eb,
f8e5f0,
f8e5f0,
f6e4ef,
f4deef,
f0dbf0,
ecdaf1,
efddf3,
e3c7df,
fae0f3,
f6dded,
fae3f4,
fce4f4,
fce2f2,
fddff3,
f8d9ef,
f2c5e4,
ebaace,
ecaace,
f2b2d6,
f1b4d8,
eeb4d8,
ebb4d8,
ecb6d8,
f0badb,
f2bddf,
f4bfe2,
f5bfe2,
f4bfe2,
f1bee0,
f2bee0,
f2bee0,
f2bee0,
f2bee0,
f2bde1,
f2bee2,
f2bee2,
f2bfe2,
f3c0e1,
f4c0e1,
f4c0e1,
f3c0e4,
f3c0e5,
f4c0e4,
f4c0e4,
f3c0e3,
f4c0e3,
f6c2e4,
f5c2e4,
f5c3e5,
f4c5e5,
f8c6e7,
f8c7e7,
f8c7e7,
f8c7e8,
f7c7e7,
f6c7e6,
f6c6e7,
f8c6e7,
f6c4e6,
f6c5e5,
f9c5e2,
f9c5e4,
f8c5e6,
f8c5e6,
f8c5e6,
f8c5e7,
f8c5e8,
f8c5e9,
f8c5e9,
f8c6e9,
f8c7e8,
f9c7e8,
fac7e8,
f9c8e9,
f9c9e9,
fac9e9,
f7c9eb,
f7c9ea,
f8c9e9,
f7c9ea,
f7c9eb,
f5c9ea,
f4c9e8,
f1c9ec,
f0ccee,
edc8eb,
e8bde3,
e8bae1,
ebbde3,
edbfe6,
e5b4e2,
dfaddd,
e0acdc,
e1aede,
e1b0df,
e4b8e2,
ecc6e9,
edc6e9,
e7bee4,
e2b9e2,
dfb4e1,
ddb0df,
dbb0de,
deafe0,
deaee1,
deafe0,
e0afe0,
e1afdf,
e2b1e0,
e2b2e2,
e4b5e4,
ebbdea,
edbee9,
e7b9e5,
e3b5e1,
e3b4e1,
e2b3e0,
e2b3de,
e1b2dc,
e1afd9,
dfadd6,
ddabd4,
dbacd5,
dcabd4,
dcabd3,
dcabd4,
dfb3db,
ecc4ec,
f1c9ef,
e1b5df,
e2b5e0,
e8bce8,
e3b1df,
e0acda,
e0abd9,
e0aad8,
dfa9d7,
e0aad8,
e0aad8,
e1aad8,
e0abd8,
e0add7,
dfafda,
dfb1dc,
deafda,
daabd8,
d8a9d7,
d6a9d7,
d6a9d8,
d7aad8,
d7abd8,
d9abd8,
daacd9,
daacd9,
d8add9,
d9adda,
d8acdb,
d5abdb,
d0a9d9,
cda8d9,
cba8d8,
c9a6d9,
c5a6d9,
c4a6da,
c6a6da,
c6a6d9,
c6a6d9,
c6a6d9,
c6a6d9,
c6a6d9,
c5a6d9,
c7a7da,
c8a9db,
c8a9da,
caaadd,
caaadf,
c9abe0,
c8ace0,
c8acdf,
c7ace1,
c6ace3,
c5ade6,
c5b0e9,
c6b1eb,
c9b2eb,
cab3eb,
c9b2ea,
c5b0e9,
c6b1e8,
c887c8,
c887ca,
c687ca,
c487ca,
c087ca,
c087c7,
c086c8,
bd86c8,
be86c9,
bc87c9,
bc87c9,
bd8aca,
c08cce,
c290d3,
c595d8,
ca9ee0,
c99bde,
c591d5,
c591d5,
c996d9,
cd9bde,
c899dd,
cf95dc,
cd8cd4,
c683c9,
c682c7,
c985ca,
ce8ace,
d28ed2,
d490d4,
d590d5,
d295d9,
d299dd,
d19ce3,
d09ee5,
cca0e8,
caa0e8,
caa0e4,
c89fe5,
c79fe5,
c69ee3,
c69ee3,
c79fe4,
c79fe3,
c5a0e5,
c6a0e5,
caa1e5,
cba1e4,
bd97d5,
b08ec9,
bd99d2,
bc9ace,
9e76a6,
9a688d,
f1b8d2,
f6bbd0,
fabbd2,
fabbd3,
f8bbd4,
f9bdd5,
f5b9d2,
f4b7cf,
efb1c7,
e8aabf,
e7a7bf,
e6a7c0,
ebadc5,
f1b2ca,
f3b6cc,
eeb6cb,
ecb5ca,
e7b1c4,
e7b1c5,
eab5c9,
eab6c8,
ebb7c8,
ecb9ca,
eab7cb,
ecbace,
edbdd0,
efbfd4,
ecbcd0,
efc1d4,
ecc0d3,
efc4d3,
f1c9d9,
f7d1e2,
fbd6e9,
edccdf,
fcdaeb,
fbddec,
fcdeec,
fddeee,
fedfee,
ffe0ee,
ffe1ef,
ffe3f1,
ffe3f1,
ffe4f2,
ffe3f0,
fee5f0,
fee5f0,
fee7f2,
fde8f3,
fceaf5,
fcebf6,
fdebf7,
fdebf6,
fdebf6,
fceaf5,
fbe9f4,
ead8e5,
e4d4e2,
f0dde8,
f9e4ef,
fee8f4,
fbe4f0,
edd6e1,
efdce7,
feeef9,
f5e5f2,
f0deeb,
f9e9f6,
feeef8,
fae7f3,
f9e2ef,
f9e2ee,
fbe3f0,
f3dfed,
e2cedb,
e9d5e1,
f4deec,
f6e2f0,
f6e2f1,
f1ddf0,
d7c6df,
e0d5ec,
e3d7ed,
e7d3ea,
f0d8ec,
f6deed,
f6dfed,
f4dbeb,
ecccdf,
e6b9d0,
e6aecb,
e5a5c6,
e7a4c7,
e7a5c7,
e9a7ca,
e8a7ca,
e6a8ca,
e3a9ca,
e5aacb,
e6abcc,
e7aecf,
e9b0d2,
ebb0d4,
eab0d3,
e9b0d2,
e9b0d2,
e9b0d2,
e9b1d3,
eab1d4,
ebb4d7,
edb5d7,
ecb6d9,
edb6d9,
eeb7d9,
f0b8d9,
f0b8d9,
f1b8dd,
f2badf,
f3badf,
f3badf,
f2bbde,
f2bcde,
f3bee0,
f4bee1,
f6bfe2,
f4c2e2,
f7c3e3,
f6c4e2,
f7c4e2,
f7c4e3,
f6c3e1,
f5c1e1,
f4c1e2,
f5c1e3,
f3c0e2,
f3bfe1,
f5c0de,
f5c0df,
f5c0e1,
f5c0e1,
f5c0e1,
f4c0e2,
f4c0e2,
f5c1e2,
f5c1e2,
f7c3e3,
f7c3e3,
f8c3e3,
f8c4e4,
f7c4e4,
f6c4e4,
f6c4e4,
f5c5e7,
f6c5e6,
f7c5e5,
f6c4e6,
f5c4e7,
f3c4e5,
f3c4e3,
eabee3,
e7bee2,
e6bbe0,
e3b4de,
e3b2de,
e4b2dd,
e5b3df,
e2aede,
e0aedd,
e1aede,
e2afde,
e3b0df,
e6b6e0,
eabfe3,
e9bde3,
e1b4de,
dfb1de,
dfb0de,
ddafde,
dbaede,
deaee0,
deaee0,
deafdf,
e0afdf,
e1afdf,
e2b0e0,
e0b0e0,
e1b2e1,
e4b6e2,
e4b6e1,
e3b5e1,
e2b3e1,
e1b2df,
e0b2df,
dfb1dc,
deaed9,
e0abd5,
ddaad2,
dda9d2,
dda8d2,
dda8d1,
dda9d3,
ddaad3,
e0b0d9,
f1c2eb,
e6b7e0,
dfacd9,
e0abd9,
e0acd9,
dfabd9,
dfa9d7,
dfa9d7,
dfaad6,
dfaad6,
dfa9d7,
dfa9d7,
e0aad8,
dfaad7,
dfadd7,
deaed8,
ddafda,
dcacd8,
d9aad7,
d5a9d6,
d5a9d7,
d5a8d8,
d6aad8,
d6acd9,
dbaedb,
deb0de,
deafdc,
d9adda,
d5aad9,
d2a9d8,
d0a8d9,
cca6d7,
caa5d8,
c8a5d9,
c6a5d9,
c4a5d9,
c4a5da,
c6a5da,
c6a6d9,
c6a6d9,
c6a6d9,
c6a6d9,
c7a7da,
c7a7da,
c7a7da,
c7a7da,
c8a8da,
c7a8dc,
c7a8dd,
c8a9dd,
c8a9dd,
c7a9dc,
c6a9dd,
c5a9df,
c5abe2,
c6aee6,
c4afe8,
c5b1ea,
c4b2ea,
c4b2eb,
c3b1ea,
c5b1e8,
c988cb,
cb88cb,
ca88cb,
c688cb,
c487ca,
c386ca,
c286c8,
c086c6,
be86c9,
bc87c7,
bc87c8,
be88ca,
bd8acc,
c08dcf,
c28fd1,
c897d9,
ca99db,
c390d1,
c38fcf,
c591d2,
ca95d9,
cf9be0,
cf9be2,
c593da,
c894db,
c089d1,
be88d1,
c390d9,
c495df,
c799e2,
ca9be3,
ce9fe6,
cfa2e8,
d0a2eb,
cfa3ec,
cfa2ed,
cfa1eb,
cea0e7,
cc9fe6,
cb9ee6,
ca9de4,
cb9ce3,
cc9ce2,
cd9ce2,
cc9de2,
ca9ee2,
cd9ee2,
ce9ee1,
ce9ee0,
b185c9,
bf9ad2,
b795c8,
a06b96,
b17fa4,
e3aac6,
f4bad1,
f5b9d3,
f7bad4,
f8bbd5,
f9bbd7,
f8bcd5,
f6b8d0,
f1b3c9,
ebadc3,
e6a7be,
e5a6bd,
eaabc2,
f2b3c9,
f1b5ca,
eeb5ca,
ebb4c9,
eab5c9,
e9b5ca,
ecb7cb,
ebb8cc,
edbbcd,
efbdd0,
f1bdd2,
edbbce,
edbccf,
eebed3,
edbdd2,
eec2d6,
edc1d4,
edc2d5,
f1c7d9,
f5cddf,
fbd5e8,
ebcbde,
fbdbeb,
fadceb,
fcdeeb,
fcdeec,
fedfee,
ffe0ee,
ffe0ef,
ffe2f1,
ffe3f2,
ffe4f2,
ffe4f1,
fee5f0,
ffe6f1,
fee7f2,
fde8f3,
fdeaf5,
fcebf6,
fcebf6,
fdebf6,
fdebf4,
fbe9f2,
fbeaf4,
f4e3ee,
f4e3f1,
ddc9d5,
f9e2ed,
feeaf5,
fbe4ef,
eed7e2,
f1dee8,
ffedf9,
eedfec,
faeaf5,
ffeef9,
fcebf6,
f3e0ec,
f5e0ed,
f5dfeb,
f5e2ef,
fbe9f8,
fbebf9,
fdeaf8,
fce8f6,
f9e3f0,
f9e4f0,
f9e4f3,
f4e2f6,
e4d4e7,
e7d6e5,
f0daeb,
f7deee,
f6deea,
f5deeb,
f9e1ef,
fae1f1,
f7dbee,
e5b7d0,
e4a9c6,
e5a6c9,
e6a5ca,
e6a5ca,
e6a7c8,
e5a6c9,
e5a7ca,
e6a7cb,
e6a8cb,
e7a9cc,
e9aacd,
e9abce,
e8abce,
e7acce,
e6adcd,
e8aece,
e9aed0,
eaadd0,
e9aed0,
eaaed0,
eaaed0,
eaafd0,
ebafd1,
ebb0d1,
ebb1d2,
edb1d3,
edb2d3,
ecb2d5,
ecb2d6,
edb3d6,
edb4d6,
efb6d9,
f1b9db,
f1bbde,
f1bcdd,
f1bcdd,
f1bdda,
f0bbda,
efbada,
f0bada,
f2badb,
f1bcdb,
f1bcdb,
f1bcdc,
f1bcdc,
efbcda,
f0bcdc,
f2bddd,
f2bddd,
f2bddd,
f3bede,
f3bede,
f3bede,
f3bede,
f5bfe0,
f5c0e0,
f5c0e0,
f7c1e1,
f6c1e1,
f5c1e1,
f5c2e2,
f3c2e4,
f3c2e4,
f3c2e4,
f3c2e4,
f3c2e4,
f3c2e4,
eebde3,
e3b4de,
e0b1dc,
deb0da,
deafdd,
dcaede,
deaedd,
e0b0dd,
e1afde,
e1b1df,
e2b1df,
e3b1df,
e3b3df,
e6b5e0,
e9b9e1,
e8b9e3,
e3b4df,
e0b2dd,
deb1de,
dcb0dd,
dcb0dd,
ddb0dd,
dfb2de,
e1b2de,
e0b3e0,
dfb2de,
dfb3e1,
deb3e1,
e1b5e2,
e2b5e2,
e3b7e3,
e4b7e3,
e4b6e1,
e2b6e1,
e0b5e0,
e2b2df,
e1adda,
e0a9d5,
dea8d3,
dea8d3,
dea7d3,
dda8d1,
dca9d2,
daaad3,
dbadd5,
e2b4dd,
e0b3df,
deaed9,
deacd7,
e1aad7,
e2aad7,
e1a9d5,
e1a9d5,
dda9d7,
dda9d7,
deabd8,
dfacd8,
e0acd8,
deacd8,
dcadd9,
deaed8,
deafd8,
ddafd9,
dbaeda,
daafdb,
ddb3de,
dfb6e2,
e2bae5,
e8c1eb,
ebc6ee,
ecc5f0,
e5bde8,
d9b1dd,
cea9d5,
caa6d4,
c8a5d4,
c6a4d5,
c6a4d5,
c7a5d8,
c5a5d8,
c5a5da,
c5a5da,
c6a4db,
c4a5d9,
c6a6d9,
c6a6d9,
c6a6d9,
c6a6d9,
c7a7d9,
c7a7da,
c7a7da,
c7a7da,
c7a7da,
c6a8db,
c7a8d9,
c5a8d8,
c7a8d8,
c5a7d8,
c5a8d8,
c7a9dc,
c8aae1,
c8ace5,
c8ade6,
c8aee6,
c7b0e8,
c6b0e7,
c5b0e6,
ca88cc,
cb87cd,
ca87cd,
c888ce,
c688ce,
c487cd,
c386ca,
c286c9,
bf86cb,
bb87c9,
ba87c9,
bb87c9,
bb88ca,
bc89cb,
be8acc,
bf8bce,
c18ccf,
c18cce,
c18ccc,
c38ed0,
c48fd3,
c793d8,
cb98e0,
c59ae2,
bf96df,
be95dd,
be9ae3,
c19fe9,
c1a0ec,
c7a1ed,
cda2ec,
cfa1e8,
ce9ee2,
cb99df,
ca96dd,
cb95de,
cd96de,
cf96dc,
d095dd,
d094de,
cf95de,
ce96dd,
cf96dd,
d096df,
d199e1,
d29ae1,
d59be1,
d69be1,
d69bdf,
cc97da,
bf93ce,
b57dab,
ac698d,
c48dae,
d79fbb,
f4b9d2,
f5b9d2,
f5b9d3,
f7bad4,
f7bbd5,
f7bbd4,
f7bbd4,
f3b6cd,
efb1c9,
e9aac3,
e5a5bd,
e9a7bd,
f1b2c8,
f1b5ca,
edb4c9,
ecb5ca,
ecb8cd,
ecb9cd,
edbacc,
ecbace,
efbcd1,
efbdd2,
f0bdd1,
efbdd0,
edbed0,
eebdd1,
edbdd1,
edc0d5,
eec1d4,
ecc1d4,
eec4d6,
f0c8da,
f8d4e6,
e0c3d5,
fbdaeb,
fbdbeb,
fbddeb,
fcdeec,
fedfee,
ffe0ee,
ffe0ef,
ffe1f0,
ffe3f2,
ffe4f2,
fee4f1,
fee5f0,
ffe6f1,
fee7f2,
fde8f3,
fdebf6,
fcebf6,
fcebf6,
fdebf5,
feeaf4,
fce9f1,
fceaf4,
fcebf6,
fbe9f7,
e9d5e2,
f2dae7,
fee8f4,
fae3ee,
f3dbe6,
fae5f0,
fbe9f5,
f5e6f1,
fdedf6,
faeaf4,
f3e4ed,
f6e7f1,
f8e6f2,
fbe9f5,
fdebf8,
f5e3f2,
f1e0ee,
f7e6f4,
f7e2f2,
e7ccdd,
f3d7e7,
fde8f7,
f6e2f4,
fae5f3,
fbe5f2,
fce4f2,
fbe2ee,
fbe1ed,
fae3ee,
f7e3ef,
f3dff0,
fbe3f5,
fde5f7,
f0cfe8,
e5abcf,
e9a9d2,
e9a8d1,
e8a8d1,
e7a8cf,
e7a8cf,
e7a8cf,
e7a8cf,
e7a8cf,
e9a9d1,
e9abd0,
e8abd0,
e7abd2,
e8abd2,
e9acd3,
eaacd3,
eaadd2,
e9add2,
eaadd1,
ebaed2,
ebafd1,
ebafd2,
ebb0d4,
ebb1d4,
edb1d5,
edb1d5,
ecb1d7,
ecb2d7,
ecb2d6,
ebb1d5,
ecb1d7,
edb3d8,
ecb4d9,
e9b5d7,
e9b5d6,
e9b5d4,
ebb4d5,
ecb4d4,
edb5d5,
f0b6d9,
f0b8d9,
f0bad8,
f0badb,
f1badb,
eebcdc,
efbbdd,
f1bcdd,
f1bcdd,
f1bcdd,
f2bddd,
f2bddd,
f2bdde,
f2bede,
f3bedf,
f3bee0,
f2bee0,
f3bfe0,
f2c0e0,
f1c0e2,
f1c1e3,
f1c1e3,
f2c2e4,
f2c2e5,
f2c2e5,
f2c2e5,
eebfe4,
e8b9e1,
e3b4df,
e1b1de,
dfb1de,
dfb2df,
dfb1df,
e0b1df,
e2b5e1,
e6b7e5,
e7b8e6,
e8b9e7,
e8bae6,
e8bbe5,
e8bae5,
eabbe5,
eabde7,
eabee8,
e9bde7,
e8bce7,
e6bbe6,
e5bbe5,
e5bce6,
e7bde7,
e7bde7,
e6bde8,
e5bde7,
e5bee8,
e5bee8,
e7bee9,
e7bfe9,
e8bfea,
e8bfea,
e6bee8,
e5bee8,
e5bfe9,
e5b8e5,
e0acd9,
dfa9d3,
dda8d1,
dea8d1,
dea8d1,
dda8d1,
dda9d2,
dcaad3,
dcadd6,
deb2db,
e1b6e1,
dfb3de,
ddb0d9,
dfadd7,
e0acd5,
dfaad6,
ddaad5,
daacd6,
dbafd9,
deb5e0,
e2bae4,
e4bde7,
e6bee7,
e5bde6,
e4bee5,
e3bfe5,
e1bfe5,
e3c1e9,
e7c5ed,
e9c8ef,
ebcaf2,
ecccf3,
eacdf4,
e9cef3,
e9ccf4,
e6c4ee,
d3b0da,
c9a7d3,
c9a6d5,
c8a5d4,
c6a4d5,
c6a4d5,
c4a4d5,
c4a4d7,
c5a4db,
c5a5da,
c5a5da,
c5a5d9,
c6a6d9,
c6a6d9,
c6a6d9,
c6a6d9,
c6a6d9,
c6a6d9,
c6a6d9,
c7a7d9,
c7a7d9,
c7a7d9,
c6a7d8,
c5a7d7,
c3a7d5,
c4a7d6,
c3a7d7,
c5a7d9,
c7a7dc,
c8a9e1,
c8abe2,
c9ace1,
c9ace1,
c8ace0,
c6abe0,
cd87cf,
cc85ce,
cc85ce,
cc88d1,
cd8dd6,
c889d5,
c588d4,
c388d2,
c389d1,
bf87cd,
bb87cb,
bb86ca,
ba87c9,
ba87ca,
bb87cb,
bc88cb,
bc88ca,
bd89cc,
be8acc,
bf8bce,
c08dcf,
c28dd2,
c08ed6,
be94df,
bb96e2,
bd9ae6,
c2a0ec,
c4a0ec,
c59eea,
c697e0,
c896dc,
c993d8,
c691d4,
c68fd0,
c890d0,
c690d2,
c790d5,
ce92da,
cf93db,
d193da,
d294dd,
d395df,
d296de,
cf96df,
d39de4,
d6a3ea,
daa5ea,
dda2e9,
dc9fe5,
d79ddc,
be81b7,
aa5f86,
b56989,
b06989,
d79dba,
f5bad5,
f5b9d3,
f6b9d3,
f7bad4,
f7bbd5,
f7bbd5,
f7bbd5,
f3b6d0,
eeb1cc,
ecaec7,
e5a4bc,
e7a4ba,
eeaec4,
edb4c9,
ebb4c9,
ecb6cb,
efb8cd,
f0b9ce,
efbacf,
efbad0,
eebbd1,
eebcd1,
efbdd0,
efbdd1,
eebed0,
edbed0,
eebed2,
ebbfd3,
edc1d4,
ebc2d3,
ebc2d3,
eec6d7,
f5d2e4,
ddbfcf,
fcdbea,
fadceb,
fbdceb,
fddeec,
fedfed,
ffe0ee,
ffe0ef,
ffe2f0,
ffe3f1,
ffe4f2,
ffe5f2,
fee5f1,
fee6f1,
fde7f2,
fbe9f4,
fceaf5,
fdebf6,
fdebf6,
fdeaf5,
fce9f3,
fdeaf3,
f4e3ed,
fdeaf5,
fceaf7,
fce9f5,
e8d5e2,
f6e0ee,
fbe4ef,
f7dee9,
fbe6f1,
f7e6f1,
f9e8f3,
f8e9f8,
eadae8,
e5d5e2,
fdedf8,
fcecf7,
fcecf9,
eeddeb,
f0dfec,
f5e4f1,
fceaf8,
ffeaf5,
f2d6e3,
f0cfe3,
e4c8db,
fce5f7,
fde5f4,
fce4f3,
fce5f0,
fee6f2,
fde4f0,
fbe3ef,
fce5f2,
fce7f3,
f3ddf1,
f6dcf3,
f7dcfa,
eec4ec,
ebafde,
ebafdd,
ebaddc,
e9aeda,
e8aeda,
ebb0da,
ecb0da,
ebaed9,
eaaed8,
eaafda,
ebafd9,
ebb0d9,
ecb0db,
ecb0dc,
ecb0dc,
ecb0dc,
ebb2da,
ebb2da,
ebb2da,
edb3d9,
eeb4d9,
efb4dd,
f0b5de,
f0b5df,
f1b5df,
f1b5e0,
f1b5df,
efb7e0,
eeb8e1,
eeb7e1,
eeb7e0,
efb8e0,
edb9df,
edbade,
ebb8dd,
ebb6db,
edb5da,
edb5db,
efb6dd,
efb8df,
f0bae0,
eebbe1,
eebce1,
eebde1,
edbce2,
ecbce2,
edbce2,
eebde1,
eebce0,
eebce0,
efbde2,
eebde2,
edbee4,
ecbee4,
ecbee4,
eabfe4,
e9c0e5,
eac0e4,
e9c1e4,
e8c2e4,
e9c2e5,
ebc2e6,
eac2e7,
e8c3e7,
e6c1e8,
e4c1e9,
e3c1e8,
e3c1e8,
e4c0ea,
e3c0ea,
e5c0ea,
e4c0ea,
e5c3eb,
e5c3eb,
e5c2eb,
e7c0eb,
e6bfea,
e5bfe9,
e5c0e9,
e6c0e8,
e8c1e9,
eac2ea,
e7c2eb,
e5c1eb,
e2c1eb,
e2c1eb,
e3c2e9,
e4c2ea,
e4c2ea,
e4c2ea,
e3c3ea,
e5c3eb,
e4c4ec,
e3c5ec,
e3c5ec,
e7c6ed,
e6c6ed,
e3c4ec,
e2c4ec,
e2c4ec,
e5c0e8,
deafd9,
daaad3,
dda9d2,
dda8d1,
dca8d1,
daaad3,
dbabd4,
dcaed7,
deb4de,
e0c0e9,
e3c3ec,
e2c4ec,
e3c6ee,
e6c7ee,
dfbbe3,
dcb5de,
e1bee5,
e2c5ec,
e0c9f0,
e3cdf5,
e3cef3,
e4cff2,
e5d0f1,
e7cfef,
e8d0f1,
e8d0f1,
e6d0f3,
e4d1f3,
e4d1f4,
e4d1f3,
e3d0f2,
e2d2f3,
e1d2f3,
e0d3f3,
dac6e9,
ceb2db,
c8a8d4,
c7a6d2,
c9a9d7,
c7a7d6,
c6a4d6,
c4a2d5,
c4a1d4,
c4a2d5,
c4a3d7,
c4a4d7,
c5a4d9,
c5a5d9,
c5a5d8,
c5a5d9,
c5a5da,
c5a5da,
c5a5da,
c6a6d9,
c6a6d9,
c5a5d8,
c6a5d9,
c6a6db,
c5a7d8,
c5a8d6,
c3a9d7,
c1a9d6,
c3a9d7,
c5a8d9,
c5a7da,
c7a7da,
c8a8db,
c7a9dd,
c6a8dc,
c7a7da,
c8a8dc,
ce85d4,
cd85d3,
ce86d3,
ce88d6,
cf8cda,
cc8cdc,
cd8ddb,
cd90dd,
ce93de,
c78dd7,
bf88d2,
be86cf,
bd84cd,
be84cd,
be85ce,
bf86cc,
bf86cc,
c086ce,
c188d1,
c38ad2,
c48bd3,
c58cd5,
c48fd7,
c196e1,
c19ae7,
c29de9,
c69eea,
c897e3,
c68fda,
c68ed6,
c893d7,
c893d7,
c592d4,
c691d2,
c791d0,
c591d0,
c691d3,
c991d6,
cb91d7,
ce92d9,
d093da,
d397de,
d499e0,
d49be3,
d49fe6,
d4a3e9,
d7a5ea,
dca4ea,
dfa3e6,
da99d2,
b66b95,
ba678a,
b56786,
af6886,
e6adca,
edb5d0,
f5bbd6,
f7bbd5,
f7bbd5,
f7bbd5,
f7bad5,
f7b9d5,
f4b7d1,
efb3cd,
eeb1ca,
e6a4bd,
e6a2b8,
e7a6bc,
eeb3c8,
eab3c8,
ebb4c9,
efb6cc,
f1b8ce,
f1bacf,
f0bbd0,
eebcd0,
edbbcf,
edbccf,
efbdd0,
efbdd0,
edbed0,
eebfd2,
ecc0d3,
edc1d4,
ebc2d3,
eac2d2,
ecc4d5,
f6d1e2,
eccbdb,
f9d9e8,
fadbeb,
fadceb,
fbddeb,
fddeec,
fedfed,
ffe0ee,
ffe2f0,
fee3f1,
fee5f1,
ffe5f1,
ffe4f1,
fee6f1,
fde7f2,
fce9f4,
fdeaf5,
fdeaf5,
fdeaf5,
f9e4ef,
fbe5ef,
fbe6f0,
fde7f1,
f6e0eb,
f9e4f0,
fee9f4,
faeaf4,
efdde9,
fbe3f0,
f8e0eb,
fbe5f0,
f4e2ed,
fdeaf7,
efe1ef,
f8e7f4,
e0cbd7,
f6e5f0,
feedf7,
fcebf6,
f9e8f5,
f6e2ee,
f4e2ed,
f9e8f5,
ffebf6,
f8ddec,
debad1,
eed1e7,
ffe8f8,
ebd3e5,
f6dff1,
fde5f2,
ffe6f5,
f4daea,
fde7f7,
fee7f7,
fee7f8,
fee8f9,
ebd1e8,
e3b6db,
ebb5e1,
edb4e3,
edb4e2,
eeb3e2,
eeb3e1,
edb4e1,
edb4e1,
eeb4e1,
eeb4e1,
efb4e2,
efb5e3,
efb5e3,
f0b6e3,
f0b6e4,
efb6e4,
f0b6e4,
f0b6e4,
f0b8e1,
f0b8e2,
efb8e2,
f0b8e2,
f0b8e3,
f1b8e4,
f1b9e4,
f1b9e5,
f1b9e5,
f2b9e6,
f2bae6,
f0bae7,
f0bbe7,
f0bbe8,
efbbe7,
efbbe6,
edbbe6,
edbce5,
ebbbe4,
e9bae2,
e8b9e1,
e9b9e2,
eab9e4,
e9bae3,
e9bce5,
e8bee5,
e9bfe6,
e9c1e8,
e7c1ea,
e6c1ea,
e6c1e9,
e6c1e9,
e6c1ea,
e7c1ea,
e6c1ea,
e5c1e8,
e5c0e8,
e4c0e8,
e5c0e9,
e3c0e8,
e1c0e7,
e5c0e6,
e5c0e6,
e3c1e6,
e3c0e7,
e4c0e8,
e3c1e9,
e2c2ea,
e0c2eb,
dfc3eb,
dfc4eb,
dfc4eb,
dfc4ed,
dfc5ec,
e0c5eb,
e0c5eb,
e0c5eb,
e1c4eb,
e1c4ea,
e2c3eb,
e2c2ea,
e2c1eb,
e1c2ea,
e2c2ea,
e3c2ea,
e4c1eb,
e1c2ea,
e0c2ea,
dec2eb,
dec3eb,
dfc3eb,
e0c4eb,
e0c4ec,
dfc4ec,
dfc5ec,
dfc6ed,
dfc6ed,
dcc7ed,
ddc8ed,
dfc8ee,
dfc8ed,
dec8ed,
dec7ed,
dec7ed,
e1c9ee,
e1c1e7,
dcbbe1,
dfbbe2,
e1bce3,
dfbce3,
e0bee4,
e0c0e6,
e0c0e7,
e1c4ec,
dec8ef,
dec9ef,
decbf1,
dfccf2,
e1cdf2,
dfcbf0,
dfcaee,
e1cef2,
dfd0f4,
ded2f5,
ded3f5,
ded4f5,
ddd5f4,
dfd5f4,
e0d5f3,
e2d6f4,
e2d6f5,
e2d6f5,
e1d6f6,
e0d6f6,
e0d6f6,
dfd6f5,
ded6f5,
ded7f5,
ded4f1,
d2c1e2,
c6aed6,
c4a7d2,
c3a5d1,
c6a7d5,
c5a6d3,
c3a2d1,
c2a1d0,
c2a0d0,
c2a0d0,
c1a1d3,
c2a2d5,
c3a2d7,
c4a3d7,
c4a4d8,
c5a4d9,
c5a4d9,
c5a4d9,
c5a4d9,
c5a5da,
c5a5db,
c5a5da,
c5a5da,
c5a4d9,
c7a8d9,
ccafde,
cdb2e0,
ceb5e1,
d5bee9,
cdb1e2,
c5a7d9,
c5a7d7,
c4a7d8,
c5a8da,
c6a7d9,
c5a6d6,
c6a6d8,
cd83d6,
cc84d8,
ce86da,
cd88da,
cc88d9,
cc88db,
cf8bdd,
ce8ede,
cf90df,
ce8edf,
cc8cdf,
c687da,
c183d5,
c283d4,
c383d1,
c683d1,
c784d2,
ca85d5,
ca87d6,
cc88d8,
cd8bdb,
cc8eda,
c791dc,
c297e3,
c29bea,
c39bea,
c999e5,
c58ad4,
c78ad3,
c88dd7,
cb93dc,
d09ce3,
c89ce3,
c497dc,
c194d4,
c091d1,
c091d1,
c392d3,
c691d3,
c991d5,
cc92d8,
cc93d9,
cc94da,
cf97de,
d29ce3,
d29fe5,
d7a2e5,
dba2e2,
e0a0d9,
c377a4,
b96788,
bb6785,
b86884,
c17f9c,
f8beda,
d29fbb,
f4bdd7,
f5bcd6,
f6bbd5,
f7bbd5,
f7b9d4,
f7b8d2,
f6b6d0,
f2b6d0,
f1b4ce,
e8a5be,
e69fb7,
e4a0b6,
efb1c6,
efb6cb,
ecb5ca,
efb4ca,
f1b7cc,
f0b9cf,
f0bcd0,
eebcd0,
eebbd0,
ecbbce,
efbcd0,
efbdd0,
eebed0,
eebfd0,
edc0d2,
ecc1d3,
ebc2d4,
eac2d2,
ecc5d4,
f3cfde,
f9d7e6,
f5d4e3,
fbdcea,
f9ddeb,
fbddeb,
fcdeec,
fedfed,
ffe0ee,
ffe2f0,
fee3f1,
fee4f1,
ffe5f0,
ffe4f0,
ffe5f1,
ffe7f2,
fee9f4,
ffe9f4,
ffeaf5,
fee9f4,
fee8f4,
f8e1ed,
fee5f0,
fee5ef,
fde5ee,
fae2ec,
fde6f0,
fee9f6,
f7e5f2,
f3e1f0,
f2e1ef,
f3e1ee,
f2e1ee,
f5e3f1,
f7e6f2,
f9e6f3,
f1d8e4,
e7d2dd,
feeef9,
fcecf7,
f8e9f3,
fce9f3,
f6e2eb,
fbe8f3,
ffeaf7,
fce7f4,
d7bacb,
f6dff0,
fee7f6,
e6cee2,
fce4f6,
fde5f4,
fbe3f5,
e7bfdd,
e1c1de,
f6def4,
fee7fc,
ffe9fc,
ffe8fb,
edc3e6,
ecb6e4,
ebb5e1,
ecb4e2,
eeb3e2,
eeb4e0,
eeb4e0,
edb5e2,
edb5e3,
edb5e3,
eeb6e3,
eeb6e4,
eeb6e4,
edb7e5,
edb7e5,
edb7e5,
eeb7e5,
efb7e4,
f1b7e3,
f0b7e3,
efb7e3,
eeb9e4,
eeb9e4,
efb9e4,
f0b9e4,
efb8e5,
eeb8e6,
eeb9e6,
efbbe9,
eebbe9,
efbce9,
f0bcea,
edbde9,
ecbde8,
eabbe9,
e9bce9,
e5bce8,
e3bbe8,
e3bbe8,
e1bce8,
dfbde9,
e0bee9,
e2c0e9,
e3c0e9,
e4c1ea,
e4c2eb,
e4c3ed,
e3c3ec,
e1c2eb,
e1c2eb,
e1c2ec,
e1c2ec,
dfc1e9,
e1bfe7,
dfbee7,
debee7,
dfbee9,
debee7,
debee6,
debee6,
debee6,
ddbde5,
debde6,
e0bee7,
dfbfe8,
dfc1ea,
dfc2eb,
dfc3ed,
dfc4eb,
dfc4eb,
dfc3ed,
dfc4eb,
ddc4eb,
dec4ea,
dfc3ea,
e0c3ea,
dfc2e9,
dfc1ea,
dec1ea,
ddc1ea,
ddc1ea,
e0c1e9,
e0c1e9,
dfc1ea,
ddc2eb,
dcc2eb,
dbc4ed,
dbc4ed,
dbc4eb,
dbc4ec,
dbc4ed,
dbc4ed,
dcc5ee,
dac6f0,
d9c6f0,
d8c8f0,
dac9ef,
d9caef,
d9c9ef,
d8c8ef,
d9c8ef,
dbc9ef,
dccaee,
dccaee,
dac9ef,
dac9ee,
dacaee,
dacaee,
dac9ee,
dbc8ed,
dbc7ec,
ddc6ec,
dcc6ec,
dcc7ee,
dccaf0,
dccaf0,
deccf1,
ddccf0,
e0cef0,
e1cff1,
ded1f4,
ded2f5,
e0d3f4,
ded4f5,
ddd6f5,
ded6f4,
dfd7f3,
dfd7f4,
dfd6f5,
dfd6f5,
e0d6f5,
dfd6f5,
ded7f5,
ded6f5,
ded5f4,
ded5f4,
dcd3f1,
d9cded,
d8caed,
ceb6df,
c2a3d2,
c2a2d2,
c2a0d0,
c1a0ce,
c1a0ce,
c09fcd,
c09fce,
bf9fd0,
c0a0d0,
c2a3d2,
c4a4d7,
c4a3d8,
c4a3d8,
c4a3d8,
c4a3d8,
c4a3d8,
c5a4db,
c5a4db,
c4a3d8,
c3a2d8,
c1a0d6,
c4a6da,
cfb2e2,
c8addb,
cfb6e3,
d9c0ec,
ceb1e0,
c5a7d7,
c3a7d7,
c4a7d8,
c5a6d9,
c7a6d8,
c5a6d6,
c4a6d5,
cd81d5,
cf86d9,
e7acea,
cf8ddc,
ca84d7,
ca84d9,
ce86d9,
d089db,
d089db,
cf87da,
cd86dc,
c883db,
c681d9,
c980d8,
ca80d7,
cc80d7,
cd82d8,
ce83d9,
d085db,
d489de,
d88ee1,
d691e0,
d095e2,
c69ae6,
c09cea,
c19ce9,
c497e3,
c488d3,
cb89d4,
ce8cd8,
cf90dc,
d29be5,
d0a1e9,
c99de5,
c298dd,
c195d9,
c194d7,
c193d5,
c392d3,
c691d4,
c691d7,
c791d8,
c990d9,
ca92da,
cd94db,
d096dc,
d398db,
d899d5,
ce86b6,
cb799c,
ba6683,
bd6783,
b86781,
e0a2bb,
f7bbd4,
f4bbd6,
edb6d1,
f6bcd6,
f7bbd5,
f7bbd5,
f7bad4,
f8b7d2,
f2b0ca,
f7b9d1,
f7bbd3,
ecabc3,
e29fb5,
e29db3,
ebabc1,
efb5ca,
f3bdd3,
e3a8bd,
e5a8be,
eab0c5,
efb8cd,
edb9ce,
eebbd0,
eebbcf,
eebcd0,
efbdd0,
eebdcf,
edbed0,
ecbfd1,
ecc0d1,
ecc2d2,
ebc3d3,
edc6d6,
efcadb,
f4d3e4,
f0cfe0,
fcdbea,
fbdceb,
fbddeb,
fcdeec,
fedfed,
fee0ee,
ffe2ee,
fee3ef,
fee4ef,
ffe5f0,
fbdfeb,
f8dde8,
ffe8f3,
ffe8f4,
f9e2ed,
fde6f1,
fce5f0,
fce5f0,
fbe4ef,
f4dce9,
f4dfe9,
f6e0ea,
fae3ec,
fae2ec,
f7e1ee,
f2e1f3,
ded6ec,
ddd7ec,
dfd8eb,
e4d9ec,
eedeef,
f5e3f2,
f8e8f4,
f5e3ef,
e3cfdc,
e8d8e5,
fcecf7,
feedf6,
fae7f0,
f9e6ef,
f6e4ee,
feebf7,
fae6f1,
ead3e2,
fce5f2,
fbe5f2,
f4dbec,
fee5f5,
fbe3f3,
f7e0f5,
e6bcdd,
e7bae0,
e5bde1,
e9c7e5,
f1d5ef,
f6e0f5,
f4cef0,
e8b7e2,
e7b5df,
e8b3df,
e9b3e0,
eab4e0,
ebb4e1,
ecb4e1,
edb4e2,
edb5e3,
edb6e4,
edb6e4,
edb6e4,
ebb5e3,
ebb5e3,
eab5e3,
ebb5e3,
eab5e3,
eeb6e4,
edb6e3,
eab6e1,
e8b7e2,
e7b7e2,
e9b7e2,
e9b6e2,
e7b7e5,
e6b7e6,
e9b9e6,
eabae8,
e9bbe8,
e9bce9,
e9bdea,
e7bdea,
e7beeb,
e6bdea,
e5bdea,
e3bde9,
e1bce9,
e0bcea,
e0bce9,
debde9,
ddbee9,
debeea,
dfbfeb,
e0bfea,
dfc0ea,
dfbfea,
dfbfea,
debee9,
debee9,
ddbde9,
dcbce8,
dbbbe6,
dbbbe4,
dbbae5,
dbbbe5,
dcbae7,
dcbbe6,
dcbbe5,
dbbbe5,
dbbbe4,
dcbae6,
dcbce6,
dcbde7,
ddbee9,
dec1eb,
dfc2ec,
dec3eb,
dec3eb,
dec3eb,
ddc3ed,
dcc3ec,
dac1e9,
d9c1e8,
d9c1e8,
dac0e9,
dac0e9,
dac0e8,
dbc0e8,
dcc0e8,
ddc2ea,
ddc1ea,
ddc2ea,
dcc3eb,
dbc3eb,
dac4eb,
dbc4ed,
dbc4ed,
dac4ee,
d9c3ed,
d8c3ed,
d8c3ed,
d8c4ee,
d8c6ee,
d6c6ee,
d6c6ef,
d7c8ee,
d7c8ef,
d6c8ef,
d6c7ef,
d7c8f1,
d8c7f1,
d8c9f0,
d8c9f0,
d8caef,
d7caf0,
d5caef,
d4c9ee,
d5c6ed,
d7c5ec,
d6c4ea,
d9c4eb,
dac4eb,
dbc6ed,
dac7ee,
dbc9ef,
dccbf0,
dcccf1,
decef0,
dfd0f1,
ded1f2,
ddd2f2,
ddd2f3,
dcd4f4,
dbd4f4,
dcd5f4,
ddd5f2,
ddd5f2,
dcd4f3,
ddd4f2,
dcd4f3,
dcd4f4,
dbd4f3,
dbd3f3,
dad2f2,
dad2f2,
dbd1f0,
dbd0ef,
dacfef,
d1b9e2,
c3a2d1,
c09fcf,
c09ece,
bf9dcd,
bf9ecc,
bf9ecc,
bf9ecd,
bd9ecd,
bf9fce,
bfa0d0,
c2a2d5,
c4a3d7,
c4a3d8,
c4a3d8,
c4a3d8,
c4a3d8,
c4a3d9,
c4a3d9,
c4a3d8,
bd9ed3,
bc9dd1,
c1a3d5,
cdb0e0,
c7acdb,
c6abda,
c7addb,
c5aad8,
c3a8d5,
c2a6d6,
c4a5d5,
c5a4d6,
c6a5d7,
c5a5d5,
c4a6d6,
cb7fd2,
cc84d4,
d28ddc,
c981d2,
c980d4,
c97fd3,
ca7fd1,
c97fd0,
ca80d1,
cb80d1,
cd80d6,
cb80d7,
c980d7,
cd7fd7,
d080d8,
d180d8,
d082d8,
d282da,
d182d9,
d585dc,
d98adf,
d88ee0,
d597e6,
cc9feb,
c09deb,
c09ce8,
c69be5,
c98fdc,
d08bd8,
d08bda,
d38ede,
d495e5,
d39ce9,
d2a0ec,
d2a1ef,
d2a2ec,
cf9fe9,
cd9ce4,
ca99de,
cb95db,
c891d9,
c890da,
c990d9,
cb90db,
ce90da,
d192d8,
d293d6,
d48cc2,
d182a9,
c97593,
ba6581,
ba6781,
b36782,
fdbdd6,
f9bad2,
f7b9d2,
e9afc8,
f5b9d3,
f7bbd5,
f7bbd5,
f7bbd6,
fbbad6,
eeabc6,
f5b1cb,
fcbed7,
f6b5cd,
e29eb6,
e59fb3,
e4a2b9,
eeb2ca,
f6c2d9,
d497ae,
d394a8,
dea1b4,
e8adc1,
edb6ca,
eeb8cd,
edbbcd,
edbbcd,
eebcce,
edbcce,
ebbdce,
ebbed0,
edc0d0,
ecc2d1,
ecc4d4,
ecc6d5,
ecc7d9,
f1cfe1,
f2d1e0,
fcdbea,
fbdceb,
fbddeb,
fcdeec,
fedfed,
fddfed,
fee2ed,
ffe2ee,
ffe3ef,
ffe3f0,
f7dae8,
f5dae6,
f1d9e4,
fce3ee,
fae2ed,
f9e0ec,
fde4f0,
fde3ef,
ffe5f0,
ffe5f1,
fde5ee,
f5e1ea,
f2dfe9,
efdceb,
eedff0,
dfd7ef,
d1d4ee,
d5d8f2,
ddd9ef,
ede0f3,
f9e9f5,
fbebf5,
feecf8,
ffeefb,
ffeefb,
f9e9f6,
ecdfeb,
faebf6,
fbebf4,
f7e6f2,
f6e3f1,
f7e4f3,
f9e5f2,
f3deea,
fce5ee,
f7deea,
fee5f5,
fde5f5,
f2dcf0,
f0daf1,
ddbfd8,
e8c9e5,
e4c3e0,
dfbbda,
e1c2de,
fae3f8,
e5bfe2,
e4b8dd,
e4bbdf,
ecbde6,
ebb8e4,
ebb7e3,
ebb6e2,
edb5e2,
eeb5e3,
edb5e3,
ebb5e3,
ebb4e4,
ebb4e4,
eab5e3,
e7b5e3,
e6b4e2,
e7b4e2,
e8b4e2,
e7b5e2,
e7b4e2,
e5b4e1,
e2b3e1,
e2b4e1,
e2b3e0,
e2b3df,
e0b4e4,
e0b5e6,
e0b7e6,
e1b8e6,
e1b8e6,
e0b9e7,
deb9e8,
debae8,
debbe8,
ddb9e7,
ddb9e6,
dcb8e5,
ddb8e6,
deb9e8,
dbb9e6,
d9b9e5,
d9b8e5,
d9b8e6,
d9b7e5,
dab7e5,
dabae6,
dcb9e7,
ddbae8,
ddbae8,
ddbae8,
dbb9e8,
d9b9e7,
d8b9e7,
dab9e5,
dab9e5,
dabae5,
dcbbe9,
ddbce9,
debde9,
dcbce6,
dcbbe6,
dcbbe7,
ddbde8,
dcbeea,
debfec,
e0c1ed,
dec2ec,
ddc3eb,
dbc3eb,
dbc3eb,
d9c3eb,
d8c3eb,
d7c1ea,
d7c1e9,
d7c1e9,
d7c1e9,
d7c0e9,
d9c1e8,
d9c1e8,
dbc2e8,
dcc2ea,
dbc2eb,
dac2eb,
d9c2ec,
d8c2eb,
dac2eb,
d9c2ec,
d9c3ed,
d7c3ed,
d7c2eb,
d6c1ea,
d5c2ea,
d5c2eb,
d6c3ec,
d5c4ec,
d6c4ec,
d5c5eb,
d6c6ee,
d6c6ee,
d5c7ef,
d7c8f1,
d9c8f3,
d7c9f1,
d7c9f1,
d7caef,
d6cbf1,
d4cbf1,
d4caf0,
d3c7ef,
d5c5f0,
d6c5ef,
d8c7ef,
dac6ee,
dac7ee,
d9c7ee,
dbc8ee,
d9caef,
daccf1,
dacdef,
dcceef,
dbcff1,
dacff1,
dacff2,
d9d0f2,
d9d1f3,
d9d1f2,
dad1f1,
d9d1ee,
d8d0ef,
d8d1ef,
d8d1f0,
d9d1f2,
d9d1f3,
d8d1f1,
d7d0f1,
d7d0f1,
d8d0f0,
d9d0ef,
d9cff0,
cfb7e1,
c3a2d0,
c19fcd,
c09ecc,
bf9ccd,
be9dcc,
bf9ecc,
bf9ecc,
bd9ece,
be9ecf,
bf9fcf,
c1a0d3,
c3a2d7,
c4a3d8,
c4a3d8,
c5a3d8,
c6a3d8,
c4a3d8,
c4a4d9,
c6a6dc,
be9fd5,
b99bcf,
bfa1d2,
c6a9da,
c4a8da,
c4a6d9,
c1a6d7,
c0a4d4,
c0a4d1,
c0a4d2,
c2a3d2,
c4a4d4,
c4a4d7,
c4a4d7,
c4a5d8,
c67fca,
c37ecd,
c47ed0,
c77ed0,
c97ed1,
c87cd1,
c67bcc,
c57bcb,
c37bc8,
c27bc8,
c47ccb,
c87ed0,
ca80d4,
cf80d7,
d182d7,
d182d7,
d083d7,
d183d8,
cf82d5,
d382d8,
d382d8,
d084d7,
cf8cde,
cb9deb,
c19eee,
bf9cea,
c19ce9,
c493e2,
cb89d9,
d189db,
d28cde,
d48fe1,
d491e3,
d493e6,
d797eb,
d89aec,
d59eed,
d4a2ec,
d2a0e9,
d29ee8,
d19be5,
d499e4,
d194e1,
cf92df,
d191df,
d492db,
d28bc9,
cd7fa9,
dc8aa9,
cb7693,
bc6681,
ba6681,
c87f9b,
fbb8d3,
f8b8d3,
f7b8d3,
f6b9d3,
eab0c9,
f4b9d3,
f7bbd5,
f7bbd5,
f8bcd7,
f5b3cf,
e19ebb,
fbbed9,
fdbfd8,
edaac1,
e49fb5,
e29eb5,
f1b1c8,
f6bcd2,
edb6cc,
ce8da3,
d697aa,
e0a3b6,
eab0c2,
edb5c8,
edb9cc,
edbbcd,
edbbcd,
edbcce,
ecbdcf,
ecbed1,
ebc0d0,
eac2d1,
ecc3d3,
ebc4d4,
edc6d6,
f2cfde,
eccfde,
fbdbea,
fbdcea,
fbddeb,
fcdeec,
fedfed,
fedfed,
fde1ee,
fde1ee,
fee2ef,
ffe3f1,
f9dce9,
fadde8,
edd2de,
f9e0eb,
f6dce7,
f7dfeb,
f3dce7,
f9e2ed,
f9dfeb,
ebd3df,
f0d7e2,
f7dfea,
fae3ee,
f2dff0,
e0d6ee,
d5d6f2,
cfd5f3,
cfd8f4,
d5d3f1,
c3b3d8,
e4cee3,
f2e0ec,
fcebf6,
feedfa,
ffedfb,
feedfa,
fcecf7,
f8e8f3,
faeaf4,
f8e8f5,
f7e5f8,
e9dbf1,
eadef1,
e5d9ea,
f0dfed,
fae3f2,
f9e1f2,
ebd4ea,
f1dbee,
f9e5f4,
fee8f8,
fde7f9,
fee9fb,
fbe5f8,
f2d9ef,
fce4f9,
f0d1ec,
debedb,
f7dbf4,
f3caf0,
e9b7e4,
eab6e3,
eab6e1,
e9b5e0,
e9b4e1,
e8b4e2,
e7b3e1,
e7b3e2,
e7b3e2,
e7b5e4,
e6b6e5,
e5b6e5,
e5b6e5,
e5b6e5,
e3b3e4,
e1b2e3,
e1b3e2,
dfb2e2,
deb2e1,
dfb2e1,
ddb1e1,
d9b1e4,
d8b3e3,
d9b4e4,
dab4e3,
d9b3e4,
d8b3e4,
d6b3e4,
d6b4e3,
d5b4e3,
d6b3e3,
d6b3e4,
d7b3e3,
d9b3e4,
d9b3e4,
d8b4e5,
d7b5e5,
d6b5e3,
d6b5e3,
d8b5e2,
d8b6e2,
d7b5e2,
d8b5e3,
d9b6e5,
dab6e5,
dbb7e5,
d9b7e6,
d9b7e7,
d9b8e8,
d8bae8,
d8bae8,
d8bae8,
d8bcea,
dbbeeb,
dcbfeb,
dcbde9,
dbbce8,
dabbe9,
dbbcea,
dbbeec,
dcbfed,
dcc0ee,
dcc1ee,
dac2ec,
dac3eb,
d9c3ec,
d9c3ec,
d7c3eb,
d6c2ea,
d6c1ea,
d6c1ea,
d6c0ea,
d7bfea,
d8bfea,
d8bfe9,
d7bfe9,
d8c0e9,
d7bfe9,
d6bfea,
d6bfea,
d6bfe9,
d7bfe8,
d7bfeb,
d7bfec,
d7c1ec,
d6c1eb,
d6c1ea,
d5c1eb,
d5c1ec,
d5c2ec,
d5c2ec,
d5c4ed,
d5c4ed,
d6c6ee,
d6c7ee,
d5c7ef,
d8c8f2,
d8c8f2,
d8c8f2,
d8c9f2,
d7c9f1,
d7caf1,
d6caf1,
d6caf1,
d5c9f1,
d5c8f2,
d5c9f1,
d6c8f0,
d7c6f1,
d7c6ef,
d7c6ee,
d8c7f0,
d7c8f0,
d7c9f0,
d7caef,
d8cbee,
d9cbef,
d8ccef,
d7cdf0,
d6cdf1,
d6cdf1,
d6cdf0,
d7cdef,
d6cdef,
d6cdf0,
d5ceef,
d4cfef,
d5cff0,
d6cff0,
d6cfef,
d5d0ef,
d5d1ef,
d7d0f1,
d7d0f0,
d9cff1,
ceb8e1,
bfa0ce,
bd9fcc,
bf9ecb,
bd9dca,
bc9dca,
bc9fcb,
bc9fcd,
bb9fce,
bd9fcf,
bf9fd0,
bfa0d2,
c1a1d4,
c2a2d6,
c2a2d7,
c3a2d7,
c5a3d8,
c4a4d8,
c5a7d9,
d5b6e7,
ceb1e3,
ba9cd0,
bc9dcf,
c1a2d3,
c3a5d7,
c1a5d7,
c0a5d7,
c2a5d6,
c3a6d5,
c2a7d5,
c2a4d3,
c4a4d5,
c4a4d6,
c5a5d7,
c5a5d8,
d192d1,
c78bcf,
bd7ec8,
c57fcf,
c77ed2,
c87dd3,
c37bcd,
c17ac9,
bf7cc6,
be7ac6,
bf7bc5,
c57dca,
ca7fcf,
ce82d3,
cf84d4,
ce84d4,
ce85d4,
ce85d4,
cd84d2,
d185d4,
d084d3,
ca81d4,
c585d6,
c696e6,
c4a0f1,
bd9ded,
bc9eec,
bd98e6,
c086d4,
c884d4,
cb86d6,
cc88da,
d18cdd,
d48fe2,
d390e5,
d794e8,
da9ded,
deacf4,
deb3fb,
dfb2fb,
daabf4,
e1aff7,
dfa5f3,
d799e9,
db99e6,
da94d8,
cc80b2,
da88a9,
dc89a7,
cd7693,
bb6682,
b86581,
dc94b1,
f9b8d3,
f8b8d3,
f9b8d3,
f8b8d3,
f6b8d1,
ecb2cd,
f6bbd5,
f7bbd5,
f8bcd6,
fbbdd7,
db9db8,
f9bfd9,
fcbed8,
f6b6ce,
e4a0b7,
e19cb2,
f2afc6,
f8bacf,
fdc1d7,
db9eb4,
cb8c9f,
d796aa,
e6a8bc,
eab1c4,
edb7c9,
edb9cc,
ecbacc,
ecbccf,
edbfd2,
eebfd4,
ebc0d1,
eac2d1,
ecc3d3,
ecc4d3,
edc5d4,
ecc9d6,
e6cad9,
f9dbeb,
f9dbeb,
faddeb,
fcdeec,
fedfed,
fddeec,
f5d5e4,
f0d3e1,
f1d4e2,
fbe0ee,
faddea,
fcdee9,
fadee7,
f2d8e3,
edd4df,
fde5f1,
ecd6e1,
fae7f2,
e6cfdb,
f7dfea,
fde4ef,
fee5f1,
fde4ee,
f6e1ef,
d8d0ea,
d2d3f1,
ced3f2,
cdd5f2,
cbcced,
ddcfe3,
e5ccda,
e6cad6,
e6c9d9,
ebd9e6,
f9e8f5,
ffecf9,
ffecf9,
ffebf6,
fbeaf5,
f6e7f6,
e2dcf3,
dbd7f1,
dbdaf3,
d8d8f1,
dddbf4,
e3daf2,
e4d0e9,
f9e2f4,
fde7f5,
ffe8f6,
ffe8f6,
ffe8f6,
ffe8f7,
f7dff4,
e7cde8,
ffe4fa,
f0d5eb,
edd2ec,
fde3f8,
e9bce5,
e4b3e1,
e5b3df,
e6b3df,
e3b1de,
e2b1de,
e1b0df,
e1b0df,
e2b1e1,
e3b2e3,
e3b4e6,
e2b5e7,
e1b4e6,
e0b3e5,
e0b3e5,
dcb0e3,
d8afe1,
d9b0e1,
d8b0e1,
d7b0e2,
d8afe2,
d7b0e2,
d4afe2,
d2afe2,
d3b0e1,
d5b1e0,
d4b0e2,
d3b0e3,
d2b0e3,
d2b0e3,
d3b0e1,
d3b0e2,
d3b0e2,
d4b2e4,
d6b2e5,
d7b3e5,
d7b3e5,
d7b4e7,
d5b4e5,
d4b4e4,
d5b4e2,
d6b4e1,
d5b4e2,
d4b4e2,
d5b5e3,
d6b5e3,
d7b6e4,
d7b5e5,
d8b6e7,
d8b8e9,
d7b9ea,
d8bbeb,
d8bbeb,
d7bcec,
d9beed,
dabfed,
dcbfed,
d9bdea,
d6bbeb,
d7bceb,
d8bdeb,
d8beec,
d7beee,
d9bfec,
dac0ec,
d7c1ec,
d7c2ed,
d7c3eb,
d7c2eb,
d5c0e9,
d5c0e8,
d4bfe7,
d4bee8,
d4bee9,
d6bde8,
d6bde8,
d5bde9,
d6bde9,
d5bee9,
d5bee9,
d6bfea,
d6bfea,
d6bfea,
d5bfec,
d7bfed,
d8c1ec,
d6c1ec,
d7c2ed,
d5c2ed,
d5c2ed,
d5c2ed,
d5c2ed,
d4c4ee,
d4c4ee,
d6c6f0,
d7c8f0,
d5c7f1,
d6c7f2,
d8c7f3,
d7c7f3,
d8c8f3,
d6c8f0,
d6c8f0,
d6c8f0,
d6c8f1,
d7c9f1,
d7c9f1,
d7c9f1,
d5c8f0,
d5c6f1,
d6c6ee,
d6c6ee,
d6c5f0,
d6c5ef,
d7c7ef,
d7c8ee,
d7c9ed,
d8c8ee,
d8c9ee,
d5caef,
d5caef,
d5caef,
d5caef,
d6cbee,
d5cbee,
d4ccee,
d4ccef,
d4ccef,
d2ccef,
d2ccef,
d3cdf0,
d4ceef,
d5d0f0,
d6d0f1,
d6d0f1,
d7cef1,
d0bde4,
bea1cf,
bb9fcb,
bd9fc9,
ba9fc8,
b89ec9,
b7a0c9,
b9a2ce,
bca5d2,
bda5d2,
bfa2d1,
bf9fd1,
bfa0d1,
bf9fd1,
bf9fd2,
c1a0d4,
c2a2d7,
c4a4d7,
c5a8d9,
d0b2e0,
d5b7e8,
be9fd4,
b999ce,
be9dd2,
c1a3d6,
c1a5d7,
c3aada,
cfb2e3,
d6bceb,
d5bcea,
cbafdf,
c4a4d9,
c4a3d8,
c5a5d8,
c5a5d7,
d9a0dc,
d9a1df,
cf91d7,
de98e6,
d38cdd,
cd84d9,
cb83d5,
d18cd9,
d997e0,
c885d2,
c57ecb,
c97fce,
cb80d0,
ca82d1,
c883d2,
c886d3,
ca8ad3,
cb8fda,
ce95e1,
ce98e2,
d6a0e8,
d39be6,
cb94e0,
c796e3,
c89fef,
c29dee,
bf9eec,
c29eeb,
c094e2,
be86d5,
c485d5,
c586d6,
ce8edf,
d090e1,
cf8fe2,
d190e4,
d395e8,
d39ae9,
d6a6f1,
ddb1f8,
d8aaf0,
dcaff5,
deaff7,
e2a9f3,
e6a5e8,
d58ec3,
d583ab,
da87a7,
dc89a8,
ce7a99,
bb6685,
b96885,
eea8c5,
f8b7d1,
f8b7d1,
f8b7d0,
f8b7d0,
f6b8d0,
ecb2cc,
f2b8d2,
f7bbd5,
f7bbd5,
f8bcd6,
f1b5cf,
fabed8,
fabed7,
fcbdd7,
e8a5bf,
dd98b0,
de9ab2,
f8b9cf,
f8bcd3,
f4b9cf,
d08fa4,
d492a6,
da9db1,
e5aabd,
ebb3c4,
eab8ca,
ebbace,
eebdd0,
edbfd3,
edbfd3,
ebc0d3,
ecc2d2,
edc5d4,
edc5d4,
edc6d5,
ecc8d5,
edccdb,
e7cddd,
f9daeb,
fbdcec,
fcdeec,
fedfed,
fbddeb,
f6d6e4,
f7d7e5,
f6d6e3,
f3d5e2,
f4d6e3,
fbdee9,
f8dce6,
f9dfe9,
fce2ec,
f9dfea,
f1d8e3,
fae2ee,
fee5f1,
fce4ef,
f9e1ee,
fce4f0,
fce5f2,
fae6f1,
e6d8ee,
d7cee7,
cfcae2,
d9d1e5,
e3d8e8,
f8e7f1,
f2dfe7,
f1dce6,
f6dfe9,
f8e1ea,
f6e2ea,
f8e3ec,
fbe5f0,
fde6f0,
fae7f1,
f0e3f5,
d8d5f0,
d5d7f3,
d5d9f6,
c9cee9,
d7dbf6,
d9dcf6,
e0d9f0,
f6e2f3,
f8e3f1,
f5deed,
f4dceb,
f5dce9,
f9e1ef,
fee6f9,
ead0e5,
fee5f8,
f4dbef,
fde3f9,
f8daf4,
deb3e1,
ddb3e0,
e3bae2,
e5bee2,
e4bce4,
dcb1e2,
dbafe2,
daaee1,
dbaee1,
dbafe2,
daade3,
d8ace1,
d7ace2,
d7ace2,
d8ade2,
d8addf,
d6ace2,
d5ace2,
d5ade4,
d5ade4,
d5afe2,
d3afe1,
d2afe0,
d2afe0,
d3afe1,
d5afe1,
d4afe2,
d3afe2,
d3afe2,
d2afe2,
d2afe2,
d2afe2,
d2afe2,
d2b0e3,
d3b1e4,
d3b2e5,
d4b3e6,
d5b3e6,
d3b3e5,
d2b3e5,
d5b3e5,
d5b3e5,
d4b2e3,
d4b3e3,
d3b3e3,
d4b3e4,
d4b3e5,
d5b3e5,
d6b4e6,
d6b6e8,
d7b8e9,
d7b9ea,
d7baea,
d7bbeb,
d8bbea,
d8bbe9,
d7bbe9,
d6bae8,
d6bae9,
d7bae9,
d7bae9,
d6bcea,
d5bce9,
d5bde9,
d6beeb,
d5bfed,
d6c0ee,
d6c1ed,
d6c1ed,
d4bfea,
d4bfe9,
d3bee9,
d3bdea,
d3bdea,
d3bdea,
d4beeb,
d5bfec,
d5bfeb,
d5c0ec,
d5c0ec,
d4c0ec,
d6c0ed,
d6c0ed,
d4bfed,
d5bfed,
d6c1ed,
d5c1ed,
d4c1ed,
d4c2ee,
d4c3ee,
d4c2ee,
d4c2ee,
d3c3ee,
d3c3ee,
d5c4f0,
d6c5f1,
d5c5f1,
d6c5f1,
d6c5f1,
d6c6f1,
d7c6f1,
d7c6f1,
d6c6f1,
d5c7f1,
d6c7f1,
d7c8f1,
d7c8f2,
d5c7f2,
d5c5f1,
d2c3f0,
d6c4f0,
d8c4f0,
d7c4f1,
d7c5f0,
d7c5f0,
d8c6f0,
d8c7ef,
d8c7ee,
d8c8ef,
d5c8ee,
d5c8ef,
d3c7ee,
d3c7ee,
d3c7ed,
d3c8ee,
d3c8ee,
d2c8ed,
d1c9ed,
cec8ee,
cdcaee,
cecbef,
cfccef,
d0cef1,
d2d0f1,
d2cfef,
d4ceef,
d2c7ea,
c0afd7,
baa6d0,
bfadd3,
beafd6,
b6a6cf,
c1b3db,
c7bde5,
c6bbe2,
c3afda,
bfa3d3,
bf9fd0,
bd9ece,
bc9ccc,
bc9bcd,
be9dd2,
c1a1d6,
c2a6da,
cbb1e4,
c9b4e4,
bfa7d7,
b99bcf,
b998cd,
ba9bcf,
bfa3d7,
c3abdc,
cab8e5,
d6c6f3,
dacbf7,
dbccf8,
d3bdef,
c5a8dd,
c3a5d9,
c3a6d7,
c4a5d7,
d89de0,
dda5e9,
d696e1,
dc95e5,
d991e5,
d78de2,
d88ee0,
da93e1,
d592de,
d18dd8,
d28bd7,
d389d9,
d38ad9,
d18ad8,
d08dd9,
d194dc,
d9a8ed,
d4b1f3,
c79fe3,
d2a7ea,
d5a6e8,
d8a8eb,
daa8ed,
d5a1e9,
ce9feb,
c69deb,
c39eeb,
c19feb,
c3a0ec,
c090dc,
c084d1,
c285d1,
cc8fdc,
d295df,
d397e1,
d497e5,
d296e7,
cd92e3,
d093e4,
d297e5,
cf91de,
d89be8,
d79be6,
d697e0,
d089c7,
c878a2,
da86a8,
db86a6,
da87a7,
d281a0,
bb6684,
ba6d8b,
fbb8d3,
f9b7d1,
f8b7d0,
f7b6ce,
f8b7d0,
f7b8d0,
f4b7d2,
d8a2be,
f6bbd6,
f7bbd5,
f8bbd5,
f9bcd6,
f9bcd6,
fabed5,
fabed8,
f2b3cd,
da96ae,
d794aa,
efaec3,
f5bacf,
fabed4,
e7a8bd,
d692a7,
d99aae,
e1a3b6,
e9aebf,
e9b5c7,
ecb9cc,
eebbcf,
edbdd1,
ebbdd1,
e7bcce,
e8bfce,
ecc4d2,
f0c8d7,
efc7d6,
edc8d4,
e9c7d7,
f3d4e6,
f2d2e4,
fcdbeb,
fcdeec,
fddfed,
fedfed,
fedfee,
f4d4e1,
f7d7e3,
f7d7e3,
f7d8e5,
f5d7e2,
f9dde9,
f9deea,
f7dee9,
f5dce7,
ffe6f1,
ffe6f2,
fbe5f3,
f3dfed,
fee7f5,
ffe9f5,
fae8f5,
fae7f2,
fcebf5,
fbecf6,
f9ebf6,
f9eaf2,
e3d5dd,
f2e2ea,
fcebf1,
fdebf2,
ffebf1,
ffeaf0,
ffe9f0,
fee7ef,
fae5ed,
f4e1ea,
f3e5ee,
ebe0f2,
cecbea,
d0d6f5,
d4d7f4,
d6d9f4,
d9daf5,
d8daf4,
dfd9ee,
fae6f7,
f9e5f2,
f8e4f2,
f6e2f3,
efdbe9,
ead7e5,
fae7f6,
f7e2f2,
fde4f4,
f8e1f1,
fee4f9,
e4c6e7,
ddc0df,
f0d4f0,
fee0fb,
fde3fb,
efcff6,
ddb7ec,
dcb5ea,
d8b1e8,
d5aee5,
d6ade3,
d6abe4,
d5aae2,
d4aae3,
d5aae3,
d6ace3,
d6ace2,
d5ace4,
d5ade5,
d5aee6,
d4aee6,
d3aee6,
d2aee6,
d4afe3,
d4afe2,
d2afe2,
d2afe2,
d5b0e3,
d4afe2,
d4afe2,
d3afe2,
d2afe2,
d2afe2,
d2afe2,
d2afe2,
d2b0e3,
d2b2e5,
d2b2e7,
d3b2e9,
d3b2e6,
d2b2e5,
d2b1e5,
d2b1e5,
d3b1e4,
d2b1e4,
d2b0e4,
d3b0e5,
d3b0e5,
d3b0e3,
d3b0e3,
d3b3e6,
d4b4e7,
d4b6e7,
d4b7e7,
d4b7e7,
d5b7e7,
d5b7e6,
d4b6e5,
d2b5e5,
d3b6e6,
d3b6e6,
d4b7e7,
d3b8e7,
d3b8e7,
d2baea,
d3bcec,
d3beed,
d3bfee,
d5bfed,
d5bfed,
d2bdec,
d3bdeb,
d3bdea,
d3bdea,
d3bdea,
d3bdea,
d3beec,
d3c0ed,
d5bfed,
d5bfed,
d5bfee,
d4c0f0,
d4c0f0,
d5c2ed,
d4c2ed,
d4c1ec,
d4c1ee,
d3c1ee,
d2c1ee,
d4c2ef,
d5c2ef,
d5c1f0,
d5c1f1,
d3c2ef,
d3c2ef,
d4c3f2,
d4c3f2,
d3c3f2,
d5c3f1,
d7c4f1,
d7c4f1,
d8c5f2,
d9c5f2,
d8c6f3,
d8c7f4,
d9c7f3,
d9c7f3,
d8c5f3,
d4c2f3,
d3bfef,
d1bfee,
d4c0f0,
d6c2f1,
d7c3ef,
d8c4ef,
d7c4f0,
d8c4f2,
d8c5f0,
d6c6ef,
d6c6ef,
d3c5ee,
d3c5f0,
d0c5ed,
d0c5ed,
d0c5ed,
d0c5ed,
d0c5ed,
cec5eb,
cec6eb,
cbc6eb,
c9c7ec,
cac9ed,
cbcbee,
cbccf0,
cdcdee,
ceceee,
cecded,
cfceee,
cac8ec,
c4c1e6,
c9c7e8,
cac8e9,
c0c0e3,
c6caec,
c7ccef,
c6c2e8,
baa8d5,
bba1d0,
c0a5d1,
c2a6d4,
b89bcb,
b699c9,
b99bcd,
bda1d4,
c7aee1,
cfbaeb,
d1c1ef,
c8b5e5,
bc9ed2,
b998cd,
b899ce,
c0a4d8,
ccb9ea,
d3c6f3,
d5cbf7,
d6ccf8,
d9ccf9,
d5c0f1,
c6abdf,
c3a5da,
c3a5d8,
c3a4d6,
dc93e5,
de94e8,
dd93e8,
dc93e8,
da92e8,
d990e7,
da93e7,
d992e4,
d58edf,
d58dde,
d68dde,
d48cdc,
d48cdc,
d893dc,
e09fe1,
cd90d6,
ce97dd,
d5a3e6,
ca97dc,
ce98df,
daa2e9,
d99be5,
d592df,
d48fde,
d192e3,
cd98e9,
c99cea,
c59deb,
c49eea,
c19de7,
bd93de,
c18fd9,
c990dc,
c58cd8,
c68ad6,
ca91df,
cf92e1,
cc8ad9,
cd88d9,
ce88d9,
cf88da,
d08adc,
d18bda,
d188cf,
c879aa,
d785a5,
d785a3,
da86a4,
d785a5,
d384a4,
b96886,
e5a3bf,
f8b6d1,
f7b6d0,
f7b6cf,
f7b6ce,
f6b6cf,
f5b6ce,
f6b6cf,
f2b6d1,
eab0ca,
f7bad5,
f7bad5,
f7bbd5,
f8bcd6,
f8bcd6,
fabdd7,
fcbfd9,
d995ad,
d591a7,
df9cb1,
f2b4c8,
f1b7ca,
f6bdd0,
dfa0b4,
dc9bae,
dfa2b4,
e3a9bb,
e6afc2,
eab6c8,
eabacc,
ecbcce,
eebdd0,
ecc0d1,
edc2cf,
eec4d1,
edc3d1,
ebc6d4,
edc5d4,
e9c6d7,
f4d1e3,
eccedf,
fcd9eb,
fddbea,
fad7e6,
f7d6e4,
f8d5e4,
f6d3e1,
f3d1dd,
f9d8e3,
f8dae2,
f9dbe7,
f9dde9,
eed7e5,
e3cdde,
fae4f6,
f2ddef,
ebd5e8,
f6e1f0,
fde8f5,
fee9f7,
f4e3f0,
f2e2ec,
fdebf6,
feecf7,
fbebf6,
faebf5,
f7e7ef,
d6c7d3,
d3c3d0,
f0dfe9,
f4e3ec,
f5e4ec,
f6e7ef,
f1e5ed,
f5e8ef,
faeaf4,
fdecf6,
fae7f3,
eddcec,
d4c9e6,
c2bce2,
c8c4e4,
ccc8e6,
cfcae7,
d9d4eb,
e7d8ea,
fde6f3,
fee9f3,
fee9f4,
fee9f8,
fee9f8,
feeaf8,
f5e4f3,
f6e2f2,
fae4f3,
f6deee,
f4dbee,
f0d6ea,
fae1f4,
fde3f7,
fde0fa,
ebcbf1,
d7b5e8,
d8b6ed,
ddb8f0,
ddb7f1,
d9b3eb,
d6b0e7,
d6ade7,
d6ade8,
d7aee9,
d8afea,
d8afea,
d8afe7,
d8b0e8,
d6b0e8,
d7b0e8,
d7b0e6,
d8b1e8,
d8b2e8,
d5b1e8,
d6b2e8,
d6b2e8,
d6b0e7,
d6b0e5,
d5b0e5,
d4b0e6,
d3b0e3,
d2afe2,
cfafe2,
d0aee3,
d1ade1,
d1ade4,
d2aee6,
d3b0e6,
d5b4ea,
d1ade3,
d1abe2,
d0ace2,
d0ace2,
d2ace4,
d3ace3,
d4ade1,
d3ace3,
d3ace4,
d2ade3,
d3aee3,
d3aee4,
d4afe5,
d3b1e5,
d2b3e5,
d3b4e6,
d5b5e7,
d6b6e7,
d4b6e9,
d2b5e8,
d3b3e9,
d3b3e9,
d6b7e9,
d4b7e9,
d3b8e9,
d3b9ea,
d3bbeb,
d2bbed,
d1bcee,
d2bded,
d2bdec,
d1bbee,
d0bbee,
cfbbee,
d0bbee,
d0bbee,
d0bcec,
d1bded,
d0beed,
d2bfec,
d3bfee,
d4c0ef,
d4c0f0,
d3c0f0,
d2c0f0,
d4c0f0,
d3bfef,
d3bff0,
d3bfef,
d3c0ef,
d3c0ef,
d4c0ef,
d3c0f0,
d2c0f0,
d2c0ef,
d2c0ef,
d0c0ef,
d0c0f0,
d1c0f0,
d6c3f3,
d8c4f2,
dac4f2,
dac4f2,
dbc4f3,
d9c3f4,
d7c3f4,
d7c2f3,
d6c1f2,
d1bcee,
cdbaee,
cebaec,
cfbceb,
d0bfec,
d1bfed,
d4c2f0,
d5c3f0,
d5c3f0,
d4c2ef,
d3c3ef,
d2c3ee,
d2c3ee,
d2c3ef,
d0c3ef,
cfc3ed,
cec4eb,
cdc4eb,
cdc4eb,
cbc4eb,
cac4eb,
c9c4eb,
c9c5ea,
cac7ec,
c9c9ed,
c9caee,
c9caee,
caccee,
caccee,
c9ccec,
c8ccee,
c7ccee,
c6ccee,
c5cbed,
c6cbec,
c4c9eb,
c3c9ea,
c0c4ea,
c6c5eb,
c5bae2,
beaad5,
c1acd6,
c0aad5,
bba4d1,
bba2d1,
b8a0d0,
bda5d6,
cbb7e8,
c5b7e8,
c9bbec,
cbbff0,
c3ade1,
ba9bd1,
b698cc,
bca0d3,
d4bef0,
d8c9f8,
d6c9f6,
d7c9f5,
d6c4f0,
d3baea,
d1b6e8,
ceb1e3,
c5a7db,
c3a3d6,
d990e0,
da8ee0,
dc8fde,
da8fdf,
df97e8,
e59ff0,
d58fe1,
d58fe0,
d58ddd,
d68dde,
d88ede,
d78ede,
d78fde,
e19fe2,
ebaee7,
d89ddb,
e6a8e7,
e1a4e3,
e0a5e9,
d590de,
d68cdb,
d88fdc,
d88edd,
d88fe0,
d690e3,
d192e3,
d196e6,
cb9ae7,
c69ce9,
c19eea,
bb9fe9,
bb9ee6,
b696df,
cba5ec,
e0adf8,
ce8fde,
c280cf,
c27dcb,
c87fce,
c87fcf,
c780d3,
c781d1,
cc89d2,
c57db3,
d381a5,
c16d8b,
d986a5,
cf7b9b,
d783a3,
d685a5,
cc819f,
f8b8d2,
f8b6d0,
f6b5cf,
f5b5cd,
f6b5ce,
f5b5ce,
f4b5ce,
f5b5cd,
f6b5cf,
e5abc7,
f5b9d3,
f8bad4,
f7bad4,
f7bbd5,
f7bcd6,
f9bcd6,
fabed8,
e7a4be,
dc96ac,
dd99ac,
eaabbf,
ecb4c6,
f1bacd,
f1b9cc,
d69bae,
dda1b4,
e1a6b9,
e1aabd,
e6b1c3,
e7b7c9,
ebbbcd,
eebdd0,
ecc0d1,
ebc1cf,
eec6d3,
efc8d5,
ecc6d3,
ecc5d3,
f0ccdc,
e3c2d4,
e8c9da,
fcdaeb,
f8d6e5,
fad7e6,
f9d5e4,
f8d4e2,
f5d0de,
f0d0da,
eaccda,
f7dce9,
ead8ea,
d5cae0,
d2cde7,
d3cdf0,
bab1db,
c5b4dc,
f0ddef,
fcebf4,
feebf6,
edd9e8,
f3e0ef,
fdebf7,
ffecf7,
f8e6f1,
fcedf7,
faeaf4,
f7e6ef,
d4c3d0,
c5b2c0,
dac7d2,
d7c5d0,
eedde8,
f5e8f2,
f0e3eb,
f6e7ef,
feedf6,
fdedf8,
feecf6,
fdecf5,
fbecf9,
fbebfc,
eddded,
f3e4f1,
f7e6f3,
f8e7f8,
f9e8f7,
ead9e5,
f1ddea,
fbe5f4,
fde6f6,
fde7f7,
fce7f8,
f5e7fb,
eddff1,
f6e0f1,
f7dfef,
fbe1f2,
fce2f3,
fde5f7,
f6dbf6,
dfc0ed,
e1bfef,
dab8ed,
d3b3eb,
d5b3ed,
d8b4ed,
d8b4eb,
d7b1eb,
d7b0ed,
dab1ed,
ddb3ef,
ddb3ef,
deb4ef,
ddb5ef,
deb7f0,
dcb6f0,
dab4ed,
dab4ec,
dbb4ec,
dbb4ec,
dab4ed,
dab4ec,
dab4ec,
dab4ed,
d6b2e9,
d6b2e8,
d7b1e9,
d4b0e6,
d2afe5,
d2ace6,
d0aae2,
d0a9e0,
cfa8e1,
cfa6e0,
d3aae4,
d4ace4,
cea3de,
cea3dd,
cba3dc,
cba3dc,
cea5de,
d0a5de,
d3a7df,
d3a7e0,
d4a7e2,
d2a9e1,
d2aae1,
d2aae2,
d3ace3,
d6afe6,
d6b1e7,
d7b3e9,
d8b3e9,
d8b5ea,
d8b6ec,
d5b4ea,
d4b2ea,
d3b2e9,
d6b3e9,
d5b6eb,
d5b6eb,
d4b8eb,
d2b9ed,
d1b8ee,
d0b9ef,
d1baed,
d1baec,
ceb9ec,
cfb9ed,
ceb9ed,
cdb9ed,
cdbaed,
cfbaed,
cfbaed,
cdbbed,
d1bceb,
d2beed,
d3beee,
d3bff0,
d2bfef,
d2bfef,
d2bff0,
d1bdef,
d0bef0,
d1beef,
d2bdee,
d1bdef,
d2bdef,
d3bff1,
d3bff1,
d2bff1,
d3bff1,
d1c0f1,
d1bff1,
d5c0ef,
d6c2f1,
d8c4f3,
dac4f2,
d8c2f0,
d4c0ef,
d1bdef,
cebaec,
cbb8eb,
cbb7ea,
ccb7eb,
ccb7ed,
ccb8eb,
cfbbec,
d0bdeb,
d2beeb,
d6c2ef,
d8c4f1,
d7c3f0,
d4c2f0,
d1c1f0,
d0c2ec,
cfc2ec,
d0c2ee,
cec2ee,
cfc3ee,
cec3ec,
cdc4eb,
ccc4eb,
cbc4eb,
cbc5ed,
cbc6ef,
ccc6ed,
ccc7ed,
cac9ed,
c9caef,
c9caef,
cacaed,
cacaec,
c8ccec,
c9ccee,
c8cdee,
c8cdee,
cacef0,
cbcff1,
cdd0f0,
ced2f2,
cfd1f4,
d1d1f5,
d3cdf2,
cebce6,
c6b0dd,
cbb6e0,
d7c2ee,
dbc6f2,
c8b5e3,
c1acdc,
d5c0ef,
d1c1f1,
cebbed,
ccbced,
cbb3e6,
b99bd1,
b797cc,
b89bcd,
c1a8da,
c9b5e4,
ccb3e2,
ceb1dd,
cbadda,
ccaddc,
d4b5e4,
d4b5e4,
c9abdb,
c4a4d5,
d68ad4,
d286cd,
d286ca,
d18ccd,
e0a9e5,
e0a8e5,
dba3e4,
d798df,
d088d8,
d68edc,
d58fdc,
d38dda,
d48ed8,
d292d5,
e8aee9,
e0a5e3,
e5a8e6,
e1a2e2,
e09fe6,
d892e1,
d78edd,
d890de,
d78ede,
db93e0,
e099e7,
d591e0,
d592e2,
d496e5,
cf99e8,
c99cea,
c4a0ed,
bfa1ed,
b497e3,
b592dd,
c397e2,
c898e4,
c897df,
d098e0,
cc8ad7,
c781d0,
c984d5,
cf8fdb,
d496d1,
c87fa6,
c67291,
cd7896,
da86a6,
c16e8e,
d182a0,
d383a2,
dc92af,
f7b5cf,
f5b4ce,
f4b4cd,
f4b4cc,
f6b5cc,
f6b5cd,
f6b5cd,
f5b6cc,
f4b5cd,
f0b2cc,
dba1bb,
f6bad4,
f6bad4,
f5b9d3,
f5bad4,
f6bbd5,
f7bdd7,
f1b0ca,
da95ac,
d994a9,
e8a7bc,
e9aec1,
e9b1c2,
f7bdd0,
eeb1c4,
da9eb1,
dfa6b9,
e2a9bc,
e6b0c1,
e8b6c8,
ecbbcc,
f1c0d1,
eec3d2,
efc5d4,
efc6d7,
efc7d4,
eec7d3,
e9c2cf,
ebc6d6,
e4c6d8,
f5d6e7,
dfc2d3,
fad8e7,
f6d4e3,
f8d5e4,
fbd8e6,
f8d5e3,
f6d4e1,
f3d4e0,
e5cfe1,
d8cfe6,
cbcbe8,
c8cdec,
b5b5e4,
afabd9,
d8cdea,
fae9f6,
fbe8f3,
ebd2df,
e5d0dc,
fdecf8,
fdecf8,
f9e8f4,
f3e0ec,
fdeaf6,
f9e7f1,
f7e6ef,
dbcdd8,
d9c8d3,
e9d6e0,
f4e2ec,
f6e6f1,
f7e8f2,
fdedf6,
feedf7,
ffeef7,
fcebf5,
f8e7f2,
f8e7f2,
feedf8,
ffedfa,
f2e1ef,
fdebf5,
fbeaf2,
f4e1f1,
ffebf8,
fbe7f3,
fbe6f1,
f2deea,
edd7e5,
e9d4e7,
cfc0e0,
d9d1f2,
dbd6ef,
e6d8ee,
f4ddf0,
f8dff1,
fae1f2,
f1d8ef,
e8ceec,
e4c7ee,
e1c0f0,
e5c0f6,
e2bef5,
e0bcf5,
d9b5ef,
d9b2ec,
dab2ed,
dbb1ee,
dcb2ee,
deb1ef,
ddb1ef,
ddb1ee,
dbb2ee,
dcb4ee,
dab4ef,
d9b4ee,
dab2ed,
dab3ec,
dab3ec,
dab3ec,
dbb5ed,
d9b5ef,
d9b5ef,
dab4ec,
d9b3eb,
d9b3eb,
d8b3eb,
d8b3ea,
d8b0e8,
d6aee6,
d3abe4,
d1a7e2,
d0a4de,
cea2dd,
cca0db,
cb9fda,
ca9fda,
cc9fda,
cc9fda,
cca0dd,
cda1dc,
d1a1dc,
d2a3dd,
d5a6e0,
d2a7e2,
d3a8e3,
d3aae3,
d5aae4,
d5ace5,
d5ace5,
d6aee8,
d6b0e8,
d9b2ea,
d9b5eb,
d5b0ea,
d4afe9,
d3afe8,
d3b0e9,
d6b4eb,
d8b6ed,
d8b8ee,
d4b8ee,
d2b7ef,
cfb7ed,
cfb6ec,
cfb6ec,
ccb4ec,
ccb3ed,
ccb3eb,
cdb5eb,
cfb7ec,
cfb7ed,
d0b8ee,
cfb9ec,
d1baeb,
d0baec,
d1bbed,
d2bbed,
d2bbed,
d2bbed,
cfbaef,
d0b9ef,
d0baee,
d1baef,
d3bbf0,
d4bdf1,
d5bff3,
d7c0f3,
d8c1f3,
d8c1f3,
d8c2f4,
d7c0f2,
d3bdf0,
d2bbec,
d2bced,
d3beee,
d5bfed,
d2bded,
cebced,
cebaee,
ceb8ed,
ceb8ec,
cfb9ea,
cfb9eb,
cfb9ed,
cfbbed,
d3bdef,
d6c0ef,
dac3f0,
dbc5f4,
dbc4f4,
d8c1f2,
d4bfef,
d0bfed,
ccbfed,
cbbeec,
ccbfee,
cbbfee,
ccc1ef,
cec4ee,
cdc6ec,
d0c6ef,
d2c6f0,
d0c6f1,
cfc7f0,
cfc7f0,
cec8ef,
cdc9ee,
cbc8f0,
cbc9ef,
cccaed,
cdcbee,
cdcdf0,
d2cff1,
d7d3f3,
d9d4f4,
d8d3f4,
d7d3f4,
d4d2f3,
cdc9ec,
ccc2e9,
cabce4,
cab5df,
cab0da,
ccafdb,
ceb1db,
cfb4df,
d2b8e3,
cfb7e2,
cfb5e0,
d2bae7,
ceb8e5,
cab0de,
c8aadb,
c4a3d5,
bf9bce,
c19bce,
c29ed0,
c5a4d6,
c9a8da,
cca8db,
cba7da,
c9a7d6,
c9a5d6,
cca8d6,
cba8d7,
caa8d6,
c6a6d3,
d686d2,
d383cc,
ce81c5,
cd83c5,
d996d7,
e0a2e0,
da9ddb,
e7a4e8,
da92de,
da95e0,
d592da,
ce8dd4,
ce8dd3,
d192d6,
d698dd,
d494da,
df9fe3,
db99e0,
dc97e2,
dc94e2,
dd95e3,
e09be4,
de9be2,
df9de4,
e5a1e9,
db99e4,
d999e4,
d695e4,
d199e5,
ce9ae8,
c79eec,
c2a3ef,
c1a6f1,
c1a3ed,
bd98e2,
b891dd,
c19be1,
d2aff4,
deb3f8,
d397e2,
db9ee7,
d899dd,
c57cad,
c87b9f,
ba6784,
da85a1,
d884a2,
b56381,
cf819f,
ce82a0,
da92ad,
f6b5cd,
f4b3cb,
f3b3cc,
f3b2cb,
f5b3cb,
f7b4cd,
f6b5cd,
f5b5cb,
f5b5cd,
f5b5ce,
e5aac4,
e7acc6,
f5b9d3,
f5b8d2,
f6b9d3,
f6bad3,
f6bdd6,
f4b4ce,
e39fb7,
da97ad,
d997ad,
e8acc0,
e5acbf,
e9b0c2,
f3b8cc,
e8acc0,
dea3b7,
e3aabd,
e6afc2,
eab6c9,
efbdcf,
f1c1d3,
efc2d4,
f0c4d3,
f0c6d5,
f0c7d5,
efc7d3,
ecc3ce,
ebc5d5,
f1cfdf,
f2cfdf,
edd1df,
f6d4e4,
fddeeb,
f8d9e7,
f6d5e4,
f4d3e1,
f4d2e2,
f4d5e2,
edd6e8,
d1c9e2,
c8cbe8,
c6cced,
c6cdec,
d2d0ed,
f5e6f7,
f8e0ed,
e6c8d2,
e4c9d2,
fae8f3,
fdebf8,
fdeaf8,
e2cedb,
efdbe7,
feebf6,
fae7f1,
f4e2ed,
e6d6e4,
ddccd8,
ead8e1,
edd9e3,
ecd9e3,
e9d6e2,
edd8e5,
f2dde9,
ecd6e1,
f0dae5,
f2dfea,
feecf7,
ffecf8,
fbe7f5,
eadae6,
faebf5,
fcecf6,
e5d2e1,
f7e5f2,
fbe8f5,
fbe5f1,
fde5f2,
fce4f1,
f1ddea,
cec0df,
d6cdf1,
ded7f3,
e4d8ed,
ecd8ea,
edd9e9,
f0dcec,
fee5f6,
fee6f8,
fee5fa,
f0d3f5,
d8b4eb,
dbb6f0,
deb9f3,
dbb6f1,
dab3ee,
d8b1ee,
d9b1ef,
dbb1ef,
dcb0ee,
d9b0ee,
d9b3f0,
dcb9f3,
d5b4ed,
dcbff5,
d8b6f0,
d7b0ee,
d8b1ed,
d8b1ee,
d8b3ee,
d9b4ee,
dab6ef,
dab7f1,
d9b6ee,
dab5ee,
dbb5ee,
dab5ef,
dab5ef,
dbb5ef,
dab4ed,
d9b3ed,
d7b0ea,
d8aee8,
d5abe5,
d0a7e1,
cea7e2,
d0a9e4,
cba1de,
ca9edc,
c99edc,
cc9fdc,
d09fdb,
d09fdb,
d9a9e4,
dcafeb,
deb1ec,
e0b3ee,
deb1ed,
daafeb,
d8ade9,
d6ace8,
d8ace9,
dbb0eb,
d8afe9,
d3a9e5,
d2a9e7,
d3abe8,
d5aeea,
dab2ed,
dcb6f0,
dab6f0,
d7b3f0,
d2b0ec,
ceafe9,
cfb1e9,
ccb1e9,
cdaeeb,
cdafe9,
cdafe8,
cfb3ea,
cfb4eb,
d0b5ec,
d1b5ec,
d3b5ea,
d0b4e9,
cfb4e9,
cfb5eb,
ceb5ec,
cfb6eb,
d0b7ec,
cfb7ed,
d0b7ee,
d2b7ef,
d3b8ee,
d4b8ef,
d3b7ed,
d2b7ec,
d2b7eb,
d1b7eb,
d1b8eb,
d0b9ec,
d2b8ec,
d2b8ec,
d2b8ec,
d3b9ec,
d3b9ed,
d3baec,
d3b9ec,
d2baec,
d3b9ed,
d4b9ed,
d4baed,
d3baec,
d3bbed,
d4baef,
d3bcef,
d3bcf0,
d2bced,
d0bbec,
d0baee,
d0b9ed,
d1baed,
d2bdef,
d1beee,
cdbdec,
ccbdec,
cbbded,
cfc0ef,
d4c4f2,
d7c8f4,
d7c9f4,
d7c6f4,
d4c5f1,
d3c5f2,
d1c6f3,
d1c4f1,
d0c4ef,
cfc5ee,
cbc4ed,
c8c2e9,
c6c0e6,
c5bfe5,
c7c0e6,
cbc3e8,
ccc3e8,
cbbde3,
c6b7db,
c6b7dc,
c2b6dd,
c1b7de,
c7b9e2,
ccb9e3,
ccb5df,
cbb0da,
c9acd8,
c9abd7,
c7acd8,
c8add8,
c8add6,
c6abd5,
c2a9d5,
c1a7d4,
c4a8d5,
c4a6d4,
c5a5d3,
c6a4d4,
c8a5d6,
cca9da,
cfaedf,
cfb0e1,
ccadde,
caaddc,
caaddb,
c9abda,
c9acd9,
c8acdb,
caacdb,
caafde,
d685d2,
d383cf,
d182ca,
d282cb,
d283ce,
d385d2,
d285d2,
d488d4,
d086d4,
d995db,
d69ad4,
dca3da,
e2a8e2,
d697dc,
d090db,
d897e0,
ebaaec,
e3a1e7,
e19ae5,
e199e3,
dd96e0,
e09de3,
e7aaea,
e0a4e6,
dd9edf,
e4a4e5,
e8a9eb,
db9be4,
d69be4,
d097e4,
ca9ae8,
c5a0ec,
c2a4ee,
c1a7ee,
c3a6ee,
bf9de7,
bc96e0,
be90dc,
cc98e2,
d297de,
daa2e1,
d392c9,
c77da7,
c4789b,
c2708d,
d584a0,
cd7b98,
b46381,
cd7f9d,
ce819f,
d08ba5,
f5b3cb,
f5b3cb,
f2b3cb,
f2b2ca,
f3b2ca,
f4b3cb,
f5b4cb,
f5b4cc,
f5b4cc,
f5b4cc,
f0b2ca,
dfa6be,
f5b8d2,
f5b8d2,
f4b8d2,
f4bad2,
f4bbd2,
f8b8d2,
e7a1ba,
e29db4,
db97ae,
e0a1b6,
e8aec4,
ebb0c5,
ebb1c5,
efb5c9,
e4a9bc,
e2a8ba,
e6aec0,
ebb3c4,
ecb7c9,
f3c3d5,
eec2d4,
f0c3d4,
f1c6d5,
f1c7d6,
eec8d3,
ebc7d0,
efc9d8,
f2ccdc,
f8d2e2,
f8d4e3,
eaccdc,
fcdbea,
f9d6e5,
f6d4e3,
f5d2e2,
f5d1e1,
f2d2df,
edd2e1,
d4c6e2,
c6c5e4,
c5c5e7,
c1c0e4,
cdbeda,
e6ccdf,
e5c7d3,
ebcdd6,
efd7df,
fde9f5,
f9e6f4,
ebd7e4,
eedae7,
f9e5f0,
feeaf3,
f8e4ef,
f1deea,
f1dfed,
d9c8d5,
ead8e2,
edd8e2,
ecd8e1,
d9c4d1,
e5cdda,
f0d6e1,
f1d6e2,
efd8e4,
fbe8f5,
ffedf9,
fde7f6,
d5bbcd,
e4d1de,
fbecf8,
f8e8f3,
ebd7e3,
ecd8e5,
f6e2ef,
fde6f2,
fee4f1,
fde4f3,
f5e1f1,
f4e1f3,
e1cde6,
e7d6ec,
eedaec,
f1daf0,
f9e2f4,
f6dff3,
ecd1ed,
e7c9ea,
eaccea,
fce1f7,
f1d4f3,
d4aee9,
d4adec,
d5aded,
d3adef,
d2adef,
d2aeef,
d4aff0,
d6b0ee,
d6b4f0,
d9bcf5,
d9c0f6,
d0b7ef,
d8c4f5,
d6b9f2,
d4aced,
d4acec,
d6aeed,
d7b1ef,
d8b5f1,
dbbaf4,
dfbff9,
ddbff7,
ddbcf5,
dcb7f1,
d9b5f0,
d8b4f0,
d9b6ef,
d9b5ef,
dab6ef,
dab6f0,
dcb7f1,
ddb8f2,
dbb7f1,
d8baf3,
d9bcf5,
d5b1ee,
d2a9e8,
cea4e3,
cfa0e0,
cf9fdd,
cb9dd9,
cc9fdc,
d0a2e0,
d1a4e1,
cfa5e3,
d0a6e4,
d1a5e6,
d2a6e3,
d2a5e4,
d4a7e6,
d5a9e6,
d1a5e3,
d0a4e3,
d1a5e6,
d1a7e7,
d4aae9,
d5aae8,
d3a9e6,
d0a8e6,
cea7e6,
cca7e5,
cca7e5,
ceaae6,
cdace6,
ceabe7,
cdade7,
d1b0e9,
d2b3ec,
d3b3ec,
d0b0e9,
d1b0e9,
d0aee8,
ceade5,
ceace5,
ceade6,
ceaee9,
cfb0e8,
d1b4e9,
d4b5eb,
d6b6eb,
d7b5ec,
d5b3e9,
d4b2e8,
d2b2e8,
d1b3e9,
d1b3e7,
cdb2e7,
ccb2e7,
ccb2e6,
ceb1e6,
d2b3ea,
d5b6ed,
d5b8ee,
d5b8ee,
d4b8ec,
d5b8ec,
d8b9ec,
dab9ed,
d8b9ed,
d9baef,
d7baef,
d8bbef,
d8bbf0,
d6bbf0,
d4bbf0,
d0b9ed,
cfb8eb,
cdb8ec,
d0b8ec,
d4baee,
d3bbef,
d6bff1,
dbc4f4,
dbc4f4,
dac5f4,
dcc5f5,
dec5f5,
dac3f4,
d9c2f2,
d8c1f1,
d5c1f1,
d4c1f2,
d4c1f3,
d3bfef,
d3bfee,
d0bdec,
cdbcec,
cbbceb,
cebdec,
d0beeb,
d3c2ee,
d4c5f1,
d3c5f1,
d1c1ed,
cbbae4,
cab9e3,
cfc0ec,
d0c7f2,
d1cbf6,
d4caf6,
d2c7f1,
cdc0ea,
cebce7,
d0b9e5,
d0bae7,
d1bbe7,
d2b9e6,
d0b7e2,
c9b3df,
cdb6e3,
d1bbea,
d0bde9,
cfbde9,
d1beeb,
d1beec,
d1bfed,
d1c0f0,
d1c2f1,
cdc0ed,
c9beec,
cabfed,
ccc0ef,
ccbfee,
ccbff0,
cdc1f1,
cfc5f5,
d783d5,
d682d3,
d681d3,
d580d4,
d180d3,
d181d3,
d282d3,
d384d4,
d794db,
dfa5e0,
e4aee2,
dca6db,
dca2db,
e2a4e3,
d494d9,
dc9ee0,
e8a5ec,
e096e3,
db8ddc,
dd91e1,
db93e0,
de98e2,
e19be3,
da96df,
dd98df,
de99e0,
df96e0,
d992dd,
d697dd,
d499df,
d097e0,
cd9ae5,
c8a1ec,
c2a5ee,
c0a6ee,
bfa5ec,
c0a1ea,
c09be4,
c190da,
c78ed6,
ce94d1,
bc77a6,
c17da9,
cc80a7,
c87897,
d2829f,
c47290,
ba6886,
cc7d9b,
ce809f,
c7809d,
f3b4cd,
f3b2ca,
f3b2ca,
f2b2ca,
f2b2ca,
f3b2ca,
f3b2cb,
f4b3cb,
f5b4cc,
f4b3cb,
f1b3cb,
dfa5bc,
f2b7d1,
f6b8d2,
f4b8d1,
f4b8d0,
f6bad2,
fabbd3,
e8a2bb,
e59fb7,
e19cb4,
df9eb4,
e9adc2,
eab1c6,
e8b1c7,
ecb5c8,
f2bccf,
d9a1b3,
e5adbd,
e9b4c3,
eab7c7,
f1c0d2,
f1c4d5,
efc2d4,
f0c5d6,
f1c6d6,
f0c8d6,
efc9d5,
edc8d6,
edc8d7,
f7d3e2,
fad6e5,
e1c3d3,
f1d0df,
f5d1df,
f4d2e1,
f4d3e3,
f4d3e4,
eed0df,
f1d5e3,
f0d6e7,
e0c9e0,
cfb6d3,
ecd3eb,
f2d8e8,
ecd2e0,
fbe2ee,
f8deea,
efd9e2,
fae8f0,
f9e4ed,
fde9f4,
fdeaf5,
fdeaf5,
fbe8f3,
f6e2ee,
e8d7e4,
f3e2f0,
d4c2cf,
edd9e5,
ead8e4,
dbc8d4,
d6c1ce,
e9d3de,
edd6e0,
f0d7e3,
ecd8e5,
fceefb,
ffedf8,
d6bcca,
cfb5c3,
f6e5f1,
f2e0ee,
f4e1ef,
fae6f5,
edd8e7,
f1dbea,
fee7f2,
fde4f2,
fae4f1,
f9e2f3,
f0d8e9,
f4deeb,
f5dfee,
f6deee,
fce3f5,
e1c4eb,
e7cbed,
fee6fa,
fde4fa,
edcdf3,
d0abe3,
f6d6f6,
eac7f3,
d2a7eb,
d0a7ec,
cea8ec,
cea8ec,
cdaaee,
cdadf1,
ceaff2,
d0b4f4,
d7c0fc,
ceb4f0,
caadeb,
caadeb,
cdacec,
d3abec,
d5aaec,
d5aced,
dab4f3,
ddbcf8,
d9bdf8,
d9c0f9,
d7bff5,
dcc2f9,
dcbdf4,
d8baf1,
dabbf4,
d8baf3,
d8b8f3,
d7b6f2,
d8b6f2,
dbb9f2,
dbb9f3,
dcbaf4,
dbbdf8,
d7bbf7,
d7b9f5,
d9bbf7,
dbb9f6,
d8acea,
d8a9e8,
d4a6e2,
d0a3df,
cea3e0,
d3aae5,
d1aee9,
d6b3ed,
d0a7e4,
cda2e0,
cea3e0,
cfa3e2,
cfa2e3,
cfa2e4,
cfa2e3,
cfa2e4,
cfa3e4,
d0a4e5,
d0a3e4,
cfa2e4,
cea3e3,
cea4e3,
cfa5e4,
cda5e4,
cea7e6,
cea8e8,
cfa8e8,
d1ade9,
d6b2ea,
d6b3eb,
d6b2eb,
d2ace6,
cfabe4,
d1abe3,
d3ade5,
d2ade5,
d2aee6,
ceaee7,
d2b0e9,
d3b2e9,
d6b3e9,
d6b1e7,
d4ace5,
d2a9e3,
d3aae3,
d4aae3,
d2aae2,
cfabe2,
cdade5,
cbaee5,
ccaee5,
d1b0e6,
d4b3ea,
d8b4ed,
d9b5ee,
d9b6ee,
d9b6ec,
d9b7ec,
dab7ee,
dcb7ed,
dcb7ed,
dab9ef,
d9baf1,
dbbbf1,
dbbcf0,
d9bbf0,
d4baef,
d2b8ec,
d1b8ec,
d2b9ed,
d4baee,
d8bbf0,
d7bcee,
d8bcef,
ddbff3,
ddc1f3,
ddc2f3,
dec1f4,
dcc0f3,
dbbff2,
dabef1,
d9bef0,
dabef0,
dabef1,
dabef2,
d8bdf2,
d8bdf0,
d9bdf0,
d9bef2,
d9bef2,
d7bfef,
d6bfef,
d6c0f0,
d6c2f0,
d7c7f6,
d4c8fa,
cfc4f5,
cdc3f2,
ccc3f3,
c9c4f3,
c8c2f2,
cac2f1,
cac3f1,
cfc4f1,
cfc3f1,
d0c2ef,
cebfee,
cdbfee,
cebfee,
cfbff0,
d1c0f1,
d5c5f4,
d8c8f5,
d3c9f5,
cfc9f5,
cdc7f4,
ccc7f4,
d0c6f5,
cec6f5,
ccc6f4,
c9c6f4,
c7c5f4,
c7c5f4,
c7c5f4,
c8c6f4,
c9c7f5,
c9c8f6,
cacaf8,
d581d4,
d580d3,
d680d4,
d480d5,
d380d4,
d381d5,
d481d4,
d483d5,
d88fd9,
d394d3,
dca3db,
d59dd5,
dca2d8,
e3a6e1,
de9fde,
e6a1e9,
d588d6,
d789d9,
d789da,
d98cdc,
dc8fdf,
db8fdf,
da90de,
d990de,
dd93df,
de95e1,
dd93de,
d38cd6,
cc89d1,
c88ad0,
c78ad2,
c48ad4,
c392db,
c79fe9,
c4a5ee,
bfa4ed,
bea3eb,
bda0ea,
bf9de7,
c499df,
bd80ba,
c57daa,
c686bc,
b06591,
cf7e9e,
d2819e,
c06e8d,
c77694,
cc7c9a,
cf7f9e,
c87b99,
e09eb8,
f5b2ca,
f4b1ca,
f3b1c9,
f2b1c9,
f2b1c9,
f3aec6,
f4b1c8,
f4b3cb,
f3b3cb,
f1b3cb,
e9afc6,
e0a7c0,
f2b5cd,
f4b8d0,
f4b8d0,
f4b8d0,
f7bad2,
f2afc7,
e5a0b8,
e39eb6,
df9db4,
ebacc2,
ecb1c7,
ecb4c9,
ecb6ca,
eeb9cc,
f0bacc,
e4adbe,
e7b0c1,
e8b3c6,
e5b5c8,
ebbdcf,
ecc0d0,
eec3d3,
eec3d2,
efc5d4,
efc7d5,
ecc6d5,
eac6d4,
f2cedd,
f8d5e4,
eccbdc,
ebc8d7,
f4cfde,
f1cfdd,
efcfdd,
ebcbd8,
f2d2de,
f8d9e7,
f8dbe9,
f2d9e6,
edd4e0,
fbe2ec,
ecd5e0,
f6e2ee,
fee8f3,
fbe2ee,
f9e1ea,
edd5de,
efdae3,
fae9f3,
fae9f4,
fbeaf4,
f5e3ef,
f4dfed,
e6d2e4,
c6b5c8,
d6c3d3,
e9d9e7,
cdbecc,
d5c2cf,
e3d0dd,
ecd8e1,
efd8e2,
e5ccd9,
e3cfdc,
f0e1ef,
dac4d7,
dcbfd3,
edd2e1,
f3e2ed,
fbe9f5,
f0dde9,
feeaf8,
f2ddeb,
fce5f2,
fde6f2,
fbe3f1,
f2dceb,
f6deee,
fbe3f2,
fee6f6,
f8def1,
e6cee1,
fee6f5,
fee5f7,
debbe7,
d5b2e3,
e8caed,
f8dcf7,
f2d2f6,
d6ace8,
e0b4f0,
d5a8ee,
d2a8ed,
d0a9ee,
cfa9ee,
cda9f0,
ccaaf1,
cbacf3,
ccaef4,
cdb1f5,
c9aff0,
cbaeee,
cbaced,
ccabec,
d2abec,
d5aaeb,
d4aaeb,
d3acec,
d1aeec,
d2b5f1,
dac1f9,
d0b9ef,
d2b8ee,
d8bbf2,
dabdf3,
dbc0f7,
d9c1f9,
dbc1f9,
dbbef8,
d7baf4,
d7baf3,
d6b7f1,
d7b5ee,
d8b5f1,
d9b5f2,
dab7f4,
dab9f6,
debbf8,
deb6f5,
ddb4f3,
dab5f0,
dab6f0,
dbb7f3,
dcbcf3,
dabcf1,
dcbff4,
d5b4ea,
d2afea,
d3aee9,
cea5e4,
cca2e1,
cba2e3,
cca1e2,
cca1e4,
cda1e4,
cfa1e4,
cfa2e4,
cfa2e4,
cea3e4,
cea4e4,
cfa5e6,
cda5e6,
d0a6e8,
d2a9ea,
d6aeeb,
d5aeeb,
d5aee9,
d5afea,
d6b0eb,
d6aee8,
d7afe8,
d8b0e8,
ddb3eb,
deb4ed,
dcb3ed,
d7b3ed,
d5b1ec,
d4b2e8,
d8b3ea,
d7b0e8,
d3ade6,
d7ade7,
d7aee7,
d5abe3,
d2aae2,
d2ace5,
d3afe7,
d1b0e7,
d1b1e8,
d4b2e8,
d7b3ea,
d9b3ec,
dbb4ed,
dbb5ed,
dbb6eb,
dbb6eb,
dbb4ed,
dcb5ed,
ddb6ed,
dbb7f0,
dab9f0,
dcbaf1,
dbbbf0,
dabbf0,
d7baef,
d6baef,
d7baee,
d7baee,
d7baef,
dabbf0,
d9bcee,
dabbee,
dcbbf1,
ddbcf1,
dbbcf1,
dcbdf1,
dbbdf1,
dabdf1,
dbbdf0,
dabdf1,
dcbef0,
dbbdf2,
dbbdf2,
dbbcf4,
dbbcf2,
dbbcf1,
dabcf2,
d9bcf2,
d9bcef,
d7bcef,
d4bcf0,
d3bef0,
d1bff4,
cec0f7,
c7bff4,
c6bff1,
c6bff3,
c9c1f1,
cbc3f4,
cfc5f4,
d2c8f7,
d5cbf9,
cfc8f6,
cdc6f5,
c9bff0,
c9beef,
c9bff0,
cac0f1,
cbc1f3,
cec5f4,
d1c8f5,
d0c9f8,
cdc8f8,
cbc7f7,
cac7f7,
ccc5f7,
cbc5f8,
c9c6f7,
c9c6f6,
c7c5f5,
c7c5f5,
c7c5f4,
c8c7f5,
c9c7f5,
c8c8f6,
c9caf8,
d682d1,
d57fd1,
d37ed1,
d780d3,
d881d4,
d881d5,
d982d4,
d783d2,
cf80ce,
ce82cf,
d185ce,
d288d3,
d58cd9,
d287d8,
d787d9,
d789d9,
d585d5,
d585d7,
d487d8,
d68bda,
d98cde,
dc8cdf,
da8cde,
d98ee0,
dd92e4,
df96e5,
dc95df,
d691d9,
d392d8,
d293d9,
d294dc,
d297de,
ca90db,
c991dd,
ca98e2,
cb9fea,
c4a0ea,
c1a0ea,
bfa0e9,
c69ee2,
c07bae,
be7dab,
bf8cc7,
ad6591,
d1819f,
d0809c,
bf6d89,
d482a0,
ce7d9b,
cf7e9e,
cc7e9c,
bb748f,
f5b1cb,
f3b0c9,
f4b1c9,
f1afc5,
e7a2b6,
e39cac,
efa7bd,
f3b2ca,
f3b2ca,
f3b2c9,
e9abc2,
ecb0c7,
e8acc3,
f2b6cc,
f3b7cf,
f4b8cf,
f5b9d0,
fabad2,
eaa5bd,
e49fb7,
e19eb7,
e09eb6,
ebafc5,
e9b3c7,
ebb4c9,
ecb6cb,
ecb7ca,
ecb8c7,
dca8b8,
e4b1c2,
e4b2c4,
e4b5c6,
e7bbcd,
e9bece,
eabfd0,
ebc2d2,
edc6d3,
ecc6d5,
ecc7d6,
eecbd9,
f5d3e1,
f9d6e7,
d2b3c5,
f3d1e0,
f9d6e4,
f4d0dd,
f7d2e1,
f9d4e3,
fddae7,
f8dbea,
e8d4e1,
f4dde7,
f9e0eb,
ddc9d5,
c1afbe,
f7e4ef,
fee7f1,
fce5ee,
eed9e2,
f6e5ed,
f7e7f0,
fbecf6,
fcedfa,
e7d5e3,
f7e3ef,
fae5f5,
dbc9dc,
d0c2d2,
a89ca9,
b0a3b0,
e1d0db,
eed9e4,
f0d8e4,
f1d4e2,
c6aab7,
d8c5d1,
ceb8c6,
e7cedc,
f1d5e3,
f1d6e4,
f2dce9,
feeaf5,
fae5f1,
f8e3f0,
fae5ef,
fee7f2,
fce5f1,
f9e1f1,
f8deee,
fee3f1,
fee4f2,
fde5f8,
eed3ea,
e2c5e5,
f1d6ee,
fee6f4,
f3ddf4,
d0abe8,
d2a6e8,
d4a4e9,
e2b9ea,
e5b9ed,
d7a4e6,
d9a7eb,
d9a9ed,
d5aaed,
d5a9ed,
d6a8ec,
d4a7ef,
cfa8f0,
cca8f1,
caa9f0,
ccabef,
d0aef2,
cfaef2,
d1b1f1,
d7b5f3,
d4afef,
d2a9ea,
d3aae9,
cea8e9,
d1b3ef,
e2c9fe,
d7c0f4,
d1b8ee,
d6bcf2,
d8bcf2,
d9bff5,
d9bdf5,
d7bbf4,
dcc0f7,
dcc1f8,
dcbff6,
d6b5f2,
d6b0ee,
d6b0f0,
d7b1f3,
dab5f4,
dbb6f5,
dab7f5,
dcb8f7,
deb9f8,
dcbaf6,
dbbaf4,
d8bbf4,
d9bdf4,
dbbff5,
dcc2f8,
dac3f7,
dbc7fa,
dbc8fc,
d9c1f7,
d0b0ea,
d2b1e9,
cdaae5,
caa3e3,
cda1e4,
cea1e3,
cfa2e4,
cfa3e4,
d0a4e4,
d2a6e5,
d3a7e7,
d5ace9,
dbafec,
dcb3ef,
d8b1ec,
cfa8e3,
cca4df,
cda6e2,
d1a8e4,
d2a8e4,
d2a8e2,
d1a7e2,
d1a7e2,
d0a7e2,
d1a8e2,
cfabe4,
d3aee6,
d4b1e8,
d6b1ea,
d6b0ea,
d5b1e9,
d6b2e9,
d8b2ea,
d6afe7,
d2ade4,
d2aee6,
d3afe7,
d4b0e8,
d4b0e8,
d4b1e8,
d5b1e8,
d7b0ea,
d9b1eb,
dab2ea,
dcb2ec,
ddb2eb,
dbb3ed,
dab3ec,
dbb3ed,
dcb5ef,
dcb5f0,
dbb6ef,
dbb7ef,
dbb9ef,
dbbaef,
dbbaef,
dbbaf0,
dcb9ee,
dbbaf0,
dbbaf0,
dcb9ef,
dcb9ef,
dbbbf0,
dbbbf0,
d9bbf0,
dbbbf0,
dcbbf1,
dbbbf1,
d9bbf0,
dbbbf2,
dcbbf3,
dbbbf3,
dabbf3,
dabcf3,
dabbf3,
dabaf2,
d9baf2,
d9baf2,
d5bcf2,
d1bcf3,
cebef2,
cdbff3,
cec1f5,
cec4f7,
c7bef4,
c5bef3,
c6bef3,
c8bff4,
cec6f8,
d9cffa,
ddd2fe,
dad1ff,
d1ccf9,
cdc9f8,
c9c4f5,
c7c0f4,
c8c0f4,
cbc1f4,
cdc4f7,
d1c9f9,
d2cbfb,
d1cbfc,
ccc7f9,
cbc5f8,
c9c5f6,
cac6f6,
cbc4f8,
cbc4f8,
cbc4f8,
cbc4f6,
cac4f4,
cac6f4,
ccc7f7,
ccc9f6,
cccbf7,
cdccf6,
d28dd8,
d17ecd,
d17ecd,
d581d2,
d782d4,
d882d2,
d984d1,
d781cd,
d17ecb,
d280cd,
d583ce,
d987d5,
da88d7,
d887d9,
d885da,
d784d9,
d784d8,
d684d8,
d587da,
d88ddb,
db92e1,
da90df,
d78ddb,
dd93e0,
df96e3,
dd94e1,
d790db,
d691d9,
de9ce3,
e5a7ec,
dfa2e6,
e0a2e7,
e0a0e8,
dc9de5,
da9ee7,
d89fe8,
d1a0ea,
cba0ea,
c5a0e9,
c297d5,
cb80a7,
af7bb4,
be94d4,
b26b96,
cf809e,
d0809c,
c3718e,
d2809e,
d07e9c,
cf7e9c,
ce7e9b,
cc7f9b,
d891ab,
f4afc9,
eea8bf,
df99ab,
e098a8,
e398a7,
eba2b7,
f2b0c9,
f1b0c8,
f2b1c9,
e9acc1,
edb1c7,
e8acc2,
efb3c9,
f2b6ce,
f3b7d0,
f4b8cf,
f9b8d1,
f0acc4,
e59fb7,
e59eb7,
e29eb6,
e6a7bd,
e9b2c7,
e9b4c9,
eab5ca,
ebb7ca,
eab6c8,
ebb8c9,
e0aec0,
e2b1c4,
e3b5c7,
e6bbcc,
e2b8c7,
e9becd,
ecc2d1,
eac2cf,
ecc6d4,
ebc6d4,
edc8d6,
f3cfdf,
f8d5e4,
d1b4c5,
f5d3e3,
f0cddb,
f3cfdc,
edc9d5,
fad6e4,
fcdaeb,
f2d7e8,
fbe4f0,
f6dee8,
f9e0ea,
ecd6e0,
b19cac,
dfcad7,
f2dce7,
f2dbe6,
edd6e0,
e4d0d9,
f3e1ea,
fbebf5,
faebf8,
e8d8e4,
f8e4f0,
fae6f4,
dfcfdf,
9f92a1,
a498a5,
d5c8d3,
eddce3,
f2dce5,
f5dbe6,
e0c1d1,
b79cab,
f1dfee,
feeefc,
feedfa,
f8e3f0,
f6dde9,
efdae5,
f9e5f0,
fee7f3,
fae3ee,
fce6ef,
fde5f1,
fde4f1,
f8deec,
fde3ef,
fee5f0,
fce4f1,
f6ddf0,
edd3e8,
f0d3ed,
e9cee7,
fce4f3,
fae6f9,
dcbded,
d0a2e9,
d2a1e8,
d39fe9,
d19de4,
d29fe2,
d3a0e5,
d3a2e6,
d4a4e5,
d8a4e0,
dda3df,
dca4e7,
d8a5ea,
d4a5ee,
d2a5ee,
d0a7ef,
d3a9f3,
d5aaf3,
d3adf3,
d3b0f4,
d5b1f4,
cea8ec,
d1a8ed,
d5adee,
cea9e9,
cda9e9,
ccabe9,
d8b7f3,
d7b6ef,
d3b0ec,
d4b2f0,
d8b3f1,
d5b1ee,
d6b3ee,
d8b6f0,
d8b5f1,
d7b0f0,
d6adee,
d7aef1,
d8b0f4,
dbb2f5,
dbb3f5,
d9b3f6,
dab6f7,
dbb8f8,
dbb9f6,
dabaf4,
d9bbf4,
dcbff6,
dac1f7,
d9c4f9,
d9c6f8,
d6c5f7,
d5c5f7,
d7c5f6,
d8c3f7,
e0cafa,
ddc5f7,
d1afea,
d0aae8,
d0a8e5,
cfa6e6,
cda6e6,
cea6e5,
cfa7e5,
cfa5e4,
cfa6e3,
d0a6e1,
cea4e1,
cba2e1,
c9a1df,
caa1dd,
caa1df,
cca1e1,
cda2e1,
cda2df,
cfa3e0,
cfa4e1,
cea5e1,
cea5e1,
cfa8e1,
d1aae3,
d0abe3,
d1abe4,
d2abe5,
d1ade6,
d2aee6,
d5aee6,
d3ade5,
d3ace3,
d3ace4,
d2ade5,
d2aee5,
d2aee5,
d2aee6,
d3aee6,
d4ade7,
d6aee8,
d7afe8,
d7b0e9,
d9b0e9,
d9b1eb,
dab2ec,
dbb2ed,
dcb4ed,
dcb4ee,
dcb5ee,
dab5ef,
dbb7ef,
dbb9f0,
d9b9f0,
d7b9ef,
dab9ee,
dbbaef,
dcb9ef,
dcb9f0,
dcb9f0,
dbbaf2,
dcbaf2,
ddbbf0,
ddbaf1,
dbbbf1,
dabbf1,
d9bbf0,
d9bbf1,
dabbf2,
d9bcf3,
d8bcf3,
d6bcf4,
d5bcf3,
d5bcf3,
d4bcf3,
d3bcf4,
cebdf4,
cbbef5,
c7bff5,
c7c2f7,
cbc6f9,
ccc7fa,
cdc6fa,
cdc6f8,
ccc6f7,
ccc5f7,
cfc8f8,
dbd1fd,
dad0fd,
d3cdfb,
cccaf8,
c9c8f8,
cac8f7,
ccc5f9,
ccc4f7,
cec3f6,
cec4f7,
d0c6f8,
d0c8f8,
d0c6f7,
cfc4f7,
cec3f6,
cec2f6,
ccc2f5,
cdc1f7,
cdc1f7,
cec2f7,
cec2f7,
cdc4f5,
cec7f5,
d0caf8,
d0ccf8,
d0cef8,
d0cff8,
cb99e0,
c67ec9,
d07cc7,
d585ce,
e5a1e7,
e19edd,
db93d4,
d582c6,
ce7bc4,
cf7cc3,
d47fc7,
da85d1,
dc86d6,
db86d7,
d986d7,
d683d7,
d683d7,
d784d7,
d787d7,
d991dd,
de9de7,
dd9ae2,
d994db,
d792d9,
d68fd8,
d28bd4,
cc83d0,
cb82cf,
cf86d4,
d38dd8,
cf8fda,
d697dd,
de9ee3,
e3a4e8,
e1a3e8,
e0a3e9,
dca3e9,
d6a2e8,
cfa0e3,
cd93c7,
bf7495,
c395d6,
c199de,
b86f99,
d07f9c,
d07f9c,
c67492,
d07f9c,
cf7e9a,
cf7e9a,
cf7e9a,
cf7e9a,
c37792,
f0a7c1,
e199ad,
df96a7,
e297a7,
e498a7,
e7a1b4,
f2b1c5,
f1b1c7,
f2b2c8,
e7aabf,
eeb2c7,
eeb0c6,
e7abc2,
efb3cb,
f2b6cd,
f3b6ce,
f6b6d1,
f2b1ca,
e6a1b8,
e59eb5,
e39cb4,
e2a0b7,
e7aec3,
e8b4c9,
e8b5ca,
eab6ca,
e9b6c8,
e3b1c4,
eabacd,
deb0c3,
e8bacc,
e8bbcd,
e3b7c8,
e8bbcd,
e4b9c9,
e2b9c7,
ebc5d1,
e1bcc9,
e6c1ce,
f0cbd8,
f7d2e1,
f0d2e1,
dcbac9,
eeccdb,
ebc7d4,
f5d2de,
fbdae8,
f2d8e6,
f5dbe8,
ffe5f1,
f2dce7,
f7e1e9,
e4ced7,
d0bbc9,
e7d0dd,
fae4ef,
f9e4ef,
fae5f0,
fae5f0,
fce8f3,
f8e7f3,
f8e9f5,
f6e5f3,
fbe6f4,
fbe6f5,
d3c2d4,
d1c1d2,
eadbea,
f1dfeb,
f2e0ea,
f8e1e9,
eed1de,
ba98a8,
c1a7b8,
dbc8dc,
f0deee,
fcebf8,
ffeaf7,
fde9f3,
f7e3ee,
e7d1de,
fee7f1,
fce5ef,
fbe5f0,
fce5ef,
fae3ed,
fae2ee,
fbe3ef,
fde5f3,
f2dae8,
fae1f1,
fce2f3,
fee4f4,
fde5f5,
fde8fa,
e7d2ee,
f5dbfa,
cfa3ea,
d3a2eb,
d39ee9,
d09ce8,
cf9ce5,
ce9be5,
d09de5,
d09fe3,
d7a3e1,
d89edc,
daa1df,
dba4e5,
d8a2e8,
d5a2e8,
d3a2ee,
d5a4ef,
d5a4ed,
d1a5ed,
d2a6ee,
d1a6ee,
d0a5ee,
d1a5ec,
d0a4ea,
d0a3e8,
cfa1e9,
cda6e8,
d4b0f0,
cfaae9,
cda6e6,
cea7e8,
d2a9e8,
d2aae8,
d1abe7,
d2acea,
d3aded,
d5acf0,
d4a9ef,
d7abf1,
d7adf3,
d7aef4,
d7adf3,
d6aff6,
d5b1f4,
d5b2f3,
d6b3f2,
d7b4f2,
d7b8f1,
dabef4,
dbc3f9,
d9c3f9,
d7c2f6,
d9c6f9,
d6c4f5,
dac2f4,
dbc0f3,
ddc3f4,
dec3f6,
ddbdf4,
dfbef5,
e4c2fa,
e3c2fa,
d9b8f0,
d9b5ef,
d4afec,
d0aae8,
cda6e3,
cfa7e3,
cea6e4,
cba4e2,
cba3e3,
cba3e2,
cea5e3,
cfa5e4,
cfa6e5,
cfa6e4,
cfa7e1,
cea7e1,
cea7e1,
cfa8e2,
d1aae4,
d2abe4,
d2ace4,
d1aae3,
d0aae2,
d2aae4,
d1aae3,
d1aae2,
d2a9e2,
d2a9e2,
d2aae2,
d2a9e2,
d2aae2,
d2aae2,
d0a9e1,
d2aae3,
d1aae6,
d3abe5,
d5ade5,
d4aee5,
d6aee6,
d7aee8,
d8afe9,
d9b1e9,
d9b1e9,
d8b2ea,
d9b3eb,
d9b4eb,
dbb7ef,
e0bdf4,
e9c7fb,
e9c9fa,
dfbdf1,
debaf1,
debcf1,
ddbcf1,
dcbcf0,
ddbcf3,
ddbcf3,
ddbdf2,
e0c0f4,
e0c4f5,
dec4f7,
dec4f9,
dfc5f9,
e0c6fa,
dac3f7,
d5bef4,
d4bdf6,
d1bdf5,
cfbdf5,
cfbef4,
ccbef4,
c9bdf5,
c7bff4,
c8c1f6,
c9c5f9,
cec9fc,
cfcafb,
cfc9fa,
cfc9fa,
cecafb,
cdc9f9,
c9c6f6,
c8c6f6,
c6c5f6,
c7c4f6,
c6c5f7,
c6c5f7,
c8c5f8,
ccc4f8,
cfc2f6,
d0c2f5,
cfc2f5,
cfc1f4,
cec2f3,
cfc0f2,
cfc0f4,
cdc0f5,
cfc0f5,
cec1f4,
cec1f6,
d0c2f8,
d1c3f8,
d1c5f8,
d4cafa,
d6cffa,
d7d2fa,
d7d2f9,
d5d2f9,
d2d2fb,
c68bd1,
c78ed4,
cb82ca,
d898d9,
efc9f9,
f0cef8,
edc4f4,
d690cc,
d07fc1,
d17fbd,
d480bc,
d984c5,
da86ce,
d985d2,
d785d4,
d080cf,
d383d1,
d485d0,
d488ce,
d991cf,
d894cd,
d693ce,
d490d3,
d08bcf,
d18cd1,
d38ed6,
d48ed9,
d38dd8,
d38cd9,
d28ed8,
de9fe4,
e7a8ec,
dd9ee2,
e4a4e8,
e1a2e5,
e4a5e9,
ebaff1,
e3a9e8,
e3ade6,
c681ae,
c279a5,
cc9be1,
cc9de0,
b9779f,
ce7e9d,
cf7d9b,
ca7897,
ce7d9a,
cf7e9a,
d07e9a,
d07e9a,
cf7e9a,
ce7f9b,
be758f,
eaa4b8,
eea9ba,
eca5b5,
e49ba9,
e7a2b5,
f2b1c5,
f0b0c6,
f0b1c6,
efb1c7,
dfa4b9,
eeafc5,
edaec5,
efb2ca,
f1b3cb,
f2b4cd,
f3b5ce,
f3b4cc,
e9a3ba,
e59cb4,
e59cb3,
e49db5,
e4a7be,
eab4c8,
e4b1c5,
e9b4c7,
e5b3c5,
dfaebf,
e0b1c1,
eabdce,
e4b7c8,
e7bacb,
e7bacb,
e8bccd,
e9becc,
e9c1cc,
e3bdc9,
e0bac6,
e0bbc8,
eec8d6,
f3cedc,
f5d4e3,
debdcc,
f2cfde,
f7d4e1,
f8d5e2,
f5d6e5,
ecd5e2,
efd4e0,
fee3ef,
f0d9e3,
f3dce2,
c0a8b3,
c9b1bb,
dcc5d0,
f6e1eb,
feeaf5,
fee8f4,
fee9f4,
fdebf6,
fdecf7,
f4e2ee,
f8e8f3,
f2dfec,
f7e4f3,
d3c1d2,
f2e1f0,
f4e4f2,
f5e3f0,
f8e4ef,
fae0ee,
cbaabe,
b995a9,
d4b8cb,
e8d3e4,
f2ddea,
f0dce8,
f6e2ee,
f8e4ef,
fbe8f1,
f5e0ec,
f0d9e6,
f9e5ef,
f9e4f1,
f6e2f2,
f4e0ee,
f7e1ef,
fae2ef,
f3ddeb,
f7dfef,
fde3f3,
fde4f4,
ffe4f6,
f7def3,
d6b8e3,
d6b5e9,
dcbbee,
d3adf0,
d5aef4,
d6a7f2,
d19fec,
ce9be9,
ce9be9,
cf9cea,
d4a3ec,
ddacf2,
d7a3e6,
deaced,
dcacea,
d7a6e9,
d4a1e8,
d6a4ed,
d4a4ec,
d3a3eb,
d3a3ec,
d3a3ed,
d4a3ec,
d2a2ed,
d3a2ec,
d2a2ea,
d3a2e9,
d2a2ea,
d0a3e9,
cfa3e9,
d0a3e8,
d0a4e7,
cfa4e8,
cfa4e9,
d0a5e8,
cea6e7,
cea7e7,
cfa7e8,
d1a8ec,
d3a9ef,
d6abf1,
d6abf1,
d5aaf2,
d5aaf3,
d4abf5,
d4adf4,
d6aef4,
d5aef2,
d6b0f2,
d6b3f2,
d6b7f1,
d8b9f2,
d8bcf4,
d6bcf3,
d8bef4,
d8bff4,
dbbff4,
ddc0f5,
dfc0f6,
dfc0f5,
debef6,
debef5,
e1c0f8,
e2c1f8,
dfbef5,
dfbdf6,
debaf4,
dab8f1,
d9b5ef,
d9b5ef,
dab4ef,
d6b0ee,
d4aeec,
d3adeb,
d1abe8,
cfaae6,
ceaae8,
cea9e7,
ceaae5,
ceaae4,
d0abe5,
d1ace5,
d2abe4,
d1abe4,
d1abe4,
d0abe4,
d0aae4,
d1a9e4,
d0a9e2,
d0a7e1,
d0a7e2,
d1a7e1,
d1a7e2,
d0a7e2,
d1a7e1,
d1a7e0,
d0a7e0,
d2a8e1,
d1a9e4,
d2abe4,
d4ade5,
d4ade6,
d5ade6,
d4ade6,
d4ade6,
d5aee5,
d6b0e7,
d5afe7,
d7b1e8,
d9b3ea,
dab6ed,
dfbbf1,
e6c1f5,
e2bff2,
e1bdf1,
e0bdf4,
dfbef3,
dfbff4,
dfc0f5,
e3c2f8,
e5c4fa,
e8c7fc,
eacafd,
eaccfe,
e5ccfd,
e2c9fc,
e0c9fc,
dfc8fc,
d8c4fa,
d3bff6,
d2bef6,
d1bef6,
cfbff6,
cebff5,
cec0f6,
cbc0f7,
c9c0f7,
c8c2f8,
cac4f9,
cec8fa,
cecaf8,
cec8f8,
ccc8f9,
cac8f9,
c9c7f8,
c8c6f7,
c8c5f6,
cac4f6,
cac4f6,
cac4f5,
cac3f6,
cdc2f6,
d0c0f7,
d0c0f5,
d0c0f4,
d2c0f3,
d2c0f3,
d2c1f2,
d3c2f4,
d3c2f6,
d2c2f6,
d3c2f5,
d5c4f6,
d6c5f9,
d6c7fc,
d4c9fc,
d6ccfc,
d8d0fd,
d8d3fb,
d7d4f8,
d6d3f7,
d5d3f8,
d4d3f9,
c77ac0,
c892d9,
cc92db,
d29bdc,
efcaf8,
f1d5f9,
f2d2fa,
e0a3da,
d182bd,
d384b6,
d888b0,
d786ba,
d582c4,
d483c9,
d183ca,
cc81c8,
cd84c7,
ce82c2,
cf83bc,
df95b7,
e59eae,
e098b5,
d086c1,
ce86c7,
d897d6,
da9bdc,
d798db,
d89add,
d795dd,
d291da,
e5a7eb,
d798de,
d394dd,
cf90d7,
d192d9,
d899df,
e2a7e7,
dfa8e2,
ebb6e8,
bd799f,
c985b6,
d49de6,
d59ee2,
b774a2,
ce7e9d,
cf7d9a,
ce7b99,
cc7a97,
cf7d99,
cf7c99,
ce7c98,
cd7c9a,
ca7c9a,
c87e97,
d28fa4,
f3b1c5,
f2b0c4,
eba4b7,
e8a4b9,
f2b0c6,
f1b0c5,
efb1c4,
f0b0c6,
e5a8bd,
eeafc5,
f1b1c7,
eeb0c7,
eeb2ca,
eeb2ca,
efb4cb,
f2b5ca,
eba7be,
e59bb5,
e79ab4,
e59bb4,
e1a0b6,
ebb1c6,
e6b1c3,
e5aec0,
e1afc1,
e4b3c3,
e8b8c9,
ebbbce,
e3b6c6,
e3b7c7,
eabccf,
eabfd0,
ebc1cf,
e9c4d0,
eac3d0,
e8c1cf,
ebc5d2,
f1ccd9,
eec9d7,
fbd6e3,
dbbbc8,
f7d3e2,
f6d4e2,
f2d1de,
f7d8e6,
ecd1df,
ebd1e1,
e8d2df,
ebd6de,
d9c5ca,
c7acb8,
b2959f,
d6bec9,
e2cad4,
fee8f3,
fee7f2,
fae5f0,
f2e3ed,
faeaf5,
f2dfeb,
f5e4ef,
f1deea,
f2deea,
ebd8e5,
f8e6f2,
efdded,
f9e3f0,
fbe5f2,
edd2e4,
b898ad,
c7aabc,
d7becf,
f3dbec,
f1dce9,
f2dde8,
eedbe8,
ebd8e6,
f3ddea,
f6e0e9,
f1dbe9,
e8d8ea,
e1d7ef,
d9d3ed,
d9d3ea,
eddaef,
fae1f1,
fae0f0,
fee2f1,
ffe4f4,
fce2f5,
f3d9ee,
f3d8f2,
cfb1d8,
d4aae4,
d5aae8,
d3a9e9,
d4a9eb,
d9a9ee,
d5a5ea,
d3a3e9,
d2a1ec,
d3a2ed,
d4a5f0,
daacf3,
dbadf1,
dbb4f4,
ddbaf5,
dcb7f4,
d3a5eb,
edbffb,
dbadf2,
d2a4ec,
d2a3ed,
d1a2ed,
d4a1ed,
d3a0ee,
d3a0ec,
d3a0ea,
d3a0eb,
d3a0eb,
d1a2e8,
d0a2e9,
d0a2e9,
d0a2e8,
cfa2e8,
cfa2e8,
cfa3e9,
cea5e9,
cea7e9,
cea9ea,
d5b3f2,
dab9f4,
e0c0fb,
d2acf0,
d1a9f0,
d4abf0,
d4abf2,
d5acf3,
d6adf5,
d6adf3,
d7aff3,
d5b2f3,
d8b4f3,
d9b7f3,
dab8f4,
dab9f5,
dab9f4,
dab9f2,
dabaf2,
dbbbf4,
ddbcf7,
debcf7,
ddbbf7,
dcbaf7,
ddbbf6,
debbf5,
dfbbf4,
dfbbf5,
dfbbf5,
debaf3,
dbbaf2,
dbb9f3,
dab8f3,
d9b7f2,
d9b6f2,
d8b5f0,
d6b5f1,
d5b5ef,
d4b5f0,
cfb1ed,
d0b0eb,
cfafe8,
ceaee8,
d0aee4,
d0ace1,
ceabe1,
ceabe2,
cfaae5,
d0abe4,
d0abe4,
cea9e2,
cea8e0,
cda7df,
cda7df,
d1a7e2,
d1a7e2,
d0a6e1,
d0a6e1,
d1a7e1,
d1a7e2,
d1a9e1,
d1aae2,
d2ace4,
d6aee8,
d8b2eb,
d7b4e9,
d7b4e8,
ddbaec,
e1bff0,
debbef,
dbb7ec,
dcb7ec,
dab5ec,
d9b4ed,
dab4ee,
dbb5ec,
dcb7ee,
dfbcf4,
e0bdf5,
e1bef4,
e1bff5,
e2c2f7,
e4c4f9,
e6c5fb,
e5c6fa,
e5c7fb,
e2c6f7,
ddc4f5,
dac3f7,
d6c3f8,
d5c1f7,
d4bff8,
d2c0f8,
d2c0f7,
d0c0f6,
d0c1f6,
d2c3f7,
cfc3f8,
cec4f9,
ccc5f9,
cec7f9,
cfc8f7,
cec9f7,
cec8f8,
ccc8f8,
cac7f8,
cac7f9,
cbc6f7,
cbc5f5,
cfc3f5,
cfc4f5,
d0c3f6,
d0c2f6,
d2c1f6,
d3bff6,
d1bff4,
d1bff5,
d4bff4,
d5c0f4,
d7c2f5,
d7c4f6,
d6c4f6,
d6c3f5,
d6c4f6,
d5c5f6,
d7c7f9,
d6c9fb,
d4cafb,
d5cdf9,
d6d0f9,
d8d3fb,
d7d4fa,
d6d3f6,
d6d2f5,
dad2f5,
c474b2,
c383c6,
d096df,
d290dc,
d28fd6,
d092d0,
d495cd,
cd81bb,
cc7ab5,
ce7eb3,
d281af,
d280b8,
cf7fbf,
d080c2,
cb7ebb,
d18bc6,
da9ed7,
ca8ac4,
cd81b7,
df90ad,
e59b9f,
e298a8,
dd8ec4,
cc7fbe,
c980be,
cf89c8,
d293d4,
d499de,
d99de2,
d092d8,
ce8bd6,
d191d9,
d699db,
d292d5,
e3a2e7,
d996df,
cf91d5,
e9b4ea,
f0b8e8,
b06790,
e19cd2,
dfa2eb,
da9ce1,
c681b3,
cd7c9c,
cf7c98,
cc7b97,
cc7b97,
cd7b98,
ce7c98,
ce7c98,
cc7c99,
c97c99,
c97e99,
da97ae,
e3a2b7,
eba9bf,
eaa4b9,
eda9be,
f2b0c6,
f1b0c6,
efb0c6,
efb0c6,
dea1b6,
edaec4,
edafc5,
edafc7,
eeb1c9,
eeb2c9,
eeb3ca,
f0b4c8,
f2afc6,
e59cb5,
e69ab4,
e59ab4,
e29cb4,
e5a6bc,
e6afc2,
ebb5c7,
e6b5c7,
e5b6c7,
e8b8ca,
eabace,
e7b9ca,
e5b8c9,
e4b8ca,
eabfd0,
eec4d2,
ecc6d2,
edc7d3,
efc8d6,
ebc6d4,
f0cbd9,
ecc7d3,
f7d1de,
e2c2ce,
f1d0df,
f4d3e0,
f8d8e5,
f0d3e1,
edd3e0,
edd2e2,
fbe1ed,
f2dee6,
fae5ec,
d9c1cd,
c2a6b2,
c8afba,
ddc1cc,
f4dbe5,
ffe7f2,
fae3ef,
fbe8f3,
f1dfea,
f0e0eb,
f2e3ed,
f3dfeb,
f0dce9,
f3dfeb,
fae8f5,
f0dfed,
f9e4f1,
f6e0ee,
d7bdcd,
e5cbd9,
f6deeb,
fae4f1,
fee9f5,
ffeaf5,
ffebf6,
fdebf5,
ffecf8,
feebf7,
fdecfa,
e9d9ee,
d6d1eb,
d3d1f0,
cecceb,
d5d4f0,
d9d2ed,
f3ddf0,
fce2f1,
fadfee,
f7dcec,
f3d8e9,
f6daee,
f6daf1,
f7d9f5,
d6acde,
d7a9e5,
d8a9e6,
d8a7e6,
d9a7e8,
d7a6e9,
d7a5e9,
d7a5ec,
d7a5ee,
d5a5ee,
d6a6ef,
d6a8ef,
d1a5ec,
cea4e9,
caa0e6,
d0a3eb,
daaef1,
d4a9ee,
d2a4ee,
d2a5ef,
d3a4ef,
d4a3ef,
d3a2ee,
d4a1ed,
d4a1ec,
d3a1ec,
d3a2ec,
d2a1ea,
d1a2ea,
d2a2ea,
d3a2e9,
d3a2e8,
d3a2e8,
d3a4e9,
d1a7e9,
d1abea,
cda8e4,
dcbff3,
d9bef4,
d5bbf2,
cbabed,
cfaeee,
d5b4f2,
d3aff2,
d2aef2,
d5aff4,
d5b0f4,
d6b0f4,
d7b3f4,
d8b4f2,
d9b4f2,
dab6f4,
dab7f5,
dab7f4,
dab7f2,
d8b5f1,
d8b5f1,
dbb6f4,
ddb7f5,
dcb6f6,
dcb6f6,
dcb7f6,
ddb8f6,
ddb9f7,
debaf6,
ddbaf5,
dcbaf6,
dab9f6,
d9b9f6,
d9b9f6,
d8baf5,
d7baf5,
d9bef8,
ddc1fb,
e1c5fd,
dec3fa,
dcc1f7,
dfc3f9,
dcbff5,
d5b7ee,
d5b5e9,
d4b4e8,
d8b7ea,
ddbef0,
d8b8ef,
d3b4ec,
d4b4ec,
d3b2ea,
d0ade5,
cfaae2,
cfaae3,
d2aae5,
d3aae4,
d1a9e3,
d2a9e4,
d3abe4,
d3aae4,
d3aae2,
d2abe3,
d4aee6,
dab3ec,
debaf1,
e1c0f2,
e5c4f4,
e9c8f6,
e6c4f4,
e5c2f4,
dfbcf0,
ddb8ed,
dbb6ec,
dbb5ee,
dbb4ee,
dbb5ee,
dcb5ef,
dcb7ef,
deb9f1,
deb9f1,
deb9ef,
ddb9f0,
ddb9f0,
dcb8f0,
dcb9f0,
ddbbf1,
e0bff3,
e1c2f5,
dfc2f7,
d9c1f7,
d7c1f7,
d5c0f8,
d2c1f8,
d1c1f9,
d0c2f9,
d1c2f8,
d4c4f9,
d4c5fb,
d3c6fc,
d3c7fb,
d2c7fa,
d4c7f7,
d2c8f6,
cfc8f8,
cdc7f9,
ccc7f9,
ccc6f8,
cec6f5,
d0c4f3,
d3c4f2,
d3c4f3,
d3c4f4,
d4c3f7,
d5c3f7,
d6c2f7,
d4c1f6,
d3c0f5,
d5c0f4,
d6c1f5,
d5c1f5,
d4c1f5,
d6c2f6,
d5c2f5,
d5c2f5,
d5c4f6,
d6c5f8,
d6c6f9,
d4c8fa,
d3c9f8,
d5caf9,
d7c9fa,
d5caf7,
d5c9f2,
d8c8ee,
dbc6ea,
c371a8,
c378b5,
cb8bd0,
d694dd,
d78ed9,
d88bd3,
ce7fbf,
c472ad,
c772ab,
c976b0,
cc79b2,
ce7cb6,
cb7ab8,
ce7eba,
c779b0,
c57bb0,
cd8ec6,
cd9dd6,
ca8bc0,
d689aa,
dd90a2,
df8eab,
dd8cc7,
ce7dbf,
c879ba,
d084c4,
d48ecf,
cf95d5,
cfa2de,
ecbaef,
cc95d5,
eec6f6,
fad2fc,
d39ad6,
cd8dd2,
cf8fd7,
d091d5,
d89bda,
e0a3da,
af6591,
df97ce,
e09de6,
de99e3,
d690cb,
c67698,
ce7c98,
cd7b97,
cb7a98,
cb7a97,
cc7a96,
cc7a96,
ca7b97,
c87b96,
c97c97,
de9ab3,
eeaec6,
ecabc3,
eba8be,
dc9ab1,
efb0c8,
edadc5,
edafc6,
ecaec4,
e4a5bb,
e8a9c0,
ebadc6,
eeafc9,
efb1c9,
efb1c8,
eeb3c8,
eeb3c7,
f2b3c9,
e8a3ba,
e599b2,
e49ab3,
e19ab2,
df9db3,
eab0c4,
e7b3c4,
e8b6c6,
e6b7c9,
e8b9cb,
eabacc,
eabbcd,
eabbcc,
e9bdcd,
e6bbc8,
ebc1ce,
ecc5d2,
eac5d0,
eac6d2,
ecc8d5,
e8c4d1,
ebc6d2,
e6c3cf,
f1d1df,
d3b3c3,
efceda,
edcdd9,
f9dde8,
fde1ec,
f5d9e6,
f5d9e9,
eed8e3,
fee6f1,
d0bcc6,
ecd4e0,
b49aa6,
cbaeb8,
e9cbd5,
efd2dd,
f4dce7,
fce5f0,
f5dfea,
f1dee9,
f4e1ec,
f5e2ee,
ebd7e4,
f7e2ee,
f7e6f2,
f8e4ee,
f1e0ec,
eedbe8,
fae0ee,
fde3f0,
fee4f1,
fee6f2,
fde7f3,
fee9f5,
fee9f5,
fce8f3,
f5e0ef,
f0dceb,
eddae9,
dfd1eb,
d4d4f1,
d1d2f0,
d0d1f2,
d3d3f2,
d6d3f1,
eddcef,
f2d9e5,
f6dbea,
fadeed,
fadeeb,
fadded,
fadcf1,
fbdbf6,
eeccef,
d6a9e1,
e2afec,
e0acea,
dca8e6,
daa7e7,
daa7e8,
daa6e9,
daa5ec,
d9a5ec,
d7a5ed,
d5a5ef,
d8aaf0,
ddadf2,
dbadf3,
d7aaf1,
d1a8ee,
d0a7ef,
d1a6f2,
d3a6f2,
d5a6f1,
d5a5f0,
d4a5f0,
d3a4ef,
d3a4ee,
d4a4ed,
d3a4ed,
d3a2ed,
d3a2eb,
d4a1ea,
d8a1eb,
d8a2e9,
d9a2e7,
d9a3e7,
daa9ea,
e5bbf0,
d7b3e5,
e0ccf5,
d8abe2,
d4abe1,
d3b0e9,
dcc4f5,
e4ccfa,
d4bcf4,
cdb3ef,
d1b2ef,
cfaeed,
d3aff0,
d3b2f0,
d3b1ee,
d5b0f0,
d6b0f2,
d7b1f1,
d7b1f1,
d6b1f0,
d4aeee,
d4adef,
d6aef0,
d6b0f1,
d8aef2,
d8aef2,
d8aff3,
d8b0f4,
dab4f5,
dbb5f6,
d9b6f5,
d7b6f6,
d6b5f6,
d4b5f6,
d4b5f6,
d4b7f6,
d5b9f7,
dbc2fd,
d9c0fb,
d9bef9,
dac0f9,
dac2f9,
dfc7fb,
e2c8fc,
d9bdf3,
dabcf1,
dbbdf1,
ddc1f3,
e5ccfb,
e6cdf9,
dcc1f8,
ddc0f7,
ddc1f5,
dcc0f2,
d7b7ee,
d5b4ec,
dab6ef,
dab7ef,
d9b7ed,
d6b4eb,
d2afe9,
d2aee8,
d3aee7,
d3aee8,
d5b0ea,
d7b2ec,
d6b3ed,
d7b7ec,
d9b7eb,
d9b8eb,
d8b7e9,
d9b6ea,
dab6ec,
dab5ec,
dbb5ed,
dbb5ed,
dbb5ed,
dbb5ed,
dbb4ef,
dbb5ee,
dbb5ed,
ddb5ed,
deb5ee,
deb6ee,
deb8ef,
deb9f0,
deb9f0,
e0bbf3,
e4bef5,
e7c1f7,
e4c3f7,
dfc2f6,
d7c1f8,
d3c0f7,
d3c0f7,
d2c0f8,
d2c0f9,
d3c2f9,
d6c3fa,
d7c5fb,
d9c5fb,
dac5fa,
dbc4f7,
ddc4f2,
dac4f1,
d3c5f5,
d0c5f9,
d1c5f9,
d1c4f5,
d8c3ee,
dcc1e9,
dec2ea,
ddc4ef,
dac3f2,
d9c2f5,
d9c4f6,
d9c3f7,
d7c2f6,
d4c0f4,
d6c0f4,
d6bef4,
d2bcf2,
d4bdf2,
d5bef4,
d5bcf3,
d3bcf3,
d2bdf2,
d2bdf3,
d4bdf5,
d2bff3,
d1c0f1,
d5bff2,
d9bef3,
d6bef1,
d8bfee,
dec1ea,
e1c2e6,
c16fa6,
c372ad,
c57dbd,
d28cd1,
d38ace,
d88cce,
d284c2,
c271ac,
c56faa,
c872ab,
c974ab,
c975ac,
c976ab,
d181b3,
c87aa6,
c576a3,
c377a9,
c48fc8,
c7a1db,
c284ba,
ca7ba9,
d887af,
e192c3,
cf7fb7,
c878b1,
cc7ebb,
d28bcd,
d298d8,
cea0d9,
e2b7ea,
d0a2d6,
deb3e3,
eec8f4,
deb0e5,
d6a0d9,
dda5e2,
d79edf,
d89edd,
d595cf,
b66b99,
da8fc7,
e09be3,
db98e1,
d590d2,
c57ba1,
c97c99,
cb7b96,
cb7a96,
ca7a96,
ca7a96,
ca7a96,
c97a96,
c77a96,
c47b96,
db9ab1,
ecaec4,
ecaec5,
f1afc5,
df9bb2,
dc99b1,
e0a1b9,
d293ac,
d493ab,
cf8fa5,
dc9cb3,
ebabc5,
efaec8,
f0b0ca,
eeb1c8,
edb2c8,
eeb2c7,
eeb3c7,
eca9c0,
e39ab2,
e29ab2,
e19ab0,
df9baf,
e0a3b7,
e4aec0,
e1adbe,
e1b0c0,
e4b6c7,
e2b2c4,
e7b7c9,
e8bccc,
e8bccb,
e9becd,
e4bac8,
e8c0cd,
ecc5d1,
eac5d1,
e6c0cd,
dcb7c4,
e4c1ce,
e6c2ce,
f2d1de,
c4a8b8,
f3d1de,
ecc9d5,
fddfeb,
fee1ec,
ffe3ef,
eacfe4,
e9cfdd,
f2dae6,
d1bdc8,
f5dee9,
e9ceda,
e0c3ce,
e7c8d3,
e5c7d1,
e9cfd8,
f6e0e9,
f8e3eb,
edd7e1,
f8e0e9,
f9e0ec,
f1d8e5,
fce4ef,
f2e0eb,
f0dee9,
f0dce7,
fae3ee,
f9e2eb,
f9dfec,
f6dceb,
f8dfed,
f4deec,
f2deeb,
f3dfed,
f1deeb,
f9e6f2,
fce7f3,
fbe6f4,
d5c5e4,
cdc8ed,
d4d3f2,
d1d4f6,
d4d2f3,
d7cfed,
eddaec,
f4dce9,
fbe0ed,
fde0ee,
fee1f0,
fee0f2,
fee0f4,
ffe1f5,
fee2f8,
e9c6ed,
dcabeb,
e2b0ec,
e1afea,
dba8e8,
d6a4e5,
d8a6e8,
d8a6ea,
d8a6ec,
d6a8ec,
d7a9ed,
d9abee,
dbaeef,
daadef,
d5a9eb,
d2a7ec,
d1a6ee,
d2a6f1,
d4a7f1,
d6a7f1,
d7a7f1,
d5a6f1,
d3a6f0,
d2a6f0,
d2a5ef,
d2a5ef,
d4a4ee,
d5a4ed,
d7a4ed,
d8a5ec,
d9a5eb,
daa5e9,
d8a3e6,
d8a4e5,
d6a3e0,
d7a7e0,
d5afe4,
d8a5e0,
dfb0e6,
e3baec,
e5c6f1,
e2c8f2,
dac2f4,
dbc5f9,
decafc,
d6bdf3,
d3b1f0,
dab8f5,
d6b4f1,
d1aceb,
d4aced,
d3acee,
d3acee,
d3aded,
d3abef,
d3abef,
d5acf1,
d5abf1,
d4abf2,
d5aaf2,
d5aaf2,
d4abf1,
d3adf2,
d4aef3,
d5aff3,
d1b1f4,
cfb3f5,
ceb2f5,
ceb2f5,
ceb3f5,
d0b3f5,
d2b3f4,
d2b1f2,
d2afef,
d4b3ee,
d7b7f1,
dbbbf3,
dcbef3,
e4c7f4,
ebcff7,
dcc0f3,
d9bcf1,
dabdf3,
dfc1f5,
dfbff7,
debef5,
ddbef6,
ddbff6,
ddbef5,
debff4,
dec2f7,
dfc8f9,
e1c9fa,
dfc7f8,
dbc1f4,
d9bbf2,
d7b5ee,
d7b5ee,
d8b7ee,
d8b7ee,
d7b6ed,
d7b7ee,
d7b7ed,
d6b7ed,
d5b7ec,
d8b7ec,
d9b7ed,
dab7ee,
dbb9ee,
e2bff3,
e0bcf0,
dcb7ed,
dbb5ef,
dfb7f1,
e1baf1,
e0baf2,
e3bdf5,
e4bdf5,
e2bbf4,
e3baf4,
e2b9f4,
e0baf3,
e3bcf3,
e4bef4,
e5bff6,
e2bff7,
debff5,
dabef5,
d9bef4,
dabdf5,
ddbcf5,
debef5,
dfc0f7,
e2c1f8,
e3c1f8,
e2bef3,
e3beef,
e3bfed,
e2c0ec,
dec2f0,
d8c2f2,
d9c0f1,
ddbee8,
e1bbe0,
e2bae0,
e1bbe5,
e0bce9,
debae9,
deb9e8,
dcbaec,
dbb9f0,
dbbbf1,
dab8ef,
dab8ef,
d9b6ee,
d6b4ed,
d6b4ee,
d7b5ee,
d8b3ec,
d6b2ec,
d5b2ea,
d6b2eb,
d4b3eb,
d6b3e8,
d9b1e3,
dcb4e4,
deb7e8,
dfbaec,
e1beec,
e2bfea,
e6c0e6,
c170a8,
c273ab,
c177b2,
cc84c4,
c880be,
d184c3,
ce81bc,
c271ab,
c56ea7,
c66fa7,
c66fa7,
c570a4,
c773a3,
d586a8,
d285a1,
d484a5,
ca79a5,
be78af,
c091d0,
c198d4,
bf76ab,
d284ac,
e39cbf,
c779a8,
c473a7,
c577b2,
cb88ca,
d498d7,
d59cd3,
fad2fb,
fad3f9,
d89fd2,
d397cb,
d9a7d6,
e7bdea,
ddb0df,
e9bfec,
ebbff1,
d494d0,
b66f9d,
d185ba,
e59fe5,
d495dc,
d194d7,
be7ea7,
c87b99,
c97a95,
c97995,
c87894,
c87894,
c97895,
c87995,
c67995,
c47b96,
da99af,
eaadc2,
ebadc3,
f0acc5,
e19bb2,
eba8be,
e9a9be,
ecadc1,
e7a8bf,
e4a7bd,
e0a1b8,
e9a9c2,
eeacc7,
edb0c7,
edb1c8,
edb1c7,
efb1c7,
ecb2c7,
efaec5,
e39cb3,
df99b1,
e099b2,
e099b0,
dc9bae,
e2a8bb,
e5b1c1,
e0b0bf,
deafc0,
dbaabc,
e0b2c3,
e8bbcb,
e9bccb,
eabdcd,
e8bdcc,
e7bdcc,
e9bfcc,
ecc6d3,
e8c3d0,
e2bbc7,
e4c0ce,
e3becc,
e9c5d2,
e3c8d7,
e5c2d0,
e5c3cf,
fedde9,
ffdeea,
fde2ef,
d8c0d5,
f5d7e6,
c8adba,
f3d9e3,
fbe1ec,
fce5ed,
fee4ee,
fde1eb,
f9dde6,
f6dce5,
e9d0d9,
fae2ec,
f1d9e2,
f5dbe4,
f8dde8,
f8dde9,
f8deea,
eed9e4,
f3e0eb,
f9e3ed,
f9e2ea,
fae4ee,
ebd1de,
e8ccdb,
e7cddd,
ead5e4,
f9e5f3,
fde9f5,
ffebf5,
ffeaf6,
fde6f9,
e6cfe7,
ebdaed,
dacbe8,
c7b9dc,
c2badd,
d3c6e5,
ebdaee,
f2deee,
f3deec,
eed7e8,
eed2e8,
f0d6e9,
f0d5e9,
f2d7eb,
f8ddf2,
f7dcf4,
fcdff9,
e4bdee,
d6aae8,
cfa3e3,
d7b1e3,
e3bcec,
d1a6e4,
d5a7e9,
d6a8ec,
d5aaed,
d6a8ec,
d6a8eb,
d5a8ea,
d1a5e7,
cda2e3,
cda3e4,
d0a4e8,
d1a5ee,
d4a7ef,
d7a9f0,
d8a8ef,
d8a7ee,
d2a5f0,
d1a5f0,
d1a4f1,
d1a4f1,
d7a5ee,
d8a6ec,
ddaaef,
dcacee,
dbabed,
daaaec,
d9a6e8,
d7a4e6,
d7a3e6,
d5a4e3,
d3a6e5,
d4a7e7,
d6abe6,
d9b1e8,
ddb6e8,
dbb8e8,
d4b6e6,
d6bfee,
ddcbf7,
ddc7f6,
d3b4ee,
d2b1ee,
ddbcf5,
d2aeec,
d2aaeb,
d2aaec,
d2aaec,
d5acec,
dcb5f6,
dbb4f5,
d2abf0,
d2abf2,
d1a9f1,
d2a9f1,
d5a9f1,
d2aaf0,
d1aaf0,
d2abf1,
d2adf1,
d1b1f3,
d0b5f7,
cbb1f2,
cdb1f3,
cbaff0,
cdadf1,
ceacf0,
d1adf0,
d3adf0,
d6b1ef,
d8b3ef,
dab5f2,
e0bff4,
f9ddfc,
f8defc,
dbbdf2,
d6b7f0,
d8b8f2,
dab9f2,
dbbaf4,
dfbbf3,
debbf3,
ddbcf5,
debdf5,
dfbef4,
dec2f5,
dec7fa,
deccfa,
decbfb,
ddcbfc,
ddc6fa,
d8bdf3,
dbbcf3,
dbbdf4,
ddbef5,
debef5,
debdf4,
debef4,
e0c0f6,
e1c1f7,
debff6,
dcbef4,
dbbbf1,
dfc1f4,
eecbfc,
e7c3f5,
e3bef3,
dcb8f0,
e6c1f9,
e9c5f9,
e8c4fa,
e5c1f7,
ebc6fc,
ecc6fb,
e8bff6,
e5bdf7,
debaf2,
e0bbf2,
e1bbf2,
e2bcf4,
e1bcf4,
debcf3,
dfbbf4,
dfbaf2,
e0baf1,
e1b9f1,
e1bbf0,
e2bcf0,
e6bdf2,
eabff5,
e5bdf1,
e2bded,
e3bdec,
e3bdeb,
e5bae0,
e1b6db,
deb6dd,
dfb4e4,
e1b2e3,
dfb1e5,
ddb2e6,
ddb2e5,
deb2e6,
e0b2e5,
deb1e9,
dcb0ea,
dbafea,
dbafea,
dbafe8,
dbaee9,
d9ade9,
d9ade9,
d9aeea,
daade7,
d9ace7,
d9ace6,
d9ace6,
d9ade7,
dbaee4,
dfb1e1,
e4b6e1,
eac0e8,
f1c6f1,
f2c9f4,
eec8f3,
ecc5ee,
c37eb7,
c374ae,
c675af,
ca78b4,
c474b0,
ca78b4,
ca79b3,
c370aa,
c46ea7,
c56ea6,
c66ea6,
c46fa4,
c673a3,
cf7ea6,
d080a7,
c97ba5,
be73a3,
bb6ea2,
b874ae,
b998d4,
bd91ca,
ba72a3,
c986b2,
cb87b5,
c37bad,
bf7bb4,
c78ccc,
cb89c7,
bf7bb1,
d9a0cf,
dda8d9,
ca8fc3,
e5aee2,
dbaedd,
f6d5fa,
e9bee8,
d293c9,
d08dc7,
d08bc6,
cb87b5,
bc77a2,
eeb3ec,
d49eda,
ce9fd8,
d7a4ce,
c37895,
c77997,
c67895,
c77894,
c67793,
c67793,
c67893,
c57893,
c27a93,
d795ac,
e9abc2,
eaabc2,
edacc3,
e59fb4,
e29fb5,
ebaabf,
ebacc2,
eaadc0,
ebaec3,
dea0b5,
e6aac0,
e9adc4,
ebafc7,
edb1c6,
edb1c6,
efb1c5,
eeb0c4,
f0b0c4,
eca5bc,
de99af,
e099af,
df99ae,
de99ad,
db9bae,
e7aebf,
e4b1c1,
e4b3c3,
dfb1c4,
e1b4c4,
e6b9c9,
e8b9ca,
eabccc,
e8bdcd,
e8bdce,
deb2c5,
d8acbe,
e6bac9,
eac4ce,
e3bfca,
dab7c1,
e2becb,
eccbd9,
debfcc,
e8c7d3,
fad8e4,
fddde9,
fcdfeb,
e4c8d7,
f2d6e2,
e2c6d2,
f0d4e0,
efd4e0,
edd3e0,
f1d6e4,
f8dce9,
fce0ea,
fde1e9,
fbdfe7,
f8dce3,
f8dce3,
edd3db,
f8dce8,
f7dde9,
efd5e0,
f5dee8,
f6dfeb,
fbe1ec,
fee5f0,
fde8f2,
ffeaf5,
f8e3ef,
f6e0ed,
fee9f7,
feeaf6,
fae6f2,
f6e1f0,
ecd6e7,
dfc9d9,
f8e3f0,
fce6f5,
e7d1e4,
fee6f8,
edd7e8,
f7dff1,
f9dfef,
f9deed,
f9dfed,
fbdfed,
fadfee,
f4daec,
f9e1f2,
fbe2f4,
f7dbf2,
f0d7f2,
f0d7f4,
e1c3e5,
d4b3db,
edccef,
fbddfb,
f6daf8,
d1a9e1,
d3a9e7,
d5a8ec,
d5a9ed,
d5a8ea,
d4a7e8,
d6a5e6,
d1a3e3,
cca0e0,
c99fde,
cba1e1,
cea4e6,
d6abea,
deafec,
dfafea,
dfb0ea,
d3a7ed,
d2a5ef,
d4a5ee,
d4a4ef,
d8a4ec,
d7a1e8,
d7a2e7,
d5a4e3,
daa9e7,
dfb1eb,
ddb1ea,
d5abe6,
d1a7e6,
cda7e5,
cea8e6,
cea8e8,
cea8e8,
d0a9ea,
d4ace4,
d4afe2,
d4b1e2,
d3b1e3,
d2b2e5,
d6b5ea,
d3afeb,
d0aaeb,
d3aeec,
d2aeed,
d2adef,
d3adf0,
d3abef,
d3adef,
dcbcf8,
dcc0f8,
d8baf7,
d8baf6,
d9b9f5,
d6b4f2,
d0abee,
d0a9ee,
d0a9ed,
cfabed,
ceafed,
d3b9f5,
d7bffa,
d6c0fa,
dcc5fd,
d8bdf8,
d7b8f7,
d3b2f4,
d3adf2,
d4adf2,
d6aff0,
d7b1f0,
d8b3f3,
e3c0f6,
fbdefe,
eccef8,
d9b9f0,
d7b6ee,
d7b5f0,
dab6f0,
dcb8f2,
e0b9f4,
e0baf4,
debaf4,
debaf4,
dcbaf3,
dcbcf3,
dcbff6,
dbc1f6,
dabff5,
dcc1f7,
ddc2f7,
ddbff6,
dfbff6,
debff6,
dcc1f7,
ddc2f7,
e1c6f9,
e5c8f9,
e4c6f7,
e4c5f8,
e6c8fa,
e2c5f7,
e2c5f5,
e9cdf9,
eccdfb,
e5c8f7,
e6c8f7,
debef1,
e4c3f7,
e6c5f7,
e3c1f4,
e7c4f7,
f1cbfd,
efc9fb,
eec7fc,
ecc6fb,
e2baf2,
dfb9f2,
dfb8f2,
deb9f3,
dcbaf1,
dabaf0,
dbb8ef,
deb8ef,
deb7ef,
deb8f0,
debaef,
e0bceb,
e9bceb,
eabff2,
e3bef2,
debdee,
dcbded,
dcbdec,
e0b7e4,
e3b2de,
ddb0df,
dbafe3,
deaee3,
dcade7,
ddade5,
deaee5,
dfb0e3,
e1afe2,
e1aee5,
deade7,
dbacea,
dbaceb,
dcace7,
dcace9,
dcabea,
dcabe9,
dbabe8,
dbabe8,
daaae7,
daabe5,
d9abe6,
ddb0eb,
e6baef,
eabeea,
e8bbe3,
eabfe5,
efc6ee,
e4bfeb,
eac3f3,
ebc5f5,
bf80ba,
c274af,
c774b0,
c874b0,
c572ae,
c674af,
c977af,
c370a9,
c46ea8,
c56ea7,
c56ea6,
c470a4,
c673a5,
cb79ab,
c979ad,
c880b4,
c789bb,
be78ae,
b96ea7,
b482bc,
c1a4dd,
b57cb2,
c58abc,
f1c7f2,
edc4ef,
d8a4d8,
cb90cb,
c37eb9,
c275ad,
c579b0,
c47ab2,
c17db2,
cc8dc1,
c990c3,
d8a5d2,
d398c6,
d084bd,
c97eb6,
cd83bd,
ca88b8,
ae6c94,
c996c2,
daacdc,
e8beef,
e2b1e5,
b97496,
c67997,
c57694,
c57691,
c67694,
c67694,
c57692,
c57792,
c07790,
d492a8,
e8a8c0,
e8a9c2,
ebabc1,
e9a5b9,
d892a8,
ebaabf,
eaabc1,
e8acbf,
ebadc2,
e2a4b9,
e5a9bf,
e8acc3,
eaafc6,
ecb1c5,
ecb1c3,
edb1c4,
edb0c3,
eeafc4,
f2afc5,
df9aaf,
de98ad,
df98ae,
df98ac,
db97ac,
dc9eb0,
e2abbb,
e5b1c2,
e2b4c6,
e2b5c6,
e3b7c7,
e6b8c8,
e8b9c9,
e8bacb,
e5baca,
e4b9c6,
e4b4c0,
ca95a3,
dbabb8,
e7c0cb,
dcb6c2,
e2bbc8,
e6c1cf,
debecb,
f7d6e2,
f4d3df,
fadce7,
f8dbe5,
f5d6e3,
fadde8,
fde1ed,
fde1ed,
fce1ec,
fce0ed,
fcdfed,
fadeec,
f6dce9,
ecd1e0,
f3d8e5,
efd8e4,
dfcddf,
ded1e4,
e5d4ea,
ebd6e9,
f4dbe9,
f4dee9,
f7e1ea,
fce3ef,
fee5f0,
fce6f1,
f6e1ed,
eed8e4,
ecd6e2,
e7d2de,
e8d5e1,
e5d3df,
e9d3e1,
eed7e2,
fbe6f2,
fde8f4,
fae4f4,
e2cadf,
fee6f5,
fbe1f2,
ebd0e1,
fde1f0,
fadfed,
f7ddeb,
f9deec,
fedfef,
fcddf3,
e2c9e0,
dfc7db,
f0d8ec,
e0ccdd,
ddc8da,
e0c7dc,
f4d9ef,
f9def7,
f8def8,
f3daf6,
cfa8df,
d3a8e4,
d6a6e7,
d7a5e8,
d6a7e8,
d7a6e6,
da9cdc,
e1a5e1,
dda7e1,
d7abe6,
cfa7e3,
d4ade9,
dcb5ee,
d5ade3,
d4aae1,
d1a6e1,
d0a5e7,
cfa3eb,
cfa4e8,
d0a4e9,
d3a3e7,
d4a3e6,
d2a3e4,
d1a6e2,
d0a7e1,
d4aadf,
dab1e4,
deb6e8,
d5afe8,
caaae5,
c9a9e6,
c9a9e7,
c9a9e8,
cdaae9,
d5b0ea,
d7b3e8,
d5b0e3,
d8b3e4,
d9b5e4,
dfb7e8,
e0b7ec,
dbb3ed,
d4adeb,
d4afee,
ddbbf7,
e3c0f7,
e5c1f8,
d5b2f2,
ceaeed,
d8baf4,
e0c6fb,
dec4fa,
dac1f7,
d5bbf3,
d7b6f1,
ceaceb,
cdacea,
ccafeb,
c8b0e8,
c6b1e8,
c5b1e6,
d0bbf1,
d9c3f8,
d3b8f3,
dcbef8,
dab9f6,
d6b2f5,
d4aef3,
d3adf2,
d5aff0,
d8b1f1,
e6c4f8,
f3d2fa,
dcbaed,
d4b3ed,
d4b2ed,
d6b2ed,
d8b4ee,
d9b6ef,
dbb7f0,
dbb7f1,
d9b7f0,
d9b7f0,
d9b6f0,
dbb8f0,
dbb9f1,
dbb9f3,
dbb9f3,
dbb8f1,
dfbbf4,
e0bcf6,
e0bcf5,
ddbdf5,
dbc0f6,
dbc0f6,
e0c7f9,
e3c9f8,
e0c5f4,
d0b3e6,
dbbef2,
e9ccfc,
efd1fe,
eed3fd,
ecd1fb,
ebd0f8,
e9cef6,
e9ccfa,
e3c5f8,
ddbef2,
dbbbf0,
debcf1,
e3bef3,
e8c2f5,
e8bef5,
e6bbf4,
e2b6f2,
e1b6f1,
e1b5f1,
dfb3ef,
dcb2ee,
d8b2ed,
dab3ee,
dfb4ed,
deb5ed,
deb7f0,
debaf0,
e0bcef,
e6bdf0,
e4c0f3,
e1bef3,
debcf0,
d9bdf0,
dbbcef,
e0b7ec,
e4b4ec,
e4b2eb,
e2b1e8,
e2afe6,
deace8,
dfabe5,
deace5,
deade3,
dface2,
dface7,
ddabea,
ddaaea,
ddabeb,
deace9,
deabea,
dca9eb,
ddaaea,
dcabe8,
dbabe8,
dcace8,
deafe9,
dfb1e9,
e8bbf0,
eac1f2,
f0c8f6,
ebc2ee,
e7bde8,
eac3f0,
e6c1f1,
deb9ed,
ddb8eb,
bc79ab,
c175ae,
c774b0,
c773af,
c571ad,
c772ae,
ca77b1,
c571ab,
c46ea7,
c570a6,
c774a9,
c574aa,
c77aaf,
cd81ba,
c87db9,
c17db9,
c18cc7,
c494cf,
c587c0,
bf77ae,
c79fd6,
bd8fc6,
b775ac,
daa8d8,
e3b6e4,
c98dc4,
cb86b8,
c97fae,
c679a9,
c87bac,
c376af,
c378b2,
c67db7,
c583bd,
c887be,
cc87be,
c981b9,
c47bb2,
c67db6,
cb86bc,
ba7aaa,
a96c9a,
c18cbc,
c896c6,
c98fc2,
c582aa,
c17494,
c37592,
c57691,
c57593,
c57593,
c77591,
c77692,
bb6e8a,
d38ea6,
e7a7bf,
e5a6bd,
e9abc0,
ecaabf,
d68fa5,
e5a5ba,
e7abc0,
e7acbf,
e8adc0,
e1a3b9,
e4a7be,
e8abc1,
e8adc3,
e9afc6,
eab1c6,
eab1c6,
eaafc2,
ebafc4,
f0b2c7,
e29eb4,
e098ae,
e198ae,
df98ad,
dd98ac,
da97aa,
e6abbd,
e0acbd,
e1b1c1,
e3b5c4,
e2b6c5,
e4b7c7,
e6b9c9,
e4bac9,
e4bac9,
e4bac7,
e3bbc7,
e4b9c6,
ce9aa8,
ca96a4,
dcaebc,
e7bcca,
e7c1ce,
dab8c5,
f9d5e1,
f2d1dd,
fbdbe7,
fadce6,
f8dbe7,
f5dbe8,
f6dbe9,
f7dde7,
f8dee8,
fae0ea,
fee3ed,
fce2ed,
fae0ea,
f4dde6,
d4c2d9,
c9c5e8,
ccd0f0,
c7cbec,
c8cfef,
d0d3ea,
dfd6ea,
f4deeb,
f8e0ec,
fae2ed,
fce4f0,
fbe4f0,
fce5ef,
fee7f0,
f8e1ed,
f3dde8,
f0dbe6,
f3dce8,
f4deea,
f9e4ef,
fee6f2,
fde7f4,
f0d9e9,
f5dceb,
ffe4f4,
fae0ef,
f0d6e6,
f2d7e7,
fcdfee,
fbddeb,
f8dbea,
f9dcee,
fcdff0,
fbe0f2,
ead4e8,
e5cfe4,
eed5ec,
f6dcf4,
f9dcf5,
f7dcf1,
f7dcf2,
f9ddf9,
e3c0e9,
cca3de,
d1a3de,
d2a2e0,
d8a6e5,
d4a8e5,
d1a5e3,
db9fdd,
dda2de,
dba6df,
ddb1e9,
dbb4eb,
d7b2eb,
dbb7ef,
ddbaef,
ddbaef,
cca7de,
c9a2de,
c8a1e0,
caa1e1,
cba2e1,
cba2e0,
c7a2df,
c6a3e2,
c9a7e3,
c9a5e1,
c9a4db,
cfabe1,
ceace3,
cbace2,
c6aae3,
c6a9e3,
c9aae3,
ccace6,
cfaee7,
ceaee7,
ccabe3,
ccaae0,
ceabe1,
d5afe1,
dcb4e3,
e0b7e4,
e3b9e7,
ddb4e9,
dcb5ed,
dbb6ef,
d3b1ec,
dbbaf5,
dbbbf6,
cfb0ee,
d4b5f1,
dec5f8,
d0b2ef,
ceaced,
cfacec,
d1adeb,
caaee7,
cbb2e8,
dccaf8,
d1c2f1,
c0aee3,
c3abe2,
c8aee5,
cbade9,
cbadec,
cfaeef,
cfaeee,
d4b1f3,
d3aef2,
d0acf1,
d3adf1,
dab5f1,
ebc7fa,
dbbaee,
d1b1e6,
d1b0ea,
d2b1ec,
d4b2ed,
d5b3ec,
d2b4e9,
d5b4ec,
d1b3ea,
cfb1e7,
d0b2e6,
d3b5e9,
d7b5ed,
d9b4ee,
dab5ef,
dbb5f1,
d8aeea,
d9a8e5,
dfafed,
deb2ee,
e0b9f2,
e8c8fb,
dec2f6,
d9c1f3,
e3cbfb,
e7cdfb,
dbbcee,
dcb7ee,
d9b1ea,
d7afe4,
d5aee4,
e0bdee,
ecccf8,
dec0ee,
e8c8f5,
ecc9f7,
ebc9f8,
d6b5eb,
eac5f8,
f5d0fb,
ebc1f5,
e2b0ed,
e2b0f0,
e3b1ef,
e4b0f1,
e3aff1,
e2afef,
e0aeee,
dfaeed,
dfb0ef,
e3b1f0,
e0b5f0,
deb8f0,
e0bbf1,
e0bdf2,
e0bff2,
e1c0f5,
e1bdf5,
e1baf2,
e3b8f2,
e3b7f1,
e2b6ef,
e4b5ef,
e8b5ef,
e9b6ee,
e7b4eb,
e1ade7,
ddaae6,
dcaae6,
ddaae7,
ddabe7,
ddaae8,
dbaaea,
dcaae8,
deace9,
deabeb,
deabeb,
ddaaea,
ddabe9,
dcace9,
ddade7,
e1b2eb,
e6bbf0,
e5b9eb,
e6b9e4,
e4b8e7,
eac1f6,
e3bcf2,
e3bbf0,
e0b9f0,
e1bef4,
e6c6f8,
e6c3f7,
cd8ab2,
e1a0ca,
cd81b9,
c672ae,
c572ae,
c772af,
c976b1,
c672ac,
c36fa7,
c372a8,
dca1d3,
d29dcc,
e7b9e7,
d596ce,
c980bc,
c778b6,
c675b2,
c57bbb,
c882c0,
c376b2,
be80ba,
c78fc6,
c27bb2,
c277b0,
c579b1,
c779af,
dc8dae,
e699a6,
df97a0,
e49baf,
ce82af,
c67ab2,
c47eb7,
bf8bc6,
c39ad3,
c991c8,
c37fb6,
c17bb3,
c47db6,
c982ba,
c985b9,
bd7dae,
c388b8,
e0abd9,
e4b5e3,
d092bb,
c47797,
c47593,
c1718f,
c67592,
c67592,
c77591,
c67692,
af637f,
d48fa8,
e7a6be,
e4a4bc,
e7a9c0,
ebabc0,
d694a7,
e1a0b5,
e6a9bf,
e6abc0,
e8acbf,
e0a2b8,
e6a7be,
e9aac0,
eaabc1,
e9adc5,
eab0c6,
eab1c6,
e8afc4,
e9afc4,
ecb1c6,
eaa8be,
e098ae,
df99ae,
df98ad,
de98ac,
db98ac,
dd9db1,
e0a5b7,
e1acbc,
e4b3c2,
e4b5c4,
e5b6c7,
e6b8ca,
e5bac9,
e5bac8,
e4bbc8,
e2bbc7,
e0bbc8,
e3b9c6,
e1b1be,
cd99a7,
c895a4,
dcaebc,
ebc3d1,
e0b9c8,
f2cfdc,
fbdbe7,
fbdce7,
fbdde9,
fbdfeb,
fadfeb,
e5cdd9,
e9d1dd,
efd7e4,
f0d5e1,
e8cfda,
f3d9e4,
f3dce9,
c5b6d5,
c9cbf2,
c7cff2,
c2cbeb,
c4ceef,
cdd1ee,
d7cee5,
f0d9e6,
f9dfeb,
f4dce7,
f5ddea,
f4dde8,
f0dae4,
eed9e2,
edd7e2,
e5ceda,
efd7e4,
fae2ec,
f9e3ee,
f9e6f1,
fde7f4,
f8e4f1,
f4ddeb,
f5d9e9,
fee5f3,
fadfef,
f7dded,
f9deee,
f4d8e8,
fde1ee,
fadeeb,
f2d5e8,
efd3e6,
f8ddf0,
f2d9ed,
f4dcf1,
f3dcf2,
f5dcf3,
f7dcf3,
f6dcf2,
f5dcf2,
e5c8e9,
c29ed3,
cca4dc,
cba4dc,
cda5df,
cfa7e2,
d2abe5,
cba5e1,
cfa8e6,
d1adeb,
d4b1ed,
dbb5ee,
dab6ef,
dab6f2,
cdacea,
c9a8e5,
c5a4df,
c4a4db,
c4a2dc,
c7a2db,
c8a3de,
caa5e1,
c7a3e2,
c5a6e2,
c3a8e3,
c3a5e3,
c6a8e4,
c8aae1,
d3b6eb,
d3b6ec,
d2b6eb,
ceb4e9,
c8ade3,
c6ace1,
cbade4,
cfb0e8,
ceafe6,
d1b1e9,
cdb1e7,
c7ace2,
cbabe1,
ceacdf,
d0addf,
d3afe3,
d6b0e6,
d6aee7,
d4acea,
d0abea,
cfacec,
cfaded,
cdaceb,
cdacea,
cfabea,
ceaaea,
cca9e9,
cda9e9,
cdaae8,
caace5,
c9afe5,
cdb9e7,
cfbbe7,
cbb5e7,
c5ace3,
c9ade4,
cbabe6,
cbabe8,
ceabea,
cfaceb,
ceaeeb,
d1aff0,
d1aff0,
d6b0f1,
ddb9f1,
ddbaf1,
d1b0e9,
d2b2ea,
d5b5ed,
d9b7f0,
ddb9f1,
ddbcf1,
d4b5ea,
debff5,
d7bbee,
d4baec,
dbc0f1,
d6b9eb,
ceace5,
e2bcf4,
deb4ed,
e0b2ef,
d7a6e5,
d5a1df,
d9a4e3,
d5a5e4,
d8aae9,
dfb6ec,
e4bff0,
e3c2f3,
e6c4f8,
e9c7f7,
dfb9ee,
ddb0ed,
e3b5f0,
d5a3e2,
dca9e7,
dfaeed,
daaee9,
d8afeb,
dfbaf0,
dfb9f0,
d8b0ea,
d8aeec,
e1b3ed,
e6b5ef,
e5b1f0,
e8b0f2,
e8b1f3,
eab1f4,
eab1f4,
e9b0f5,
ebb1f5,
eab1f5,
e7b2f4,
e7b3f4,
e9b4f4,
e7b7f3,
e4bcf4,
e2bef2,
dfbef1,
ddbef1,
e1bff4,
e2baf4,
e1b5ee,
e1b3ed,
e3b4ef,
e4b6ef,
e5b6ee,
e5b4ec,
e6b2ed,
e5b3ec,
e0b0e9,
ddade8,
dbaae8,
dba9e9,
dba9e8,
dba8e7,
dba8e8,
dcaae8,
deabea,
dfaceb,
dfaceb,
ddaae9,
ddaaea,
dfadeb,
dfafea,
e1b2ec,
e0b3ec,
e2b5e8,
e2b5e0,
e0b4e1,
dfb3e9,
dcb3ec,
dbb2ec,
dbb3ec,
e0bbf4,
ecc9ff,
eacafd,
eeb9d4,
f1bcd6,
d592c1,
c573ae,
c472ae,
c672ae,
c874af,
c571ab,
c36fa9,
c477ac,
e9bde9,
ddb8e2,
e5c0ea,
c994ca,
d594d1,
ce8ac5,
cc87c0,
ca7bb9,
c978b6,
c677b3,
c177ab,
d392b9,
da94ba,
c679b0,
c675b0,
c977af,
dc8dac,
eaa1a3,
e8a2a0,
e19aaa,
cb80ad,
c67bb2,
c17eb7,
c598d5,
bf9ad7,
bf88c3,
bf7cb5,
c07bb3,
c37eb6,
c682b8,
c884b9,
c686b9,
c98cbf,
c78ec1,
dfafde,
d596c3,
c87fab,
bf7293,
bb6d8d,
c67693,
c67490,
c77591,
c37591,
a65c77,
d590a9,
e6a6be,
e3a3bb,
e6a8be,
e9aabe,
e4a4b8,
db9aaf,
e7a8c0,
e8aac0,
e8abc0,
dea1b6,
e6a7bd,
e8a9bf,
eaaac0,
eaacc1,
ebaec4,
eab0c5,
e9afc5,
e9afc5,
ebb0c5,
eeaec2,
e39baf,
df98ac,
de97ab,
df97ab,
de98ac,
dc99ae,
dea1b6,
dca6b7,
e3b0c0,
e4b2c3,
e6b4c7,
e7b7ca,
e7b9ca,
e7bac8,
e6bac7,
e0b8c5,
ddb6c3,
ddb6c3,
e1bac7,
e4becb,
d5a9b5,
c695a3,
cea1b0,
d0a7b5,
f1cdda,
f5d6e3,
f8dae6,
f9dbe5,
f9dbe7,
f8d9e5,
f4d7e2,
f9dde7,
fbdde9,
fbdee8,
fadfe7,
f8dee7,
f8dde9,
cdbbd6,
cac9eb,
c8cdee,
c9cded,
cbcfee,
d0d0ec,
dbcce0,
e1c6d4,
e9ced9,
f5dbe6,
f4dce7,
f3dce9,
e8d2e0,
dfc7d3,
e1cbd6,
f2dce7,
efd9e4,
e0cad7,
f0ddea,
f6e5f2,
f7e4f0,
e6d1dc,
e4cfda,
edd2df,
fbdfee,
f9deee,
f5d9ea,
f5d9e9,
f0d3e4,
f3d7e4,
fbdeec,
f5d9ed,
e4c8dd,
f5daef,
f5dcf1,
f5ddf1,
f4dcf0,
f5ddf2,
f5dbf2,
f5dbf2,
f5dbf2,
e2c5e5,
c6a2d6,
c9a5db,
c9a6dd,
c7a5df,
c8a5e0,
c9a3e0,
c8a4e1,
cda8e7,
d4afef,
d3aeee,
cface9,
d3b0ed,
d2afed,
d4b2ef,
d5b4f0,
d1b3ec,
e0c3f7,
d1b3eb,
caa8e1,
ccaae5,
cfade8,
ceaeea,
c7ace8,
ceb5ef,
c7abe6,
d2b4ee,
d2b8ee,
d2b7ec,
cbb0e5,
ceb3e8,
d3b8eb,
ceb5e8,
cab1e7,
ceb0e6,
d0afe6,
caaee5,
ceb5ec,
d1bef2,
c7b2e9,
c8abe3,
c9abe1,
caaae1,
ccabe3,
ceabe7,
d3abe9,
d2aaeb,
d0aaeb,
ceaaec,
cda9eb,
cea9ea,
cfaae9,
cfaae9,
cda9e8,
ccaae6,
cda9e6,
cea8e4,
caaae3,
c6aee0,
ccb3e3,
dabeeb,
d8beea,
cbafe0,
ccace2,
ceaae4,
cda8e4,
cda7e4,
d6b0ee,
dfbdf7,
dfbdf6,
ddbcf6,
e0baf4,
e3bef1,
debaf0,
d3b0e9,
dabaef,
dfbef4,
e4bdf3,
e9c0f6,
e1bef0,
eac8f8,
ebc9fb,
ebccfb,
ebcdfa,
e6c7f5,
e4c3f2,
dab5ea,
e3b8f0,
e1b2ea,
d9a3e3,
d39cde,
d9a2e0,
edb9f0,
e4b5ec,
dbace8,
d9aae8,
edc1f5,
e2b4e9,
d3a4e0,
d1a4dc,
d1a3df,
d1a2e2,
d5a4e3,
d6a0e5,
d7a0e4,
dca5e8,
deaaea,
ddaeee,
ddb0f0,
dfb3f1,
e3b5f3,
e4b5f3,
eab5f4,
eab4f1,
e9b3f2,
ebb5f7,
edb5f7,
efb5f7,
f0b4f7,
efb3f8,
f0b5f8,
efb5f8,
edb5f6,
ebb5f5,
eab4f5,
ecbbf8,
ecc4f8,
f1cffb,
e5c5f2,
d3b2e4,
ddb6ec,
e0b7ef,
e2b3eb,
e0b3ea,
deb1e9,
ecc2f4,
f9d0fb,
f4ccf8,
e1b9ed,
dcb3e9,
e4bdf2,
e6baf0,
daaae9,
daa8e9,
dba7e8,
daa7e7,
daa7e6,
daa7e7,
dca9e9,
deacea,
dfacea,
dcaae9,
ddaaea,
deaceb,
deaeea,
deaeea,
dcaee9,
dfb0e7,
e5b5e4,
e1b2df,
dfb0e4,
e0b2eb,
dfb3ee,
e2b7ef,
e8bef5,
eecafd,
e9cbfc,
ebbbcf,
ebbcd1,
d79fc0,
db9cc5,
c97ab3,
c572ae,
c771b1,
c772af,
c570ab,
c272a9,
d99bcb,
f6ccf7,
f7d4fb,
d4a2d5,
c386c2,
d3aae3,
d8baef,
cb87c1,
c577b2,
cf7fb7,
e39cbe,
e19faa,
e6a1ae,
d98dac,
cb79ae,
ca78b0,
cd80ab,
e7a0b1,
e7a3ae,
e29bb5,
ca7eb1,
c67bb2,
c57bb4,
c27eb8,
bf7cb7,
c07bb6,
c17bb3,
c27cb3,
c68abe,
cc95c9,
dba8d8,
c38abc,
c080b6,
c480b7,
c886bf,
c580b8,
c380b4,
c57ba6,
b96c8b,
c37491,
c47491,
c57691,
bb6e88,
a65d79,
d492aa,
e5a6be,
e0a3ba,
e3a6be,
e6a8be,
e6a9be,
d997af,
e8a7bf,
e7a9bf,
e6a9bf,
dfa3b9,
e4a5bc,
e7a7be,
e9a8c0,
eaaac2,
ebadc4,
ebaec4,
eaadc4,
ebaec3,
ecb0c4,
edb1c4,
e6a2b6,
df97ac,
df97ab,
e097ab,
df98ab,
dc96aa,
dd9cb1,
e1a9bb,
e4b0c1,
e4b2c2,
e4b4c5,
e5b6c7,
e6b9c9,
e6b9ca,
e4bac7,
e0b8c6,
ddb6c5,
dab4c1,
dfb9c4,
e5bfca,
e7c1cc,
e4bdca,
cfa6b3,
bd93a1,
d1a9b7,
f6d2e0,
f6d6e2,
f4d6e1,
f5d7e3,
f6d7e3,
f9dae5,
fbdce7,
fbdde9,
fbdeea,
f8dfe8,
efd8e1,
f5dde7,
f4dbeb,
dccde6,
d0c5df,
d4c9e0,
d7cbe0,
e4d2e3,
f0d7e6,
f7dbe9,
f9deea,
f7ddea,
f6dee9,
efd6e2,
d9c5d1,
dac6d1,
edd8e2,
f3dce7,
f5deea,
f9e3f1,
f8e4f1,
f6e3f0,
f8e2ee,
fbe4ef,
fbe3ef,
f6ddec,
f7dcec,
f4d8e8,
e6c8da,
f1d3e6,
f2d4e5,
dbbfcf,
f5d9ea,
f4d8ec,
f5dbef,
f5dcef,
f4ddf1,
f4ddf1,
f4ddf2,
f5dcf3,
f5dbf2,
f4daf1,
f4daf1,
f7dcf4,
e8caec,
cbaadf,
cba8e2,
caa8e4,
c7a6e2,
caa5e2,
c8a6e2,
caa8e4,
d0acea,
cda9e6,
c8a6e3,
c9a6e3,
cda9e5,
d1afeb,
d2b2ed,
d7b9f0,
e7cdfd,
d7b9f2,
caa6e5,
cbaae9,
cdaceb,
d4b8ef,
cdb1ec,
cbb0ec,
cdb2ea,
c9ade4,
ccafe7,
d0b3eb,
caade4,
ccaee4,
ceaee4,
ceaee5,
cfaee5,
d2b0e8,
d4b3ea,
cbade5,
c9ace5,
c9afe7,
caaee9,
caace7,
caa9e6,
cbaae4,
ccaae5,
cea9e8,
d0aae9,
d0a9ec,
d2a9ec,
d0a8ec,
cda9ea,
cda9e7,
cba9e5,
cba9e5,
caa9e4,
ccaae2,
cfaade,
cfa9db,
c9a9e0,
c6abde,
c8acde,
caacde,
d5b5e5,
dcb8ea,
d4ade2,
d5a7e0,
d4a4dc,
d29fdc,
d7a9e8,
e4bdf7,
dab6ef,
d8b1ee,
dcb6f0,
d7b3ee,
d8b1eb,
dbb3ed,
e6c0f1,
d2abe2,
e4b9ef,
ddb2e6,
dfb8e9,
f2cbf9,
f0cbfc,
eeccfb,
e8c3f7,
d5abe2,
e2b8ee,
daa7e4,
d19bdd,
d49cdf,
d398dd,
d59adc,
d6a0df,
ddb0e8,
e3b7ef,
dcafe7,
d1a2e1,
dfaeea,
e9b4ec,
e2b2e9,
eec1f4,
f0c3f4,
eec1f3,
e4b1ec,
dda2e7,
d8a0e5,
dba4e8,
dda8eb,
e1aef1,
e9b8f4,
ecbaf8,
e9b6f4,
e8b8f3,
eab7f2,
e8b5f3,
ecb7f6,
efbdfb,
f1bdfc,
f1bcfa,
eebbf8,
f3c1fb,
ecb9f4,
eebaf8,
efbcf7,
eab7f2,
e5b3ef,
eec4fa,
e9c6f6,
dbbbec,
e8c8f5,
dbb4e7,
daabe5,
dbace5,
e0b0e8,
f5c9f8,
e4baed,
e9bff0,
f1cbf7,
efcef8,
f0d4fb,
f1d1fa,
ecc9f9,
ddb5eb,
d8a8e8,
d9a7e6,
dba6e7,
dba6e5,
d9a6e4,
daa6e6,
dca8e8,
deabe9,
ddabea,
ddaaea,
deaaea,
deacec,
e2b0ee,
e3b0ee,
e1b0ed,
e5b3ef,
eab9ef,
ecb9ea,
eab7ea,
e9b7f1,
e7b9f5,
e9bbf1,
e9bdec,
e8c1ef,
e6c2f2,
ecbcd1,
ecbed1,
efbfd3,
f0c2d8,
db99c8,
c573af,
c871b2,
c872af,
c571aa,
c16fa7,
c275ac,
dba1d0,
edc1ea,
e5afe2,
c278b6,
c493cf,
cbafe8,
d09cd5,
c676b0,
cd7db3,
da96b6,
e39fa6,
e6a1a2,
e69fa6,
de92ae,
cd7eb1,
c77bac,
d68fb5,
dd9cb9,
e29bbe,
ca7eb2,
c578b2,
c578b2,
c579b3,
c579b4,
c37ab5,
c37bb3,
c27cb3,
cc96c6,
e2bbe8,
dbb9e2,
d0a2cf,
c080b6,
c27cb5,
c57db8,
c67db7,
c47fb5,
c781b4,
c57ba0,
b56883,
c1738f,
c3758f,
b56780,
a75e79,
d291a9,
e5a5be,
dfa3bb,
e1a5bd,
e3a6be,
e6a7bf,
da99b0,
e7a5bd,
e8a8bf,
e7a8c0,
e8a8c0,
d193aa,
e4a4bb,
e7a6bf,
e9a8c1,
ecacc4,
ecacc3,
eaabc1,
e9abc1,
ebadc2,
ebb0c3,
eeadc0,
e098ac,
df96aa,
df96aa,
df97ab,
de97ab,
d895a8,
e7acbf,
e4afc0,
e3b1c1,
e2b3c2,
e3b4c4,
e4b8c8,
e4bacc,
e3bbcb,
e2b9c8,
ddb7c6,
ddb8c4,
dbb7c1,
e1bdc7,
e2c0ca,
e8c7d3,
e7c5d0,
e8c2ce,
caa4b2,
e6c1d0,
f2d1df,
f1d3df,
f3d5e1,
f4d6e2,
f5d7e2,
f8d9e5,
f7dbe7,
f2d9e5,
e8d1df,
f5dbe7,
fae0eb,
fbe2ec,
f6dfe9,
f6dfe8,
f0d9e3,
f2dbe6,
efd6e3,
ebcfdd,
efd4e0,
f0d5e1,
e7d3dd,
dbc9d2,
dfcad5,
f8e4f0,
f9e5f0,
fde4f0,
fde5f0,
fde6f1,
fae5f1,
fbe5f1,
fae4f0,
fbe4ef,
fbe3ef,
fde2ee,
fce0ee,
f6dceb,
f5dbea,
f3d8ec,
e0c3d8,
ebcfe2,
d4bacb,
f6d9eb,
f7dbef,
f5dcee,
f5dcee,
f5ddf0,
f4ddf1,
f4ddf3,
f4dbf2,
f4daf1,
f4daf1,
f4daf1,
f5dbf2,
f8def6,
d1b2e2,
ceace6,
ccaae6,
c9a9e5,
cba8e5,
cbaae5,
d0aee9,
cdabe7,
c9a7e3,
c9a6e3,
c9a6e2,
cca8e4,
d2b1ec,
d2b4ef,
ccafe7,
d8bcf0,
d1b2f2,
cfa9ed,
e1c2f9,
e6c9fb,
d4baf0,
caaeea,
c8acea,
caaee7,
d0b3ea,
c5aae3,
c9abe3,
ccace4,
d3abe5,
d3abe6,
d4abe6,
d5abe7,
d5abe7,
d6ade8,
cfabe7,
ccaae6,
cdaae6,
cface8,
d0acea,
ceabea,
ccaae8,
cdabe8,
ceaae9,
d0abe9,
d1abeb,
d4a9eb,
d3a8ea,
cfa8e6,
cea9e4,
cca9e1,
caaae0,
cbaae0,
cea9dc,
d1a8d5,
d1a8d3,
cba7db,
c9a8db,
caa8dc,
cca6dc,
d1a4dc,
d4a3de,
d3a2da,
d6a1d7,
d79ed2,
d49ad9,
d69ee0,
e2b6f1,
d0a9e4,
d9afeb,
e7bef3,
deb9f1,
ddb5ec,
e6bef2,
f1cbf6,
d9b1e9,
e7bbef,
e8bbed,
cd9fda,
e3b6f0,
eabbf3,
d8a3e0,
da9fdf,
d49cdd,
d199dc,
d397dd,
d399de,
d9a1e4,
dca3e4,
dfa8e4,
deabe4,
f4ccf9,
dfb4eb,
e9c0f5,
eac3f5,
deade8,
dea3e1,
d7a1df,
e0aeea,
edbdf1,
dca7e3,
dca2e1,
dda0e3,
da9fe4,
dba2e8,
dea8ec,
dba5e8,
ebb6f4,
e7b1f0,
e1aaee,
ebb7f8,
e8b3f2,
e2acee,
eab6f5,
eabaf7,
e9baf5,
eab9f2,
e8bbf1,
fad0fd,
efc6f6,
e7bdf4,
f0c6f8,
e6bded,
d6ade0,
eecaf8,
f0d3fb,
eed6fc,
dcb6ea,
d9a5e2,
dba6e3,
d9a5e2,
dca8e4,
dfafea,
dfb0e8,
e1afe7,
deace3,
deb0e5,
ecc5f3,
e4c0f0,
d3aee5,
d8b0e8,
dcace8,
dba8e7,
e4afed,
dea8e5,
dba6e4,
dba6e5,
dda8e8,
e0adec,
e2aeed,
e1adee,
e3aff0,
e4b1f2,
e8b4f4,
e9b7f3,
e7b7f2,
ebb9f3,
ecbaf3,
edbaef,
ecbaed,
eab8f2,
e7b9f5,
e8b8ee,
e7b8e5,
e6b9e5,
e6bcec,
efc0d4,
efc1d4,
efc2d5,
f6c3de,
ce85b7,
c573ad,
c772b0,
c872ae,
c671aa,
c46fa7,
c272a8,
c575aa,
c877ae,
c978b1,
c974b2,
c37cbc,
c196d6,
c597d6,
c876b5,
c778b2,
c77daf,
d287a7,
db91a4,
e59daa,
e095b3,
cd7fb3,
c677ae,
c375aa,
c578aa,
c87cad,
c879b0,
c677b2,
c476b1,
c578b2,
c679b3,
c57ab5,
c47bb5,
c17eb4,
cc98ca,
d4aadb,
caa8d7,
cb9dcf,
c07eb7,
c27ab5,
c379b7,
c57bb6,
c37db7,
c67eb8,
c980b0,
ba6e8b,
bf738e,
bf738c,
b0627a,
a55d76,
cf8ea6,
e3a4bc,
e0a2ba,
e0a4bc,
e2a5bd,
e3a5bd,
db9cb3,
e0a0b8,
e9a7bf,
e8a7bf,
e8a7bf,
d899b0,
e2a2ba,
e4a3bc,
e6a7c0,
eaabc3,
eaabc3,
e7a9bf,
e8aabf,
e9abc1,
ebadc2,
eeafc3,
e9a1b6,
de95aa,
de95a8,
de96a8,
df96aa,
db95a8,
dd9fb3,
e2acbe,
ddadbd,
dfb1c0,
e1b3c3,
e2b7c6,
e2baca,
e4bccb,
e3bccb,
e1bac8,
e0bbc7,
deb9c4,
e1bec8,
e2c0cb,
e9c7d4,
eac9d6,
e7c6d3,
edcad8,
f1cddc,
e8c7d7,
e7ccda,
f4d5e2,
f7d8e4,
f7dbe7,
f6dae5,
f7dce7,
f3d8e3,
f7dce8,
fadeea,
fbe0ec,
f3d9e5,
f9e0eb,
f9dfe9,
f5dae4,
f6dce8,
f5dae6,
f0d4e1,
d2bdc7,
e4cfda,
efdbe5,
fae5f0,
fde5f3,
fbe5f1,
fae5f0,
fbe5f0,
fae5f0,
fbe5f0,
fae5f0,
fce4f0,
fce4ef,
fae2ee,
fae1ed,
fae1ec,
f8dfec,
f7deec,
f9deed,
fadfef,
f9dff1,
f0d9e9,
f2d9ea,
f2d8e9,
ebd0e1,
f3daec,
f6ddef,
f5dcf1,
f5dcf1,
f3dcf0,
f3dbf0,
f4daf1,
f4daf1,
f3daf0,
f4dbf1,
f3d8f1,
ccaadd,
d1aee7,
d2b0ed,
d1afeb,
cfade9,
caabe5,
d8b9f1,
debff7,
dcbdf4,
d2b1eb,
d1afea,
cfb0ea,
d8bbf3,
dec4f9,
caafe9,
c7abe7,
c4a5e9,
c9a4ed,
cdabed,
d2b4ed,
cdb1ee,
cfb2ee,
d9bbf2,
cfb4ec,
cfaee6,
d0aae5,
cfabe7,
d1ace8,
d5abe9,
d7abe9,
d9aae9,
d9a9e9,
daaae9,
dbaceb,
dab1ed,
d1ace6,
d3abe7,
d5acec,
dab0f0,
dab1ef,
d3abeb,
d4b1ee,
d2afed,
d2afeb,
d2abe9,
d5a5e7,
d3a4e6,
d2a2e2,
d5a1dd,
d5a2d6,
d5a4d8,
d4a5da,
d1a4db,
d2a4d8,
d3a2d3,
d3a0d7,
d39fd6,
d3a0d5,
d49ed6,
d39ad9,
d496d9,
d298d8,
d499d9,
d598d9,
d497da,
d699dd,
edbcf3,
dcb1e8,
deb1eb,
edc3f2,
f0c4f5,
e0b5e7,
f1c7f4,
f2c9f5,
deb1ec,
d6a3e3,
dda6e5,
d297df,
d699e2,
da9ae1,
d797df,
d596de,
d596de,
d496de,
d697e0,
da9de3,
f0bcf4,
e3b0e8,
e7b4eb,
e9bcee,
efc3f5,
f1c6f6,
f3caf9,
efc8f8,
daa5e5,
d69be2,
d79ce0,
d69cdf,
d89edf,
da9ee1,
da9de1,
db9de2,
db9ee3,
dea4e9,
ebb3f6,
db9fe2,
dea3e5,
dba1e3,
dba0e5,
e6abef,
e0a7eb,
d9a4e6,
e9b5f5,
e7b3f1,
ecbbf7,
f3c4f8,
e5b7ec,
edc1f6,
ebc8f6,
f2d3fb,
f1cef7,
e2bee9,
e8c2ef,
f0cdf7,
deb7e9,
dfb9e9,
dfafe8,
dda5e2,
dda4e2,
dca5e3,
dfa8e7,
e0abeb,
e0ace9,
deabe7,
dba8e4,
d9a6e1,
d7a5e0,
d5a6e1,
daaae6,
ebc2f4,
e1b3e9,
dea9e1,
e5aee3,
dba2d6,
dea5e2,
dca7e6,
dfaced,
e6b3f3,
e6b2f4,
e6b2f4,
e6b2f5,
e8b5f7,
e7b5f5,
e8b5f4,
e9b7f3,
ebbaf6,
ebb9f4,
eab7ed,
eab7ec,
e7b3f0,
e3b3ef,
e1b2ea,
e1b1e6,
e0b1e4,
e1b6e8,
f1c1d5,
efc0d5,
f0c2d7,
dba4c6,
c177a8,
c174aa,
c472ae,
c672ae,
c771ac,
c36fa6,
c170a5,
c472a7,
c672a8,
c772ab,
c973b1,
c774b7,
be7fc2,
c99adb,
c37dbf,
c676b3,
c879b1,
ca78ab,
c977aa,
cc7bad,
cd7bb3,
ca79b2,
c473ac,
c272a9,
c374ab,
c375ad,
c576b0,
c575b1,
c475b1,
c577b4,
c578b6,
c47ab6,
c47bb6,
c37eb6,
d49dd0,
e1b4e2,
e2bfec,
deb2e2,
c47db7,
c579b3,
c778b4,
c678b6,
c47ab6,
c57cb6,
c87db3,
bb6f92,
bd728d,
ba7189,
aa5e75,
a55d76,
ce8da5,
e2a2ba,
dfa0b8,
e0a4bc,
e1a5bd,
e1a5bd,
e5a7be,
c789a1,
e8a6be,
e8a7bf,
e8a7bf,
cf8fa8,
e2a2bb,
e1a2ba,
e3a5bc,
e8aac2,
e9abc2,
e7a8bf,
e8a9bf,
e7abc1,
e8acc1,
e8aec2,
edabbf,
df96aa,
db93a5,
dd93a5,
df95a7,
de95a7,
d996aa,
dda2b5,
dca9ba,
ddaebe,
e1b2c2,
e0b6c5,
e2bac9,
e4bccb,
e4bccb,
e2bac9,
e2bbc7,
e1bcc7,
e1bec9,
e3c0cb,
e8c3d2,
e6c3d1,
e2c1cf,
e2c1ce,
f6d5e3,
f8dae7,
e0c5d3,
eecedd,
f9dae7,
f9dce9,
f9dee9,
f7dbe6,
f8dce7,
f6dce7,
f7dee8,
f6dde8,
f0d5e1,
fadfea,
f9dfea,
f3d9e3,
f5dae3,
e6d0d9,
d7c4cf,
f8e2ef,
fee5ef,
fce6ef,
fae5f1,
f9e4f1,
fae5f1,
fae5f0,
fae5f0,
fae5f0,
fae5f0,
fae5f0,
fce4f0,
fce4ef,
fae2ed,
fae1ed,
f9e0eb,
f7e0eb,
f7deeb,
fadeee,
f9dfee,
f8e0f0,
f9e0f0,
f6deeb,
f6deed,
f7dced,
ebd0e4,
f5dcef,
f5dcf0,
f5dcf0,
f3dbef,
f2dbf0,
f4daf1,
f3d9f0,
f3d9f0,
f4daf0,
ebcdec,
d1aee3,
d0ade5,
d2b0e9,
d7b6ee,
d6b8f1,
ceb2ed,
d6bbf2,
dfc4f9,
ddc1f7,
dbbbf1,
dbbaf2,
d7b8f0,
d7b9f0,
dabff6,
d4b8f2,
d2b6ef,
caaded,
c39fea,
ccaaee,
ccace9,
d3b3ef,
d7b7f1,
debdf4,
e4c7fb,
d0ade5,
d6ace8,
d9acea,
daabeb,
dcaaeb,
deaaea,
dea9eb,
dfa8eb,
dea9eb,
e2abee,
e3b4f1,
d9afeb,
d9a9e9,
dcaced,
e4b4f3,
dcacec,
d3a5e4,
d8b3eb,
e2bff4,
d1ade6,
d4ace6,
d09fe0,
d29cdf,
d297db,
d497da,
d598d5,
d89ad0,
d89ccf,
d69cd2,
d59bd5,
d597d5,
d698d4,
d599d2,
d698d1,
d797d4,
d799d2,
db9ad6,
d695d9,
d595d9,
d494d9,
d595db,
d597dc,
d199dc,
d099d9,
d8a0e1,
d5a0df,
d098dd,
ce96dd,
d299dd,
d49cde,
d498df,
d497e1,
d597e1,
d797e1,
d897df,
d997df,
d796de,
d595dd,
d595dd,
d696de,
d897e1,
d999e0,
d599e0,
d499df,
d39be0,
d79ee5,
dea4e9,
daa1e2,
d6a2e2,
d7a1e3,
d59de1,
d79be2,
d89be1,
db9be1,
db9ce2,
dc9ce3,
db9ce1,
db9be1,
db9de2,
d99ee2,
dda1e5,
db9de2,
da9de0,
d89de0,
db9ee3,
dea1e5,
e3a5e7,
e5abea,
ebb0ee,
eab1ed,
ecb4ef,
eab6ef,
e6b7ee,
eab9f1,
e6b6ef,
edbff2,
e2b5e9,
eabdf0,
efc4f4,
ddabe5,
dfa9e3,
dea9e4,
dea8e5,
dea5e4,
dea5e4,
dda6e4,
dea8e7,
dea9e9,
dea9e9,
dca8e8,
daa7e5,
d9a5e2,
d8a4e1,
d8a5e3,
d8a8e4,
d8a8e4,
d8a7e2,
dba7e0,
dda4dc,
e6aae0,
e6afec,
e2aeed,
e3b1f2,
e8b4f5,
e8b4f5,
e7b3f5,
e8b5f7,
e9b5f7,
e3b1f2,
e2aff0,
e6b3f2,
e8b6f4,
e2b0ef,
e0b1eb,
e1b1ea,
dfaeeb,
ddaeea,
dcade8,
dcabe6,
dbade5,
dfb4ea,
e9bcd0,
ebbfd2,
f1c6d9,
eabfdc,
e3b3d7,
cf90bf,
c273ad,
c772b0,
c974ae,
c470a9,
c46fa7,
c671a7,
c672a9,
c671ac,
c773b0,
c774b6,
c278ba,
c38fd0,
c594d2,
c478b5,
c776b0,
c975ae,
c672ad,
c974b0,
cb76b4,
c977b2,
c371ad,
c371ab,
c473ac,
c374ae,
c474af,
c472ae,
c473af,
c477b3,
c37cb9,
c77ebd,
c67cb9,
c57bb8,
c27ab5,
bf78b2,
c681b8,
ca85bc,
c679b4,
c778b4,
c776b3,
c776b4,
c677b4,
c578b4,
c479b1,
bb6d8f,
c1728c,
af657e,
a75a73,
a55d76,
cf8fa7,
e1a1ba,
de9fb7,
e3a3bb,
e2a5bd,
e1a5bd,
e4a7bc,
d497ad,
df9fb7,
e7a7bf,
e8a7bf,
e1a2bb,
d799b2,
dfa0b7,
e3a4b9,
e9a9be,
e7a9bd,
e5a7bd,
e6a8be,
e5a9bf,
e7abc1,
e8aec1,
edaec1,
e09aae,
da92a5,
da92a4,
db92a4,
d993a5,
d794a4,
da9cae,
e0acbe,
d8a6b8,
e2b3c4,
e1b7c6,
e3b9c8,
e6bdcb,
e4bccc,
e3bbca,
e1b9c6,
dfb8c5,
e3becc,
e7c2cf,
e6c1d0,
e9c6d3,
e8c4d1,
e8c5d1,
eccad6,
f6d5e1,
f7d9e5,
ecccdd,
edccde,
f9dbea,
f9dce8,
f4d8e4,
f4d8e4,
f4dae6,
eed9e3,
f3dee8,
ead1de,
fadfeb,
f7e0e8,
e9d5dc,
d8c7cf,
efdbe4,
fbe5f0,
fbe5ef,
fce5ee,
fce5ef,
fae5f0,
fae5f0,
f9e4f0,
f9e4ef,
f9e4ef,
fbe5f0,
fbe5f0,
fbe4ef,
fbe4ef,
fbe2ee,
f9e1ed,
f9e0eb,
f9dfe9,
f8dfea,
f7deeb,
f8deec,
fae0ef,
fbe0f0,
fbe1f0,
f8e1ed,
f8dfed,
f9dfee,
f2d8e9,
e4cbdc,
f5dcee,
f5dbf0,
f4dbef,
f2d9f0,
f3d9f0,
f3d9f0,
f3d9f0,
f5daf2,
e7c7ea,
cca9df,
c9a7e0,
c6a5e1,
c5a4e0,
c3a6e3,
bca2e0,
b8a1dd,
baa3e0,
bfa6e0,
c9a8e3,
ceace8,
c9a7e2,
c9aae6,
c4a6e4,
bda0df,
bc9ede,
caaeea,
c2a1e9,
c9a6eb,
caa7eb,
d0abed,
d3afef,
d5b3ee,
dabaf2,
d6b1ec,
e0b1ee,
e3ade6,
e3a9e2,
e1a9e9,
e0a5e8,
e0a5e9,
e1a5ea,
e0a9ea,
e7b2f1,
e4b5f2,
d8abe7,
d9a3e6,
dba5e7,
daa5e6,
d09ddb,
d9a9e2,
e4bcef,
d5afe6,
e1bbed,
f3c8f7,
ddade4,
e4b0ea,
d397db,
d695da,
d594d7,
d896d3,
da98ce,
db98d1,
da95d5,
d995d2,
db99d1,
da9ad1,
d695d4,
d594d4,
d694d1,
da94d2,
d792d5,
d692d6,
d893d8,
d896da,
dba0e1,
d7a0de,
d49bda,
d599da,
d497d9,
d496dd,
d496dc,
d697dd,
d799df,
d899e0,
d799e2,
d999e3,
d897e2,
d596e0,
d495de,
d595dd,
d595dd,
d494de,
d696e0,
d897e1,
d898df,
d798e0,
da9de3,
e1a5e9,
e1a5ed,
e0a3ea,
dea0e4,
dea2e5,
da9fe4,
d49ce1,
d89be2,
da9be2,
da9ae1,
e2a3e6,
dfa0e4,
db9de1,
db9de1,
d99cdf,
da9cdf,
dd9fe3,
e0a0e4,
e0a1e5,
e4a3e6,
e5a4e8,
e6a5e9,
e7a7e8,
e8a7e7,
e9a9e8,
ebabe8,
ecadeb,
ecb1ef,
ecb7f4,
ecb7f3,
eab3f2,
eab1ef,
e3adea,
e0ace9,
e3aeeb,
dfa8e6,
dea6e4,
dea6e5,
dea6e5,
dda6e4,
dda6e4,
dca5e5,
daa5e5,
d8a6e5,
daa7e7,
dca7e7,
dba7e6,
dca7e5,
dca7e4,
dba8e6,
dca9e9,
dfadec,
e0adec,
e3afee,
e9b3f2,
edb7f5,
edb6f8,
eab5f8,
e9b4f6,
e8b2f4,
e8b3f5,
e7b1f3,
e6b1f4,
e7b2f4,
deabed,
dca9ea,
ddabeb,
dfb0ef,
d5a8e9,
d7ace9,
e7bdf1,
e5bef0,
d6afe6,
d6aae6,
d9a9e5,
d7aae3,
d7aae4,
e8bed2,
efc8db,
f3cfe1,
f1d1e6,
f2cfe9,
f3caeb,
da97cd,
c774b2,
c976b2,
c570aa,
c46fa7,
c671a8,
c772a9,
c771aa,
c772af,
c876b5,
c578b9,
be7dbe,
c794d2,
c57ebc,
c675b2,
c672ae,
c571ab,
c873af,
ca76b3,
c775b0,
c571ad,
c373ac,
c574ad,
c674af,
c573af,
c472ae,
c472ae,
c379b5,
ce8cc8,
ce87c4,
c77bb8,
c679b4,
c174ad,
c072ab,
c677b0,
c373ac,
c676b0,
c876b3,
c975b3,
c874b3,
c875b4,
c676b5,
c678b2,
b96c90,
be6f89,
ac5e77,
a85972,
a55d76,
d190a8,
e1a1ba,
de9eb6,
e1a3bb,
e0a3bb,
e0a4bc,
e2a4bb,
e3a7ba,
d697af,
e6a6be,
e7a6be,
e4a7bf,
d295ac,
df9fb6,
e3a1b6,
e7a7bc,
e7a7bc,
e5a7bc,
e5a8bd,
e4a8be,
e6a9bf,
e8abc0,
eaadc2,
e9a5b9,
dc93a6,
da92a4,
da92a4,
d992a4,
d893a3,
d995a8,
e6adbf,
eab6c8,
e9b8c8,
e6baca,
e6bbcb,
e8bdcc,
e7bdcd,
e4bccb,
e2bac6,
e1b9c6,
e3bdc9,
e9c3d0,
eec8d7,
e7c2ce,
eac5d1,
e8c3cf,
e9c6d2,
f3d0dd,
f7d7e3,
f9d9e6,
e4c4d5,
eecee0,
f8d9e7,
f2d4e0,
f3d5e3,
ecd1e0,
c1abb7,
f3dfeb,
c5b0bf,
f4dde9,
e7d6df,
d7c5ce,
f9e6ee,
fae6ef,
f9e5f0,
fae5ee,
fbe4ed,
fbe4ef,
f9e4ee,
f9e4ef,
f9e4ef,
f9e4ef,
f9e4ef,
fbe4ee,
fbe4ef,
fbe4ee,
f9e2ed,
f8e1ed,
f9e0eb,
fae0eb,
fadfe9,
f9deea,
f8dfeb,
f8ddeb,
fbe0ee,
fbe0f0,
fbe1ef,
f9dfed,
f9dfed,
f9e0ec,
f8ddec,
eed4e4,
ead2e5,
f4daee,
f2daef,
f2d9f0,
f2d9f0,
f3d9f0,
f3d9f0,
f4d9f0,
e6c8e9,
c3a4db,
c2a3de,
c0a1e0,
be9edf,
c1a0e1,
ba9ddd,
b09ad9,
b69edc,
bf9edd,
cfa4e4,
d0a4e5,
caa0e0,
c29bdf,
c49fe3,
c3a0e1,
be9bdc,
c7a5e7,
cba7e9,
caa3e7,
d1a7eb,
daacee,
dbaded,
dbafe7,
d8aed8,
dface1,
e6acd2,
e4a9ca,
e0a4d8,
dc9fe2,
da9ce3,
de9de6,
dd9ee5,
e5acea,
f8c7fb,
f4c7fc,
e3b2ed,
d69adf,
d49ade,
d39ade,
e8b3ec,
f2bdf2,
f1bbea,
eab5e9,
dea8df,
dea4df,
d79dda,
eebaee,
dfaae4,
d897db,
d791d6,
d892d6,
d892d4,
db92d6,
db91d7,
da93d2,
dd97d1,
dc99d3,
d793d6,
d692d6,
d692d4,
da92d6,
d792d5,
d895d7,
e1a1e1,
e5abe7,
f4c0f7,
f4c2f3,
eeb8ee,
eaacea,
de9ee1,
de9be2,
de9be3,
de9be3,
de9ce3,
dd9de3,
dd9ce4,
dd9de5,
dc9be5,
d796e0,
d493de,
d494dd,
d494dc,
d494de,
d695e0,
d897df,
d897df,
d898e0,
dd9fe6,
e7abf1,
e4a5ec,
e2a1e7,
db9de2,
da9de2,
dba5e7,
d9aaee,
d7a0e6,
d99de5,
d69ae1,
da9adf,
dd9de3,
dd9fe2,
dea1e4,
dcaeef,
e0bbfb,
e1aef0,
e7a9ed,
ebaaed,
eba9ea,
eba9ea,
eca8e9,
eaa6e8,
e8a6e4,
e8a6e4,
eaa8e6,
eba9e8,
ebadec,
edb5f3,
ebb7f5,
e8b1f1,
e7aeef,
e0a8e7,
dda5e5,
dea7e7,
dda5e7,
dca4e6,
dca4e5,
dca5e5,
dca5e5,
dca5e5,
dda8e8,
ddaae9,
d7a5e7,
d7a6e7,
dba8e8,
deabeb,
e0adec,
e0adeb,
e1aeed,
e4b1f0,
e6b3f5,
e9b5f7,
eab7f8,
ebb7f9,
eab7f9,
ebb7f9,
e8b4f8,
e7b3f6,
e5aef2,
e0aaee,
dda8ec,
dda9ed,
deaaed,
dba8ea,
d9a6e8,
d8a6e8,
daabea,
dab1e9,
dab3e8,
f5d3fb,
f2d2fa,
e1bdec,
e8c2f3,
dcace7,
d7a7e4,
d7a7e4,
dfb6cb,
e2bdd3,
e7c4db,
f0cde3,
f3cfe8,
f6cee9,
d490c4,
c976b4,
ca75b3,
c471ad,
c571ab,
c672ab,
c772aa,
c771aa,
c773b0,
cb76b5,
ca7ab9,
bf74b4,
c888c7,
c880be,
c976b2,
c571ad,
c470aa,
c672ad,
ca76b2,
c674ad,
c372ac,
c475af,
c373af,
c574b0,
c573af,
c372ac,
c472ac,
c676b1,
ca79b5,
c878b6,
ca79b6,
c678b1,
c072ac,
c172aa,
c575ac,
c573ac,
c875b0,
ca75b1,
ca75b3,
ca75b4,
cd76b6,
ca77b6,
c979b2,
b66991,
b2667f,
a75972,
a55871,
a45c74,
d18fa7,
e0a1ba,
dc9eb6,
e0a1b9,
dfa3bb,
dfa3bb,
e1a4bb,
e3a4b9,
d597ac,
e4a4bb,
e6a6be,
e2a6bc,
d395ab,
dc9db4,
e09fb5,
e6a6bc,
e6a6bc,
e5a7bc,
e7a9be,
e5a7bd,
e6a8be,
e7a9bf,
e8abc1,
eaaabf,
e199ac,
da92a4,
da92a5,
da92a5,
da93a5,
d991a5,
da98ac,
e2a9bd,
ddaabc,
e6b5c7,
e7baca,
e7bcca,
e7bdca,
e6bdca,
e7becb,
e2b9c5,
deb5c2,
e0b7c5,
e6becb,
e7c0cd,
e5bfcb,
ddb7c3,
d9b5bf,
eac7d2,
f5d1dd,
f8d5e1,
fadae4,
e4c3d3,
efcedf,
efd1dc,
f3d5e0,
e9d0db,
b49eab,
f5e0ea,
af9ba8,
d4c1cd,
ecd8e3,
fae4ee,
fae5ec,
fae4ee,
f9e4ef,
fbe4ee,
fbe4ed,
fae3ed,
fae3ec,
fae3ec,
fae3ed,
f9e2ed,
f9e2ec,
f9e1eb,
f9e2eb,
fbe3ec,
f9e1ed,
f8e0ec,
f9e0ea,
fadfeb,
f1d8e6,
f3dae8,
f8dfee,
fbe1ee,
fde0ee,
fce2ef,
fae0ef,
f9dfef,
f9dfed,
f8deee,
f8deed,
f7dbeb,
e6cfdf,
f1dae9,
f3d9ef,
f3d9f0,
f0d9ef,
f1d8ef,
f2d9ef,
f4dbf0,
e8cdeb,
b79dcf,
bc9fdc,
c4a1e0,
caa3e2,
c99fe0,
cba2e1,
bf9edc,
c29edb,
ca9bdb,
d8a5e6,
d7a2e4,
deaaeb,
d09ee3,
cc9ee2,
cb9ee2,
cc9ee1,
cd9fe4,
cca0e5,
d1a0e5,
daa5e9,
e0a7ea,
dda2e5,
dda4dc,
dda3c4,
df9fcf,
e9a6c6,
e3a1c7,
dd9bdb,
d997de,
d996df,
db98e2,
d995de,
d998dd,
dea5e2,
e0aae7,
dca1e1,
db9add,
da9bdf,
d99bde,
e8a8e3,
e7a1de,
e7a0de,
e49edc,
e29cdb,
df9ad8,
d494d3,
d79ad6,
d594d2,
d490d1,
d590d3,
d892d6,
d993d7,
da92d5,
d891d6,
d692d6,
d793d4,
d793d5,
d691d7,
d491d8,
d792d9,
d994db,
df99db,
e49edf,
ebade9,
f1b7f0,
e8aee7,
e6aee7,
dea2df,
dd9cdc,
e19fe1,
e4a1e6,
e39fe7,
e19ce4,
dc9ae2,
dd9be3,
df9ce4,
de9ce4,
db99e1,
d795de,
d694dd,
d393de,
d195de,
d396df,
d696e0,
d696e0,
d595df,
d797df,
db9be2,
dd9ee6,
dc9ce3,
db9be0,
d79adf,
d79adf,
d59ee3,
d4a5e9,
d5a7eb,
daa7ea,
daa0e4,
df9fe2,
e2a1e2,
e0a1e2,
dfa4e5,
dfabea,
e2b5f5,
e5b1f4,
eab0f3,
ebacef,
eaa9eb,
e9a9ea,
eaa9ea,
e9a7e8,
e3a6e5,
e4a7e5,
ecaceb,
e7a9e8,
e8adeb,
e8b0ef,
e3adec,
dfa7e9,
dca3e8,
daa1e4,
daa1e6,
daa2e5,
daa2e5,
dba3e5,
daa3e6,
daa4e7,
d9a7e7,
dba9e9,
e4b5f2,
ecbdf9,
e2b2f0,
dcabeb,
e0acec,
e1aeee,
e2afee,
e1aeed,
e2afef,
e2b2f1,
e5b4f5,
e8b6f7,
eab7f8,
ebb6f9,
e8b6f8,
e6b4f6,
e0acf1,
e0abef,
dfa9ec,
daa4e7,
d8a4e8,
d7a3e8,
d9a4e6,
d7a4e6,
d6a4e6,
d6a4e6,
dbace7,
e9bff2,
deb5e9,
f7d3fc,
e2bef0,
d9b0ea,
e1b4ec,
daa8e6,
d9a4e5,
d9a4e4,
facce6,
f9d2e8,
f8d4ea,
f7d4ea,
f0cde5,
ebbce2,
cd85c0,
ca7ab8,
c977b5,
c574b1,
c875b0,
c975ae,
c571aa,
c570a9,
c672ae,
c975b3,
c774b1,
c271af,
c076b5,
c87ebb,
c976b1,
c470a9,
c36fa8,
c672ab,
c976b0,
c472ab,
bf70a8,
ca82bd,
c379b4,
c675b1,
c573af,
c571ac,
c472ac,
c874b0,
ca76b2,
ca76b4,
cb78b4,
c774af,
c371ac,
c371a9,
c573ab,
c572ad,
c974b0,
ca75b1,
ca75b3,
cb75b4,
cd77b7,
cd77b7,
ca76ae,
b06088,
aa5c76,
a5566f,
a35770,
a35a73,
d28fa8,
dfa2ba,
dc9eb6,
dfa0b8,
e0a3ba,
e0a3bb,
e1a3ba,
e2a3b9,
d599ae,
dd9fb5,
e2a5bb,
e0a5b9,
db9eb2,
da9cb2,
de9fb4,
e6a6bb,
e6a6bb,
e4a4b9,
e5a5bb,
e5a7bc,
e5a7bd,
e7a8bf,
e7a9bf,
e8aac1,
e7a3b7,
da93a7,
db92a7,
db93a6,
dd93a6,
da94a7,
d08da2,
e0a6b8,
dea8ba,
ddabbd,
e2b2c4,
e2b4c3,
e0b2c0,
ddb1be,
dfb4c1,
ddb3c0,
d9afbd,
d9afbd,
dbb1bf,
d7aebd,
dab2c0,
d4acb8,
d5aeb9,
d1abb7,
d2abb7,
d6b1bd,
d5b1bb,
e8c4d4,
ccacbe,
ebcbd9,
f8dae3,
efd5df,
a6929e,
f1dde9,
bfaab8,
f1dbe8,
fae4ef,
fbe4ee,
fbe4ed,
fae4ee,
f9e4ef,
fae4ed,
fae3ec,
fae3ed,
fae3ed,
f9e3ec,
f9e1eb,
fae0eb,
f9dfea,
f9e0e8,
fae1ea,
fbe2ec,
f6dee9,
f2d8e5,
edd2dc,
e7ccd8,
e3c9d7,
f2d8e6,
fbe0f0,
fbe1ee,
fce0ee,
fbe1ee,
fae0ee,
f9dfef,
f8deed,
f8deed,
f9deed,
faddef,
eacedf,
eed5e9,
f3d9ef,
f3d9f0,
f0d8ef,
f1d8ef,
f2d8ef,
f3d9f1,
eacfef,
c4aad3,
bd9cdb,
c49edf,
cb9dde,
d3a0e2,
d7a3e5,
d0a1e2,
c18ed0,
d59bde,
dea4e6,
dda2e7,
dea0e6,
d79ee3,
d59de3,
d49be2,
d69de4,
d49ce3,
d29ae2,
d69ce5,
dc9fe7,
dc9de4,
da97de,
da96dc,
db96da,
da95db,
eca8e5,
df9adc,
d894db,
d893dc,
da95dc,
db95df,
d994dd,
dd96df,
de98e0,
e09ade,
e19bdd,
e19bdc,
e29cde,
e19cde,
e59bdb,
e59ada,
e298d8,
dc94d5,
da92d2,
d991d1,
d490d3,
d590d3,
db93d8,
dd95d8,
dd95d8,
de95d7,
dc94d8,
db93d7,
d892d7,
d68fd5,
d58ed3,
d48ed2,
d590d6,
d693db,
da96de,
de99e1,
e39de1,
e49ee2,
e39fe3,
e49fe3,
e5a1e3,
e4a0e3,
df9bde,
dd98de,
e29ce2,
e29de5,
e19be4,
de98e1,
da96de,
db97de,
dc98e0,
dc99df,
db97de,
d995dc,
d795dd,
d495de,
d29be4,
d4a9f2,
d39ee7,
d495df,
d694df,
d796de,
d797de,
d897df,
d897de,
d69adf,
cf9fe3,
d2a3e8,
d19fe2,
d49ee0,
dba9ec,
dbb5f6,
ddb2f3,
e3a7ea,
e3a4e5,
e2a3e4,
e0a4e6,
e3aaea,
e8aff0,
e8b2f2,
eab1f3,
e8acee,
e5a9ea,
e6aaea,
e7aceb,
e7aced,
e0a9e8,
dfa9e8,
f0bbf7,
e4b0eb,
e4b0ec,
e6b4f0,
dfadea,
daa3e4,
d9a1e4,
d9a1e3,
d9a1e5,
daa2e6,
dba3e6,
dda6e7,
dfaaeb,
e0abed,
e0aeee,
e4b3f3,
ebbdfa,
ecbffa,
eabcf9,
e0aeee,
dfaded,
e0aeee,
e1afee,
e3afef,
e3b1f0,
e3b3f3,
e6b5f6,
e8b7f9,
eab8f9,
ebb6f9,
e3aef0,
e0abef,
dda7ec,
dba4ea,
dca5ea,
dca6e9,
d8a4e6,
d6a3e5,
d8a2e5,
d6a2e5,
d6a3e5,
d7a3e7,
d7a5e4,
d6a5e6,
d6a4e6,
d7a7e6,
d8a6e7,
d9a6e8,
daa7e7,
daa5e8,
daa4e6,
d8a3e5,
e3acd5,
e4b3d5,
ebc1e0,
e1b9db,
ddadd1,
c782b9,
c97cbc,
c77aba,
c779ba,
c67ab8,
ca7bb8,
c97ab5,
c16fa9,
c26fa8,
c672ac,
c875b0,
c575af,
c170ac,
be72ad,
c77bb4,
c879b2,
c572a8,
c36fa5,
c570a6,
c773ac,
c270a8,
c06fa6,
bd75b0,
ca94cf,
c37db9,
c671ad,
c770ab,
c672ad,
c774ae,
c874ae,
c874af,
c774af,
c571aa,
c36ea7,
c470a8,
c571aa,
c572ae,
c974b0,
c974b0,
cb75b3,
cb76b4,
cc77b6,
cc77b5,
bb679a,
b36284,
a85971,
a2546b,
a0536c,
a65d77,
d391a9,
dea0b9,
dc9eb4,
dfa0b6,
e0a1b8,
e0a2b9,
e0a2b9,
e0a2b8,
e2a4ba,
c4879c,
e0a5b8,
e0a5b8,
da9db0,
db9cb1,
de9eb4,
e5a5bb,
e5a5bb,
e3a3b9,
e4a3b9,
e5a4ba,
e6a6bc,
e6a7bd,
e6a8be,
e7aac0,
eba9bf,
df97ab,
db93a7,
dd93a8,
df95a9,
de97aa,
db96a9,
e0a2b3,
e3aebe,
e1aebf,
dfadbf,
e1b1c1,
ddaebc,
daabb9,
daadba,
dcafbc,
daafbc,
dbb2bf,
deb5c2,
d9b2bf,
e5c0cc,
e2bec8,
e4bfcc,
e4c1cd,
ecc9d4,
f3d1db,
f7d4de,
edc9d7,
f7d6e3,
e0c2d1,
efd4dc,
eed5dd,
a794a0,
e7d4e1,
f2dce8,
f9e1ed,
fbe1ee,
fbe2ed,
fbe2eb,
fae3ec,
fae3ec,
f9e3ec,
f9e2eb,
f9e2ed,
f9e2ec,
f8e2eb,
f8e0ea,
f8dfe8,
f9dfe9,
fbe1ea,
f6dde6,
efd6e0,
e5cbd7,
dec3cf,
e6cad6,
e7cbd8,
e4c9d7,
e7cbd9,
fae1ee,
f8e0ee,
f9e0ee,
fae0ed,
f8deec,
f7ddeb,
f7ddeb,
f7ddeb,
f7ddec,
f7dded,
f5d8ea,
e2c8dc,
f2d8ee,
f1d8ee,
f1d7ee,
f0d7ee,
f0d7ef,
f2d8ef,
e5c9e6,
dfc2e1,
c296d1,
c89adc,
cc95d9,
d99de2,
da9fe2,
d79ee2,
cd90d6,
d593da,
e19fe3,
dd9ce3,
d898e0,
d897df,
db9ae1,
dc9ae2,
d999e1,
d796e0,
d696e0,
d896df,
d895df,
d894df,
d992de,
d892dd,
d791df,
d692df,
d895e1,
d794de,
d993dc,
d994dc,
dc96db,
dd96dd,
dd97de,
df98de,
e09ade,
e49adb,
e39bda,
e199dc,
df96d8,
dd95d4,
db90d2,
da8fd2,
d88dd1,
d78ed1,
d790d1,
d890d2,
d790d3,
d990d3,
dd94d6,
e096d8,
e095d7,
df94d7,
df95d9,
db95d9,
d891d7,
d58ed4,
d58ed3,
d690d4,
dc97dc,
e29ee5,
e49fe6,
e5a0e6,
e69fe4,
e59fe3,
e59fe3,
e5a0e2,
e3a0e3,
e49ee3,
e29ce2,
e39ee4,
e7a0e6,
e49ce5,
e49de5,
e09ae4,
dc96df,
db96dc,
dc97de,
dd98de,
dc97dc,
dc98db,
d997db,
d997db,
d79be1,
cea4eb,
d29de5,
d796dd,
d996dd,
d796df,
d697de,
d798de,
d99adf,
d9a1e6,
ceb2f4,
cbb9fa,
d3adeb,
dba6e4,
daace8,
d7afea,
dbaceb,
dea6e8,
dea8e8,
dba6e7,
e0a6e8,
e3a9e9,
e9afef,
e9b4f2,
e4b2f0,
e0acea,
dface9,
e0aeeb,
e5b4f1,
e1afec,
e5b5f0,
dfb2eb,
ebc0f6,
e7bdf2,
e8bcf3,
edc1f9,
e3b6ee,
d9a7e2,
dca5e3,
dfa7e7,
e0a9ea,
e1abec,
e5b0f0,
e7b3f2,
e7b5f4,
e7b4f4,
e4b2f2,
e5b4f1,
deb1ed,
dcb0eb,
dfb2ed,
ddaeec,
daadec,
dfb1ed,
e6b7f2,
eec0f5,
e6b8f4,
e1b5f3,
e8bbf7,
f2c4fa,
edbef9,
ebb7fa,
e0aaee,
dda7eb,
daa5ea,
daa2eb,
e1aaed,
dea8ea,
d7a2e7,
d6a2e6,
d7a1e5,
d5a1e6,
d6a2e6,
d7a3e6,
daa5e7,
d9a4e8,
d8a3e8,
d7a4e9,
d8a4e7,
d9a5e8,
daa5e7,
daa3e9,
d9a3e9,
d8a2e8,
d083c7,
cc81c6,
c680c2,
c27fb8,
da9fd1,
db96d0,
ca7dbf,
c77cbf,
ca7dc1,
cd7fc3,
d080c1,
c97ab8,
c170a8,
c471ab,
c977b1,
ca78b2,
c576ae,
c475ad,
bf73ab,
c479b2,
c778b1,
c372a8,
c270a6,
c471a7,
c472a9,
c271a9,
c070a8,
be70ab,
be83c0,
c595cf,
c175ae,
c470a9,
c671ab,
c673ad,
c773af,
c872ad,
c672aa,
c570a8,
c36ea6,
c36ea6,
c36fa8,
c571ac,
c874af,
c874af,
ca75b2,
cb76b3,
cd78b5,
cb76af,
ae5c87,
a95876,
a1526a,
a35671,
a35877,
bf7896,
d08ea9,
dd9fb7,
db9eb3,
dda0b5,
dfa1b7,
e0a2b8,
e0a2b8,
e1a3b9,
e1a3b9,
e3a5bb,
ce92a7,
e0a5b8,
d89caf,
dc9eb3,
e0a0b5,
e3a3ba,
e5a5bb,
e3a3b9,
e3a3b9,
e3a4ba,
e5a6bb,
e5a7bd,
e6a9be,
e7abc0,
eaacc2,
e49fb4,
db93a8,
dc94a8,
de95aa,
de97aa,
df99ac,
d69aaa,
e4afbf,
e4b2c2,
e3b1c1,
e3b3c2,
e0b2c0,
dfb1be,
ddafbd,
e0b2bf,
e0b4c2,
e4bac7,
e1b8c5,
dfb8c4,
e6c0cd,
e4c0cc,
e6c3d1,
e7c6d4,
eecbda,
f4d4e1,
f7d7e3,
f6d5df,
f5d2e0,
ecccdd,
e2c8d5,
e2cbd7,
e8d2df,
f2dce7,
f5dde9,
f8dfeb,
fae0ea,
f9e0ea,
f9e0ea,
f9e1ea,
f8e2ec,
f8e2ec,
f8e2eb,
f8e1ec,
f7e0ec,
f7e1e9,
f7dfe7,
f5dee6,
f8dfe9,
f5dce7,
e8cfda,
e1c7d2,
e9cfda,
ecd0dc,
e8ccd8,
e2c6d4,
e4c7d5,
e8ccda,
f8deec,
f8dfed,
f8e0ed,
f9dfed,
f8deec,
f7ddec,
f6ddec,
f6ddeb,
f7ddeb,
f6ddeb,
f5daea,
e5cadd,
f0d6ec,
f1d8ee,
f0d7ed,
efd7ee,
f1d6f0,
f2d5ef,
e6c7e5,
e9c7e6,
d3a2dc,
d49add,
d091da,
db9ae3,
de9be3,
da98e0,
d894dd,
d892db,
d994de,
d895df,
d895dd,
d894de,
da97e0,
dc97e1,
d994e0,
d793df,
d794de,
d693de,
d792de,
d791de,
d991df,
db92e1,
d992e0,
da93e2,
da94e0,
da94dd,
dc94dc,
dd96dc,
de98dc,
e099dc,
e199db,
e29adb,
e29bdb,
e49adb,
e39adb,
e097da,
dc92d5,
db90d2,
d98fd2,
d98fd2,
d890d2,
da92d5,
db93d5,
d991d4,
d991d4,
db92d4,
df94d6,
e095d7,
e195d7,
e195da,
e196dc,
e19ade,
e099de,
e39be1,
e39ce2,
e49de3,
e59ee4,
e7a2e8,
e5a1e7,
e39ee3,
e39de3,
e39de2,
e29be3,
e59ee4,
e6a0e5,
e79fe6,
e8a1e7,
eaa3e7,
eaa2e7,
e8a2e7,
e8a1e6,
e79fe5,
e19be0,
dd98dd,
dd99df,
dd99df,
df99dd,
df99dd,
dd99dc,
dd99dd,
dc99de,
db98de,
dd99df,
df9bdf,
dd9be0,
d99ce2,
d7a2e7,
daa0e4,
dc9de0,
dd9ee1,
dba1e2,
dca0e0,
dc9fdd,
dfa0de,
dea4de,
dba6e1,
d6a8e4,
d6a6e4,
d7ace9,
d3afec,
dbadeb,
dda5e4,
dca5e3,
e5b3ee,
e7bbf3,
e1b4ed,
e4b8ef,
e6b9f1,
e7bbf6,
deb1ec,
e9bdf5,
e4b7ef,
d8a4db,
daa6dc,
dca9dd,
e2b1e8,
e2b2e8,
e0abe5,
dea6e0,
e2a9e7,
e8b1ef,
ebb5f3,
ecb8f6,
e8b6f4,
e5b3f1,
e7b2f0,
e5b2f0,
e1b0ee,
e1b2eb,
e7bcee,
f0c8f6,
deb4e7,
f1caf7,
f4cef8,
e6bdf1,
f1c9f8,
edc1f5,
e5bdf4,
e9c0f6,
f5ccfd,
edbff9,
e9b6f8,
e0abee,
dba4e9,
d9a3e8,
daa2ea,
dba3e8,
d9a1e6,
d8a2e7,
d7a2e7,
d7a2e6,
d6a1e6,
d7a2e7,
d8a4e6,
e8b7ef,
dca7ec,
d9a3ea,
d9a3ea,
d9a3e9,
dba4e9,
d9a3e8,
d9a2e9,
d9a2e9,
d8a1e8,
ce81c5,
cc81c5,
cc81c5,
cc81c4,
cc81c3,
cf82c6,
cf81c6,
cd80c5,
ce81c5,
cf82c7,
d385c6,
cf81c0,
d98ac1,
e698cf,
e798d1,
d382bb,
c272aa,
d181b8,
c77bb2,
c87cb5,
cd80b8,
c676ae,
c778ae,
c674ab,
c775ac,
c977af,
c876b0,
c573ad,
bd73af,
c394cf,
c387c0,
c271a9,
c571ab,
c773ac,
c973af,
c972ad,
c871aa,
c570a8,
c26ea6,
c26ea6,
c26fa8,
c571ac,
c773ad,
c774ad,
c975b0,
cb77b2,
cc77b4,
c16ea0,
a75679,
a3556f,
9f506d,
a75e81,
bc759b,
bf799c,
ce8da8,
dc9eb4,
da9bb0,
dc9eb4,
dea0b6,
dfa1b7,
dfa1b7,
e0a2b8,
e0a2b8,
dfa2b8,
d195ab,
dea2b7,
dea2b7,
d194a7,
e0a0b6,
e2a2b8,
e4a4ba,
e3a2b9,
e2a2b8,
e2a4ba,
e5a5bb,
e6a7bd,
e5a9bf,
e6aac0,
e9abc1,
ebaac0,
dd96ad,
db94a8,
dc94a8,
de96aa,
dd97a9,
d797a8,
d79eae,
e5b2c2,
e5b3c3,
e6b7c5,
e5b7c5,
e2b4c1,
deb0bd,
dfb1be,
e4b7c4,
e4bac7,
e3bbc8,
e8c1ce,
e8c3d0,
e6c3cf,
ecc9d7,
efcedc,
f6d3df,
eecbd9,
dfb7c7,
d5acbb,
dbb4c5,
e8cad9,
ead1df,
f0d6e2,
f3dae6,
f4dbe7,
f5dae7,
f8dde8,
f7dee7,
f7dee7,
f7dee7,
f7dfe9,
f6dfea,
f6dfe9,
f5dee8,
f1dae5,
efd8e4,
f0d9e2,
f4dce4,
f4dae5,
f0d6e2,
edd4df,
e5cbd8,
e5c9d7,
ebd0dc,
eed2de,
e8ccd8,
e8ccd8,
e6c9d7,
eacedc,
f3d8e6,
f8deec,
f9e0ed,
f1d7e6,
f7ddec,
f6dcec,
f5dcec,
f4dceb,
f3dbec,
f3daec,
f4daeb,
f1d5e9,
e6c9e6,
eed2ef,
ebcfee,
e8ccec,
e5c7e9,
debde0,
eccbe9,
edcae6,
d7a3dd,
e4a0e8,
da94e1,
dc97e3,
de98e3,
da95df,
db94df,
dc94df,
da93e0,
d993e1,
db94e0,
dc95e0,
dd98e3,
de98e3,
da94e2,
da94e2,
dd96e2,
de97e3,
e198e4,
e198e4,
e399e5,
e69ae7,
e09ae5,
dd96e2,
dd96df,
dc95dd,
dd97db,
de98dc,
e09adc,
e29adb,
e29bdb,
e39adb,
e39adb,
e399da,
e298da,
e098da,
e197da,
e197da,
e095d9,
e096d8,
df97d9,
df97da,
dd95d9,
dc94d8,
dd94d7,
dd94d7,
e095d7,
e097d9,
e398da,
e699df,
e699df,
e59bdf,
e39bdf,
e198dd,
df97dd,
df98de,
e19be0,
e59ee3,
e19be1,
e099df,
e098df,
e099df,
e099e2,
e69de4,
eaa1e6,
e9a1e6,
e9a0e4,
e9a1e4,
e99fe3,
e99ee1,
e89ee1,
e69edf,
e39ddd,
e39cdb,
e7a2e2,
e29cdc,
e49bda,
e49bda,
e29bdb,
e29bdb,
e29cdc,
e5a0e2,
e7a3e5,
e7a3e2,
e29fde,
db9dde,
d7a5e5,
d9a0e1,
de9bdc,
df9bdb,
e19cda,
e098d5,
de97d4,
de9ad6,
dc9dd7,
dba1dd,
dca8e3,
d9a6e2,
d9a8e4,
dda8e6,
dfa5e3,
dda2e1,
e0a6e4,
e2aee9,
e1b0e7,
dfafe6,
e1b1e7,
d8a7dc,
e0ace4,
e4b0e8,
e5b1e7,
e2abe0,
dba0d4,
db9fd4,
dba0d5,
dca0d6,
dca1d8,
dca2db,
dda2dd,
dea3df,
e4abe7,
e9b0ed,
e4aeeb,
e3adea,
dda7e5,
e2a9e8,
e3abe8,
e3aee9,
ecbbee,
f0c7f1,
eec9f2,
dbb4e2,
f4cff9,
e4bfec,
f2cff8,
f8d6fe,
f4d1fa,
f8d6fb,
eec5f6,
e1b4ed,
e1aeec,
e2aceb,
e1abef,
dba4eb,
d9a2e9,
d9a2e8,
dba2e9,
dca3e9,
dba4ea,
d8a2e8,
d7a2e8,
d8a2e7,
d9a3e7,
d9a4e8,
d8a3ea,
d6a2e8,
d7a2e9,
d6a1e8,
d7a1e8,
d8a1e8,
d8a1e7,
d7a0e7,
d8a1e8,
d8a1e8,
ce80c7,
cf81c8,
cf81c8,
d182c7,
cf82c7,
cf82c8,
cf82c8,
ce82c6,
d083c9,
cf85c8,
d78bcb,
d78fcb,
ecaadf,
f6b0e6,
e89ad4,
d586bf,
c072a9,
c171aa,
cf80ba,
d186c0,
d588c3,
cd83c1,
cd7fba,
ca78b3,
cd79b6,
cf7ab6,
cd7ab2,
c776ad,
c273ae,
c081bc,
c398d1,
bf78b0,
c875ae,
cc76b0,
cb75af,
c872ac,
c671a9,
c471a8,
c370a7,
c370a7,
c36fa8,
c470aa,
c673ad,
c775ae,
c776af,
c978b1,
c778af,
9f527b,
a15573,
8c425e,
9d5477,
c480a8,
c57fa7,
bf7ba2,
cf8ead,
dd9fb7,
d698ae,
db9db3,
dd9fb4,
dea0b6,
dfa1b7,
dfa1b7,
dfa1b7,
dea1b7,
d499ae,
dca0b5,
dea3b7,
d396ab,
de9fb4,
dfa1b7,
e2a4ba,
e1a1b7,
e2a2b8,
e1a3b9,
e2a4ba,
e3a6bc,
e4a8be,
e5aabf,
e6aabf,
eaacc2,
e4a2b7,
db94a8,
dc93a7,
dc94a8,
dd95a9,
d998a8,
d89aab,
e6afc0,
e1b0bf,
e0b2bd,
e0b4c1,
e1b4c1,
deb3bf,
ddb3c0,
e4bac7,
e3b9c7,
e7c2d1,
e8c3d1,
e9c4d1,
ecc8d7,
f3cfe0,
f4cede,
e1b6c5,
c899a8,
c89aa9,
deb4c3,
f9d9e7,
eacddb,
f8dbe8,
f7dbe7,
f7dce7,
f5dae6,
f3d9e5,
f5dbe7,
f8dde6,
f6dce6,
f3dae5,
f3dae5,
f3dae4,
f1dae5,
edd6e1,
ecd3de,
eed6e1,
f0d9e4,
f2dae4,
f3d8e3,
eed4de,
ead1db,
e9cfd9,
eed2dc,
f0d3de,
e7c9d5,
ebcdd9,
e0c2ce,
e8cbd7,
e7cbd8,
efd4e1,
f8deea,
f9dfeb,
eed3e2,
f6dbec,
f5dbeb,
f4daeb,
f1daec,
f0daec,
f0daec,
f2d9ed,
f2d8ef,
dcbee2,
dfbfe8,
dabae3,
d8b9e0,
d9b8db,
e7c5e2,
fad9f3,
edcbe5,
e0b2e1,
e7a2ea,
e49be8,
e199e6,
e29ae8,
dd96e5,
db94e2,
de95e3,
dd96e5,
e19aea,
e49eec,
e59feb,
e69ee6,
e8a0e7,
e79fe8,
e79fea,
e79fea,
e99fe9,
e99ee9,
e99fe6,
eaa0e8,
eb9fe8,
e69de3,
e098de,
e199df,
df99dc,
dd9bda,
e09eda,
e2a3dd,
e3a2dd,
e29edd,
e09ad8,
e39bd8,
e198d8,
df97d8,
df95d5,
e096d7,
e196d8,
df95d7,
de95d7,
de95d8,
de95d9,
de96d7,
de96d8,
df95da,
df95da,
de95d9,
df96db,
e399e1,
e89fe4,
e49be1,
e097df,
df97de,
df96dc,
de95d9,
de96da,
e19ade,
e19ade,
dd96dc,
de97dd,
e198dd,
e199dd,
e29bdf,
e69de1,
e8a0e3,
e9a1e2,
e89ee0,
e89ede,
e89ddd,
e99ddd,
e89ddc,
e79edb,
e69edb,
e69cdb,
e79cd9,
e59cd7,
e59bd8,
e59bd9,
e59bd9,
e39cda,
e3a3dd,
e9abe5,
e6a5e0,
e6a5df,
e3a1dd,
d996d6,
d591d1,
d994d6,
df98d8,
e09ad8,
e198d5,
df95d3,
dc93d0,
db93d0,
dc98d3,
db97d3,
df98d6,
df9bd9,
df9ddb,
e4a4e2,
e4a5e4,
df9fe0,
e4a6e6,
e1a5e3,
dea3de,
db9dd6,
d79bd1,
dca1d7,
dd9fd6,
de9fd5,
dca0d4,
db9fd4,
dd9dd3,
dc9dd3,
dd9dd7,
dd9dd9,
dc9cd8,
dd9dd9,
dc9fda,
dda0dc,
e1a5e0,
e0a5e4,
dfa3e3,
dea2e0,
da9edb,
dea2de,
e0a3df,
dfa4df,
dea5de,
dca4dd,
dea5de,
dfaae1,
e0b0e5,
d7a6df,
e2b7ea,
ebbfee,
e2b5e6,
e6baee,
dface7,
dca7e5,
dfaae7,
dda6e6,
dea8e8,
e0aaeb,
e3adee,
e1aef0,
e1aaef,
e2a9f0,
e6adf3,
dba5e6,
e2aded,
daa4e8,
d9a3e7,
d8a4e7,
dda9ea,
e9bbf0,
e5b6f2,
d6a2ea,
d5a0e8,
d7a0e7,
d6a0e7,
d8a2e9,
d9a3e9,
dba3e6,
d284cb,
d385cc,
d587cd,
d689cc,
d386ca,
ce83c7,
ce82c7,
ce82c7,
cf85c9,
d692d1,
d187c5,
d087c4,
d691ca,
db93cb,
d98fc8,
ce83ba,
c67bb1,
cb7eb6,
e496d1,
d88cc9,
cd83c2,
dd95d3,
d688c6,
d27fbe,
ce7abb,
d07bb9,
ce7cb5,
cc7bb4,
c979b2,
c37ab4,
c692cc,
cb88c1,
ce7bb4,
d07bb5,
cd77b1,
c972ad,
c772ac,
c674ab,
c572a9,
c471a8,
c471a9,
c571aa,
c674ac,
c676ad,
c579b1,
cb80b7,
b16290,
a55579,
a66382,
955473,
bc85a8,
ebb8e2,
e5aad6,
c682ab,
d08fad,
dc9eb6,
d495ad,
db9db4,
db9fb4,
db9fb4,
db9fb4,
db9fb4,
dea0b6,
dea0b6,
dfa1b8,
c78b9f,
dea3b6,
d799ae,
d99bb0,
dea0b5,
e2a3b9,
de9eb4,
e2a2b8,
e0a2b7,
e1a3b9,
e1a5ba,
e3a7bc,
e3a7bd,
e6a9be,
e8acc1,
e7aabd,
dd97ab,
db92a7,
dc94a8,
de95a9,
dc97a8,
da98a9,
dca1b2,
e2afbd,
daaab5,
dbafbb,
dbafbc,
dbb2bd,
deb4c0,
e2b9c5,
e5bcc9,
e7c2d1,
e8c3d1,
ebc5d3,
efc8d7,
e6bbcc,
d8a6b8,
cf99a9,
cd99a7,
e7bdca,
f4d4e3,
eccfdd,
f8dae6,
f8dbe7,
f5d9e5,
efd3df,
f1d4e1,
f1d4e0,
f1d5e0,
f1d5df,
f1d6e0,
efd5e1,
f0d4e0,
efd4e0,
f0d6e1,
f1d6e2,
f2d6e2,
f3d8e4,
f2d9e4,
f2d9e3,
f3d5e1,
efd4dc,
ebd2d9,
ecd0da,
ebcdd9,
e8c9d5,
e8cad6,
eaccd8,
e0c2ce,
e5c8d4,
eed1de,
efd2e0,
f7dee9,
fadfec,
edcfe0,
f5d9ec,
f1d6e8,
f1d6e9,
eed5ea,
eed5e9,
eed5e9,
f1d7ed,
f2d7ed,
ddbfdf,
d4b5dc,
d9bade,
e1c2e0,
edcce7,
f8d7ef,
f9d8f0,
edcbe5,
efc3ec,
e59ee8,
eba0ed,
eba1ee,
eba0ee,
e79fed,
e59ce9,
e69dea,
e9a1ef,
eca3f1,
eea3f1,
eda4ef,
eca3eb,
e89fe6,
e9a0e8,
eaa1ea,
eba2eb,
e9a0e7,
e89ee4,
e99ee2,
ea9ee3,
eb9fe5,
e99ddf,
e49adb,
e39cdc,
eaa5e2,
e6a5de,
e3a8df,
e7b9eb,
edbbef,
dc9cd9,
da95d3,
dd96d2,
dc95d3,
da92d4,
da91d2,
db92d3,
db92d4,
da94d5,
d995d6,
da95d7,
db95d8,
dd95d9,
dc94d9,
dc93da,
dc94da,
db95db,
dc95dc,
e198e2,
eba2e8,
e49ce1,
de94dc,
de95dc,
de95db,
dd94d8,
e098da,
e59cdc,
e39add,
df98da,
e09adb,
e39bde,
de96d8,
e39ddc,
e49ddc,
e59ddc,
e79dde,
e79cdd,
e79cdb,
e79cdb,
e89cdb,
e79dda,
e69dd9,
e69dd9,
e69dda,
e79dd7,
e69cd6,
e69cd7,
e69cd8,
e79cd8,
dd96d1,
e8ace4,
eebef4,
dfa5db,
eaafe6,
eeb4eb,
dc99d5,
d68fce,
d890d0,
e098d7,
de95d2,
dd92d0,
dd93d1,
da92cf,
d990ce,
db94d1,
de9bd7,
e8abe3,
e1a4dc,
d995d5,
e4a2e3,
ecacec,
e4a3e6,
e8a9eb,
ecaeee,
e4a4e3,
db9ad5,
da9ad1,
dd9dd4,
de9cd5,
dd9dd3,
db9dd1,
db9dd1,
dd9cd3,
de9cd6,
df9dd9,
de9fdb,
de9edb,
de9edc,
e1a2df,
db9cdb,
dfa1e1,
e2a4e5,
e5a7e7,
db9ddb,
da9dd9,
dc9fdb,
dc9edb,
db9fdb,
da9fda,
dba0dc,
dda2dd,
dda3df,
dca3e0,
dca5e3,
dca5e2,
dba2df,
dba2df,
daa2df,
daa0e0,
dda2e0,
dea5e3,
dca3e4,
dda6e6,
e1aceb,
f2befb,
edbbfa,
e8b3f3,
e3a9ec,
e0a3e6,
d99ede,
e3aaea,
e1a9ed,
dba5e9,
d8a5e6,
d9a6e7,
daabe7,
d8a8e8,
d6a2e8,
d9a2e9,
daa3ea,
d9a5eb,
dba5ec,
dba4ea,
dba4e7,
d286cd,
d689ce,
d98cd0,
dc8fd2,
d78acd,
d084c8,
cf83c8,
cd82c7,
cc80c2,
ca7fc0,
ca7cbb,
d185c2,
d58dcb,
d286c4,
d284c2,
c97cb5,
c379af,
ce83bb,
df97d1,
e498d5,
d68bc8,
d68dca,
d282c2,
d17ebf,
ce7bbb,
d280bf,
d584bf,
d787c0,
d381bb,
c87cb7,
c884bf,
d28fca,
d07eba,
d37cba,
cf79b3,
ca73b0,
ca74b0,
c775af,
c574ad,
c474aa,
c578ab,
cb81b4,
ce86b7,
c67cae,
cd8cc1,
b874a8,
9b4f7a,
af628b,
b7789f,
985579,
d7b2d3,
f0c5f0,
e5addd,
c480a9,
d090ad,
dc9db6,
d798af,
dc9db5,
da9eb4,
d99fb4,
da9fb4,
da9fb4,
dd9fb4,
dfa0b5,
dea0b5,
e2a2b8,
cd92a5,
dca1b6,
d295ab,
dca0b5,
dfa2b7,
e1a1b6,
e1a1b7,
e1a2b8,
e1a2b8,
e1a3b9,
e2a5bc,
e3a7bf,
e5a8bd,
e8abc1,
eaacbf,
e19eb1,
d892a6,
dc93a6,
dd94a6,
dd95a7,
da96a8,
d59aa8,
d8a1ad,
d7a4b1,
d8a7b6,
ddafbf,
dcb2be,
ddb4bf,
e2b8c5,
e7bdca,
eac1ce,
e9c3d1,
eec4d6,
deaec0,
d19aa9,
cb93a1,
ca93a2,
e2b3c1,
f4cfdd,
eccfdf,
f4d8e5,
f6d8e6,
f6dae6,
f3d7e3,
edd1de,
eed1dd,
edcfdb,
eed0dc,
f3d5e0,
f2d5e0,
eaceda,
edd2de,
eed4e0,
f1d4e0,
f3d5e1,
f3d6e2,
f2d6e2,
f1d5e1,
f1d5e1,
efd3df,
edd1dd,
e7cbd7,
edcfdb,
e6c7d3,
ebcbd8,
ebcdd9,
e6c8d4,
e5c7d3,
e3c4d0,
efd0dc,
edd1dd,
f3d9e5,
f7dbe9,
f1cfe1,
f2d3e6,
eed2e5,
eed2e5,
eed0e5,
eed0e4,
eed0e5,
efd4e8,
f3d8ea,
eed0e4,
f3d4e6,
f6d7e9,
f7d6ec,
f7d6ec,
f8d7ed,
f9d8f0,
eecde9,
f0c4ef,
e49de6,
eda1ee,
eea1ee,
eea0f0,
eea4f0,
eea3f1,
eba0ee,
eca2ef,
eea3f1,
eea3f0,
eea3f0,
eca2ec,
e59be5,
e79ee6,
e69ee7,
e8a0e9,
e79ee4,
e69ddf,
e89edd,
e89dde,
e99ddf,
e69cdc,
e299d6,
e299d9,
dc96d3,
de9ad3,
dea1d9,
d291cf,
d492cf,
d691ce,
d690cc,
da92ce,
d891cf,
d690d1,
d58fd1,
d690d2,
d591d2,
d894d3,
d795d8,
d995dd,
d794dc,
d893db,
d691d8,
d892d7,
d993d9,
dc96dd,
dd95db,
e098dc,
e9a0e5,
e097dd,
de95d7,
df97db,
df98da,
dc94d5,
e198d8,
e69dd8,
e79dd9,
de94d2,
db92cf,
dd96d3,
d992cf,
e29ad7,
e29ad4,
e19bd5,
e39bd8,
e49bd9,
e69cda,
e69cda,
e59cd9,
e098d7,
da96d3,
e6a6df,
e69ed8,
e59ad7,
e59ad5,
e49bd6,
e59cd9,
e59cd7,
d690ca,
dfa1d9,
dda2d9,
dd9dd3,
e7aae1,
de9fd6,
d995d1,
d390cd,
d493cf,
d594d1,
da99d4,
d78fce,
dd93d1,
da93d0,
d890cc,
d893cf,
e3a7e1,
efbef2,
eeb7ef,
e2a4e3,
ebabec,
f0b0f4,
ecaef1,
eeb0f3,
efb0f1,
e2a3e1,
dc99d3,
dc99d2,
df9cd4,
dc9bd3,
dc9bd3,
da9bd4,
db9cd4,
dd9dd6,
de9fd7,
e0a1db,
e4a4e1,
e4a4e3,
e9a9e9,
edb1ef,
e7a9ec,
eaacef,
edb2f3,
ebaeed,
dc9cda,
dc9cd9,
dc9cda,
da9bda,
da9bdb,
d99ddc,
da9ede,
dca0e0,
dea2e2,
dea0e4,
dba1e2,
d9a1e1,
daa0e0,
d99fe0,
d99fe0,
da9fe0,
dca0e1,
dca2e4,
dba3e5,
d9a1e4,
d8a2e5,
dface9,
e4b2eb,
eab7f2,
d89cdc,
d897d8,
d492d2,
da9dde,
e6aeef,
dda2e8,
dba3e8,
dba4ea,
dba5e9,
d49ee4,
d7a0e7,
e1a8ed,
e5acf1,
e7aff2,
ebb3f5,
e2acee,
daa4e4,
d286cc,
d588cd,
d78bce,
d98fd0,
d48acb,
cd84c6,
d894d3,
da96d4,
c880c0,
c57fbf,
cb87c8,
d48fd1,
cf8ccf,
cb85c7,
cc82c1,
c679b6,
c67cb5,
d48dc8,
d086c3,
d489c8,
cd82c2,
d58aca,
cf80c1,
cc7bbd,
d181c0,
e08fcd,
dc8cc7,
da89c2,
d483bd,
c87cb7,
c47cb7,
cc85c1,
cf7fba,
cf79b5,
cb77b1,
c974b1,
c974b0,
c876b1,
c578af,
c987bb,
d7a3d4,
e2aedd,
d39bca,
a96596,
a46192,
b16798,
ba6d9f,
c077a7,
c688b6,
945681,
e4b5dd,
d09bc9,
c083b3,
bd79a3,
d392af,
db9cb3,
d798ae,
d99ab0,
d99cb2,
d99db2,
db9db3,
dc9db3,
de9eb3,
df9eb4,
df9fb5,
dfa0b5,
cd90a4,
dba0b3,
d699ae,
da9eb3,
dda0b6,
e5a5bb,
d997ad,
e1a1b7,
e1a2b8,
e1a2b8,
e1a3ba,
e1a5ba,
e4a7bc,
e7a9bf,
e9abc1,
e8a8bb,
da94a8,
d992a6,
da93a5,
dd94a6,
db96a7,
d797a7,
d79ba8,
daa6b4,
dcabbb,
ddafbe,
dcb1bf,
e0b6c3,
e2b8c6,
e6bbc9,
e8bbc9,
e3b7c5,
d6a7b4,
cb99a7,
ca94a2,
d4a2b0,
e7bbc9,
eec6d5,
e8c5d5,
f1d3e0,
f3d6e2,
f5d7e3,
f3d8e3,
f4d8e3,
f1d4e0,
edcfdb,
edceda,
f0d3df,
f4d7e1,
f4d7e2,
edd1dc,
eed2de,
eccfdb,
f1d4e0,
f3d5e1,
f3d6e1,
efd3df,
ecd0dc,
eccfdb,
eed2de,
eaced9,
e6c9d5,
e6c7d3,
e2c3cf,
e9cad6,
e6c7d3,
e4c5d2,
e9cbd7,
e6c6d3,
e8c8d6,
efd1df,
f4d7e7,
f1d0e1,
f0cedf,
f0cfe2,
edcee0,
eccee1,
eccee2,
eecfe3,
efd0e5,
f1d4e7,
f4d6e8,
eecee2,
f5d7e9,
f4d7e9,
f5d6ea,
f5d6eb,
f7d7eb,
f9d9ee,
eccae4,
f1c5eb,
e79ee9,
eda2ee,
eb9eeb,
e79cea,
eba3ef,
eca2f0,
e79fec,
e79eeb,
eba0ee,
e69be9,
e59ae8,
e69ce8,
e299e4,
e79fe8,
e29ae4,
df98e2,
e19ae2,
e19adf,
e59adc,
e59bdb,
e59bdb,
e399d8,
de94d3,
db91d1,
d68fcf,
d58fd1,
d490cf,
d38ece,
d390cd,
d28ecd,
d48fcb,
d58fcc,
d78fcf,
d58fcf,
d58fd0,
d48fd2,
cf91d3,
d6a0de,
cf96da,
d3a4ea,
d29fe5,
d491d7,
d48ed3,
d48ed0,
d48dd0,
d48fd0,
d68fd1,
d790d1,
da91d5,
d68dd0,
dd96d5,
e29adb,
e39cdb,
dd94d1,
dc93ce,
e097d1,
e198d2,
dc92cf,
d189c7,
d48cc9,
d58dc9,
dd94d1,
dd93d0,
df95d3,
e398d7,
e39bd8,
e4a1da,
e29bd7,
e39cd9,
db96d0,
e6a8e1,
e8b0e6,
dd99d3,
de96d2,
e098d4,
e19ed7,
e8abe3,
e5a6de,
d697cf,
f2bff5,
efbff3,
deabdd,
dca4d8,
dea3d9,
da95d0,
db99d5,
ecb6ef,
daa8df,
dda6de,
e0a9e1,
d89cd5,
dd98d3,
d68fcb,
d78ecb,
d690cd,
d793d0,
e19ddd,
edabee,
edacef,
e9aaee,
e3a6ea,
f1b3f6,
e7a9ea,
df9fdc,
dd99d4,
df9bd4,
e09cd6,
dd9bd6,
df9dd8,
df9edc,
de9fdc,
dda0de,
dfa3df,
e2a6e2,
e5aae8,
ecaeef,
eeb1f2,
efb3f4,
efb2f4,
edb2f3,
ecb1f3,
e3a7e8,
db9dde,
dd9fde,
dd9dde,
da9bde,
da9bdf,
da9ce1,
d99de3,
db9ee3,
dc9fe4,
dc9ee5,
db9ee4,
da9ee3,
db9ee2,
db9fe2,
d89ee1,
d89ee0,
db9fe3,
dda2e5,
ecb6ef,
e4b3eb,
d29bdb,
d49cdb,
dea6e4,
e6adea,
d295d1,
d896d3,
d492d0,
d597d4,
e3a7e9,
d99ce8,
dda0eb,
dca2eb,
dba5e9,
d6a0e5,
d5a0e6,
e4adef,
e0a9ec,
e4acee,
eab2f3,
e7b1f1,
edb7f6,
cf81c9,
d185ca,
d789cb,
d88ecf,
d48ecd,
d8a0d8,
fcd0f8,
fed3f8,
efc0ee,
cb98d5,
c897da,
c798da,
c597dc,
c495da,
c791d2,
ca88c6,
c87fbc,
dc94d3,
de94d4,
d588c8,
ce86c5,
d78bc9,
d182c3,
cb7dbe,
d182c1,
db8bc7,
d181bd,
d386be,
d082bc,
c77bb7,
c47bb6,
c880ba,
ca7bb4,
c975af,
c975af,
c876b1,
c776b2,
c578b1,
c27db3,
dfb2e4,
c8acdc,
a98bbb,
b584b4,
b56fa2,
c67daf,
c67aad,
c175a9,
c077aa,
c27aad,
91497a,
c17dac,
bd75aa,
bd77a8,
bd7aa4,
d493af,
da9cb0,
d394ab,
da9ab2,
da9ab1,
d99bb1,
dc9cb2,
dd9cb2,
dd9db3,
df9eb4,
df9eb4,
df9fb4,
d394a8,
cf93a7,
d99bb1,
d99bb1,
dd9fb4,
e1a1b7,
db99b1,
dd9fb5,
e0a1b7,
e3a2b8,
e1a2b8,
dfa3b8,
e2a4ba,
e5a7bd,
e7abc0,
e8abc0,
e59fb3,
d991a4,
d992a5,
db93a5,
db94a6,
da96a7,
db98a8,
dda4b5,
dfaebe,
dfb1c0,
dfb3c2,
dfb5c2,
e2b6c6,
e2b7c7,
e1b0c0,
d6a1b2,
d19caa,
d29eae,
e8b9c8,
ecc1ce,
edc6d4,
e6c4d1,
efcdda,
f1d2e0,
f2d4e0,
f4d5e1,
f2d7e2,
f3d5e1,
f1d3df,
f3d5e1,
f3d5e2,
f2d6e2,
f3d7e3,
f4d8e4,
f1d5e1,
e9ccd8,
eed0dc,
f2d4e0,
f0d5e0,
f1d4e0,
edd1dd,
eaceda,
ecceda,
ebcdd9,
e4c6d2,
e1c1cc,
edcdd9,
eeceda,
eacad6,
e3c2cf,
e8c7d6,
eecddb,
eac9d6,
eacad8,
f2d1e2,
f5d7e7,
eecadd,
f0cbdf,
f0cddf,
eecee0,
eecfe1,
f0d0e3,
f2d3e6,
f3d5e8,
f3d6e9,
f2d5e8,
ebcce1,
f5d6ea,
f3d6ea,
f4d6ed,
f4d6ed,
f6d7ec,
f8d8ee,
f3d0ea,
f1c2e7,
e69de8,
eba1ec,
e297e4,
de94e2,
e69eea,
e59eea,
de98e3,
d893e0,
db95e2,
dc94e1,
dc93e1,
dd94e2,
de94e2,
e39ae6,
e096e3,
de94e1,
db95df,
dd98e1,
e298db,
e298da,
e298da,
df96d9,
d890d2,
d98fd1,
d78dcf,
d68dcf,
d68ece,
d48ecc,
d390ce,
d290cf,
d290ce,
d290cf,
d194d1,
cf9bd8,
cf94d3,
cf96d6,
d2a1e0,
cda2e3,
ca96dc,
cea4e8,
cea3e6,
d392d3,
d28dca,
d08bc9,
d38dcc,
d490cc,
d28dcb,
d18cca,
d48ecb,
d58fcd,
de97d4,
e19ad9,
e098d9,
e299d5,
dc94cf,
d78ec9,
da92cd,
d991d0,
d28bca,
d790cf,
d690cb,
d78ecb,
db90cf,
e196d6,
e198d7,
df9ad6,
d8a2d4,
dda2d9,
e19fdb,
e19dd6,
d892ce,
d890cf,
d992cf,
da94cf,
da94cc,
dca0d5,
f5c8fa,
dca2d7,
d498ce,
e7b4e9,
f5c6f7,
cfa0d1,
f0c1f1,
f1c5f8,
d897d3,
da94d0,
ebb9f0,
f2c8f9,
edc0f3,
efcafb,
f0c9fa,
d99ad2,
d68fcc,
d48bc9,
d58cca,
d48ccc,
d790d1,
d895d7,
d795d8,
d696db,
da9de1,
d194d5,
e1a5e4,
e2a4e0,
de99d7,
e19cda,
e19dda,
e29fda,
e4a2df,
e4a3e3,
e2a3e5,
dda2e4,
dfa8e4,
deaae3,
d9aae3,
e2ade9,
e6aeed,
e6adec,
dca3e0,
dca1e1,
dba1e2,
daa0e2,
dca2e5,
e0a4e6,
e2a5e7,
d89be2,
d99be3,
d79de5,
d79ce6,
d89be4,
d99be5,
d99be6,
da9de4,
d89de2,
da9fe4,
dda5e8,
dba2e5,
d59de1,
d39be0,
dca3e4,
fbc9fb,
e4b4e3,
d8a1d8,
dca1dc,
d498d9,
d99ed9,
d598cc,
d699cd,
ce93ca,
d198d2,
e9aef0,
dda0ea,
dc9fea,
dfa3eb,
e0a8ed,
e2abee,
e2abed,
e3acee,
dda7e9,
e0aaed,
e6b1f1,
e3aeee,
e2aced,
cd7fc5,
ce83c8,
d688cc,
dd97d6,
dca4d7,
e2b4df,
fed3f4,
fed4f3,
fed2f3,
e7b7e2,
d19dd1,
d3a0d7,
deafe2,
c996d5,
c491d4,
c895d6,
cd99d8,
d696d6,
df92d2,
d689c8,
d78cca,
d589c7,
d183c2,
d485c5,
cf80bf,
cc7eba,
cb7eb9,
ce82bc,
cc7fba,
c97db9,
c97ebb,
c77eb9,
c77bb4,
c576ad,
c776af,
c577b1,
c477b1,
c37ab0,
c280b4,
deb3e4,
c8acde,
ceafdf,
d29fd1,
c47bac,
c47bac,
c57aae,
bf77ac,
c47db2,
c47bb0,
a15788,
bd75a5,
bf76a9,
c57fae,
d698c3,
d394ae,
da9bb1,
d090a5,
d899ae,
d999af,
da9ab0,
dc9cb1,
dc9cb1,
dc9cb2,
dc9cb2,
dc9cb2,
dd9db3,
dc9db3,
c28399,
d395ab,
d899ae,
dc9eb2,
e0a0b6,
dd9bb1,
dc9cb2,
dfa0b6,
e1a0b6,
e1a1b7,
e1a2b8,
e2a4ba,
e3a6bb,
e4a8bd,
e6a9bd,
e8a4ba,
dc93a9,
d790a4,
da92a4,
db93a5,
dc94a6,
db96a7,
d99cac,
e0a9b9,
e1b0bf,
e1b2c1,
e1b3c1,
e3b4c4,
d5a7b6,
ce9eae,
d0a0af,
dbabbb,
e5b8c7,
e4bac8,
e9c3d0,
e9c5d3,
ecc9d9,
f0cedc,
f2d0de,
f3d2df,
f4d4e0,
f3d5e1,
f1d3df,
eccdda,
f3d4e1,
f5d5e3,
f1d6e2,
f3d7e2,
eed0db,
efd1dd,
f4d4e1,
f3d4e0,
f0d3de,
efd1dd,
eed1dd,
eed0dc,
edd0dc,
ecceda,
e6c6d2,
e5c5d1,
e9c7d3,
e9c9d4,
eecdd9,
eacad6,
e5c5d2,
e6c5d4,
eac8d6,
eeccda,
f0d0dd,
f5d3e3,
f7d7e6,
ecc8d9,
f0ccdf,
f0cfe1,
f2d3e3,
f4d4e6,
f4d5e7,
f4d5e8,
f3d6e9,
f3d6e9,
edd0e3,
f1d4e8,
f3d6ea,
f3d5ea,
f4d6ec,
f4d6ec,
f6d7ed,
f3d4ea,
f5d2ec,
efc1e9,
e199e2,
e39ae5,
e097e3,
de95e1,
e299e5,
e099e5,
da93e0,
d792df,
d892df,
d993df,
db94df,
de97e0,
de96df,
df97e1,
e099e3,
e29ae4,
dc96e1,
dc97e1,
de97dc,
db95d8,
d995d8,
d894d8,
d891d5,
d68fd2,
d78dd0,
d78dcf,
d68dcf,
d58ed0,
d49cdc,
ce95d6,
d191d0,
d697d7,
ca9cdb,
d0b0ee,
d1a4e2,
d2a4df,
ceaae6,
c5a3e0,
ce9cdf,
ce8fd4,
d08ed3,
d094d6,
ce96d5,
cc8ece,
d38bcc,
d28dca,
d18bc8,
d18cc7,
d28cca,
d792d0,
df98d7,
de94d3,
db91ce,
dc93cf,
dc93d0,
d58bca,
d88ece,
d890d0,
d891d0,
d690ce,
d791ce,
d58ccb,
da90ce,
e498d7,
e39ada,
df9ad6,
eab5eb,
da9dd6,
e6a5e2,
e7a3dc,
d992cd,
d68fcb,
d891cd,
db95d0,
eaade4,
e2abe2,
d49cd5,
cf94ca,
dca3d9,
e3b3e8,
dab1e3,
dbade1,
e3b7e8,
dfabe0,
d28fcb,
d78dcc,
d899d5,
e0a6de,
cd96cd,
d298cf,
e0ade5,
daa0d7,
d38ecb,
d48bc8,
d58bc9,
d48bca,
d48dcc,
d28dce,
d08ed0,
d195d8,
e1a8eb,
d094d3,
d899d8,
d99ad8,
e09edc,
e5a1e0,
e2a0df,
e09edd,
e09fdd,
e1a0e0,
e0a3e3,
e3abe9,
e7b6ef,
e7b9ef,
e4b9ed,
d4a7db,
ce9bd5,
d8a1dd,
d29ad8,
d198d8,
d49ada,
d99fe2,
dba2e6,
dea4e9,
e5aaf0,
d79ce7,
d79be6,
d69be6,
d79be6,
d79ae6,
d79ae5,
d79ae5,
d69ae3,
d79ae0,
dc9fe3,
e6acee,
e3a9ea,
e2a9ea,
dca2e3,
d499da,
d89cd9,
d497d1,
d59ad4,
d297d0,
d498d3,
edb9ef,
f2c6f6,
ebc2f0,
dfb4e2,
ebbff0,
f4c1f8,
d99fdf,
d99dde,
dca0e1,
dea3e3,
e2a8ea,
e3aced,
e6afef,
dfabea,
dfafec,
e3b4f0,
d9a7e8,
d8a4e8,
cd7fc6,
cf83c8,
d78ace,
dd99d0,
dea8d2,
f9cced,
ffd2f2,
fed3f0,
ffd2ef,
fed0ed,
f7c6ea,
ebbcde,
f9ceeb,
db9fd2,
cb81c1,
c47bbd,
cb89c9,
d99ad9,
d78bcb,
d68ac7,
d78cc9,
d589c7,
d88bc9,
d789c8,
ca7cbb,
c57ab3,
cb7eb7,
ce82bb,
cc81bb,
cc81bc,
d388c4,
cc81bc,
c67ab3,
c579b0,
c579b0,
c37ab1,
c47ab1,
c57cb1,
c381b2,
c996c4,
dcb7e4,
d2a9d7,
bf7eb0,
bf76a6,
c37dad,
c689ba,
d5acdf,
e2baec,
d9a9d8,
e0a1d2,
b36d9f,
c278aa,
c27ba9,
bc78a3,
d294ad,
d89ab0,
d193a8,
d899ae,
d999af,
da9ab0,
db9bb1,
db9bb1,
db9bb1,
dc9cb2,
dc9cb2,
dc9cb2,
dd9db3,
d898ae,
c4849a,
d092a5,
dc9cb0,
df9eb4,
e3a0b6,
cb8aa0,
e19fb5,
e09fb3,
e0a0b5,
e1a1b7,
e2a2b8,
e1a5b9,
e3a7bb,
e6a7bc,
e8a7bc,
e49eb4,
d790a5,
da92a4,
da93a5,
db93a5,
db95a7,
d99aab,
d9a1b1,
dfaebe,
e2b2c1,
e3b3c1,
d4a4b1,
d4a3b1,
d8a7b6,
dcacbc,
deb1c1,
e3b9c8,
e4becc,
e7c6d2,
ebc9d5,
f0ccdb,
edcdd9,
f1cedc,
f3d1df,
f3d4df,
f3d5e0,
f2d4e0,
efd2df,
f2d4e2,
e8cad7,
e8cbd7,
f0d4df,
f0d0db,
efcfdb,
f4d3e1,
f1d2dd,
eed0dc,
edcfdb,
ebceda,
eed1dc,
e6c8d4,
e7c9d4,
e8c8d5,
e8c9d5,
eac9d5,
e7c7d3,
e5c4d1,
e9c9d5,
e7c7d3,
e6c5d2,
e8c6d4,
efcddb,
f3d2e1,
f7d5e4,
f5d2e2,
eac9d9,
f5d2e3,
f5d4e5,
f4d5e6,
f4d5e7,
f3d7e8,
f3d7e8,
f3d6e9,
f0d3e6,
f0d3e6,
f1d6e9,
f2d6ea,
f3d5ea,
f4d6eb,
f4d6eb,
f7d6ed,
f4d3ea,
f4d2e9,
eec1e8,
e7a0e6,
efa5ed,
eda2ed,
dd93e0,
dc93e1,
dc95df,
db93dd,
d994dd,
dc97e0,
de9ae3,
e19be1,
e39bde,
e39ce0,
e49cdf,
e49de3,
e59ee5,
e59ee6,
e7a1e8,
e7ade9,
d49ad9,
dda6e2,
e5b2ed,
e6a6e5,
dc97d9,
d891d4,
d78fd0,
d68fd0,
d58fd2,
d093d5,
cf93d5,
d090d1,
d098d6,
cd97d7,
ce92d4,
db9fdf,
cf97d9,
c69ada,
cba7e8,
ceabea,
cb8ecd,
cf8fcd,
cdaae7,
c5ace8,
cba4e3,
ce88c9,
cd89c8,
cf8ac9,
d08dca,
ce8dc9,
d798d5,
dc9cda,
da94d1,
d68dcb,
da91cd,
da91cf,
d68bcd,
d68cce,
d991d1,
e59ddc,
e39ede,
d893d1,
d68dcd,
da8fce,
e296d5,
e196d6,
de96d4,
d493d1,
d490cd,
cf90cc,
d78fcd,
d890cb,
d78fcb,
d990cd,
da93cf,
e3ace3,
edbff2,
e0a9dd,
e8b3e6,
f2c7f6,
dfb9eb,
eac5f3,
eecaf7,
dcb1e1,
d29dd4,
d092cc,
d791cd,
d48eca,
d38ec9,
e9b5e9,
d695ce,
d38bcc,
cf8ccd,
d28ccd,
d38ccb,
d38cc9,
d48dcb,
d893d1,
d18ccd,
db9cdd,
f3bffd,
e6b4f0,
d8a1db,
d597d4,
cf8fcd,
d493d1,
db97d7,
e4a6e2,
f2b6ee,
e6abe2,
dd9dd8,
dda0dc,
dfaae1,
e3b4e9,
d8aee0,
ddb4e6,
e4beeb,
cea0d4,
ce9ad4,
e4ade8,
d49bdc,
d69ddf,
d89fe3,
d89ee7,
d69ce6,
d99ee9,
d69be9,
d79ae7,
d79ae6,
d79ae6,
d79ae6,
d699e5,
d799e4,
d498e1,
d797dd,
d898d9,
d999d8,
d999d9,
da9cdb,
d599d8,
d79bd8,
dda0d9,
d79bd6,
e3a8e2,
e8ace2,
d093cc,
daa2d8,
dbaddc,
ebc9f4,
e8caf2,
e7c1ef,
d19dd0,
d299d5,
d69ad7,
d398d4,
d397d7,
d89fe0,
daa2e5,
dba5e9,
e5b3f3,
ebc0f8,
e7bff4,
e5b5f2,
dda9ec,
ce81c6,
d285ca,
d98bce,
dc99d0,
ecbbe8,
e5b8e1,
ebbfe3,
fcd1ef,
fdd1ed,
fdcee9,
fdcae6,
fecae6,
fdcbe7,
efbade,
d28fc2,
d090c5,
c881ba,
d58dc7,
d78bc7,
d688c4,
d284c2,
ce80bf,
c87bb9,
c172af,
bc6ca9,
c173aa,
c879b1,
cd7fba,
cf85be,
cc82bb,
ce85bd,
d288c1,
c57ab3,
c47ab0,
c47bb0,
c37bb1,
c37cb1,
c57eb2,
c481b4,
c183b5,
c486b7,
c27daf,
c27bad,
b974a4,
c082b0,
e4bae5,
dac0ed,
c2b2e2,
d6bfea,
e5bae8,
c48abb,
cc8ebc,
c688b2,
ad6e94,
d698b0,
d79aaf,
d799ae,
cd8ea3,
d999af,
da9ab0,
da9ab0,
da9ab0,
db9bb1,
db9bb1,
db9bb1,
db9bb1,
dd9cb2,
dc9caf,
c7879a,
ce90a3,
d797ab,
db9cb0,
df9eb2,
dc99ae,
d490a5,
e09fb2,
df9fb4,
e0a0b6,
e1a1b7,
e1a4b8,
e1a5ba,
e3a6bb,
e4a7bb,
e6a7bb,
de98ab,
da92a4,
da92a4,
da93a5,
da95a7,
db99ab,
dfa2b4,
e4adc0,
e4afc0,
d5a3b2,
d6a3b2,
d8a8b7,
d8a8b8,
dfafbe,
e3b4c5,
eabdcd,
eec6d7,
e7c3d2,
f0cad9,
efcbd9,
eecbd9,
efccda,
efcddc,
f1d1df,
f3d3e0,
f2d3e0,
eaccda,
eaccda,
e4c5d4,
eecfdd,
efd2df,
f1d4e0,
f0d1de,
efcfdc,
eed0dc,
edcedb,
ecced9,
eaccd8,
eacbd7,
e6c7d3,
dfc0cc,
e4c5d1,
e4c4d0,
e5c5d2,
e9c7d3,
eac6d3,
eac8d5,
e9c9d6,
eacad7,
eecdd9,
f1cfdc,
f4d4e2,
f6d6e4,
e7c6d5,
f1d0e1,
f6d5e6,
f5d5e6,
f4d6e6,
f5d6e7,
f4d6e6,
f3d7e7,
f3d6e9,
efd3e4,
eacdde,
f2d6e9,
f2d6ea,
f3d5ea,
f4d5ea,
f4d5ea,
f6d6eb,
f5d4eb,
f6d2ec,
ebbbe6,
e7a0e6,
eea7ed,
eba5ed,
da94de,
d893de,
d693db,
d391d7,
cf8dd1,
cd8bd0,
d593d7,
d792d3,
da92d0,
df97d5,
d88fd1,
e098db,
e59ee0,
e69fe1,
eaa4e5,
f0c7f7,
eec0f2,
e2b2e9,
f1cdfb,
edcaf9,
e1a1e0,
dd96d9,
dd94d6,
dc94d6,
dc95d7,
d891d3,
cf8ccf,
cb8ccd,
cb8bcc,
ce8bcb,
d28dce,
d18dce,
d39ede,
c8a4e2,
cea7e7,
c9a9e8,
cc9ad7,
d290cd,
d398d4,
d5a0df,
d69fdd,
e09edd,
dc9bd8,
e09edb,
dc9cd8,
d694d0,
dba5e1,
daa2df,
d694d1,
d38cc9,
d78ecc,
d68dcd,
d98fd0,
df95d7,
da94d2,
eeacea,
e9aee9,
eaace8,
da91d1,
db91d0,
dd91d1,
e095d5,
dc93d2,
e1a2dc,
e8abe5,
d78fcf,
d88ccf,
d98ccd,
da8ece,
da8fce,
df97d4,
de99d6,
d290ce,
da9dd7,
dba1da,
cb92cc,
d7a2d7,
d9a2d9,
dface1,
e9b6e9,
ecbbee,
d7a0d5,
e5b3e8,
eebdf2,
e4ade3,
d79cd5,
d290ca,
d28bcb,
d38ccd,
db9bd9,
dea2de,
e1a6e2,
d28fcc,
eaace9,
e0a3e0,
d999d8,
dba2dd,
e1ace8,
f0bcf5,
d79ed9,
e3a6e0,
e1a4dd,
d997d7,
e7a8e6,
e7abe3,
e4a6de,
de9dd8,
de9fda,
e1a5de,
dca6de,
d09fd4,
e0b1e3,
dcabe1,
d8a9db,
e4b2e7,
e9baee,
dcaee7,
d49ee1,
d69ce3,
d89ce5,
d99de8,
db9eeb,
d89cea,
d79ae7,
d79ae6,
d699e5,
d699e5,
d698e5,
d598e2,
d696dd,
d895d8,
da95d6,
db95d4,
db96d5,
db96d6,
da96d5,
d996d5,
d998d4,
dda0d8,
e3a4dd,
e3a3db,
db9ad3,
d293ca,
d398ce,
dbaadd,
dcacdc,
d59ed4,
ce94cc,
dba2db,
e4ade6,
d8a2dc,
d197d3,
dba7e1,
e7b7f0,
e5b9f2,
d8abe7,
d7a4e0,
e2aeea,
e4b1ee,
e5aeed,
cf80c7,
d585cc,
d889ce,
d886c5,
c97ab3,
bf78ac,
e9b4de,
f8ccef,
ffd1f1,
fbcbea,
fcc7e4,
fec7e4,
fbc7e4,
f6c3de,
fdc8e8,
fdcdf2,
f6c8ec,
aa5e8f,
9f4f84,
a05288,
b1639c,
b96aa6,
c576b3,
cb78b4,
c674ae,
c879b0,
d182ba,
d384c0,
d086bf,
d58ac3,
d389bf,
ce83ba,
c77db3,
c67cb1,
c57bb0,
c47cb1,
c37eb2,
c781b7,
c783b6,
c380b2,
c07dac,
bd79a8,
bb77a6,
b673a2,
c48bb6,
dfb8e0,
d1bae7,
9d9ecf,
cdbae5,
dcb6e1,
c289b8,
eec8f0,
dcaed4,
aa6c90,
d799b2,
d799ae,
d798ae,
c5879c,
d999af,
da9ab0,
da9aaf,
da9aaf,
da9ab0,
da9ab0,
da9ab0,
db9bb0,
db9bb1,
dc9dae,
d494a6,
bf7f92,
d292a6,
d89aad,
db9bae,
e09fb2,
d391a5,
db9aad,
e19fb3,
e19fb5,
e0a0b6,
e0a2b8,
e0a3b8,
e1a5ba,
e1a6ba,
e1a8bb,
e2a4b7,
da93a5,
d991a3,
d992a4,
d893a5,
de9dad,
ecb1c2,
e2a8b9,
d59aac,
d49dac,
daa5b3,
deabbb,
e1b1c1,
e4b4c1,
e7b6c5,
edc1d0,
dfbacb,
edc9d8,
efc9d8,
edc9d8,
edcad8,
eecbd9,
eeccdd,
f1cfdf,
f1d1e0,
f1d2df,
f1d2e2,
e0c2d0,
e9cad9,
e9cad8,
eed1df,
edd0dd,
eacad9,
e9cad6,
ebccd8,
ebcdda,
eaccd8,
e9cad6,
e7c7d3,
e7c7d3,
e4c4d0,
e7c6d2,
e5c4d0,
e7c6d2,
ecc9d5,
ebc9d5,
ebcad7,
edcdd9,
efcedb,
f1cfdb,
f4d1dd,
f4d5e2,
f1d3e1,
e8c7d7,
f4d5e5,
f5d5e6,
f4d5e6,
f3d7e7,
f3d5e6,
f3d5e7,
f2d5e7,
f3d6e9,
f3d7e7,
e3c6d6,
f2d5e8,
f2d5e9,
f2d5ea,
f5d5ea,
f5d5ea,
f6d5e9,
f6d3ea,
f7d3ee,
dda8dd,
e5a0e7,
e09be1,
e7a3eb,
d08cd4,
ce8cd4,
d091d2,
cb8ccd,
c989cd,
c686c9,
d393d3,
d28fcb,
d58fca,
d991cc,
d38bc7,
de96d2,
e59edc,
e69fde,
eba4e2,
e8a9e6,
e9abe3,
eebded,
e7b5e8,
e0aee4,
e19cdd,
df97d9,
e8ace3,
df9edc,
e39ddb,
db93d1,
d496d3,
deaeec,
db98d9,
e7aae9,
de9ad7,
da94d2,
d497d6,
d190d3,
d891d5,
d79fe1,
d69bd8,
d691ce,
e097d3,
e199d8,
df98d7,
dc96d5,
df9bd7,
dd96d2,
de94d2,
da95d0,
d392d1,
d290cd,
d48fcb,
d38dca,
d78ecc,
d68ccd,
df94d5,
e49bdb,
de99d5,
e0a1de,
dfa5df,
d993cf,
da90cf,
da90d0,
dc90d0,
de92d2,
db90cf,
d88fca,
d98fcd,
d88ccd,
d88bce,
da8dcf,
db8fd0,
df93d3,
e69cda,
efa6e4,
db93d1,
d592cf,
f2c4f3,
daa1d6,
cf8eca,
d091cd,
d48fca,
d88fcb,
d490cc,
cd8fcb,
ce8dca,
d696d2,
d494cc,
e5b0e8,
e8ade8,
d68fcd,
d88dcd,
d58ecc,
d798d4,
e4abe8,
d08fc9,
d693cd,
d191ca,
d08ecb,
d58ecb,
da9cd7,
f0b9f0,
d6a1d9,
cb8ecb,
d798d5,
e0a1dd,
db9ddd,
d696d3,
e2a0dd,
de9cdb,
db9ad7,
e1a2dc,
e1a6e1,
d39ad7,
d79fd6,
d69cd3,
dfaae0,
e0aee1,
e0b0e2,
e1b1e7,
dba4e4,
dda3e7,
dda3e7,
dca0e7,
e3a7ef,
e0a4ed,
d79ae5,
d699e5,
d598e4,
d798e4,
d798e4,
d697df,
d794da,
d893d7,
d993d4,
dc94d4,
db96d4,
df98d6,
de96d6,
da95d4,
d996d3,
ecafe5,
eaabe3,
d692ce,
d491cc,
d293cd,
e7aae1,
edb1e7,
d898d2,
d694cf,
d398d0,
e8afe7,
efbaf2,
e5b5ec,
d3a0d7,
dcabde,
ecc3f3,
ebc3f3,
e5b6ea,
d49cd5,
d399d8,
dba1e0,
e0a5e4,
d17fc7,
d181c6,
d483c5,
d685c1,
c676b0,
be70a8,
bc73a6,
d89ecb,
f8cff6,
d2b5e1,
c5b3de,
d9bee7,
e6c0e4,
f8c4e4,
ffc8e6,
fecbe9,
d6a4c5,
d199bf,
e5aad4,
de97c6,
db90c1,
da8cc4,
cf81bd,
da90cb,
d590ca,
d392cd,
d494d0,
d291cc,
d58fca,
db93cd,
df93cb,
c77bb2,
cd83b8,
c87db3,
c77db0,
c57db2,
c781b6,
cc86bb,
c280b3,
bd7fae,
bf82b0,
ba7eab,
b275a2,
a96f9c,
b17da9,
e2b7e1,
e5c3ee,
ddc1ee,
dbbbe8,
ce9bce,
c98ebf,
c392c1,
c18db6,
b3789b,
d69ab0,
d698ad,
d598aa,
c98c9d,
d999ae,
d999af,
d999ae,
d999ae,
d898ae,
d998ae,
d999af,
da9ab0,
db9bb0,
db9baf,
da9aae,
cb8a9e,
c58499,
d899ac,
da99ad,
da9aaf,
db9aaf,
ce8da2,
da96ac,
df9db3,
e09fb4,
e0a0b5,
e0a1b6,
e0a3b9,
e1a5ba,
e1a6bc,
e2a7bc,
e19fb3,
d891a2,
d790a2,
dc96a8,
efafc2,
e7a8bb,
cf8d9d,
ce8f9f,
daa3b3,
dba6b4,
dfaebc,
e1b2bf,
e4b4c0,
e6b8c3,
e7bcca,
ebc4d2,
edc5d4,
edc6d6,
ecc7d6,
eac7d6,
edcad9,
edcbdb,
efcedd,
efd0de,
f0d1de,
f0d1e0,
e4c4d5,
d9bac8,
ebcddb,
eed0dd,
e9cbd7,
e5c7d5,
e7c8d7,
e9c9d7,
e9cad7,
e9cad7,
e8c9d7,
e5c6d3,
e6c5d2,
e5c4d2,
e8c6d4,
e8c6d3,
ebc9d5,
edcad7,
edcbd9,
eecddb,
efcddb,
f2cfdc,
f5d1df,
f6d3e1,
f6d7e3,
eed0de,
f0d0df,
f4d6e5,
f3d5e6,
f2d5e6,
f1d4e4,
f2d4e4,
f2d4e5,
f2d5e6,
f3d5e6,
f3d6e6,
e2c5d7,
f2d5e7,
f3d4e9,
f3d4e9,
f4d4ea,
f1d1e7,
eccbe2,
f4d2e9,
f6d5ee,
ce95cf,
e39fe5,
d18cd2,
d18cd3,
c884ca,
c885c8,
cc8acc,
c686c8,
c586c7,
c284c5,
ce91cf,
cd8dc9,
cc87c2,
cf8bc3,
d390c9,
d18ec6,
df9ed3,
e4a7da,
df9bd5,
d593d1,
e09fda,
e3aadf,
dfa7da,
edc2ed,
e09bd4,
d591cc,
f1cef5,
ebcef7,
e6c6f0,
dca5da,
dea7e1,
d4a2dd,
da94d4,
d892d4,
e29bdc,
db97d6,
dc97d7,
e49ddd,
d891d1,
d894d3,
d58fcc,
d58cc8,
dc92ce,
df94d2,
d98fce,
dc94d1,
e6a0d6,
e099be,
dc96bc,
da92c5,
d48cc7,
d28cc7,
d78fcb,
da91ce,
d98fd0,
d88dd0,
dc92d4,
dd90d2,
db90d2,
dc90d1,
d98fcf,
d88fcd,
da8ece,
d98dcf,
db8ece,
da8dd0,
d88dcd,
d68bca,
d48acb,
d58acc,
d78bcd,
da8dcf,
db8fd0,
dc90d0,
df93d3,
e398d7,
db93d2,
d590ce,
d895d2,
d590ce,
d58fcd,
d790ce,
d890cd,
d88fcd,
d68fcd,
d48fcc,
d28dca,
d48dca,
d58ecb,
da96d1,
dc99d6,
da8fcf,
d98ccc,
d78cca,
d58bc9,
d68cca,
d78cca,
d88cc9,
d58bc9,
d58ccb,
d68ecb,
d691cf,
de9ada,
d899d6,
df9ddb,
e09cde,
e3a1e1,
e2a4e3,
da9ad9,
e09fde,
e4a2e2,
e09dde,
e09ede,
d08fce,
cf90ce,
d194d0,
cd93cc,
d49dd6,
ce93cb,
cc91c9,
d195d0,
d99bda,
de9fdf,
d897d9,
d595da,
dea0e6,
da9fe7,
d89ae5,
d798e4,
d697e3,
d697e3,
d797e0,
d695dc,
d391d2,
d692d0,
d893cf,
da93ce,
dc94ce,
de96d2,
dd95d2,
da93d2,
d892d0,
d792ce,
d592cd,
d593cd,
d698d1,
d898d2,
d896d1,
d695cf,
d793d0,
d792d1,
d594d1,
d495d1,
d299d5,
dcade6,
e9bff2,
ddb1e4,
d59ad2,
d495d0,
d495d1,
da9ed8,
ebb2ed,
da9dda,
d99ad7,
d37ec2,
d07cc0,
ca77b7,
d782bf,
ca78b3,
c070aa,
c471a7,
bd71a0,
c391bc,
b3a3d5,
939fd8,
9ca7df,
adb0e4,
dab9e3,
fec5e6,
fcc8e2,
fecce7,
fecfea,
ffd2f2,
e4aad6,
ce7fb2,
cc7fb6,
d78eca,
d699d7,
cd9cd9,
c39ddc,
c09edd,
c39edc,
ca9fda,
d39cd7,
da91cb,
d586bc,
d284b6,
cc7fb4,
c980b1,
c67fb3,
c883b6,
c885ba,
bd7fb0,
be87b5,
bc89b7,
bb89b5,
dba5d3,
e7addf,
d499cc,
a773a3,
be90b9,
d7a7d6,
b883b7,
da9bcf,
cd91c4,
c088ba,
b882ae,
b87fa4,
d699b0,
d497aa,
d497a9,
ca8d9f,
d899ad,
d999ae,
d898ad,
d897ad,
d797ad,
d797ad,
d998ae,
d998ae,
da9aaf,
d99ab0,
da9baf,
d795a9,
c58398,
cf8ea2,
d998ac,
d999ae,
db9bb1,
dc9cb2,
d594aa,
d18da3,
df9bb1,
e29eb4,
df9fb4,
dea1b7,
dfa3b9,
e0a5ba,
e1a6bb,
e6a8bd,
d897a9,
d08f9f,
f3b3c4,
efacbf,
cc879a,
d08c9b,
d090a0,
d9a1b0,
d7a3b1,
dfadbb,
e0b1be,
e4b3c1,
e8b8c5,
e7bbcc,
ebc3d2,
ebc3d2,
ecc4d3,
ebc5d4,
eac7d6,
eac9d8,
edcbdb,
edccdb,
eccedc,
edcfdc,
efd0df,
edcddd,
eecdde,
efd0de,
eecedb,
eacbd7,
e7c9d5,
e7c8d6,
e7c8d7,
e7c8d5,
e7c7d5,
e8c7d6,
e6c5d3,
e7c4d3,
e8c5d4,
eac7d5,
ebc8d6,
edcad6,
eecbda,
eeccdb,
efcddc,
f0cfdd,
f4d1df,
f5d4e2,
f5d6e4,
f5d7e3,
efd0de,
f4d4e3,
f4d6e4,
f2d5e6,
f1d4e4,
f1d4e4,
f2d4e4,
f3d4e4,
f4d5e5,
f4d5e6,
f0d3e3,
e5c8d9,
f2d5e8,
f3d4e9,
f4d4e9,
f3d3e9,
e6c6dd,
dfbed7,
f4d3ea,
f7d6f0,
b479b4,
d793d6,
c781c7,
c67fc5,
c67fc4,
c57ec4,
c77fc4,
c480c3,
c37fc5,
c180c4,
c184c2,
c484c2,
c683c0,
cf93c8,
fdd0fe,
f3c0f2,
dfa8dd,
daa3d6,
d895cf,
cc89c8,
d694d3,
e3a8e0,
dca2da,
f5d5f9,
fad9fe,
d69cce,
dfbbe4,
f2dafe,
eedcfb,
eacaf1,
d196d4,
da9bd9,
d993d5,
db91d6,
eda4e7,
eba2e4,
e198d9,
dd94d1,
d68eca,
d38dca,
d18ac5,
d18ac4,
d48bc8,
d98ecc,
d98fce,
e79dda,
edaace,
e7a6a8,
e4a5a2,
e49fb2,
db91c6,
d58dc7,
d88fcb,
db90cd,
d98fd0,
d88ed1,
dd91d4,
db8fd0,
d98fd0,
db8ed0,
db8fd0,
df92d3,
df93d3,
d98cce,
d88ccc,
d88ccd,
d88ccc,
d68aca,
d38bca,
d48acc,
d78bcd,
da8dcf,
db8ed0,
da8fcf,
da8dce,
da8ecf,
da8ece,
dc90d1,
d991d1,
da91d1,
d991cf,
d990cf,
dc92d1,
de94d2,
e097d4,
dc93d0,
d58ece,
d58ecd,
d78fcf,
d98fce,
da8fcf,
db8ece,
da8ccc,
d88bcb,
d68aca,
d98ccc,
dc8ece,
da8dcd,
d78bcb,
d98ccd,
da8ecd,
d790cf,
df99da,
df9cd9,
eaa9e3,
e19cdd,
dc9bdd,
e4a4e6,
dd9cde,
da96d9,
e9a5e7,
e9a5e7,
e5a2e4,
d28ecf,
d08cce,
cf8dce,
cd8fcd,
d8ade7,
d39ed6,
d190ca,
d190cb,
d593d0,
d896d5,
d592d4,
d090d2,
e1a2e6,
dca0e5,
dd9fe7,
d796dd,
d794db,
d491d9,
d491d5,
d190d3,
d18fcd,
d490cc,
d995d0,
da94ce,
d991ca,
d991cd,
d891ce,
d790ce,
d990cd,
d990cf,
d791cf,
df9ed6,
f2c4f8,
e5b1e7,
d693d0,
d693ce,
d791cf,
d791d0,
d692d0,
d593d0,
d794d0,
d398d4,
d39edb,
d29ed9,
d698d3,
d694d0,
d694d0,
d596d1,
d497d0,
d69cd7,
ebb8f0,
d17cba,
ce78b8,
c873b2,
ce79b5,
d480ba,
c877ad,
c672a4,
d594c1,
eabde3,
e8c7ef,
b0a7e0,
a6aae2,
9aa9e0,
a6b1e2,
ceb8e1,
f8c3e3,
fbc8e2,
f7c7e0,
ddabd0,
c982b6,
c779b0,
c679b2,
da8ecc,
d995d4,
d49ad6,
ca9cd9,
bc8ecf,
bd94d5,
c49fdd,
cc9eda,
d38cc3,
d889bc,
d383b5,
ce80b3,
d187ba,
c57db1,
c580b1,
c17fb1,
bb7dae,
bb87b5,
b988b5,
b988b5,
c38dbe,
d699cd,
c68abc,
cb93c3,
c08ab9,
bd88b8,
bc85b5,
cf99ca,
d59fd0,
ca98c4,
dfb7df,
c691b6,
d39aae,
d496aa,
d495a9,
c18396,
d697a9,
d798ab,
d797aa,
d797aa,
d696aa,
d696ac,
d897ac,
d898ad,
da99af,
da9ab0,
da9ab0,
db9ab0,
cf8ca2,
c17f93,
d593a6,
d898ab,
d99aac,
da9aae,
dd9cb0,
da96aa,
d18ea3,
d997aa,
de9fb3,
dea0b5,
dfa2b7,
dfa3b9,
dfa4bb,
e3a5bb,
e2a4b8,
dea1b3,
f4b3c5,
d1869a,
d98da0,
d78ea0,
d58fa1,
d495a5,
dba5b5,
dfacbc,
e0afbe,
e0b0bf,
e4b5c7,
e9c0d0,
e8c0cf,
e8c1d0,
e8c2d1,
ebc4d3,
eac6d5,
e9c9d5,
f1d1df,
eed1dd,
ecd0dd,
eacedc,
ebcedb,
dcbeca,
ebccda,
edcedd,
ebcdda,
e9cbd8,
e4c8d7,
e6c7d6,
e6c5d3,
e5c4d1,
e6c5d1,
e8c5d4,
e8c5d4,
e9c6d5,
eac7d6,
ebc8d7,
eccad5,
edcad7,
eeccd9,
efcedb,
f1cfdd,
f4d3e0,
f6d4e3,
f4d4e3,
f4d5e3,
efd0df,
efd1de,
f3d4e3,
f3d4e4,
f3d4e4,
f2d4e4,
f1d4e4,
f1d4e4,
f1d4e4,
f1d4e4,
f1d5e4,
e9cbde,
eed1e3,
f2d4e9,
f0d4ea,
eecde7,
dcbad1,
e1bfd5,
f3cee6,
f6d1e9,
dfb6da,
bd7eba,
c57fc2,
c57dc2,
c77dc2,
c77cc1,
c67dc2,
c77ec2,
c87ec2,
c57fc3,
c37fc1,
c180c1,
c382c1,
c782c2,
c884c0,
daa6da,
f0c5f2,
d8abda,
d4a3d9,
f4c5f5,
d197ce,
d096cf,
dfafe2,
d49fd6,
cf9ccf,
d59ece,
eec5f3,
e4bfec,
e1bbe6,
deb7e6,
dba8de,
e3a5e1,
e3a1e3,
e59ee1,
dc95dd,
eea5ed,
f0a6eb,
e79ee0,
d891cf,
d891cb,
d899cf,
d198cd,
f4d2f7,
e7b6e6,
e3a2dd,
e59fe1,
eba4df,
e7a2c3,
e9a5ac,
e9a5ab,
dd9ab6,
d891c7,
db90cd,
dd91cf,
de92d0,
da8fce,
d88ecd,
db92c7,
e099bd,
de94cb,
dd93cf,
df94d0,
e69bd7,
e69bd8,
da8ed0,
d88bcb,
d88dcc,
d78ccc,
d58bcd,
d58acc,
d68acb,
d78bcc,
d98ccc,
d78dcd,
d68dcd,
d88dcd,
d98dcd,
da8ece,
dc90d0,
dd91d1,
e195d5,
e498d7,
e095d4,
e195d4,
e599d9,
e99ddb,
e094d4,
dc90d0,
db90d0,
db8fcf,
da8ecf,
d98dcf,
d88ccf,
d98ccd,
d78bcb,
d68bcb,
db8fcf,
e094d3,
da8ece,
d88ccc,
d98ccc,
d98dcd,
d88fcf,
da91d3,
d690d1,
e19bdb,
dc96d4,
d690d0,
db94d2,
d894d2,
d894d3,
e8a3e4,
e19cdd,
d891d2,
d48ecd,
d08ccb,
cd8ecb,
daa1db,
d2a0db,
d4a2dc,
d28dca,
d58dca,
d78fcd,
d690cf,
d99fde,
d39edd,
d394d6,
d799db,
dfa1e2,
d491d2,
d28ed1,
d48ed0,
d28ecd,
d18ecc,
d290cb,
d391ca,
dc99d4,
d995cf,
d890cb,
d790cc,
d78fcd,
d68fcd,
d990cd,
d990ce,
d690cd,
d891cf,
d994d2,
da93cf,
d992ce,
d791ce,
d891cd,
d891cd,
d891cd,
d891ce,
d692cf,
d692cf,
d592ce,
d693cf,
d694d0,
d893d0,
d893d0,
d794cf,
d895ce,
d698d2,
e4b3ea,
d17ab8,
cf76b3,
c972ac,
cd77ae,
d984ba,
cb78ab,
b35d8a,
c07da6,
fccdf2,
fdcff2,
fdcdf1,
f8cbf0,
bfb2e5,
93a5e1,
a5b1e5,
e6bfe4,
fbc8df,
f1c0dc,
e4b2d7,
c381ac,
bf74a7,
c578b0,
da8cc8,
de93ce,
de9ad2,
dc97d3,
be75b5,
c279b9,
d593d0,
d795cc,
d587ba,
d785b8,
d380b2,
cf80b3,
d696c9,
c580b4,
c37fb0,
bf80b1,
bb80b1,
b985b5,
b887b4,
b887b4,
bc85b5,
b77aaa,
c98ebe,
bb82b0,
c189b7,
bd87b5,
ba83b3,
c48ebe,
d6a3d1,
c898c4,
e2bbe4,
c691b5,
d399ac,
d396a9,
d394a8,
c4879a,
d597a7,
d697a8,
d697a9,
d696a9,
d596a8,
d696aa,
d697aa,
d898ab,
d898ad,
da9ab0,
da9ab0,
db9ab0,
d795aa,
c58397,
c8879a,
d798a9,
d898ab,
da98ad,
db9aae,
dd9aae,
db99ad,
d997ab,
d191a5,
dc9eb1,
dea0b4,
dfa1b5,
dfa3b7,
e1a5b8,
e3a7bc,
ebadc3,
ca849a,
d1849a,
d88d9f,
d88fa0,
d891a3,
d291a3,
dea6b6,
dfabbb,
deacbb,
e1afbf,
e9bbcd,
e8bfcf,
ebc3d2,
e3becd,
e5c0d0,
f2cddd,
e8c5d5,
e8c8d4,
f5d6e1,
f3d6e1,
f4d8e4,
e6c9d6,
eaccd9,
eaccd7,
eaccd9,
eaccd9,
e8cad7,
e4c6d3,
e5c8d5,
e4c4d2,
e3c3cf,
e3c3cf,
e6c5d1,
e8c5d4,
e9c6d5,
eac7d5,
ebc9d6,
edc9d7,
eccbd7,
eecbd9,
efcedb,
f1d2de,
f3d3e1,
f5d4e3,
f4d4e4,
f3d4e4,
f1d2e0,
eecddc,
f1d1e0,
f3d4e3,
f3d4e4,
f3d4e4,
f3d4e4,
f1d4e4,
f1d3e3,
f0d3e4,
f1d4e4,
f2d5e5,
eacbdf,
f3d3e9,
f5d4eb,
e6c2e2,
cea8c9,
dfbcd6,
f6d0e8,
f6d0e9,
f7d1e9,
d1a0cc,
c081bf,
c37ec2,
c57cc2,
c87bc4,
c87cc4,
c87dc2,
c97cc2,
ca7dc2,
c87ec2,
c57ec1,
c57ec2,
c780c2,
ca80c3,
c981c3,
c685c2,
be8ec5,
c392cb,
d1a4d8,
d0a2d3,
c791c5,
f0c4f4,
ca9ed5,
c591cb,
cf93cf,
c986bf,
d9a9dd,
d6aedc,
c894cc,
cf98d3,
e0b0e1,
f1b8ed,
e2a0e2,
e7a2e4,
d791d9,
eca3ed,
eca3eb,
eba2e6,
df97d6,
da92cc,
deabdb,
efc4f0,
e3c0e9,
f6d9fe,
eeb8f0,
de99db,
e29ad7,
df96ce,
dfa0d1,
dda2cf,
ca8bc0,
cf8fc7,
d995cf,
df99cb,
e39cc9,
da92c6,
d790c6,
db98b8,
e4a4a8,
e39ec5,
e09bd0,
e19dc5,
e5a2c1,
dc99c7,
db90cf,
d98ccc,
d88dcc,
d88ccd,
d78cce,
d88ccd,
d98ccc,
d98ccd,
d98dcc,
d88dce,
d58cce,
d78dcd,
da8ece,
da8ece,
dc90d0,
dd90d1,
e094d4,
e497d7,
e195d4,
e294d4,
e79bdb,
eea2e0,
e599d9,
e397d7,
e398d8,
dd91d1,
da8fcf,
db8fd1,
dc8fd1,
d98ccc,
d78bcb,
d88ccc,
dc8fd0,
df93d3,
d98dcd,
d88ccb,
d78bcb,
d78ccc,
d78cce,
d48cce,
d48dcf,
d18ecd,
e0a9dd,
cc90ca,
d08ecb,
d692d0,
dd99d8,
e5a1e1,
db95d5,
d58ccc,
d48dcc,
cf8cc9,
ce97d2,
ce9bd5,
c88fca,
cd92cc,
d08cc9,
d38cc9,
d78dc9,
d88fcc,
d291cd,
deb1ec,
d2a0dd,
d194d6,
d290d2,
d38fcf,
d38fcf,
d48ece,
d28ecb,
d490cc,
d792ce,
d490cd,
d590cd,
d591cd,
d68fcc,
d48fcc,
d58fcc,
d58fcc,
d68fcb,
d790cd,
d790cd,
d790ce,
d790cf,
d991cd,
d791cd,
d690cc,
d791cd,
d891cc,
d892cc,
d891ce,
d691ce,
d791ce,
d692ce,
d792cf,
d893d0,
d992cf,
d792cf,
d792cf,
d794cd,
d395cf,
cd98d0,
d179b0,
ca73a9,
c46ea0,
c56e9a,
ba648d,
aa547c,
ab5582,
b76394,
c276a4,
c586aa,
c890ad,
eab8da,
e5c5f2,
9094d1,
91a0dc,
c7b1e0,
fbc7e1,
f5c5e1,
edbedd,
efc6e5,
dfadd4,
cb7bb1,
d685c0,
dd8dc9,
e59ad3,
d98ec8,
db8fca,
c97eb7,
e093cb,
db8cbf,
d482b3,
cd7aac,
d07eae,
d884b9,
ca93cd,
c18ac0,
be80b1,
bf82b1,
b57dab,
b983b1,
b585b4,
b585b5,
ba85b4,
b277a6,
bd84b3,
b37ba8,
bc85b4,
bc88b5,
bb88b6,
b47eaa,
c08bb6,
be87b5,
dcaed8,
ca94b9,
d597ae,
d396a9,
d193a7,
d192a6,
ce91a3,
d397a7,
d495a6,
d495a6,
d495a8,
d595a8,
d596a9,
d696ab,
d797ad,
d898ad,
d898ae,
d898ae,
d898ad,
cf8da1,
c58397,
d593a6,
d797aa,
d797ab,
d799ac,
d899ad,
da9aae,
d999ac,
d999ac,
db9baf,
dd9fb2,
dda0b4,
dea3b6,
e0a3b6,
e2a4b8,
db9ab0,
c27b8e,
d88ea0,
d78d9f,
d98fa0,
da92a3,
de9dae,
e0a5b6,
dfa6b5,
dba6b6,
e4b6c6,
e9bfcf,
e5bdcd,
e4bbcd,
e9c1d1,
e9c4d5,
f5d5e5,
f5d4e3,
e6c6d5,
f1d1de,
f2d5e0,
f4d5df,
e8cad6,
eacbd7,
efd1dd,
ecceda,
eccdd9,
e8c7d3,
e5c5d1,
e4c3d0,
e2c1ce,
e5c2d0,
e6c3d0,
e8c5d2,
e9c6d5,
eac7d6,
ebc8d4,
edcad6,
edcad9,
efcddb,
f0d0de,
f1d2e2,
f3d4e3,
f0d4e2,
f1d5e3,
f4d5e3,
f2d2e1,
efcdde,
f1cedf,
f3d1e2,
f5d2e5,
f5d1e4,
f4d2e3,
f4d2e3,
f4d2e3,
f3d1e3,
f1d1e4,
f0d2e6,
f0d3e5,
e9c9dc,
eec6de,
deb1ce,
d3acc7,
e6c3db,
f2cfe6,
f3d0e6,
f5d0e9,
f3cde7,
bd86bb,
c481c3,
c47ec2,
c57dc3,
c87cc3,
ca7dc3,
cb7dc4,
ca7dc5,
ca7dc3,
c87ec0,
ca7ec0,
ca7ec1,
ca7fc1,
c97fc2,
c881c2,
c588c5,
c990cb,
cb95d0,
ca93ce,
ca92cd,
c48ec3,
e1b8e3,
cfa4d6,
c48fcb,
cc90cd,
cd8ec8,
c58cc8,
c691cb,
c491cb,
d19cd3,
cc95cc,
dca2dc,
d497d7,
de9fde,
d092d3,
dd9de3,
de9ee1,
dc9cdd,
d594d3,
cc8cc9,
d298d3,
d1a2d7,
cd9fd3,
d7a8dc,
d99bd7,
d28ac8,
d58ecb,
d08cc9,
ce9ad1,
c99ecf,
c288bd,
c891c7,
cf9bcd,
daa1b6,
e1a6a7,
dc9fab,
da9abc,
d392b9,
de9db4,
da9dc7,
d59bca,
d59dbb,
daa0ae,
db9abf,
d690cc,
d78dcd,
d78dcf,
d98ecf,
dd8fd2,
e093d4,
e69ada,
e297d6,
df96d5,
de94d5,
dc92d4,
db91d2,
dc91d1,
dc91d1,
dd91d1,
db90d2,
dd90d2,
df93d3,
de92d2,
e094d4,
e99ede,
eea4e3,
e89cdb,
e296d5,
e39ad8,
dd94d2,
d88ece,
d990d0,
d98ece,
d78ccc,
d78bcb,
d68cce,
d98ed0,
d98fcf,
d88dcd,
d68bcb,
d48acb,
d48acb,
d48bcd,
d48cce,
d690cf,
d69ad2,
edc4f1,
dcb8e1,
f3c9f7,
f2c3f2,
dfa6db,
dea0db,
d792cf,
d58bcd,
d48dcd,
cb8bcb,
cfa2de,
ca8ece,
c98ac8,
ce8bc8,
d28bc8,
d38bc7,
d389c4,
d58bc7,
d590cc,
cf92ce,
dbb8f1,
d7a2e0,
d692d1,
d48fcc,
d590cc,
d38fcc,
d38fcc,
d692cf,
d893d0,
d590cd,
d490cd,
d590cd,
d68fcc,
d58fcc,
d58fcc,
d68fcc,
d68fcc,
d690cd,
d690cd,
d690cd,
d891ce,
d891cd,
d791cc,
d590cb,
d490cb,
d390cb,
d391cb,
d594cf,
d391ce,
d492ca,
d692ca,
d692cb,
d791ce,
d792ce,
d692cc,
d592cd,
d493cb,
daaad9,
e0b8e6,
cc74a2,
c36a94,
b1597d,
ad5476,
ac5276,
b35b82,
c46d9f,
c871a7,
c878a7,
a45d7d,
88475b,
985b77,
f6ccf2,
dcc0ef,
a19ed2,
b2a4d9,
fac7e6,
fbc7e4,
fac7e5,
f1c3e2,
ce9cc6,
d387bc,
d380bc,
d583bf,
d481be,
d587bf,
d386be,
d181b8,
d483b7,
cf7bae,
cb79ab,
c573a2,
cf7eae,
ca77a9,
c38ec9,
be8ec5,
bb82b1,
bd84b2,
b37ba9,
b882b0,
b785b4,
b586b7,
b586b7,
b97dad,
bd83b0,
b77eab,
b984b4,
b985b2,
b985b2,
b27ba7,
b980ac,
b57ca9,
c08ab5,
b982a5,
d195aa,
d294a7,
d092a5,
d293a7,
c98ba0,
d395a8,
d394a5,
d394a5,
d494a7,
d394a7,
d494a8,
d596ab,
d696ac,
d797ad,
d797ad,
d697aa,
d697aa,
d797aa,
c8879a,
c48497,
d896aa,
d896ab,
d797ab,
d798ab,
d798ab,
d797ab,
d898ac,
da9aae,
da9db0,
dc9fb3,
dea0b4,
dfa1b6,
e1a1b5,
c7869b,
d692a4,
dd93a6,
d68d9f,
d88ea0,
df99aa,
df9fb0,
dea2b2,
e3abbb,
f6cad9,
edc5d4,
e8c5d3,
efcad9,
ebc2d4,
dfb5c6,
e6bdce,
e5becf,
f5cfde,
ecc9d8,
efcbd8,
efccd9,
f1ccd9,
e9c5d4,
edcddb,
efd1e0,
f1d3e1,
eecfdb,
e3c3cf,
e3c1cd,
e3c1cd,
e3c1ce,
e5c2d1,
e6c3d1,
e8c5d3,
e9c6d5,
e9c7d5,
ebc8d5,
eccad8,
efcddb,
f1d1df,
f2d2e0,
f2d3e3,
f3d3e3,
f2d4e2,
f1d4e3,
f2d2e2,
eecedf,
efcddd,
f4cde2,
f5cfe4,
f8cfe7,
f3cae2,
ebc1d8,
f7cde2,
f9cfe3,
f5cde1,
f5cfe5,
f3d0e5,
f4d0e5,
d3abc1,
cba0b6,
ddb6ce,
edc9e1,
f2cfe5,
f1cfe5,
f2d0e6,
f6d1eb,
e8bde0,
c486be,
c580c1,
c57ec2,
c57dc1,
c87cc2,
c97cc3,
cb7dc4,
c982c6,
cb8bc8,
c681c0,
c580bd,
c780bd,
c682bc,
bf7db3,
af6da3,
b57bb0,
ca93cd,
ca94d0,
c88fcc,
c284c2,
c689c5,
c286c4,
c38bc5,
ca92cf,
c588c6,
cb90cc,
c88ecb,
c58ac9,
c48fcb,
d09bd6,
c78dc8,
d495d1,
ce90ce,
d197d5,
ca94d0,
d09ad8,
d09bd9,
d097d4,
cd90cc,
ca8bc7,
cc92ce,
ca98d1,
c791c4,
d296b2,
e7afc6,
d892b8,
cb86c0,
c286c3,
c79cd4,
c19dcf,
bd8abf,
c192c7,
cb9fcf,
d3a1b7,
dea7a2,
e0a6a9,
dba0c1,
ca8dbd,
d395c2,
c898c6,
c69ccb,
c99ac1,
c78bb1,
cb8bc0,
cd8bca,
d38ecc,
da92d2,
e095d5,
e497d8,
e79bda,
eb9fdf,
e79cdd,
e79dde,
e99ee0,
eda3e5,
e098d8,
dd92d2,
db92d1,
dd93d3,
dd93d4,
df93d4,
de94d4,
e195d5,
e499d7,
eda2e0,
efa4e0,
e79cd6,
e093d1,
d891d2,
d991d2,
d68dcd,
d68ecf,
d88dcf,
d78dce,
d98dce,
d88ed0,
d890d1,
d692d3,
d68fd1,
d68ecf,
d58ecf,
d78fd1,
d590d1,
d992d3,
d893d4,
e1ace1,
f3d0fb,
eccef6,
edd1fa,
f5d3fa,
efc8f1,
d59dd0,
d18cca,
d58ece,
d08cca,
c892d3,
d4a4e0,
cc8cca,
cf8bcb,
cf8bc8,
d38bc8,
d48bc8,
d78bc8,
d68cca,
d891ce,
d78fcd,
d2a7e1,
d4ade5,
d795d4,
d58ecd,
d68fcd,
d58fcd,
d690ce,
d893d1,
db96d3,
d692ce,
dc98d4,
d996d2,
d690cd,
d590cd,
d68fce,
d790cf,
d691cf,
d791ce,
d791ce,
d891cd,
d891cc,
d791cb,
d690cb,
d591ca,
d091cb,
d091cb,
d293cd,
de9fd9,
d394ce,
d491c8,
d692ca,
d592cb,
d592cd,
d492cc,
d392cc,
d194cd,
d9a8d9,
dabbe6,
efd5fd,
b55f82,
aa5375,
ab5374,
b45b80,
be6691,
c86fa0,
c770a5,
c670a3,
b66c94,
904c6a,
924d6a,
ac6187,
bb769f,
eeb8df,
f2caee,
d8b4e0,
fdc7e7,
ffc9e5,
ffcbe6,
fdcce8,
f1c5e5,
e2b1d8,
d086be,
cd79b4,
cb77b2,
d484bd,
cf7eb7,
cf7cb4,
c974aa,
d17eb3,
c471a6,
c573a6,
c574a4,
c271a2,
c08ac3,
bc8cc1,
ba83b1,
bb82b1,
b67fad,
b781b0,
b583b3,
b38abe,
bb95ca,
bb7eaf,
bf83b0,
b57ca9,
b984b4,
b885b3,
b884b1,
ba82af,
bd84b0,
bb80ad,
bc81aa,
ba7e9f,
ce93a6,
d194a4,
d092a3,
d192a3,
cd8ea2,
d494a8,
d393a7,
d393a7,
d393a7,
d393a7,
d393a7,
d494a9,
d595ab,
d595ab,
d696ab,
d696a9,
d597aa,
d497aa,
d092a5,
c18295,
cd8b9f,
d896ab,
d797aa,
d697a9,
d595a9,
d595a9,
d797ab,
d999ac,
db9baf,
dd9eb1,
de9eb1,
df9fb3,
dd99ad,
c37c90,
d28b9f,
d3889d,
ca7f92,
d48c9e,
df9cad,
da9cad,
d99ead,
dfa8b7,
ecc6d5,
f7d9e5,
f6d7e1,
f3d1dd,
eec7d4,
ecc1cf,
e9bbcb,
e2b4c5,
f0c5d4,
efc6d5,
efc6d5,
edc4d2,
eabfcd,
e8becd,
ecc8d8,
eecede,
f0d2e0,
e6c3cf,
e5c0cd,
e5c1cd,
e5c1cd,
e5c1ce,
e6c2d1,
e7c4d2,
e8c5d4,
e9c6d5,
eac9d6,
ebcad9,
edcddc,
f0d0df,
f0d1df,
f1d2e0,
f1d2e1,
f2d3e0,
f2d3e0,
f2d2e0,
f1cfde,
edccde,
efccde,
f4cce3,
f6cce6,
f7cde8,
facde8,
fdcae4,
fac8e2,
fbc9e2,
f3c3dc,
f5c9e2,
f4c9e1,
f4cbe0,
e8bad1,
efc6dc,
f1cee2,
f0d0e4,
efcfe4,
f0cfe5,
f1d1e6,
f2d0ea,
d19acb,
c07fbb,
c37ebf,
c57ec0,
c57dbf,
c67dc0,
c87dc2,
c87ec3,
ca90c9,
d8aedc,
c089bd,
b57ca9,
aa6f98,
a6658d,
a26183,
a66788,
a6698c,
be8abd,
c797d0,
c894ce,
c88ac7,
c889c7,
c685c4,
c584c4,
c78bc9,
c588c4,
c68dc8,
c488c4,
c387c5,
c994d1,
c792ce,
cd94d1,
c684c2,
c887c5,
ca92cf,
c99bd1,
e0b9e7,
d0a2db,
c28fc9,
c78dc9,
c589c4,
c58bc6,
c58cc7,
cb8dbb,
dc9799,
df979c,
db92b0,
ce89c0,
c48cc6,
c7a4da,
be9acc,
ba8dc0,
be98cc,
bf95c8,
c99bc8,
d09fc7,
cd98c4,
d49ec8,
d297bc,
dca1c1,
dab1dc,
c8a4d1,
d1a4bf,
d9a2b3,
d098be,
c68bc6,
c88dc5,
ca8bc5,
d590cd,
da92d1,
db94d2,
e89fdf,
ea9fe0,
eb9de2,
eda0e5,
e89fe3,
e19bdc,
da94d3,
df9ad8,
e39ddb,
e69ddc,
e79ddd,
e79edd,
e99fdb,
eba2d5,
eda5c9,
eba6bf,
e7a0c4,
e49ad1,
da93d3,
d992d4,
d991d0,
da93d3,
dd93d5,
de93d4,
d98ed0,
db93d5,
db96d6,
da97d7,
d996d7,
d795d7,
d996d6,
d995d6,
d798d7,
d99cdb,
d79cdb,
d39cd9,
e2b8eb,
eccff7,
d2bbeb,
e4c8f4,
eeccf5,
f4c9f6,
e0a3dd,
d490cf,
ce8dcc,
d8a9e9,
d295d2,
d08dca,
d18bca,
d28aca,
d48aca,
d48bca,
d78bcb,
d991cd,
de98d4,
d692ce,
d8a1db,
dbbaf2,
d197d5,
d48ece,
db93d2,
da92d2,
da92d2,
d993d2,
e29ddb,
dc97d3,
e19cd7,
e09cd7,
de9ad6,
d793d1,
d090ce,
db9bda,
d595d4,
d592d0,
d891ce,
d891cd,
d791cc,
d790cb,
d690ca,
d492cb,
d2abe2,
d2a6de,
d396d1,
db9dd7,
d192ca,
d392c9,
d594cc,
d292cb,
d191ca,
d092ca,
d093cc,
d19fd3,
e7c7ef,
e9d3fc,
d9caf4,
aa516e,
aa4f72,
bf6992,
c977a1,
c7719f,
c770a3,
c471a5,
be719f,
8e4b69,
a35e84,
b86c9a,
be6f9d,
bf709e,
c178a5,
eaadd3,
fbc7ec,
f9c7e7,
fdc8e5,
ffcae6,
ffcae7,
fbcce6,
f1c1e2,
c680b0,
c576aa,
c575ab,
c878af,
c877af,
c674aa,
d580b5,
cb79ae,
c16ea4,
c26fa3,
c26fa3,
c476ac,
bc7eb2,
b87fb1,
bd83b3,
b980af,
b77ead,
bb80b0,
b580b3,
b28dc4,
bf9bd2,
b979a9,
bd7fac,
b479a7,
bb84b2,
b984b2,
b983b1,
bc81b0,
bd81af,
bb7eac,
bb7da7,
be7fa0,
d293a6,
d293a4,
d091a2,
d091a1,
c88a9e,
d191a5,
d292a6,
d292a6,
d393a6,
d393a6,
d393a7,
d193a9,
d293aa,
d494a9,
d494aa,
d595ac,
d496ab,
d596a9,
d496a9,
cf92a5,
c38397,
d492a7,
d596aa,
d396a9,
d494a9,
d494a9,
d596aa,
d798ab,
d999ad,
da9aaf,
db9bb0,
dc9cb0,
dc9cb2,
d696aa,
d090a4,
d294a7,
dd9caf,
de9daf,
de9fb0,
dca0b1,
daa0b1,
dba2b2,
daa8b7,
f0c9d6,
e3bec9,
e0b9c4,
fcd4e0,
f0c5d2,
eec0cd,
e5b7c4,
dfb1c0,
f0c4d1,
f3c4d0,
e8bac6,
eabac8,
edbdcb,
eac4d1,
f0ccd8,
e8c6d3,
e6c1d0,
e8c2d1,
e8c4d2,
e8c5d1,
ecc7d3,
ecc8d5,
e8c5d3,
eac7d5,
ecc8d7,
eccbd9,
eecddc,
edcfdd,
efd0de,
eed0de,
edd0de,
efd1e0,
f0d1df,
eed0df,
eecfde,
eeccdd,
eeccde,
f0ccdf,
f5cce2,
f8cce6,
facde8,
fccce9,
f9c5ea,
f4c4e6,
f1c1e0,
f6c1dd,
f4c3de,
f5c6e0,
facae3,
facce3,
f6cee4,
f5cfe4,
f3d0e4,
f1d0e6,
f2d2e7,
ebcbe4,
bb8bb7,
be7eba,
c37ebd,
c27ebd,
c27ebd,
c27ebe,
c280bf,
c37fc0,
c282bf,
be88bb,
b98ab6,
ab769a,
9a6280,
9f647f,
a46781,
a56780,
a56782,
a36884,
ad79a0,
bf99cf,
c098cd,
cb95cf,
d190d2,
ca85c6,
c982c3,
c883c4,
c786c4,
c38fcc,
c286c4,
c184c6,
c68dca,
bd88c0,
d8a2da,
c184bb,
bd83b9,
b684b5,
cfa9d5,
ddc0e5,
e1c4e8,
e4c7ea,
d9b5dd,
bb90c3,
b583bf,
c185c2,
cf88bb,
d78cad,
d78ab7,
d084c1,
cc85c4,
c485c2,
c2a7d9,
bb91c4,
bd92c9,
bb97cd,
bd89c0,
c892ca,
c48fc7,
d39ed5,
c88bc3,
dca0b4,
e7abb5,
e3acd1,
cc9cc6,
d0a0bc,
d3a1b4,
d19ec1,
bd8abb,
c38fc4,
c890c9,
c78cc5,
ce8dca,
d48ece,
e19bdc,
eaa2e7,
eca3eb,
eba1e9,
d990d6,
e39ee0,
de9cda,
dfa1dd,
e3a1e0,
e4a1e0,
e7a2e1,
eba3e4,
eca4e0,
eca7ce,
eca8ae,
e9a8a4,
e9a6b6,
e59ecc,
eaa3db,
eda2df,
e89dcb,
e49acb,
e69ad5,
d684c1,
ce79ba,
df8fcf,
e19ad9,
db99d8,
d899d8,
d699d8,
d89bda,
da9ddd,
cf8fd0,
d7a0de,
d79edc,
d49cd8,
d4a0d8,
e5bbe9,
f5d3fb,
f3d2fb,
f3caf6,
e0a7dd,
da98d4,
d691d1,
d595d4,
d89bdb,
cf8bcc,
ce88c7,
d78ece,
d88dcb,
d58ccb,
d48bcc,
d68bcb,
d391ce,
eabaed,
ecb9ec,
dca6e0,
d6b2ed,
d1a9e6,
d48ed0,
df94d5,
e398d9,
e79bd8,
e199d7,
e69fdd,
e19bd9,
e09ad6,
e29cd7,
e29cd9,
d494d2,
dbb0ed,
e0a6e4,
dc99d7,
db97d4,
d994d1,
d894ce,
d894cf,
d894ce,
da96d0,
da9cd4,
d5bef4,
dab7ef,
d99dd6,
db9dd5,
d598cf,
d695cd,
d898cf,
d493cc,
cf8fc9,
d293cb,
d79cd3,
f8ccfa,
f6d4fc,
e9cffa,
dfcdf8,
af5b79,
bf6e92,
c877a1,
cd7ea9,
cf7fac,
c674a5,
bf719e,
9d557a,
9f5a7e,
b9719f,
bc6f9f,
be6f9e,
bf6f9e,
bd6f9e,
be709e,
d99ac4,
f9c6e8,
fac6e7,
fdc8e7,
fdcae5,
fdcbe5,
fed0eb,
f3c4e9,
c683b3,
c075a7,
c475a8,
c172a7,
c675a9,
ce7aae,
c270a6,
c06ea2,
c06ea2,
c16fa3,
d186bb,
d291c5,
cc90c1,
ca8fbe,
b97eae,
ba7dad,
bc7db0,
b67db1,
b48bc4,
bc8ac1,
bb77a7,
bd7aa7,
b67aa7,
bc83b1,
b982b0,
ba83b1,
be81b1,
be81af,
bd7cac,
c07eab,
c280a2,
d292a7,
d192a4,
d191a4,
d091a2,
c68a9c,
cc8fa2,
d292a6,
d292a6,
d292a6,
d495a8,
d697ab,
d193a7,
d192a8,
d293a9,
d393a9,
d696ad,
d596ac,
d596a9,
d496a9,
d496aa,
cb8ca0,
ca899e,
d295a8,
d295a8,
d393a9,
d393a9,
d595aa,
d595a9,
d797aa,
d999ae,
da9ab0,
da9bb1,
da9cb3,
dd9fb5,
dea3b6,
dea5b8,
e1a8bc,
e0a5b8,
daa0b0,
d99fb1,
da9fb0,
daa1b1,
d9a3b4,
d7a3b4,
d3a1af,
d19eac,
d3a2b0,
eec2d0,
f5c9d6,
e6bacc,
c1a4c5,
bdaad2,
b9add7,
b3a9d7,
baacd4,
d6b7d5,
e8c2d5,
ebc6d4,
e9c5d2,
eac6d5,
edc9d8,
f0ceda,
f4d3df,
f8d5e1,
f7d6e3,
edcbd9,
ebcad8,
edcbd9,
edccda,
eecddc,
eecedd,
efcedd,
eecfdd,
edcfdd,
eecfde,
edcfdd,
eccfdd,
eccddc,
eeccdd,
eeccde,
f0ccdf,
f3cce1,
f4cce2,
f5cce3,
f3cce8,
aaa1d9,
a3a3db,
a7abdc,
b9b1de,
d9bae0,
f1c3e0,
fac7e2,
facbe2,
f7cde3,
f5cde4,
f2cee4,
efcae6,
dbb3d6,
b88ab8,
ba7fb9,
bd7fba,
c27fbb,
c17fbb,
c17fbb,
c080bb,
bf80bd,
be80ba,
bf85ba,
c18eb7,
ad789a,
a46b85,
9b6178,
a1657f,
a36680,
a36680,
a46781,
a46783,
a67094,
bb99cb,
bb99ca,
c398cc,
c693ce,
c585c4,
c781c0,
c981c0,
c884c2,
c18dc8,
c083c0,
bd81c0,
ba83be,
c091c2,
d0a7d1,
dab5d9,
e4c5e3,
f8daf5,
f5dbf7,
f0dcf5,
f1ddf5,
f1ddf6,
f4dff8,
f5dff8,
e8cae9,
cfa2d0,
ca8abb,
d189b8,
cf85bd,
cd80c2,
cb81c3,
c782c0,
bf9acc,
c38cc2,
c08ac4,
c28ec8,
c282c0,
c585c3,
c685c4,
c885c4,
cd83c4,
dc93c5,
df9ac7,
d898ce,
ca91c9,
cc98c8,
cd9ac8,
cc9bcd,
ba86ba,
c28ec4,
c799d0,
c493c7,
ca8ec7,
d796d4,
dd9cde,
e5a2e8,
e6a2e9,
e49ce4,
da8fd7,
e39ee3,
dfa1e0,
dba2df,
db9fdf,
dfa0e0,
e2a2e3,
e8a3e4,
eba6e7,
eea8e6,
e6a2d0,
e29abe,
e197bd,
d38bb9,
e49ece,
da8fc4,
e198b4,
e09ba4,
de97ae,
e194c0,
d47bb7,
d880bf,
d789c6,
d793cf,
d799d3,
d899d3,
d79cd9,
dda0e2,
d498d7,
d4a0dc,
d19cd9,
d199d4,
d8a2db,
bd87bd,
c58ac2,
cc92c8,
d195cd,
d38ac9,
dd94d5,
d893d4,
d795d6,
d591d1,
d38dcd,
d38ccb,
dc94d2,
dc95d2,
d99fdd,
d38ecd,
d58cca,
e1a9e1,
f6cefc,
f5d0fb,
efc5f6,
d4a7e0,
dab8f4,
d392d2,
d98fcf,
db92d1,
e399d7,
e097d6,
e59ddd,
df98d7,
da93d1,
dc95d2,
d999d5,
d6aee8,
e2b1ee,
df9ad8,
e29ad7,
e29bd9,
dd97d4,
db96d0,
dd99d3,
de9ad4,
e4a0d9,
e2a5de,
d6c0f7,
d9b5ed,
dc9ed7,
dd9bd3,
db9cd4,
d997cf,
d896ce,
d593cc,
cf8fc9,
d091cb,
d095cf,
d5a2d7,
e2bbe7,
e1c1ea,
e5c6ef,
d29eb8,
be7da0,
bf7da1,
e4b2cc,
e7b9d3,
c882af,
ab618b,
9e597e,
b8759e,
b771a1,
be6fa2,
bf6fa0,
c06e9f,
bf6f9e,
bf6e9c,
c1719f,
c27da5,
f5c6e8,
f9c5e5,
fcc9e6,
eebcd9,
deaacc,
fbceee,
ddaed7,
d19bca,
d087b9,
be71a3,
c070a2,
c16ea1,
bf6da1,
bf6da1,
bf6e9f,
be71a2,
e39ecf,
e09fd0,
dda0d0,
d497c6,
c485b5,
bd79aa,
bc79ab,
b677ad,
bb97d0,
bd81b8,
be74a7,
b975a5,
b579a9,
bc82ae,
bd82b1,
bc7ead,
bf7eae,
c07dae,
bd7aac,
ba78a5,
c17e9f,
d191a5,
d091a2,
d191a4,
d191a4,
c88b9c,
cc8fa0,
d191a5,
d191a5,
d393a8,
dda1b8,
dfa5bb,
d093a9,
cf91a7,
d092a8,
d495ac,
dc9db7,
d99bb3,
d495a8,
d394a7,
d494a8,
d495a8,
c9889c,
ce8ea3,
d494aa,
d393a7,
d393a7,
d393a9,
d494a8,
d596a9,
d698ac,
d79aaf,
da9bb1,
da9db2,
dba0b5,
dca2b7,
dda4b9,
dea5ba,
e1a7ba,
dda0b4,
da9daf,
d99dae,
db9fb1,
dca1b2,
daa2b2,
d9a3b3,
d9a3b2,
d4a4b2,
d1a0af,
ecc1d0,
dab9d1,
8b9fda,
7da3ed,
78a4ef,
7ba6ed,
80a7e7,
90a6e3,
baa9d0,
e5c0d5,
eac6d5,
eecbd9,
f1cddb,
f2d1dd,
f5d6e1,
f4d4df,
e7c6d4,
e7c7d3,
ecc9d5,
edcad8,
eccbd9,
eccbdc,
edccdb,
efccdb,
eeccdb,
edccdb,
eecddb,
eecddb,
ebccdb,
ebcbdb,
eecddd,
eecddf,
f0cce0,
f1cde0,
f1cde0,
f1cde0,
f1cce2,
e2c3ee,
b1a7db,
b8b1e3,
9da4d9,
a0ade1,
cbb7e1,
fac4e4,
f8c3dd,
f1c1d9,
efc5dd,
f3cce6,
bd87bc,
b67db5,
b87fb5,
bb81b5,
bc81b6,
bf81b6,
c182b6,
c082b8,
be82b8,
ba82b6,
ca98c2,
edc4e5,
bb84a0,
ae758d,
9e637c,
9f647c,
a0657d,
a1667f,
a26682,
a56582,
a66683,
a46887,
b28ab1,
a57ba5,
a478a4,
b281b4,
c187be,
c684bb,
c480bb,
c381bb,
c184ba,
bb86b8,
cca1ca,
e7c5e5,
f0d3ee,
f4d8f1,
f5daf3,
f4d9f3,
f3daf2,
f0dbf4,
ecdbf4,
f0dcf2,
efdcf2,
f0dcf3,
f1dcf5,
efdef5,
efdef5,
e1bfd9,
d593ad,
d38bb8,
d080c0,
d081be,
d285b7,
ce87bb,
ce86c0,
c883c2,
c883c2,
c780c2,
c881c2,
c981c2,
cb80c2,
cd80c3,
d48bc8,
d691cc,
d595d0,
c58bc5,
ca94cb,
c994ca,
c892ca,
be82bc,
c28bc5,
bf93c9,
c295c9,
c48fc6,
d097cf,
d49ddc,
d99ddf,
d592d6,
d992d8,
da8dd4,
db99dc,
d09fdb,
cb9fd7,
d09ed7,
d79fdd,
dea2e2,
dd9dde,
d597da,
da9fe0,
d79adb,
d68ccb,
ce76b6,
d880bd,
d989c0,
d88ec6,
d698c4,
dda1ba,
e4a4c3,
e0acd1,
e391ca,
d983be,
e7a8dc,
f6c5f3,
e4add5,
d799c1,
dca6da,
d49bdb,
d8a6dd,
d6a7de,
ecbef1,
d49dd9,
dea3e1,
be83bc,
d797d2,
d293cd,
d594cf,
c983c0,
dc92d4,
df9add,
dd98d9,
d990d2,
da93d0,
db99d3,
d894cd,
cf89c2,
d2a1da,
d2a6e0,
d38ecc,
e0a7e1,
f7d0fe,
f3d0fd,
efcaf8,
d8a2da,
d8b2ed,
d496d5,
d68dcf,
d68ece,
d78fcd,
db90d1,
e195d6,
dd94d3,
d88fcc,
d890ce,
d4a5e0,
dab2ee,
de98d7,
df97d5,
e49ad8,
e59dd9,
dd97d2,
db95d0,
e09ad4,
df9ad5,
e39fda,
dda1da,
d5bcf1,
d9ace3,
dc9ad2,
de99d3,
d894cf,
d894cc,
d693cb,
d290c9,
d08ec9,
d291cb,
d191cb,
cb90c5,
cb90c4,
cd99cc,
d6aad7,
e6c2d7,
e0b1cb,
e5b6d0,
e9c2d4,
e4bdd0,
b27099,
945279,
b06f96,
b0729a,
d79ac6,
cf8abb,
cf85b6,
c479a8,
ca7eae,
bf6f9d,
bf6e9d,
c06e9b,
cf93b8,
eabde0,
dfa7cc,
fdcdeb,
c993bb,
a674a0,
e3b9e3,
f4c1ef,
e8addc,
d995c6,
c478a9,
c06ea1,
bf6da0,
bf6da0,
bf6e9f,
bd73a0,
d08ebc,
dc9ccd,
da9fcf,
dea2d2,
cd88b9,
bd73a6,
bc73a7,
b474af,
c3a1dd,
be7ab3,
bf73a8,
b874a5,
ba7dad,
bd7dad,
c07eb0,
ba76a9,
bf78ac,
c279ae,
c57eb3,
be7caa,
be7c9c,
cf90a5,
cf90a3,
cf90a4,
d191a4,
c4879a,
cc8fa2,
cf90a3,
d191a4,
d392a9,
dda0b9,
dca3bb,
dda2bc,
d092aa,
cf90a7,
d89ab1,
dc9fb7,
da9eb5,
d293a7,
d292a6,
d393a9,
d595a9,
d495a9,
ca8aa1,
d393a9,
d394a7,
d292a7,
d393a8,
d393a9,
d494aa,
d696ac,
d999af,
da9bb1,
da9db2,
d99fb4,
dba1b6,
dca2b8,
dda4b9,
dfa5ba,
e0a3b7,
db9eb1,
d89cad,
d99eaf,
daa0b1,
dca1b2,
dda2b3,
dca3b4,
ddadbc,
e3b6c5,
d8afbd,
c3a7c1,
8b9cd7,
78a0e9,
74a2eb,
acb4e8,
c8bee5,
aeb3e2,
a2acde,
b2b1db,
edc9dd,
ecc8d6,
edcbd7,
efcfdb,
ecccd6,
e6c6d0,
e7c6d2,
eac9d5,
eac8d4,
eac7d5,
e9c8d6,
ecc9d9,
edc9d9,
eecad9,
edcad9,
edcad8,
edcad9,
edcbd9,
eccbda,
eecbdc,
edccdd,
eecddf,
efccdf,
f0ccdf,
f0ccdf,
f0ccdf,
f0cce0,
f4cce7,
f0cbe7,
f0c6e4,
cbb6e0,
9c9fd7,
a6a1d2,
edbfe4,
fdc6e1,
fdc8e4,
f6c4e2,
e1aed0,
cb92c1,
ba7fb1,
ba80b3,
bf86b7,
c288b8,
c48bb9,
c991bd,
ce98c2,
d2a3c9,
e6bde0,
f7ceea,
cc9ab5,
af758c,
ae7489,
9c607b,
a0637f,
9e627e,
9f627f,
a26480,
a46581,
a56582,
a26780,
a36785,
a0678a,
9e698e,
9d688f,
9c6994,
b27baa,
c38ebe,
cea1cd,
deb7da,
f4d0f1,
f5d7f2,
f1d9ef,
f1dbf0,
f1dbf1,
f2daf1,
f2daf1,
f0daf2,
eddcf2,
ecdcf2,
efdcf2,
efdcf2,
efdcf2,
eedcf2,
eddef3,
f1def6,
f1dff5,
e2b9d5,
ce87bd,
d081be,
d688b0,
e3949b,
e393a0,
dc8baf,
cd83bf,
cc81c2,
ca80c2,
ca7fc2,
ca7fc1,
c97fc1,
cb7fc1,
ca80c3,
d088cb,
d290d0,
c88bca,
ca8fca,
d69ad4,
c582c2,
c380bf,
c083be,
c792c9,
bf8abf,
ca95cb,
ce98d0,
cc9bd6,
ce93d3,
d38bce,
d78dd3,
d68bd0,
cc8ecf,
c598d1,
c49acf,
ca9fd2,
d09fd8,
d89fdc,
d59bda,
d197d9,
c992d1,
ce94d4,
d68ecd,
d47eb6,
cf75a1,
dd89b3,
ca7eb5,
e8ade3,
e4b5e1,
f7ccfb,
f5ccf8,
e393cb,
d27bb4,
f7c5f5,
f0bde6,
da94c1,
d283b2,
e4aedc,
daabe1,
f8ccfc,
f6cdfe,
f5cbfc,
e0ace5,
d090d0,
d997d4,
da97d2,
d594cd,
d492cd,
cb85c2,
e19ada,
db96d8,
d994d5,
d790d1,
db9ed7,
e5b9ed,
ebbdf0,
e3aee1,
d69cd6,
d9afe9,
cc92cf,
c382bf,
d8a2d6,
eabdee,
e9b7ea,
d497cf,
d7a9e3,
d69ad7,
d78ed0,
d78fce,
d597cf,
f1c0f1,
dfa0d9,
dc96d3,
d790cf,
d899d8,
e2b9f6,
dca1e0,
db93d3,
e096d4,
e298d8,
e399d6,
e097d2,
de97d1,
df99d3,
df98d4,
de98d4,
d897d2,
d19ad3,
d296cf,
d894cd,
d893cd,
d692cc,
d491ca,
d491c9,
d391ca,
d491cc,
da96d3,
d693d0,
cf90c7,
cf90c6,
e0aedf,
f9d2fd,
e2bfd2,
e4bbcd,
e2b9cb,
e4bece,
ddb2c5,
b57c9c,
e5b1d1,
d69abc,
c990b3,
e2abd3,
f0beeb,
f3beed,
f0bae8,
f3bae8,
b86e9d,
bf709f,
bf6e9d,
bd729d,
d09bc1,
bb78a4,
fbc1eb,
f7c2ec,
905c92,
daafe3,
e8bae8,
f9c3f1,
dba1d2,
c57bae,
bf6fa2,
be6da0,
bf6e9f,
c06f9f,
c1739f,
a55f85,
c382b1,
d89cce,
c98dbe,
c57daf,
bc70a4,
be70a5,
bb7cb9,
c59ddb,
bf72ad,
c072a7,
c17caf,
bf81b2,
bb77ab,
c580b3,
c57cb2,
c376ad,
c478af,
d287c0,
c37eae,
bd7b9a,
ce8ea3,
ce8fa2,
cf90a3,
cf90a3,
c8899e,
ce8ea2,
cd8fa1,
cf8fa2,
d28da6,
dd9fb9,
daa2bb,
d9a3bc,
d59ab3,
cd90a7,
db9eb8,
d89fb9,
dc9fb7,
d595aa,
d191a6,
d292a8,
d394aa,
d294aa,
ce91a6,
d192a8,
d494a9,
d292a7,
d191a7,
d392a8,
d494a9,
d696ac,
d898ae,
d99bb1,
d89cb1,
d99db3,
da9fb4,
dca0b6,
dda1b7,
dea2b8,
e1a2ba,
e0a2b7,
d99caf,
d89dae,
db9eaf,
dca0b1,
dca1b2,
dda3b4,
e0acbc,
f4cedd,
f9d3e1,
f0cddf,
beb3d7,
8198da,
769ce4,
c0b7db,
efccdd,
eecfdf,
c7c1e6,
96a8df,
d8bed8,
ecc7d7,
eeccd7,
f0d0dc,
f7d4de,
f7d5df,
f7d6e1,
f2d1dd,
e8c5d4,
e9c6d4,
e8c7d4,
eac7d5,
ecc7d6,
edc7d6,
ebc7d6,
eac7d6,
ecc8d8,
ecc8d7,
edcad8,
ecc9d8,
eccbdb,
eccbdc,
ebccdc,
edcbde,
edcbde,
efcbde,
f0cbdf,
f3c9df,
f6c9e2,
d39fba,
b485a5,
e9bfe5,
e6bce4,
f4c3e8,
fdc5e1,
fec6e0,
fec8e2,
fdcbe3,
f8cae6,
eab7d9,
e5b1d6,
e4b3d6,
e2b5d5,
e1b4d3,
e8bedc,
eecae2,
f0cde6,
f2cfe9,
e8bed6,
b27792,
af748a,
a56b83,
995c75,
9b5e78,
a0637f,
a0637f,
a16480,
a26481,
a56582,
a56782,
a56782,
a06783,
a06a89,
a37696,
c19ab7,
e4c3e0,
ecceeb,
f0d3f0,
f0d6f0,
efd6ee,
f1d8ee,
eed9ef,
f0dbef,
f0dbf1,
f0daf2,
f0daf3,
f0daf3,
eedaf2,
eedbf1,
eddcf1,
eedcf2,
eddcf2,
eedcf3,
f0ddf4,
f0ddf5,
f0ddf3,
f3dff2,
deb4da,
cb83c0,
d88db1,
e49699,
e39599,
e08eac,
d083bf,
cd7fc5,
cc7fc5,
cc7fc4,
cb80c2,
ca80c2,
ca7fc3,
c97fc3,
cb83c7,
cf89cc,
cc8bcd,
cc8dcb,
de9dd8,
c980c5,
c781c3,
c783c1,
c37ebb,
c682bf,
c688c4,
c48bc4,
c893ce,
cd8dcb,
d78bcd,
d68ad1,
d389d1,
d08cce,
c590c9,
c392c5,
ca99cd,
d49fd6,
d293d1,
d191d5,
d89bdc,
ca91ce,
cc91d0,
d591cc,
e29ab2,
eca3a4,
eda5a5,
da91b5,
e8b2e4,
f5ccfb,
f4cbfc,
f4cbfb,
e294c9,
d272ab,
df8bc3,
de8eb5,
e190ab,
e28aa6,
e5a7cd,
f8cbf8,
facffb,
e9bae9,
d99ed7,
d998d4,
d085c5,
d88cc8,
d388be,
c277b0,
c77eb6,
c87fb8,
d084c2,
d289c6,
d68ccc,
de9fda,
f4c9f7,
e7c8f4,
eac8f7,
f3cafb,
dfa3da,
ca8ec7,
d395d1,
c981bd,
d38bc7,
d38cc8,
d48ec9,
d697ce,
d4a0da,
d49fd7,
d690d2,
dc96d3,
d194cd,
f2bef3,
da9cd7,
e8a3e2,
d795d4,
ddaae7,
dba6e4,
da96d5,
db94d3,
dd94d3,
de94d4,
dd94d2,
de95d2,
e098d2,
de98d2,
db93d0,
d791ce,
d490cf,
d492ce,
d591cd,
d591cb,
d590cb,
d391ca,
d491ca,
d591ca,
d591cb,
d894cf,
df9bd6,
dc98d3,
d291c8,
d090c6,
e4b5e5,
f7d4fd,
e1bacb,
ddb1c1,
dcafc0,
deb5c7,
e0b6c8,
e2b5ca,
eec0d5,
e6b2c8,
e4aec8,
e9b4d8,
f1bfe9,
f0beec,
f2c2f0,
f1beec,
f2bbe7,
db97c5,
be6e9e,
c0709f,
bf72a0,
d390bd,
e9a7d9,
f6bbed,
c586b9,
ca94c3,
dfa7d6,
c884b6,
be73a9,
c276ad,
bf71a6,
bf6fa2,
bf6e9f,
c1709f,
be6e99,
af658e,
c27dad,
d08fc0,
ca85b7,
bb71a8,
bd6fa6,
be6fa3,
bf83bd,
c891cd,
c270a9,
c272a8,
cf88be,
c380b2,
bb74aa,
d087be,
ce81b9,
c677b0,
c778b0,
d182bb,
c57bad,
bd7a99,
cd8da1,
ce8ea2,
ce8ea2,
ce8ea2,
c38398,
cf8ea2,
cf8ea2,
d28ea2,
d389a1,
de9ab5,
daa1bb,
d8a1bb,
d79fb7,
ce93ab,
da9fba,
d89fb9,
dc9fb8,
d99ab1,
d190a7,
d797ae,
d596ac,
d194aa,
d396ac,
c6879d,
d193a9,
d191a7,
d190a6,
d191a7,
d392a8,
d595ab,
d898ae,
d89ab0,
d89bb1,
d89bb1,
d89db2,
d99eb3,
dba0b6,
dda2b8,
dfa2b9,
e0a2b8,
dc9fb3,
d99caf,
da9dae,
db9fb0,
db9fb0,
dca1b2,
dca3b5,
daa4b5,
d9a7b7,
e2b8c6,
f0cbdd,
cdbddf,
a4a3cf,
c8b1cc,
ecc5d2,
e8c5d1,
cabbd5,
ccc1de,
edcedf,
f5d1dd,
f6d3df,
eecad7,
e9c4cf,
eec9d5,
f5d0dc,
edc8d6,
e9c3d2,
e8c5d2,
e8c5d3,
e9c5d4,
ecc6d5,
eec7d6,
ebc6d5,
eac6d5,
e9c4d3,
eac7d7,
ebc7d7,
eecbdb,
eccadb,
edcadb,
edcadc,
edcadd,
edcadd,
edc9de,
eec9df,
f1cae2,
ecbcda,
9c6585,
9f6a8d,
bd82ab,
cf94b8,
eab2d3,
f7c1de,
fac4df,
fcc6e1,
f2c1dc,
edbcd9,
edbeda,
ebbfd9,
ebc2dc,
ebc4dc,
f1cae1,
f1cce4,
efcde4,
f1cee4,
f1cfe6,
bc8aa3,
ab728a,
b0748a,
a46983,
9f637f,
a36681,
a26782,
a36582,
a36581,
a16582,
a36581,
a36884,
af7894,
be91aa,
d9b6ce,
edd2e8,
f4d3ed,
f3d4ee,
efd5ee,
efd5ef,
edd7ef,
edd7ed,
eed8ed,
efdaee,
f0dbef,
f0dbf1,
f1daf2,
f1daf3,
f0daf3,
eedaf3,
f0daf3,
eedcf2,
efdcf3,
eedcf3,
eedcf3,
efddf3,
f0ddf3,
f0ddf4,
f1def8,
eed8ef,
d49dd0,
d08abd,
d98bb5,
d889b7,
d283c0,
cd80c4,
cd7fc6,
cc7fc7,
cb80c4,
cb85c7,
ca81c3,
ca80c3,
ca80c4,
cc82c6,
cf87c7,
cf8bcd,
cb84c8,
ca83c7,
cb80c8,
ca82c6,
cb83c5,
ca80c0,
cb82c1,
d28dcb,
ca86c3,
cf8bc9,
d28ac9,
d888cc,
d788d0,
d588d0,
d38ace,
c889c4,
c68ec4,
c791c7,
d599d2,
d18dca,
cd8cce,
dc9ede,
cc90cd,
cf8fcf,
d390cb,
de9fb5,
e4a0ac,
e29db1,
db95c2,
e7b1e1,
faccfb,
f9cdfa,
f0beec,
d784ba,
ce6faa,
e387c1,
e291b5,
e698a1,
ec99a0,
d785a7,
ecb7e6,
d58fc6,
d083bf,
d387c4,
d68bc7,
cd7ebd,
d786c2,
cc79b1,
c470a6,
c470a5,
c16ea6,
c06da7,
c575af,
cc81be,
e7ade4,
f4c5f3,
eec6ef,
e4b9e7,
d895ce,
d68bc8,
d38ec8,
c37fbb,
d48ac6,
d991cc,
e5ace2,
eebcf0,
f7cdfa,
e1b9ea,
e5b8ec,
d698d4,
de9dda,
d189ca,
d78ccf,
d48cce,
d28bcd,
d498d6,
d6a2df,
cd91cd,
d490cd,
d691cf,
da91d0,
da91cf,
dc93d0,
df95d4,
e198d7,
df97d6,
dd96d3,
de98d5,
dd99d6,
d995d2,
d791cf,
d690cd,
d790cd,
d691cc,
d691cc,
d993cd,
da94cf,
de9ad4,
e29dd9,
dd99d4,
d492ca,
d090c9,
d4a1d4,
e6b9e7,
e2b6c5,
d9a8bc,
dba8bd,
deaec2,
e3b3c8,
e8b9cc,
e4b3c6,
ddaabb,
dba9c0,
daaac9,
e7bfdc,
c6a2d3,
caa5df,
ebc1f3,
f3c4f1,
d699c7,
be72a1,
c271a0,
c474a4,
c97aac,
c474a7,
cc86ba,
c477ab,
a55688,
bc6f9e,
bc71a3,
be71a7,
bf73ab,
bf72a7,
d07fb3,
c16ea0,
be6c9d,
af5f8c,
b66896,
bf71a2,
c97cb0,
bf70a4,
ba7bb2,
be79ae,
bd6fa4,
c386bd,
c480b7,
c46fa6,
c370a8,
d188c1,
c077a8,
c276ac,
d184bc,
cc7db6,
c574ac,
cc79b2,
cb79b1,
c275a7,
c07b99,
cd8da2,
cd8da1,
ce8ea2,
d191a7,
d28fa6,
d391a5,
d48ea4,
d38ca0,
d6879c,
dc92a9,
da9fb9,
d69fb9,
d89fb9,
d296b0,
db9fba,
d79fba,
d99fb8,
da9db5,
d799b1,
da9bb3,
d597ad,
d59cb1,
d8a2b7,
d59eb3,
c88da2,
d092a7,
cf8fa5,
d190a6,
d292a8,
d494aa,
d797ac,
d799af,
d89ab0,
d69ab0,
d79bb1,
d99db2,
d99eb3,
daa0b5,
dca1b7,
dea1b7,
e0a1b7,
db9eb3,
d99db2,
d89db1,
d99eb0,
da9fb0,
dba0b2,
daa2b4,
d9a4b3,
d7a6b3,
dcafbb,
e0b9c9,
eac4d4,
eac4d2,
eac3d0,
f0ccd6,
f5d4de,
f1d3e1,
f0d0de,
e9c5d2,
e0b9c8,
e0b7c8,
e0b7c5,
e7becb,
ecc2d0,
ebc1d0,
eac2d0,
e9c3ce,
e9c3d0,
e9c3d2,
eac4d3,
eac5d4,
e4c1cf,
e0bccb,
e6c3d1,
eac7d8,
ecc8d9,
ebc7d8,
ecc8d9,
edc8db,
edc9dc,
ecc8dc,
ecc7dc,
ecc8db,
ecc6df,
d4a7ca,
bc84ad,
7d466c,
be86aa,
bd83a8,
d198b7,
e8afcc,
ecb5d1,
f0bcd6,
f5c1db,
f2c0da,
f0c2dd,
edc4dc,
ecc7dd,
efc9e1,
eecbe0,
eeccdf,
efcce0,
efcde2,
f1cee3,
ddb4ca,
a56b84,
a76b83,
aa6e84,
9e647e,
9f657f,
9f6481,
a06480,
a26583,
a26581,
9d6585,
ba8daa,
dfb8d4,
eac7e3,
f0d1e9,
f1d3ec,
f0d4ec,
efd4ed,
eed4ec,
f0d5ee,
efd5ed,
ecd7ee,
ebd7ee,
edd8ef,
efd9ef,
f1dbef,
f1daf0,
f0dbf1,
efdaf2,
eed9f1,
eedaf3,
f0daf3,
eedaf4,
f1dbf4,
efdbf4,
efdbf4,
eedcf3,
efddf3,
f0ddf3,
efdef4,
f0def5,
ebccec,
c787c0,
ce83c5,
ce82c4,
cc7fc4,
cd80c6,
cc7fc6,
c97fc3,
c981c4,
cf8bcc,
cc87c9,
ce82c7,
cc81c5,
cd82c6,
d085c8,
d287cd,
cd81c9,
cb81cb,
cd84ca,
cc84c9,
cc85c8,
c982c2,
ca82c2,
d187c9,
d085c7,
d687ca,
d585c9,
d886cd,
d986ce,
d686cd,
d689cd,
cf89c6,
cd8fc8,
c68bc2,
d795d1,
d087c7,
d690d2,
d99ad9,
ce8ecc,
d28dcd,
d28dcb,
d390c5,
d68fc5,
d68ac6,
d789c7,
d084c4,
ecb2e8,
e1a3d9,
db91c9,
cd70ab,
d16eac,
dc7fbc,
e098c4,
d287a6,
df97b7,
d07bad,
dd92ca,
d386c5,
d786c7,
d082bd,
c578b4,
cf7fbe,
d27ebd,
cb77b0,
cb73aa,
d078ae,
d47eb8,
d07ab5,
ce7ab6,
d98dc7,
d68dc7,
d087c5,
d28ec3,
d588c0,
d07fbb,
d691c8,
edbceb,
c787be,
d794cf,
d58dc9,
d393cb,
efc1f1,
f8d0fe,
f5d0fe,
edc4f6,
d99dda,
e1a8e8,
d58ecf,
d98bce,
de93d6,
d28ccd,
dca1de,
d8a3de,
d293cf,
d38fcc,
d68ece,
da91d2,
dd93d2,
e097d4,
e298d7,
e199d9,
e19ad9,
e49edc,
e5a1de,
e5a0db,
dc97d5,
d992d2,
d992d1,
da93d2,
dc95d3,
e099d5,
e39cd7,
e59ed9,
e4a0db,
e39eda,
dd96d4,
d697d3,
d39cd1,
e9b9ea,
deacdd,
deb2c6,
d3a3bf,
d6a3c0,
ddaac2,
e0b0c3,
e1acc1,
dba5b9,
dba8b8,
ddafc2,
e4b8ce,
e5c0d7,
dfbde0,
d3aee1,
d7abe0,
f4c4f2,
f8c3f2,
f5bceb,
c477a6,
c06d9e,
cb75aa,
c66fa7,
c26ea7,
c46fa7,
a75688,
ba6b99,
bd71a3,
bd73a9,
d291c7,
ba70aa,
cc80b5,
b56597,
af5d8e,
be6b9b,
c06ea1,
c26fa4,
c06ea5,
c26fa6,
bb83b9,
bc81b6,
bd6fa4,
bd70a5,
c270a5,
c470a6,
c271a7,
cf7fb6,
bf71a5,
c575ac,
cb7cb3,
c878b0,
c573aa,
ca77ae,
c878ad,
bf71a2,
c47e9d,
cc8ca2,
cd8da1,
d090a4,
df9db5,
dc9bb4,
db99ae,
db91a7,
d98ca1,
dc889d,
d889a0,
dc98b2,
db9eb8,
db9db8,
d394b1,
dca0ba,
d89fba,
d89fb8,
d89db4,
d598af,
d496ae,
d69eb5,
d6a4bc,
d8acc3,
e6bed3,
d297ab,
cb8da1,
cf8fa5,
d190a6,
d292a8,
d595aa,
d696ac,
d698ad,
d699ae,
d69aaf,
d79bb0,
d89bb1,
d89db2,
d99fb4,
dba0b5,
dca0b6,
dea1b6,
dea1b7,
dfa2b7,
dca0b4,
da9fb2,
daa0b3,
dba0b3,
daa2b4,
daa4b4,
e5b5c4,
f8cdda,
f3cbda,
edc6d6,
e8c1ce,
b28998,
d3abb9,
e4bdcc,
eac7d6,
e4c2d1,
e8c5d3,
e5bccc,
e6bcca,
e6bdcb,
e8bdcd,
eabecf,
eac0cf,
eac0cf,
eac3cf,
eac3d1,
e8c2d2,
e4bfce,
e0bbc9,
dcb8c6,
e4bfce,
e8c2d3,
ebc5d6,
ecc6d8,
e7c1d3,
eac5d6,
ecc7da,
eec7da,
eec7d8,
ecc5da,
e1b9d2,
c396ba,
b583b0,
ad76a1,
8c557b,
ca97b6,
dcabc6,
e7b5cd,
ebb9d1,
eebed5,
f3c4db,
f2c6dc,
f2c7df,
eec5de,
edc7de,
edc9df,
eecae0,
eecce0,
eeccdf,
efcde0,
efcde2,
efcce2,
b3809a,
9f637e,
9e637b,
9f637b,
9b617b,
9b6381,
9c6382,
a66d8c,
ae799a,
c393b6,
e1b9dc,
f0ceec,
f0d0eb,
f0d0ec,
efd2ea,
eed3ea,
eed4eb,
edd4ec,
edd4ec,
f0d5ec,
eed5ed,
ecd7ee,
ecd7ee,
eed8ef,
efd9ef,
f0daf0,
f0daf1,
efdaf1,
efd9f1,
efd9f1,
efdaf2,
f0daf2,
efdaf4,
f0dbf4,
eedbf5,
ebd7f2,
eedbf5,
efdcf3,
f0ddf3,
efdef4,
f0def5,
f6dffa,
d2a0d1,
ca83c4,
cb81c5,
cc7fc6,
cc7fc5,
ca7fc2,
c880c2,
c881c4,
ce8bcb,
d28fcd,
d089cc,
cd83c8,
cd82c7,
d184ca,
d487ce,
ce82ca,
d184cd,
d087cc,
cb8ccc,
deb2e0,
d0a2d6,
d692d0,
d287cc,
d386cc,
d887cd,
d885ce,
d886ce,
d987cf,
d887cf,
d788ce,
d68dcd,
d191cb,
c58bc2,
d690d0,
d187ca,
d694d4,
d796d4,
d28cca,
d48aca,
d187c8,
cf87c7,
cf85c3,
d083c2,
cc7ebc,
d280c3,
d98acd,
da89cc,
d986c5,
d57bba,
ce73b0,
dc96cd,
f0c3f3,
f4c5f2,
facefa,
d79dce,
d288c3,
d07fbf,
d484c2,
c677b3,
c577b0,
d07fbc,
d17ebc,
d27eb9,
d17ab6,
d67cb7,
d57cb9,
da81c0,
db86c7,
db89ca,
da89cb,
d885c9,
d381c3,
d485c5,
cd86c3,
deafde,
eed1f9,
efcdf5,
ebbcea,
d48dca,
d58ac9,
c783be,
c987bf,
d79bd2,
d79ad2,
cf8dc8,
dbaae6,
d090d2,
d686cc,
d88dd0,
d590d2,
d79ddb,
cb95d1,
d39cd8,
da96da,
da90d4,
e094d8,
e498d9,
e498d8,
e599da,
e199db,
e099db,
dba1e0,
e2b4ef,
df9ddb,
e29cdd,
df96da,
df97d9,
e199da,
e49ddb,
e5a0da,
e6a1db,
e9a8e0,
e9a4de,
e19cd9,
d896d6,
e8b4ea,
fed1fe,
f9cdfc,
edb9e8,
a3a2d5,
808fd2,
8192d3,
ae9fd2,
cda8c6,
dba6bd,
daa5b9,
e0afbf,
e9bfce,
e8c2d3,
e7c3d5,
e8bed8,
edc4ec,
e7b5e4,
f6c5f1,
e7addd,
d696c7,
c077a4,
a15180,
c46c9e,
c56ea3,
c56ea5,
c771a8,
b05e91,
aa5a88,
cc8dbc,
ebaee2,
f5baf0,
c889bf,
ad6aa2,
b76b9f,
b76698,
c16ea1,
c26fa2,
c26fa4,
c36fa4,
c16da6,
bd7bb3,
c085ba,
bf6da4,
bf6ea3,
bf6ea3,
c472a7,
c472a9,
c271a7,
c270a4,
c672a7,
c775ac,
c675ac,
c571a8,
c873a9,
c775a9,
bc6e9e,
c5809f,
cb8ba2,
cc8ca0,
ce8da2,
d996ae,
dd9bb5,
dd99b4,
dd95ae,
dc8fa7,
dd8ba2,
da899f,
d98ca6,
e09bb5,
dd9cb7,
dd9ab7,
d89cb6,
d99fb9,
d8a0b9,
d89eb5,
d297ad,
d99eb7,
d3a4be,
e0bbd5,
e9c9e2,
eac7df,
d294a7,
c9879b,
d090a6,
d190a6,
d291a7,
d494aa,
d595ab,
d496ac,
d597ac,
d798ad,
d899af,
d79ab0,
d89bb1,
d99db3,
db9eb4,
dca0b5,
dda1b7,
dea2b8,
e0a3bb,
e0a5ba,
dea6b8,
dea6b8,
dea4b9,
dda6b9,
dda7b9,
e3b4c6,
f9cee0,
f6cfde,
f3cddb,
c69fad,
7d4c5c,
c292a3,
e3b5c6,
e4b8c9,
e6bacc,
e7bcce,
e6bbcc,
e6bacb,
e7bccc,
e6bccd,
e9bccd,
e9bece,
e9bece,
e8c2d1,
e3becd,
dcb8c9,
e5becf,
e8c0d0,
e8c0cf,
e8c0d2,
e8c1d4,
ecc4d7,
e8bcd1,
cea1b5,
e4b8cc,
f0c5d9,
f1c5d8,
edc2d5,
d3a9c2,
cb97b9,
b783ac,
b785aa,
a16e91,
b684a5,
e0b4cf,
e2b8ce,
e9bfd4,
efc6db,
f0c8dc,
eec8da,
edc8db,
ecc8de,
ecc8dd,
edc8de,
edcadf,
edcbe0,
eecce1,
eecce1,
efcde2,
f0cde2,
e4bfd5,
a26e89,
9c5f7b,
9a6077,
9c6077,
9b5f7a,
ae799e,
c798c1,
d1a8d2,
d6b1dc,
dbb7e1,
eccbec,
eecfe8,
edd0e8,
edd0e8,
edd2e9,
efd3ea,
edd4ea,
edd4eb,
ecd4eb,
edd6ec,
edd6ec,
ecd7ed,
eed7ee,
eed8ef,
efd8ef,
eed9f1,
eed9f1,
eed9f1,
f1d9f0,
f2daf1,
efdbf1,
f0daf1,
f0daf3,
f0dcf5,
f1ddf7,
e9d5f1,
e5d1ed,
ecdaf1,
eddcf2,
efdcf2,
f0def4,
f3dff8,
eac8ed,
ca87c6,
ca82c2,
cc80c4,
cb80c3,
cb7fc1,
c881c1,
c782c2,
cd89c8,
d18dcd,
d18ccf,
d089cc,
cb84c8,
d386cd,
d588d0,
d384cc,
d686cd,
d789cf,
d6a5d5,
f4d7f8,
e5bbe6,
d393d0,
d287cd,
d587ce,
d987cf,
d886d0,
d986d0,
d987d0,
d887d1,
d888cf,
d589c9,
c582bf,
c78dc3,
d08ccf,
d28fcf,
efbdf0,
d998d3,
d389c9,
d185c4,
ca7cc0,
d285c6,
d688c9,
d686c6,
d080c0,
c778b8,
cc7cbd,
da88cc,
d580c1,
dc86c5,
d27ebd,
e3b4e4,
e4c9f9,
d2bdf0,
eac8f8,
f2c8f5,
d695cb,
cb7dba,
cf82bc,
c576af,
c778af,
ce81ba,
cd82bc,
d084c0,
d080be,
d683c1,
d17dbc,
d480c0,
d886c7,
d987ca,
da88cc,
db89cd,
db88cb,
d684c7,
d697d0,
f2cdf9,
f1d2f9,
f0d2f9,
f5cafa,
d88fd1,
d487c6,
cb7fba,
c578b5,
c177b3,
cc7fba,
c57eb9,
cd9fdc,
d7a1e4,
d285cd,
d085ca,
d58fd2,
da9bdd,
c38bc9,
e5b2f1,
d48cd8,
db90d7,
e092d9,
e295da,
e396d9,
e296da,
de96db,
db95da,
d7acec,
d4a2e2,
dd98dc,
df98df,
e196de,
e097dc,
e39add,
e69fdc,
e8a5df,
efbbef,
f4c8f7,
f5cbf8,
e5b1e3,
cc98cf,
e3b3e8,
e1ace3,
cf92cd,
dc98d3,
989bd3,
8f99d6,
7492db,
7094e2,
8296d6,
d6a7c6,
e9b5c8,
eabccf,
e8bbcc,
eabdd1,
e5b0ca,
b47096,
c077a5,
c073a5,
bf72a3,
c174a5,
bf73a6,
cf8fbd,
cc86af,
b55d88,
c56fa3,
c76fa6,
c972a9,
b8629a,
a45386,
dc9dcd,
dfa3d5,
b274ab,
ad6ea5,
ebb2e3,
c688b8,
ba6d9e,
bf71a2,
c275a5,
c274a6,
c370a0,
c06ea0,
be71a4,
c074a8,
c06ea3,
c06ea2,
c06ea2,
c16fa4,
c270a4,
c270a4,
c16fa2,
c271a2,
c471a3,
c171a2,
c370a3,
c470a3,
c371a4,
bb6c9a,
c882a1,
cb8aa2,
cc8ca0,
cd8ca1,
cf8da5,
d897b1,
dc99b4,
da95af,
d991ac,
db8fa7,
dc8ca1,
d889a0,
da90ab,
dd9ab6,
db99b7,
ce93b2,
d79eba,
d9a0ba,
d498af,
da9eb5,
dca3bc,
e2bbd3,
eed2e8,
f0d5eb,
d8a6bc,
cd91a6,
ca8b9f,
c98aa0,
d091a4,
d291a7,
d293aa,
d394ab,
d495ab,
d596ac,
d696ac,
d798ad,
d699ae,
d79ab0,
d79cb1,
d99db3,
da9db4,
db9fb6,
dca1b7,
dca3b8,
dea4b9,
dfa6b9,
dfa6b9,
e0a7ba,
dea8bb,
dea9bc,
dbaabd,
deb2c4,
e0b5c6,
dbb1c0,
b68c9b,
966676,
e4b3c3,
e2b3c5,
e0b3c5,
e2b4c6,
e2b4c7,
e3b6c8,
e5b8cb,
e6bacd,
e7bbcf,
e9bccf,
e9becf,
e4bbcc,
deb8c8,
e1bbca,
e7c0cf,
e8c1d0,
e7c0d0,
e8c0d0,
e7c0d2,
d1a8bb,
ca9fb3,
d8a7bd,
cc97ad,
dca9be,
d6a2b8,
c591a5,
bf8ea1,
d1a2ba,
c391ad,
cd9eb8,
e4b7cc,
9d6e8f,
d9adca,
e6bfd8,
eac4d8,
ebc7db,
ebc8dc,
ebc8da,
ebc8d9,
ebc8da,
ebc8da,
efc8dd,
edc8de,
ebc9de,
eccae0,
edcbe1,
eecce1,
efcde2,
eecde2,
d9b3ca,
9b627d,
9b5f79,
995f76,
9b5f75,
9a607b,
d4a9d5,
d6b1df,
d6b2e0,
d5b4e1,
e2bfe6,
eccdec,
ebcfe8,
eccfe9,
edd0e8,
ebd1e9,
ebd2e9,
edd3ea,
edd4eb,
ecd4eb,
ecd5eb,
edd6ec,
ecd7ed,
ecd7ed,
edd8ee,
efd8ee,
efd9f0,
efd9f0,
eed9ef,
f0daf1,
f1daf2,
eedbf1,
efdbf2,
f0dbf2,
f0dcf2,
f0def3,
eeddf4,
eddcf5,
eddcf3,
efdcf2,
f0ddf3,
f0ddf3,
f1dff6,
eed8f3,
cf96ce,
c882c4,
ca80c4,
ca81c5,
cb81c4,
c981c2,
c882c3,
cb87c7,
ce8acc,
cb86c9,
cd85c9,
cd85ca,
d487d0,
d488d1,
d585d1,
d886d0,
d988d1,
dc8fd5,
d193ce,
ce8fcb,
cf8acd,
d488cd,
d788cf,
d988cf,
d988d1,
da87d0,
da88d1,
d988d1,
d688cf,
d68acb,
d493cd,
d19dce,
d696d0,
ce8ac7,
cc8ac4,
cf88c5,
cd84c6,
cd81c1,
d283c5,
d583c8,
da89cd,
d989cc,
d082c4,
d082c4,
d180bd,
d584b7,
da87b4,
db8abf,
dd9fd3,
f7cbfb,
e1c4f2,
d8c1f4,
e9c9fa,
f0caf7,
e3b0df,
c87fb7,
c77db6,
c37db3,
ca8bbf,
d5a5d8,
d6b9e8,
d8b9ea,
d5a7dd,
d598d1,
cc82be,
cf81c0,
d384c4,
d484c6,
d886cb,
db89ce,
d986ca,
d383c5,
d282c0,
ca80ba,
d48ec7,
d893ca,
d18ac8,
ce82c4,
c879b8,
c373b0,
c676b2,
cc80bb,
cc7fbc,
cf83c0,
d395d6,
d89bdf,
d086ce,
d187cc,
db97db,
c684c6,
c897d3,
d39de3,
d387d6,
da8dd8,
de8dd7,
df8ed6,
e091d7,
de92d9,
dd90da,
d58ed9,
dcb1f3,
d692dd,
db92da,
dd92dd,
de91de,
de93dd,
e198dd,
e49ddc,
e8ace3,
f8c7f7,
fbd0fe,
f7d2fd,
f9d3fe,
fad1fe,
efc3f1,
dc9fdd,
ce8bcd,
dd97d7,
dabed1,
d6bcd4,
a1a6df,
5e88de,
6b88d3,
d0a7c8,
e6acc6,
d093b2,
c683a4,
c281a2,
ba7497,
b46691,
c472a2,
c371a3,
c371a5,
c471a8,
c472a8,
c87eae,
d486af,
b15479,
ca70a5,
c871a7,
cc73ac,
bb629b,
bd679e,
b96a9f,
a05189,
d592c8,
f7bdee,
f4c1f0,
e2a4d3,
b86f9b,
a55f84,
a55f80,
ae6589,
b86693,
bd6b9c,
be6d9d,
c16ea1,
c16ea2,
c06ea1,
c16fa2,
c26fa3,
c270a3,
c16fa1,
be6c9e,
b86796,
b15f90,
ae5e8e,
b25f90,
b66194,
b46394,
b26390,
c680a0,
cb8ba2,
cb8b9f,
cc8ba1,
cb8aa3,
ce90ac,
da9ab7,
dc9db8,
da9cb6,
db99b3,
d991a8,
d88ca2,
d386a2,
cf90b1,
b289b1,
9f81ab,
a385ad,
b891b6,
d196b2,
db9fb7,
e1adc4,
edc9e1,
edd0e5,
e5c4da,
ca95ab,
cb91a6,
cd91a5,
c6869a,
cc8ea2,
cf90a6,
d291a9,
d292a9,
d393aa,
d494aa,
d595ab,
d696ac,
d797ad,
d699ae,
d59bb0,
d89bb1,
d99cb3,
d99db3,
db9fb5,
daa0b6,
dca2b8,
dda4b9,
dea5b9,
dda5ba,
dba6ba,
dba7b9,
daa9bd,
daaabf,
ddadc0,
ddafc0,
ba8e9e,
b88a9b,
e0b2c2,
e0b1c2,
deb1c2,
deb1c3,
dfb2c4,
e2b4c6,
e4b7c8,
e6b8cb,
e8bacd,
e9bbce,
e0b5c8,
e2b7c9,
e7bdce,
e7bfcf,
e8c0ce,
e6bfcf,
e4bed0,
e6bfd1,
e6c0d2,
d3a6b9,
ca99ad,
ca90a7,
cb90a7,
cf94ab,
cf95ac,
c58aa0,
c68ea2,
c692a4,
b17d91,
dcafc1,
e6b9cf,
996c8c,
ecc3e0,
ebc6dd,
ebc6d9,
eac7da,
eac8db,
ecc7db,
ecc7db,
ebc7db,
ebc8db,
eec8de,
edc8de,
eac8dd,
ecc9df,
eacadf,
eccbe0,
edcbe0,
eecce1,
c9a1b8,
9d627c,
9d617a,
9a5e76,
9a5e75,
9a607a,
b289b3,
d4b1e1,
d3b2e3,
d6b5e0,
eacaea,
ebcdea,
eacee8,
ebcee9,
ead0e8,
e9d1e8,
ead1e8,
ecd3e9,
edd3ea,
edd4eb,
edd4eb,
edd5ec,
edd6ed,
edd7ed,
ecd7ed,
eed7ed,
efd8ef,
efd9f0,
eedaee,
efdaf1,
f0daf3,
eddbf1,
efdcf1,
efddef,
efddf1,
efdcf2,
eddcf2,
ecdcf2,
eedcf2,
f0dcf2,
f0def2,
f0def2,
f0e0f5,
f2e1f6,
e1b3e0,
cb83c6,
cb82c7,
ce84c8,
cf85c9,
ca83c5,
ca83c4,
cc84c6,
cc88c9,
d692d5,
d089ce,
d28bd0,
d489d1,
d688d1,
d686d2,
d786d2,
d888d1,
d788d0,
d58cd0,
d48fd0,
d48acf,
d488ce,
d787d0,
d887d2,
d887d2,
d888d1,
d988d1,
d988d1,
d486cd,
d286c7,
e3afe1,
edc6ee,
f4c4f5,
dea3da,
ca82bf,
cd82c0,
cc80bf,
cc7fbf,
d484c6,
d684c9,
d787cc,
d486c7,
ca7ebe,
cf80c0,
d887bf,
d887b3,
db89b1,
d788bb,
d08cc1,
e4b1e4,
f3cbf9,
efcbf9,
f2d0fb,
ddacd8,
c780b9,
c67cb5,
c37cb4,
ce8fc3,
f1c5f6,
eac8f9,
ccbbf0,
c4b3ea,
dfc6f7,
e5bcf1,
c785c0,
cb81c0,
cf80bf,
cf7fbf,
d584c5,
d886c9,
d482c6,
d282c3,
d184c0,
cf7ebc,
ce7ebc,
cb7dbb,
cf83c5,
ca7ec0,
c475b4,
cd7db9,
d080bc,
cf81bd,
cc7fbb,
cf84c1,
ce85c9,
cd85cb,
cf86ce,
d68dd5,
db98de,
c885c8,
d3a5e2,
cb89d5,
d182d2,
db8ad9,
dd8bd9,
dc8bd6,
db89d3,
db8bd5,
db8bd7,
d68fdc,
dda8f1,
d68edf,
d98edb,
da8edb,
da8ddc,
db8fdb,
d78ed5,
db96d7,
db97d5,
e09fda,
deacde,
e9c0ec,
f2c9f5,
f1c6f3,
e3b1e9,
d698da,
cc8dcf,
dea1de,
e0c0d1,
ddc1d3,
8d97d8,
6382ce,
9a97cc,
daacc3,
d093b6,
c47ca8,
bf729d,
be719a,
b7688e,
bc6b98,
c471a2,
c670a4,
c871a6,
c971a9,
c971a9,
cf76ae,
d77fae,
a34565,
d87aaf,
cc73ab,
cf74b0,
b25793,
ac518a,
b0548c,
c46fa5,
b56a9e,
c07fb0,
c181b0,
b16c98,
a65e87,
ab628e,
b86d9f,
c070a5,
be6ba2,
b8659a,
be6a9d,
c36ea0,
c46ea2,
c370a0,
c471a2,
c270a1,
bb689a,
ae5c8f,
a9568b,
ac588d,
bc679a,
c36ca0,
c16f9f,
c1709e,
c0709e,
bd6e9c,
b97495,
ca889f,
cc8a9e,
cd8ea5,
daa1bc,
dda6c0,
daa5c0,
d9a4be,
daa4be,
daa2bc,
da9eb7,
db99b2,
d88eab,
8a729c,
777ab0,
8184ba,
8385b7,
8984b4,
ae8bb3,
d09dba,
e5b7cd,
e9cae0,
e7cce2,
dec4d9,
ddc3d8,
dec6da,
d6b8cc,
cf9fb3,
cf93a6,
d190a7,
cf90a7,
cf91a8,
d292a8,
d592a8,
d493a9,
d595ab,
d696ac,
d698ac,
d599ac,
d79aaf,
d89ab0,
d79bb1,
d79db2,
da9fb4,
dba0b6,
d9a2b7,
daa3b8,
daa4b9,
dba4b9,
dba7bb,
deabc0,
dbadc1,
daabbe,
dcadbe,
d0a4b4,
ca9dac,
ddb0c1,
ddb0bf,
dcafbf,
deafc0,
deb1c2,
dfb3c4,
e1b4c6,
e1b5c7,
e0b5c7,
deb3c5,
e6b8c9,
eabbcc,
e9becf,
e9bdce,
e9bdcd,
e2b9c9,
e5c0cf,
e6c0d1,
dcb5c6,
cf9fb2,
cb93a9,
c887a0,
c9859f,
cf8ca5,
cc89a2,
c8879f,
ca8aa2,
cb90a8,
ca99b2,
ae819b,
d9aecb,
a17796,
eec6e1,
ecc5dd,
ebc7dc,
eac6db,
e9c6db,
eac6db,
eac6db,
ecc7dc,
ecc7dc,
ecc7dc,
ebc6dc,
edc6db,
edc6dc,
edc7dd,
ecc7dc,
edc6dc,
f3c8dd,
ba88a3,
a66e84,
9d6179,
9a5e76,
9a5e77,
995e78,
9b6b92,
cba9dc,
d4b3e2,
dabae2,
e9cbe8,
eacce8,
eacde7,
eacee7,
e9cfe8,
ecd0e8,
edd1e8,
ecd3e9,
edd3ea,
edd3ea,
eed4eb,
edd4eb,
ebd6ec,
ecd7ed,
eed7ec,
eed7ec,
f0d9ef,
efd9ef,
eedaee,
efdaf0,
f0daf1,
f0daf2,
eedbf1,
efdcf0,
eedcf1,
ecdcf2,
ecdbf2,
ecdcf2,
efdcf2,
efddf3,
f0def2,
efdef2,
eee0f5,
f1e0f8,
f1dcf7,
cd8bca,
d289cd,
d48ace,
d489ce,
cf84c8,
cd83c6,
cd83c6,
cf85ca,
d289cf,
d78ed5,
d48dd3,
d589d1,
d687d0,
d687d0,
d787d0,
d787d1,
d788d1,
d78ad0,
d68ad0,
d589d0,
d587ce,
d787d0,
d886d2,
d888d1,
d888d1,
d988d2,
da89d2,
d686ce,
d994d2,
f7c6f8,
f7cdf9,
f7ccf9,
edbaeb,
cc86be,
c87db9,
c87cbb,
cb7dbd,
d180c2,
d282c3,
d081c3,
ce7fbf,
cb7cbd,
d183b3,
db8ea7,
db8ba5,
d586a9,
d382b9,
cd80ba,
c780bb,
cf93c9,
d495cb,
cb8ac1,
c379af,
c57bb5,
c47bb4,
c37ab3,
c580b5,
eab7ea,
f0c8fc,
e4c4f7,
e0c2f4,
e6c3f5,
ddaee2,
d290c8,
ca80be,
cb7dbb,
cd7dbb,
d181be,
d180bf,
cd7dbd,
ce7fbf,
ce81bf,
cc7ebc,
cb7fbd,
cb7dbd,
ce80c3,
d282c4,
d17fc0,
d17fbe,
cc7dbb,
cb7dbb,
cb7ebd,
cf82c4,
d285ca,
d486cf,
d286d1,
d791dd,
d994df,
d08cd4,
d8a3e3,
d187d8,
d989da,
db89d9,
dc8ad9,
dc8ada,
d280ce,
da88d4,
d786d3,
d891de,
dd9ae9,
da8ddf,
da8bdf,
db8cdd,
d789d6,
d58cd5,
d097d5,
dbb3e9,
dda0dc,
d994d5,
cf8ac6,
c37fb6,
d697ce,
ce8aca,
dc9edb,
d596d6,
ebc1f3,
e7caf8,
e7bbcd,
e1b8cc,
caabd2,
cdaed3,
e7bdd5,
ebb9d1,
f0b7d9,
d589b9,
c771a3,
c3709e,
b05f8a,
c676a2,
c875a4,
c872a6,
cc74a9,
ca72aa,
ca71a8,
d175aa,
d87aa9,
a1425f,
c96f9b,
d58cc2,
bf67a2,
a54b88,
cd87bf,
d592c9,
ca85b9,
b2689c,
b46a9b,
aa6091,
b86ea1,
cc80b8,
d282c1,
ce7cbd,
d17dbd,
d27dbd,
c56faa,
c26da1,
c46ea1,
c46e9f,
bf6a99,
b56190,
ac588b,
b56297,
bd6aa3,
c26eaa,
c36da8,
c46da6,
c56ea4,
c674a4,
d585b4,
dc8ebd,
d287b4,
b06c8b,
c8889e,
c9889d,
ca8ca3,
daa1ba,
daa4bd,
d9a4be,
daa4be,
dca4be,
d9a1bb,
d99eb5,
d89ab2,
d696b2,
746ea2,
767fbc,
7d84be,
7e87bd,
8088bd,
818abc,
b9a6cb,
ebc5dc,
eed0e5,
eed2e8,
ebd5e9,
e9d6ec,
e7d5eb,
ead5ea,
ebcfe4,
e8b7cb,
cd8da2,
ce8fa7,
ce8fa7,
d191a6,
d391a7,
d292a8,
d393a9,
d494aa,
d496aa,
d497ab,
d699ae,
d89ab0,
d79bb0,
d79cb1,
da9cb3,
d99eb5,
d9a0b5,
d9a1b6,
d7a2b7,
d8a4b9,
d7a6ba,
e1c2d6,
e5cedf,
d6b3c4,
d6acbc,
e1bbcb,
e3bbca,
dcb1c1,
d7adbb,
dfb3c2,
dcafbf,
ddb0c2,
ddb0c2,
d8abbe,
daaec0,
e0b3c5,
deb1c3,
ddadbf,
d8a8ba,
c99cad,
d0a3b4,
ca9cad,
cfa2b3,
dfb7c6,
ecc7d6,
e6bece,
ca96ac,
ca8fac,
b783a8,
9e7aa8,
a680aa,
ba82a5,
c888a3,
cb8ca7,
d295ad,
e0afc6,
936682,
b48aac,
c097b7,
edc3de,
edc4db,
edc6da,
ecc6db,
ecc5da,
ebc3d8,
eac2d7,
eac1d7,
e9c1d7,
e6bed4,
e4bdd3,
e5bbd1,
e5bad0,
e3b9cf,
e4b9cf,
e7b9d0,
ecbed3,
b67f9a,
a66d85,
995e76,
995d75,
9b5e78,
985d77,
986185,
be95c3,
d4b3e0,
dfc0e5,
e9cbe8,
e9cce7,
e9cce6,
eacee7,
ebcee7,
edd0e8,
edd1e8,
ecd3e9,
edd3ea,
edd3ea,
eed4eb,
edd4eb,
ebd6ec,
ecd7ed,
eed7ec,
eed7ec,
efd8ef,
efd9ef,
eedaee,
efdaf0,
f0daf1,
f0daf2,
f0daf3,
eddcef,
eddcf1,
ecdcf2,
ecdaf2,
eddbf2,
efdcf2,
f0ddf3,
f0ddf3,
efdef4,
eedff5,
f1e0f7,
f5e1f9,
e6b6e4,
d38dd1,
d78cd1,
d68cd1,
d286cd,
ce86c8,
ce84c9,
d187cd,
d38ad0,
d78cd5,
d58cd4,
d587d0,
d686d0,
d587d0,
d687d0,
d787d0,
d787cf,
d788ce,
d787ce,
d787ce,
d686cf,
d786d0,
d985d4,
d887d2,
d887d3,
d988d3,
da89d2,
d585cd,
d58ecc,
dfa8da,
eebdeb,
dea7d9,
d089c1,
c97db9,
c67ab7,
c77ab7,
c87ab9,
cc7dbd,
cf80bf,
cc7cbc,
ca7bba,
ca79b8,
d384ad,
e29897,
e59894,
e294a1,
d382b5,
cb7db7,
c87cb8,
c67cb7,
c57bb5,
c47bb5,
c276b0,
c87cb5,
c77bb4,
c479b2,
c078ae,
bf7fb4,
d89ed3,
c184ba,
c584bc,
cc86c1,
cc82bc,
c87db8,
c87dba,
c87cba,
cb7cba,
cb7cb7,
ca7bb6,
c97ab7,
c87ab7,
cd7ebd,
cd7ebe,
cd7fbf,
cf7fc1,
cf7fc1,
d686c6,
d584c5,
d180c0,
cc7dbb,
cb7bbb,
cd7ebf,
d584c8,
d787d0,
d887d3,
d387d3,
df97e3,
d691dd,
d38fd7,
d395dc,
d19de1,
df98e2,
db89d8,
dc8ad9,
dc8cdc,
d180d0,
dd8ada,
d885d3,
da8fde,
dc91e4,
dc8be1,
dc8bdf,
da8bdd,
d082ce,
cd87cb,
d2aee6,
dcc0f0,
eec9f6,
d799d2,
c681bc,
c781bb,
d187c4,
d58aca,
d58bce,
d397d5,
e8c5f5,
e5cbfa,
da9fb7,
e1aac0,
e2afc4,
d49db6,
c97daa,
c974ac,
cf7ab4,
cf76b2,
cd71a8,
c76f9f,
b9688f,
e99ebf,
f1adc7,
d889b4,
ce76ab,
cc73a9,
cc70a4,
d173a5,
d473a0,
a74861,
bd6c90,
ae5d94,
a54c89,
a65591,
d0a2df,
d5b0eb,
eebff4,
dca2d6,
cd88bc,
bc6ba3,
c877b0,
cf7cb9,
d47ebe,
d37bbd,
d279be,
d57dbe,
ce78b3,
c672a4,
c16c9c,
b05c8c,
a85e8c,
c083af,
d593c5,
f1b0e4,
e7a4db,
c779b5,
c16ea8,
c26da4,
c26d9f,
c26da1,
c26fa3,
c573a6,
c272a1,
b66f8f,
c8879d,
c8879b,
c7889d,
ca8ea2,
d39ab2,
d8a1b9,
d9a2bb,
dba2bc,
dba1b9,
dc9eb6,
d99ab2,
da95ae,
8876ab,
7479bb,
7981c0,
7a88c3,
8093cf,
7898d4,
a3afe1,
e1c0dd,
e4c2d9,
e4c7dc,
e9cfe4,
ebd3ea,
e8d4e9,
ebd2e6,
edcbe0,
efbfd4,
d193a9,
ca8aa1,
cf8fa6,
cd8fa5,
ce90a3,
d190a6,
d292a8,
d393a9,
d393a9,
d495ab,
d597ab,
d698ad,
d799ae,
d799af,
d99cb5,
d89db5,
d69eb6,
d8a2b9,
d29fb4,
cfa0b4,
d1a6b8,
e0cbdb,
e3d4e3,
e1d0df,
d1b0bf,
e4c3d4,
e3c3d4,
dab6c6,
dfc2d0,
e9c7d5,
d8b2c0,
d6abbb,
d1a3b4,
d5a7b9,
d1a5b7,
d2a5b7,
cd9fb1,
ce9cae,
cd9aab,
d3a1b1,
d6a2b1,
d8a3b0,
d9a5b1,
d9acb9,
dfb7c4,
e4becc,
d09db5,
bd8db0,
8e7faf,
7676af,
6871b1,
8474a8,
c58aa8,
dea8c0,
f0bfd4,
f0c1d5,
9c6d8b,
9b749a,
d6aece,
e9bfd8,
e8bfd4,
e5bcd1,
e3b8ce,
e0b6cc,
e0b4cb,
dfb3c9,
deb3c9,
deb3ca,
dfb4ca,
e0b5cb,
e0b4cb,
e2b5cb,
e3b4cb,
e5b5cc,
e5b6cc,
e6b8cd,
b37b95,
a46982,
995d76,
995d75,
9b5f78,
995d78,
9c5f7e,
a6729a,
d7b3dd,
e2c3e4,
eacbe6,
e9cce6,
e9cce6,
eacde5,
eacee5,
ebcfe6,
edd0e8,
ecd2e9,
ecd3ea,
edd3ea,
eed4eb,
ecd4eb,
edd5ee,
edd6ed,
ecd7ed,
edd7ed,
eed7ed,
eed8ed,
edd9ed,
eed9ee,
eedaee,
eddaee,
efdaf0,
ecddf0,
eedcf2,
f2daf3,
f1daf3,
f0dbf3,
f0dcf2,
f0ddf3,
f0ddf4,
f1def4,
f1dff3,
f2dff4,
f4e1f6,
eed5f0,
cd93d4,
d38cd5,
d58bd4,
d189d1,
d188cf,
d085d0,
d389d1,
d58cd3,
d58cd5,
d389d4,
d285cf,
d486cf,
d687d0,
d787d0,
d787d0,
d787cf,
d687cc,
d687cc,
d686cd,
d686cd,
d786ce,
d986d2,
d787d2,
d888d1,
d989d2,
d989d1,
d485c7,
cc7ebe,
c87eba,
cd83bb,
ca81bc,
c97ebc,
c87ab8,
c677b7,
c678b6,
c879b6,
c97bb9,
c97cb9,
c87ab9,
c779b7,
c879b6,
cd7dad,
d98ba4,
df8fa3,
d985ad,
cc7cb1,
c87ab1,
c679b4,
c779b5,
c67ab3,
c77ab4,
c779b4,
c879b3,
c77ab1,
bd71a6,
c277ad,
c67cb3,
c77cb5,
c174ae,
c57ab4,
c779b5,
c779b6,
c67ab7,
c67bb8,
c87cba,
ca7bb8,
c979b5,
c777b3,
ca7ab7,
cc7bba,
d885c6,
d785c9,
d584c8,
d381c8,
d381c6,
da89cb,
d987cb,
d683c8,
cf7dc1,
ce7bbf,
d382c5,
d987cf,
da88d2,
d887d3,
d788d6,
df95e2,
d78dda,
d78cd9,
d38cd8,
d6a2e5,
dc94e1,
da8ada,
dd8adb,
df8cdd,
d888d8,
dd8bdb,
db88d8,
db8ade,
db8ae1,
dd8be2,
dc8bdf,
dc8bdc,
ce80ca,
c089c8,
e0c4f8,
ecd0fe,
efd3fc,
f2cdf6,
be7ab4,
c881bc,
cb82bf,
cf82c2,
d186c7,
cc89c9,
c890cc,
e2b6eb,
b86384,
e19fb8,
e6adc0,
e8afc4,
df93bf,
d573b2,
d778b6,
d274b0,
d071a8,
c96e9e,
c56f99,
d98daf,
fbced9,
f7c1d4,
d37fad,
cd72a8,
cb6ea4,
d16fa3,
d16f9c,
a74a61,
a84d6f,
a85489,
de99d3,
b366a4,
c096d5,
b697d5,
deb2eb,
ebb8ed,
d695c9,
c471ae,
c975b2,
ce79b8,
d37bbb,
d47bba,
d277b6,
cf77af,
c26c9e,
b25b86,
a95380,
be7daa,
dca9d7,
e1ace0,
e7b1e4,
f2b9ea,
f4baed,
ce84bc,
c06fa5,
c16ea0,
bf6d9e,
c06d9e,
c16d9f,
c16e9f,
bc6c99,
b87291,
c7879c,
c6869a,
c5879a,
c58799,
c6899e,
cb8da5,
ce8fa8,
d593af,
df9bb4,
df99b2,
dc93ab,
d78da4,
b47fa8,
716cab,
7585c9,
809cde,
83a6e7,
7da6e7,
8e9cd3,
e3bcd7,
eac5dc,
e8c9df,
eacde4,
ecd0e7,
f1d2e7,
f1cee2,
e1b2c7,
cf95ab,
cc8ea4,
cb8ca1,
c3839a,
ce8da3,
d090a4,
d190a6,
d191a7,
d292a7,
d393a8,
e8a8bf,
e7a9bf,
d296ac,
e1a7bc,
dfa3b9,
e5a7c1,
e1a5be,
eeb5cd,
e6b2c8,
deb3c4,
caa2b5,
a58092,
dfcbdc,
e1d2e3,
e0d6e4,
dfcad8,
e2c1d2,
e6c5d5,
debfd1,
e5ccdd,
eacddc,
ddbbc9,
deb8c7,
d0a3b4,
ca9cad,
cb9bac,
ce9cad,
d19daf,
d69fb0,
d8a0b1,
d7a0b0,
d8a2b0,
d9a3b0,
d6a4b1,
e3bbc8,
e4c0cd,
debbc8,
cd9eb5,
a687ac,
bca3c4,
b894b8,
7a73b0,
8f74a8,
c58fab,
d09db4,
e0b0c5,
e0b3c7,
9d6e8d,
845a80,
d8adca,
dbafc6,
d6aac0,
cfa4b9,
d4a7be,
d9acc2,
dbadc3,
deb0c6,
e0b4ca,
dcb2c7,
d4a6bd,
daa7bd,
e4b3c9,
e5b4ca,
e4b3ca,
e3b3cc,
e4b5cd,
e6b6cc,
ad748e,
9e647d,
985c75,
995d75,
9a5e77,
995c77,
9c5f79,
99607c,
c9a2c4,
e6c5e2,
eacbe5,
e9cce6,
e9cce6,
e9cde4,
e9cde4,
ebcfe6,
edd0e7,
ead1e8,
ecd2e9,
edd3ea,
eed4eb,
ecd4eb,
edd6ed,
edd6ed,
ecd7ed,
ecd7ed,
eed7ed,
eed8ed,
edd9ed,
eed9ef,
edd9f0,
ecdaef,
eedaf0,
eddcf0,
efdbf1,
f2daf3,
f1daf3,
f0dbf3,
f0dcf1,
f0ddf3,
f0ddf4,
f1def4,
f1dff3,
f2e0f4,
f3e1f4,
f3dff6,
d5a7db,
d28dd5,
d68cd4,
d187cf,
d085ce,
d086d1,
d289d2,
d58bd4,
d58ad5,
d387d1,
d183ce,
d384cf,
d586d0,
d685cf,
d685cf,
d685ce,
d685cc,
d785cd,
d786cd,
d786cd,
d786ce,
d987d0,
d887d0,
d988d0,
d888cf,
d787cd,
d183c2,
cb7dbc,
c97cba,
cb7eba,
ca7ebc,
c87cbb,
c679b6,
c577b4,
c577b3,
c678b3,
c679b5,
c678b6,
c678b6,
c678b5,
c678b3,
c87ab0,
cb7ab0,
cc7ab0,
cb7ab1,
c878b4,
c878b3,
c778b5,
c879b6,
c979b5,
c879b5,
c87ab5,
c779b2,
c174aa,
bf73a9,
c87cb2,
c87cb4,
c77cb3,
c478ae,
ca7cb6,
c77ab6,
c879b5,
c87bb5,
c97db9,
ca7fbc,
c97ab7,
c979b5,
c97ab7,
d585c2,
d484c2,
d988cb,
da87cf,
db87ce,
d887ce,
d986cd,
db88ce,
db88d0,
db87cf,
d582c9,
d17ec4,
d886cc,
db88d2,
db87d2,
d987d3,
d988d5,
db8eda,
d88bd7,
d78ad5,
d78ad5,
d98cd6,
da8bd9,
da8bda,
db89da,
de8bdd,
db8bdd,
db89d8,
d887d6,
da8adb,
db8ade,
dc8bdd,
dc8adb,
d989d8,
c97ec6,
c798d3,
dabbec,
e0bdea,
dcb1dd,
d099c6,
c580b8,
c67eb9,
c87ebb,
cb7ebc,
ce81bf,
cc81c1,
ca82c0,
ce87c5,
cf719a,
d88aad,
dea1b8,
ecb6ca,
d987b4,
d870a9,
d773aa,
d370a7,
d26ea1,
cf6d9a,
ca6d97,
cb749b,
edb5c8,
ffd3df,
e8a0c4,
cd72a8,
cc6ea4,
d16ea0,
c76390,
a5475c,
a34a69,
dd94c6,
f3b3ea,
b568a2,
eabaf1,
e0b5ed,
e7b7f0,
ebb6eb,
e39dd5,
ce7fbb,
cd76b5,
d078b7,
d47ab8,
d377b1,
c5699d,
b35c84,
a95078,
ae5784,
c87fb0,
e4a6da,
efbaee,
e7b3e7,
ecb6e4,
ecb4e2,
d897c8,
c177a9,
be70a2,
be6f9e,
bc6d9c,
bf6d9b,
bf6d9b,
bf6e9c,
bb6d98,
ae6887,
c68699,
c68698,
c68699,
c68699,
c48699,
c8889b,
ce869f,
d98ca5,
d68aa1,
d488a1,
d589a2,
dc8ea7,
d98faf,
ae7fac,
7f79b4,
7689c7,
7a94d3,
7e8fcb,
b999c4,
dfabc2,
e5bad0,
e6bfd8,
e1bed7,
dfbdd5,
d3a7be,
c08fa6,
c88ea5,
ca8da2,
cc8da1,
cc8da1,
cb8da2,
c6849b,
ce8ca2,
d08fa5,
d290a6,
d797ad,
d595ab,
f7b9d1,
f4b9d0,
dfa7bf,
f5bcd5,
edb1cd,
eaadca,
f4b8d4,
f1b8d3,
dfaac0,
eecbde,
e5cbde,
e5cade,
dbc9dc,
ded3e2,
dfd5e3,
e3d7e4,
e3c7d5,
e4c5d5,
dfbfd2,
e6cee0,
e6cedf,
e0c5d4,
eccedc,
cfa2b4,
c996a8,
d099aa,
d49bac,
d49dad,
d49dad,
d49eae,
d5a0af,
d7a2b0,
d5a3b4,
d1a2b2,
cea8b7,
dcb7c5,
e4c1d0,
e2bbce,
bd9ab8,
b88da8,
c391ae,
a47ca6,
ca94b7,
daa6be,
dfadc4,
deaec4,
dbb0c3,
a17492,
9f7394,
d7abc9,
dbacc7,
e2b5cc,
eebfd5,
efbfd6,
e9b7ce,
d9a5be,
b7829a,
976279,
8d576e,
8d586f,
8a5369,
a46d84,
d6a1b9,
e5b2ca,
e3b3cb,
e5b4cd,
e6b7cc,
a66d87,
975e76,
985c74,
995d75,
995d75,
995d75,
995d76,
975f79,
ba92ad,
e7c6e0,
eacbe5,
e9cce6,
e9cce6,
e9cde4,
e9cde4,
eacee5,
eccfe6,
ead1e8,
ecd2e9,
ecd3ea,
eed4eb,
edd4eb,
edd6ec,
edd6ed,
ecd7ed,
ecd7ed,
eed7ed,
eed8ee,
edd9ed,
edd9ee,
ecd8ef,
ecd9ef,
ecd9f0,
efdbf0,
f0dbf1,
f2daf3,
f1daf3,
f0dbf3,
efddf1,
f0def2,
f0ddf4,
f1def4,
f1dff3,
f2e0f4,
f3e0f3,
f5e0f8,
e2c0eb,
d08ed2,
d58dd2,
d184ca,
cf82ca,
ce84cc,
d086cf,
d388d2,
d388d1,
d185cd,
d083ce,
d384cf,
d585d0,
d685ce,
d484cb,
d784cc,
d884cc,
d785cc,
d785cc,
d785cc,
d885ce,
d886cd,
d886cd,
d886cd,
d786cc,
d585cd,
d182c4,
ca7cbb,
c97bba,
ca7cbb,
c97dba,
c77bb8,
c579b3,
c579b1,
c679b1,
c579b1,
c578b3,
c678b5,
c678b5,
c678b4,
c678b4,
c678b2,
c778b2,
c778b3,
c879b3,
c878b5,
c878b4,
c778b5,
c979b5,
c979b5,
c779b5,
c77ab4,
c77ab4,
bf73a8,
ca7db7,
cd80b9,
cc7fb9,
ca7cb6,
c97cb6,
ce81bd,
c97bbb,
c87ab9,
c97bb9,
cc80be,
d084c4,
ce7fbf,
cc7cbc,
d180bf,
d988c7,
da89cb,
da8ad1,
da89d1,
dc87d2,
da88d0,
dc87d0,
db86d1,
dd87d2,
dc87d2,
da87d2,
d884cd,
db88d1,
db88d4,
d886d2,
d887d3,
d888d3,
d989d5,
d788d5,
d988d5,
d989d4,
da89d3,
d989d6,
d989d7,
d787d7,
d887d8,
d98ad8,
d887d2,
d280cb,
d485d0,
d587d3,
d789d5,
d688d2,
d185cd,
c480c2,
d7a9e3,
be82ba,
c47db5,
bd75ab,
be78ab,
c37db2,
c57db5,
c77cb8,
cb7ebc,
cd80be,
cd81bf,
cb80bd,
ce81c0,
d06d9e,
c36e9a,
8c4f6b,
ca81a5,
d36d9f,
d76ea0,
d66fa3,
d26e9f,
c7628e,
c9638e,
ca6992,
ca6b98,
da87af,
f2b3d3,
f8afd9,
d577ac,
d06ea5,
c15d92,
ad4979,
a3475b,
aa5268,
d287b7,
e59cd3,
b35f98,
e09fd4,
d68fc4,
dc9acf,
de98cc,
ce76b1,
cf7ab6,
ce76b4,
d278b4,
c86fa1,
b25a82,
a95275,
a85275,
bd6794,
cb7ab2,
ca79b3,
cf7cb9,
d687c6,
d58bc7,
b06a9a,
c47bab,
b86b9e,
c276a7,
bd70a1,
bb6f9e,
ba6e9c,
bc6e9a,
bd6e9a,
bd6f9b,
bc6f98,
a8657f,
c68598,
c58696,
c58696,
c58597,
c68697,
c98799,
d48da4,
db8fa9,
d68fa6,
db98b0,
de9db6,
de9bb4,
d999b4,
e2a4bd,
dba4c2,
cca1c4,
c9a4c9,
d2a8c9,
e5b0c9,
e9b5ca,
edbcd1,
ecbed6,
e8c4dc,
e8c8e0,
e1c0d6,
d7a9c0,
c78ca2,
c88ba0,
cb8aa0,
cd8ba0,
cd8ca1,
cc8aa1,
c6869e,
c989a0,
d393aa,
f4b6cf,
e7aac3,
f8b9d4,
f5b6d2,
ecb1d0,
e6a8ca,
f2b4d5,
f2b4d5,
f3b5d5,
f1b5d0,
e5aec6,
f0d0e3,
e6cedf,
e0cbdc,
dfcede,
dfd3e2,
e0d3e4,
e0d4e3,
e3ccdb,
e1c3d2,
e0c3d2,
e7cfdf,
e4ccdb,
e1c8d6,
e6cad9,
d4acbe,
c99daf,
d9b2c3,
dbb2c3,
d6a6b6,
d7a4b5,
dba7b9,
ddaabc,
ddaebf,
dfb1c4,
e0b4c5,
e1b6c8,
e1b7c8,
dfb7c7,
dfbaca,
deb7cb,
c596af,
bf8ca8,
c188a7,
ca98b2,
e5b7cd,
e8bdd3,
e7bcd1,
e6bcd1,
ac7d9c,
cea3c3,
e9bfdc,
e5bad2,
cfa3ba,
d1a3b9,
b58096,
a76d83,
9c6478,
995e73,
92586e,
90586d,
8f576d,
8e566e,
8f576f,
986178,
bf8ca3,
e4b4ca,
e6b5cc,
e7b7ce,
9d6881,
955e74,
975d74,
995d75,
9a5e75,
985d77,
985e7a,
99607c,
bf93b3,
e6c4e1,
eacae5,
e9cce5,
e8cce5,
e9cde5,
e9cde5,
eacde6,
ebcee7,
ead0e8,
ead1e9,
ecd2e9,
eed3ea,
eed4eb,
ecd5eb,
edd6ec,
edd6ec,
ecd7ec,
edd8ec,
edd9ed,
edd9ed,
edd9ef,
edd8f0,
ecd9ef,
ecd9f0,
eedaee,
efdaf1,
f1daf3,
f0daf3,
f1dbf3,
f0ddf1,
f0ddf3,
f0def2,
f0def2,
f1dff3,
f2e0f3,
f1e0f4,
f3e0f5,
f3dff5,
cc96cd,
d18ccd,
d084c9,
ce80c6,
ce81c8,
cf85cc,
d187d0,
cf87ce,
ce85cd,
d285ce,
d786d0,
d686d1,
d684cc,
d583ca,
d683cb,
d683cc,
d684c9,
d684ca,
d985cb,
d985cc,
d985cc,
d885cb,
d785ca,
d785ca,
d684ca,
d282c5,
cc7cbe,
cb7cbc,
cb7cbd,
c97dba,
cc89c1,
c17fb4,
d195c7,
d498ca,
c47fb4,
c77cb6,
c97bb6,
c879b5,
c678b5,
c678b5,
c577b4,
c678b5,
c678b6,
c778b5,
c778b4,
c878b4,
c878b4,
c979b5,
c879b5,
c779b5,
c77ab5,
c87cb6,
c377b0,
cb7eb9,
d284c2,
d183c2,
d283c2,
cd7fbf,
d385c4,
cf80c2,
cd7ec0,
cc7dbf,
d082c5,
d485ca,
d384c8,
d383c8,
d887cc,
db89cf,
da89d1,
da89d2,
d988d1,
d988d1,
d987d2,
d987d2,
da87d3,
db88d3,
db89d3,
db89d5,
db89d5,
db8ad4,
da88d4,
d887d3,
d887d3,
d787d4,
d787d4,
d888d4,
d689d5,
d788d5,
d789d4,
d587d3,
d586d1,
d386d1,
d184cf,
d587d0,
d484cc,
cb7ec3,
ce80c4,
ce83c6,
cf87c7,
d59ad3,
d89fd6,
d09ed2,
d19dd3,
c27fb4,
c588b7,
c281b0,
bc79a8,
c37fb0,
c182b7,
ca91c6,
d494d0,
c981c4,
ce84c6,
cc81c4,
cd80c5,
c9649b,
c36a98,
79415f,
c76d9c,
d56a9b,
d46c9a,
d66d9c,
d2739c,
c05a81,
ca628b,
cd6792,
c66390,
c46091,
b9568c,
ba5c92,
ce6ca4,
be5b94,
ae497f,
b65483,
a64b5f,
a94d63,
cf73a4,
d37ab4,
ab518b,
c5699e,
c86b9e,
cb71a4,
d275a7,
d277af,
d77cb6,
cf76aa,
c16592,
ad5272,
a9516e,
ad5574,
bb628d,
cc75a9,
cc78b3,
c773b0,
cd78b7,
d27cbe,
d07bba,
b26294,
b66a95,
b76a9a,
c073a3,
bd719f,
bb709d,
b96f9b,
ba6f9a,
bb6e9a,
bb6f99,
ba7196,
a5637c,
c48596,
c48696,
c48696,
c48596,
c68597,
c88799,
cd889e,
d18aa1,
d697ae,
d7a2b9,
d4a2b9,
dbadc5,
edc1d8,
f3c4db,
e5b3c8,
eebdd3,
f0c0da,
e7bed6,
eabed2,
e9b6cb,
ebbbd0,
ebc0d6,
eac6dd,
e9cce3,
e7d1e5,
edd3e7,
e0b6ca,
c88ba1,
cb899f,
ca899f,
cc8a9f,
ce8ca2,
db98b1,
d798b2,
df9fba,
f2b2cf,
f2b2d0,
efafcf,
edaece,
ecb0d2,
f0b1d5,
f2b3d5,
f3b4d5,
f5b4d3,
f2b4d0,
daa3ba,
d9b6c9,
e7d0e1,
dfccdb,
dcc9d9,
e2d1e2,
e2d2e2,
e1d2e1,
e0cfdd,
dcc0cf,
e0c5d4,
e9cfdf,
e1c8d8,
ddc4d4,
e1c9d7,
dec3d3,
e8cede,
e2cede,
e6cfdf,
e4c1d2,
dbafc1,
deafc2,
e0b1c5,
e0b2c6,
dfb2c6,
e0b3c6,
e1b3c7,
e0b4c7,
dfb5c7,
deb5c8,
ddb4c8,
e3b7cf,
e7b7cf,
c68fa7,
bf8da2,
dcb1c5,
e4bbd1,
e4bbd1,
e4bcd1,
a27494,
ddb2d1,
d5a8c4,
88586f,
804f67,
865167,
91596e,
995f74,
955c6f,
8f566a,
8f556a,
90576b,
8f576c,
8e576e,
a46f85,
9b647d,
ab768f,
e8b6cd,
e8b5cd,
e6b5ce,
a3708a,
ac768e,
9e6781,
ad7896,
a26d8c,
9f6988,
9b678a,
a27094,
d9afd8,
e5c3e5,
eacae4,
e8cbe5,
e8cbe5,
e9cce6,
e9cce6,
e9cde6,
eacee7,
e9cfe8,
ead0e8,
ebd1e8,
eed2eb,
eed3ec,
ecd4ec,
edd5eb,
edd6ec,
edd7ec,
ecd7ec,
edd8ed,
edd9ed,
edd9ef,
edd8f0,
ecd9f0,
ecd9f0,
eddaee,
eedaf0,
f0daf3,
f0daf3,
f1dbf3,
f0def1,
f0ddf3,
f0def1,
f0def1,
f1dff2,
f1e0f3,
f0e0f4,
f1e1f3,
f2e0f4,
e6c7e4,
c889c6,
d186ca,
cd7fc6,
ce81c8,
d186cd,
d48ad1,
d38ad2,
d289cf,
d687d1,
db8ad4,
d988d1,
d584cc,
d482c9,
d683ca,
d683ca,
d784c7,
d784c8,
d884ca,
d884c9,
d884c9,
d884c9,
d784c9,
d784c9,
d684c9,
d483c6,
d180c2,
d180c0,
cf80c0,
cf80be,
dda8d9,
f2caf4,
efc8f3,
ebc6f1,
eabeeb,
d393c9,
c97db8,
c97ab7,
c879b8,
c879b8,
c779b8,
c779b8,
c879b9,
c678b5,
c678b4,
c878b4,
c979b5,
c979b5,
c879b5,
c779b5,
c779b5,
c87ab6,
c77ab6,
ca7cba,
d485c5,
d686cd,
d888cb,
d586c8,
d886cb,
d585ca,
d485c9,
d484ca,
d585cd,
d686cf,
d686cf,
d888d0,
db89d2,
da89d3,
d988d3,
d988d2,
d988d2,
d987d3,
d887d4,
d987d4,
da87d3,
da89d2,
da89d2,
db8ad4,
db8ad5,
db8ad5,
da89d4,
d887d3,
d887d3,
d787d5,
d687d5,
d688d4,
d789d7,
d889d8,
d78ad9,
d587d6,
d383d1,
d284cf,
ce83cb,
d184ca,
ce7ec3,
cc7dc0,
ce81c1,
d391cb,
f9c9f8,
f8cffc,
f5cffa,
ebc3ef,
c193c3,
cc9cc0,
f0c4e3,
d4aac8,
dcbdd9,
dfbbde,
e7bee6,
f8d3fb,
f0c8f5,
d394d6,
d086cd,
d185cd,
d384d0,
c46092,
b56086,
7e4767,
c7709f,
cd6695,
d16997,
d16a97,
d879a1,
c86087,
cb648d,
cb638e,
c05b88,
ce6a9b,
de7aaf,
d26ea8,
b24c86,
ae4782,
bc568f,
db78a8,
ac4e61,
ab4e67,
db7cb0,
d275b0,
ac4d88,
c26399,
d171a2,
d06f9f,
d3729f,
d479a8,
ca709d,
b0557a,
ac506f,
ad516c,
b55a7e,
c56b97,
c96fa1,
c870a4,
c771a8,
c973af,
cb74b1,
d47ab9,
d27bb8,
c372a3,
ab5e87,
b76a98,
bf73a0,
be72a0,
bc719e,
b96f9c,
ba6e9a,
bb6f9a,
be709d,
b66e95,
a86984,
c08293,
c48596,
c48596,
c48596,
c58497,
c58498,
c6859a,
bb7a91,
dba1ba,
d2a2ba,
ddb8ce,
e3c4da,
eccde2,
e2b9cf,
ebbdd3,
ecc1d6,
f0c8e0,
dbb5cf,
eec8df,
edc8de,
dcb5cd,
e0b7cf,
edc7de,
ebcee3,
ebd1e4,
ecd3e6,
e9cee0,
cd95aa,
c6889d,
c7889e,
ca889e,
cf8ba4,
f0afca,
f7b7d5,
f0b0d1,
eaadd3,
d3a5d2,
c3a2d2,
bd9fcf,
bd9ac6,
dba7cb,
f1b3d2,
f1b3d2,
f2b5d2,
e7adc5,
d69fb4,
c99db1,
dac0d2,
e0cbdb,
dcc7d6,
d0b8c8,
e4d0e0,
e1d1e0,
dfd0df,
d4b9c9,
ddc2d3,
e6cbdd,
dfc4d5,
dbc0d1,
e1c8d7,
e1cad9,
dec9da,
dfcad9,
e1cada,
d9bccc,
d7b5c7,
dfbed2,
e3c1d6,
dfb4c9,
e0b1c6,
e0b1c5,
e1b1c5,
e1b2c6,
e1b3c7,
e1b4c8,
e1b5cb,
e3b6ce,
e6b6ce,
b8839a,
a6758a,
e2b9cf,
e3bacf,
e3bbcf,
e2bbd1,
9b6e8a,
d6aac4,
916077,
824f65,
855265,
8e596e,
8c5668,
8b5465,
8d5468,
8e5568,
8e5569,
8e566a,
935c73,
95647b,
ebc0d8,
cf9db8,
dda9c3,
eebfd8,
e5b8d1,
e9bfd9,
edc3df,
f2c5df,
9b6784,
c89ec1,
d4acd6,
cfa6d2,
c8a0cb,
cda7d4,
d4b1dc,
e3c2e5,
e9cae3,
e7cae4,
e7cae4,
e8cbe6,
e9cce7,
e8cde7,
e8cde6,
e8cee7,
e9cfe8,
ead0e8,
ecd1ea,
efd3ec,
f4d5ee,
f2d4eb,
f1d5eb,
f0d5eb,
efd6eb,
eed7ec,
ecd8ed,
ecd9ee,
ecd9ee,
edd9f0,
ecd9f1,
ecd9ef,
eddaef,
efdaf0,
f0dbf1,
f1dbf2,
f0ddf1,
f0def2,
f0def1,
f0def0,
f1dff2,
f1dff3,
f0dff3,
f0dff4,
f2e0f5,
f1daf3,
cc97ce,
d388cc,
cd80c6,
cf83c8,
d287cd,
d58ad1,
d78dd5,
d489d2,
d687d1,
dd8cd6,
da8ad2,
d483ca,
d17fc6,
d581c8,
d683c9,
d783c8,
d884c9,
d983c9,
d983c9,
d884c9,
d984c9,
d984c9,
d984c9,
d784c9,
d683c6,
d582c5,
d582c3,
d482c3,
d485c4,
db9fd7,
f4cbf8,
f0ccf6,
eeccf5,
f2cdf9,
dea4d9,
cc7fba,
cc7dbc,
ca7cbc,
ca7cbc,
ca7cbc,
cc7dbd,
cf7fbf,
cd7fbc,
ca7cb9,
ca7bb8,
c97ab6,
c979b5,
c879b5,
c878b4,
c878b5,
c678b6,
c779b7,
ca7bbb,
d182c4,
d787cf,
d886ce,
d786d0,
d785d0,
d786cf,
d686cf,
d786cf,
d786d0,
d986d0,
da86d1,
db87d3,
da87d3,
d987d3,
d887d3,
d786d2,
d987d3,
d987d3,
d887d4,
d887d3,
d987d3,
d987d3,
d988d3,
db8ad5,
db8ad5,
db8ad6,
d988d4,
d787d5,
da89d7,
d98ad7,
d689d9,
d689db,
d68bdd,
de91e0,
db8ddf,
db8bdc,
d988da,
d787d6,
d385d1,
d184cd,
cc7cc2,
cb7dc2,
d284c7,
dda0db,
fbccff,
f7cffb,
e5bcea,
d7aedb,
e2c1e2,
efd0e7,
eccde1,
edd2e6,
f0dbf0,
e6d1ea,
e6c8eb,
f0d1f7,
f8d2fe,
d18cd6,
d488d4,
d88ad7,
da8adc,
aa4e75,
a65777,
7e4865,
bb6993,
be5b88,
c5608b,
c7628e,
cc6690,
c25c82,
ca658b,
cb648c,
bd5784,
cc6fa2,
c970a6,
b6518d,
af4985,
b44b88,
af4b81,
cc6994,
ad4c5d,
b85673,
dd79b0,
d471ac,
aa4b85,
c66498,
d2709e,
d06d98,
d07096,
c06582,
a94e66,
a84e67,
ac506e,
ba5b85,
d475a5,
cf71a2,
c76e9f,
c56f9f,
c670a1,
cb73aa,
cd74ad,
d179b3,
d179b2,
d17dae,
a5577e,
b96b94,
c1729e,
bf72a0,
be72a0,
ba6f9d,
ba6e9a,
bc709c,
c374a2,
bb739c,
aa6d87,
b87b8b,
c58595,
c58595,
c48596,
c38497,
c48596,
c48497,
b2768b,
d39eb4,
daadc5,
e7c3d8,
eecce0,
d7adc2,
e2b8cd,
eac1d6,
eac5da,
ebcae0,
d4b3cc,
eccce3,
edcfe6,
eccee3,
be91ad,
cd9eb8,
e7c0d7,
e8c3d7,
deb8ca,
ddb4c8,
c992a8,
c5879d,
c7889e,
ca899f,
d291aa,
e5a4c1,
f2b2d2,
ecb1d9,
c49fd4,
a696d3,
a194d4,
958ac7,
a18bbf,
d4a3c4,
eeb0cf,
e2a3c1,
cf93af,
cc93ad,
cc9bb0,
e2c5d7,
ddc8d9,
ddc9d8,
ddc8d7,
d9c1ce,
d3bcca,
e3d0df,
e0cbda,
d9bdcd,
d9bacb,
e5c5d6,
debfd0,
dec1d2,
dfc5d3,
dfc5d5,
ddc6d8,
dcc7d7,
dfc7d7,
e0c8d8,
e2c8d8,
e1cadb,
e3cbde,
e4bdd2,
dfafc2,
e0afc3,
e1b0c4,
e1b0c5,
e2b2c6,
e2b2c6,
e1b3ca,
e2b4ca,
e4b4cb,
c292a9,
895d75,
e5bbd2,
e5bad0,
e4b9ce,
daadc3,
8d607b,
92647b,
7f4d64,
855266,
8e5b6d,
8f5b6e,
875062,
8b5364,
8e5668,
8f566a,
8e5669,
8e566a,
dbabc2,
ebc1da,
f2cae3,
f3c6e1,
f0c0dc,
edc0d8,
e6bdd6,
efcee8,
f1cfe9,
f4cde8,
9b6381,
b088ab,
cfaad3,
cfaad5,
ceaad7,
d0adda,
d3afdb,
dfbde2,
e8c8e3,
e7cae6,
e7cae5,
e8cbe6,
e9cce8,
e9cce8,
e9cce8,
e8cee7,
e9cee8,
e9d0e8,
eacfe6,
e9cce5,
fcd7ef,
fcd7ee,
f0cce4,
efcee3,
f5d4e9,
f2d4e9,
f0d6ec,
ecd7ec,
edd9ed,
ecd9ef,
ecd9f0,
ecdaee,
ecdaee,
eddaee,
eddbef,
efdcf1,
efddf1,
f0def1,
f0def0,
f0def0,
f1dff2,
f1dff3,
f1dff3,
f0dff4,
f2e0f6,
f3e2f5,
d8b2dd,
d189ca,
ce83c7,
d187c9,
d184cb,
d68cd2,
d98ed6,
d68ad4,
d488ce,
db8dd4,
d889d0,
bc69b1,
b05da4,
d27dc2,
d580c5,
d783c8,
d783c8,
d783c8,
d783c8,
d884c8,
d883c8,
d983c8,
d781c6,
d782c6,
d782c6,
d683c5,
d683c4,
d583c3,
d584c3,
d99cd0,
f4c8f5,
efccf7,
edccf5,
efccf9,
ecbfed,
d48bc6,
d180c0,
cf7fbf,
cf7fbf,
cf7fc0,
d07fc2,
d382c5,
d483c6,
d282c3,
d080c1,
ce7ebc,
cb79b6,
c879b5,
c878b4,
c878b5,
c678b6,
c87ab7,
c97cbb,
cf80c2,
d787cb,
d986ce,
d985d0,
d885d1,
d787d1,
d786d1,
d786d2,
d786d2,
d886d2,
d986d2,
d887d3,
d887d3,
d687d2,
d686d2,
d786d2,
d887d2,
d887d3,
d887d3,
d887d3,
d887d3,
d987d3,
d987d4,
db8ad5,
db8ad6,
db89d7,
d988d7,
d889d9,
d98ddb,
db91df,
d68bdd,
d68bdf,
d491df,
df9beb,
da8de0,
da8be0,
da8be1,
db8bdf,
db8bdc,
d687d6,
d281cc,
d083cb,
d789cf,
c989cc,
d9a5e3,
ddb0e4,
deb2e0,
d8b4d5,
edd4e6,
eed5e4,
e5cada,
f4dced,
f0ddef,
e9d9ea,
eed7f1,
efd0f5,
f2c4f7,
d28ada,
d78bdc,
db8bdd,
db8adf,
8f3e57,
894059,
7c4666,
a9587b,
a6486b,
ae4e72,
ab4b70,
a44167,
a34262,
a74967,
b55976,
a7537a,
bc86b5,
b8699e,
ad4783,
bc548e,
d66ca2,
cd6698,
b55079,
a5465a,
c15f81,
d973a8,
d66fab,
ac4982,
cb6797,
d7729d,
d06b8f,
b55671,
a94c60,
a94c60,
aa4d67,
b05179,
b5558b,
c6669a,
d170a3,
cb709d,
c36d97,
be6890,
ba648c,
ba638d,
b8628e,
b55f8c,
b5648e,
a7567e,
b1618a,
bc6c98,
c67aa7,
c379a5,
bf729f,
bd6f9a,
bf719d,
c476a2,
c0789f,
aa6c85,
b7798a,
c48594,
c48594,
c38495,
c28496,
c28496,
c18394,
935a6f,
9a6376,
c893a6,
cd9aad,
c58f9f,
bd8496,
e2b7cc,
eac7db,
e8c9dd,
eacbdf,
c69fb7,
e9c9e0,
edd3e7,
efd4e5,
e0b6c9,
c2879c,
c7899c,
ca8ea0,
cb8fa2,
c98a9e,
c5869b,
c6879e,
d99bb3,
e8aac5,
f3b5d2,
f3b6d5,
eab1d6,
cfa4d8,
a38ecf,
b39ad5,
cba5da,
c59ccd,
dfa9d0,
d79ab6,
c98aa5,
ce8fa9,
ce90ab,
ce91ac,
cd9cb2,
e9d2e2,
dec9d8,
e1cbd8,
e1cbd9,
dac2cf,
ceb4c1,
dac1d2,
d2c2d8,
cbbcd9,
b8a7ca,
c0afcd,
d0b9ca,
dec2d0,
ddc1cf,
ddc2d1,
dec5d3,
dfc6d4,
e1c6d6,
e1c7d7,
e2c8d8,
e3cadb,
e1c0d3,
dcaec1,
dcacbf,
deaec0,
e0aec2,
e0aec2,
e1afc3,
e1b0c4,
e1b1c6,
e2b2c8,
e3b2c9,
ca9ab2,
7e516a,
e3b7ce,
e3b5cd,
b48199,
8b586f,
7f4c61,
814d61,
814c5f,
864f61,
8b5569,
845165,
834f63,
8a5367,
c999ad,
d3a3b7,
be8ea1,
a27185,
eec4db,
ecc3dd,
f2c8e2,
f3c6e0,
efbfda,
e5bed7,
eecde6,
eecfe9,
eecee8,
e9c5df,
dcb1cb,
dab5d2,
cba7c7,
c5a2c6,
cba6cd,
cda8d3,
d0abd6,
dbb7de,
e7c4e6,
eacbe7,
e8cbe6,
e5cae4,
e7cbe7,
e8cde8,
e8cee7,
e8cde9,
e9cee9,
e9cfe9,
eacde7,
ebc9e6,
f5cfeb,
fdd7ef,
fbd5eb,
f7d0e4,
fbd2e6,
f3cde2,
f3d1e7,
f1d5ec,
eed8ee,
eed9ee,
edd9ee,
ebd9ed,
ebd9ed,
ebdaee,
eddbef,
eddbef,
efddf1,
f0def1,
f0def1,
f0def1,
f0def1,
f0def2,
f0ddf3,
f1def4,
f2dff5,
f3e1f4,
edd7f1,
cb8bc9,
d086ca,
d68acd,
bf71b9,
dd91d9,
da8ed7,
d78cd3,
d284cb,
db8cd2,
bc6cb3,
a9559b,
cc77bc,
d37ec2,
d17bbf,
d57fc3,
d681c5,
d683c6,
d783c6,
d983c6,
d983c6,
d981c5,
d37abe,
d278bc,
d781c3,
d882c3,
d881c2,
d882c2,
d782c2,
d384c1,
dea5d7,
f4cbfb,
f0cdfa,
f3ccf9,
eab0e2,
d484c1,
d380c1,
d481c3,
d581c3,
d581c4,
d481c4,
d682c6,
d783c6,
d683c6,
d382c6,
d381c3,
d07fbe,
ca7bb8,
c979b5,
c97bb8,
c97bb9,
cb7dba,
cc7dbd,
d07fc1,
d584c5,
d785c9,
d886ce,
d986d0,
d986d1,
d886d1,
d786d2,
d786d1,
d786d2,
d786d2,
d786d2,
d786d2,
d785d3,
d786d4,
d786d4,
d786d2,
d786d2,
d886d2,
d887d3,
d887d3,
da88d5,
cf7dcb,
db8ad7,
d989d7,
d889da,
d889da,
da8ade,
d890e2,
dfa0eb,
d68ce0,
d18cdf,
d8acf0,
d793e6,
d98cde,
da8bde,
db8ae1,
db8adf,
db8adf,
db8add,
d989d8,
d989d8,
cb8acd,
e3b6e5,
d4a6d3,
ecceeb,
edd3e9,
eacfe1,
ebd1e1,
ebd1e0,
ebcfda,
efd9e7,
e7d4e5,
e5d3e4,
e8cbe8,
d39bd6,
d68fdb,
d98ada,
db8adb,
dd8add,
dd8add,
944461,
ad637f,
7e4869,
b46385,
c6668b,
d3739a,
c8698c,
be5e80,
ba5f79,
ab556e,
8d3d56,
985e86,
b783b1,
a1467a,
b24d83,
d2699e,
d76d9e,
d8709e,
cf6c92,
a2445b,
b5567a,
d56fa4,
d670a9,
ad457f,
c96192,
ce698e,
ac4d67,
a44d5c,
a74c5d,
a94c63,
a94c6b,
a94d71,
b95c85,
c06289,
b8597e,
ae5474,
a7506e,
a74e6c,
a94f6e,
a94f6f,
a75074,
ae587f,
ac5b81,
ac5d85,
aa5880,
a4507a,
ab608c,
bd75a2,
c0749f,
bb6e97,
be719b,
c275a0,
bd749c,
aa6a84,
b97b8c,
c38493,
c28394,
c28395,
c08395,
c08495,
ac7082,
854d62,
965d6f,
bb8093,
bf8394,
bf8393,
c18493,
cd99ae,
edc9dd,
ebcadd,
e9c5d9,
c391a8,
cb9eb6,
f1d0e4,
f1d3e6,
f3cfe0,
ba7d91,
c18395,
c48495,
c58497,
c48497,
c6859a,
cf90a9,
f7b9d4,
f8bbd8,
f8bbd9,
f5badc,
f1bae1,
a985be,
a78ac3,
e0b2dd,
e4adcb,
b87e9a,
b87892,
cc8da4,
cc8ea4,
c3859d,
bd819a,
c78aa1,
c1869c,
cfa7ba,
e4cada,
e1c8d7,
e3cad8,
e3c7d5,
dbbccb,
b89fba,
99a5d3,
82a2dc,
7e9dde,
849ad9,
9fa4d3,
bcafcb,
d9bacb,
dec0d0,
e0c4d2,
e2c6d4,
e3c6d6,
e4c7d8,
e3c8d8,
e3c1d3,
d7a9bd,
daaabc,
dcabbd,
ddabbe,
e0acbe,
dfacc0,
e1adc2,
e1aec3,
dfafc4,
e1b0c6,
e1b1c7,
d8aac1,
7c4f68,
bc8ea4,
8a586d,
814c60,
824c5f,
824c5d,
824c5d,
834d5e,
874f5f,
976276,
e8b8cd,
ba879d,
905b71,
f1c6dc,
f0c7dc,
f1c7df,
e5b9d1,
ebc1da,
edc3dd,
f1c6e0,
f3c5de,
e9bbd4,
efcae2,
eccfe8,
eccee8,
eecce7,
ecc8e1,
eccbe4,
f2cde9,
b482a1,
d2abcd,
dfbde1,
debcdf,
debdde,
debddf,
dbbadc,
cfb3d0,
ccb0cf,
cfb5d4,
dabede,
d5b9db,
e3c8e8,
e7cce8,
e8cde9,
e8cde9,
ebcde9,
edcbe8,
efc9e6,
f9d2ec,
f5d0eb,
f0cbe6,
f4cde3,
f8cde2,
f9d0e5,
f5d2e9,
f2d5ec,
efd7ec,
eed9ed,
ebd9ed,
ebd9ed,
ebd9ed,
eddbef,
eddbef,
efdcf0,
f0def1,
f0def1,
f0def1,
f0def1,
f0def2,
f0ddf3,
f1def4,
f2dff5,
f3e0f4,
f1e1f4,
daabd9,
d187c8,
d788ca,
ad5ba3,
e092db,
db8ed7,
d98dd5,
d182c9,
d380c8,
ab549d,
d37dc1,
d47ebf,
d57fc2,
d079bd,
d27cbd,
d47fc0,
d581c4,
d680c3,
d880c3,
d781c3,
d880c3,
d179b9,
cf75b3,
d880c1,
d67dbe,
d37abb,
d881bf,
d880be,
d682c2,
d48bc4,
dea3d8,
e0a6da,
e09fd4,
d183bd,
d280bd,
d481c0,
d682c5,
d683c6,
d682c5,
d682c5,
d783c6,
d983c6,
d883c6,
d783c6,
d783c6,
d783c5,
ce7ebc,
ce7eba,
cf7fbd,
d07fbf,
d180bf,
d180c1,
d481c3,
d581c0,
d381c0,
d684c9,
d986cf,
d986d1,
d986d1,
d786d2,
d786d2,
d786d2,
d786d2,
d786d1,
d684d2,
d683d3,
d684d3,
d685d3,
d786d4,
d786d3,
d786d2,
d887d3,
d887d3,
da89d4,
d482d1,
cf7ecf,
d889d7,
d889d9,
d789db,
d68bde,
cf90e1,
d99de6,
d28cdf,
cf98e6,
d9abf5,
d38adb,
d88adb,
da8bdd,
db8ade,
db8adf,
db8adf,
dc8adf,
dd8add,
da8ddb,
d1a7dd,
e3caed,
f2d2e8,
ebd2e5,
e7d1e2,
e8cee0,
e1cee2,
d0c6e3,
d3c8e5,
e6cfe3,
e2c9db,
edd2e2,
eed2e8,
e3acdf,
d78bd7,
d98ad9,
da8ad9,
de8bda,
de8ada,
a94d7c,
af5e80,
794467,
b9648e,
d26e97,
cf6c94,
bf5b84,
bb5a81,
bc6682,
a3536e,
8b455f,
ac78a7,
944978,
9b4472,
c2608e,
d26c9c,
d26f9e,
d4709b,
c76585,
9f435b,
af5278,
b85688,
d471a4,
a8477b,
bc6693,
cd82a2,
a24b61,
a04f5d,
aa5b6b,
b4627a,
aa4d6b,
ab4d6a,
ab4c68,
ab4c69,
ae4e6e,
b15273,
b65a7c,
bf6285,
c5678a,
ca688d,
cf709a,
cd74a2,
cf7ca6,
c777a0,
c26f97,
b7618c,
da8fbb,
d288b3,
b76995,
b2648f,
b66a96,
b76b97,
b26c93,
a96983,
b47588,
c28192,
c28292,
c38293,
c28395,
c28495,
955c6f,
9f687c,
b97d90,
c08395,
bf8292,
bf8291,
c08292,
c08397,
d39db2,
dcacc1,
d3a0b4,
bf859a,
be869c,
cc99ae,
e1b6ca,
deafc1,
be7d94,
bf7d91,
c07c90,
bd7a8e,
bc7c8f,
be7c8e,
c989a2,
e8acc9,
f9bdd9,
f6bcdb,
f6bbda,
f0b8da,
ce9dc5,
edb8de,
ebb1ce,
9d6276,
854b5c,
b67a8a,
c88b9f,
ca8ba2,
ca8ca1,
cb8ea2,
cc8ba0,
be7f93,
bc8196,
cfa2b5,
deb9cb,
dcbac9,
e7c7d5,
e5c2d2,
c2abc9,
7e94d1,
78a0e3,
739ee5,
6891db,
6d90d7,
8d9ed4,
beadca,
dfc1d2,
e0c4d5,
e1c6d5,
e3c8d6,
e2c4d4,
c8a6b9,
c59db0,
d5aabd,
daaabd,
dba9bc,
dba9bd,
dca9bd,
ddaabe,
deaabf,
dfacc2,
dfadc5,
e0aec5,
dfafc4,
ca9bb2,
7b4b62,
8b596c,
804c5b,
804b58,
814c5b,
834e5d,
875162,
8b5465,
8e5567,
bb8a9e,
f5c5dc,
f4c5dc,
e1b5cc,
edc2db,
ecc4dc,
ebc4db,
edc2da,
edc1da,
edc1da,
eec3db,
f0c3db,
e5b8d0,
efcae3,
ebcbe3,
efcce5,
eac5df,
ecc6e0,
ecc7e2,
efc8e3,
b07896,
a76f8f,
e6bfde,
e5c4e0,
e4c5e1,
e5c5e2,
e3c6e2,
e5c7e5,
e5c7e6,
e3c7e6,
e3c7e5,
e1c8e6,
dac1e1,
dcc1e0,
e9cdea,
e9cde9,
e9cce8,
eccce6,
eccde7,
ebcce5,
dcc5e7,
acabda,
b6b6e1,
d5c1e6,
f2cbe6,
fad1e8,
f7d4ea,
f0d7ec,
efd9ed,
ebd9ed,
ebd9ed,
ebd9ed,
ecdaee,
eddbef,
eedcf0,
efdef1,
f0def1,
f0def1,
f0ddf3,
f0ddf3,
f0ddf3,
f0ddf3,
f1def4,
f1dff6,
f3e0f8,
efd3ef,
d08bc7,
d182c2,
ac589f,
e491da,
da8ed3,
d98dd0,
ce7cc3,
a84e96,
cb6fb6,
d67dc0,
d67ec0,
d27abd,
cf77b9,
d37abb,
d47ebe,
d680c2,
d47fc0,
d07dba,
d58bc5,
e29ed8,
e2abdd,
d28fc8,
dd8fcb,
d07bb7,
d176b1,
d47ab2,
d077af,
d680bd,
d685c0,
d584bf,
d380bb,
d47fbb,
d37fbc,
d47fbe,
d781c2,
d783c6,
d883c6,
d682c5,
d682c5,
d783c6,
d882c5,
d882c5,
d882c3,
d883c4,
d983c5,
d583c3,
d482c1,
d581c2,
d581c2,
d381c3,
d482c5,
d683c2,
d27ebc,
cd79b5,
d07dbd,
da87cc,
d885cf,
d685d1,
d685d1,
d786d1,
d886d1,
d686d1,
d482d0,
d281d1,
d180d1,
d483d1,
d585d2,
d685d3,
d686d3,
d786d4,
d786d3,
d887d3,
d888d6,
d788d4,
c06fc1,
d181d3,
d789d8,
d68bd9,
d896e4,
d9a3ed,
d298e1,
d38cda,
d6a7ed,
d690df,
d687d8,
d786d6,
db88d7,
dd89d9,
dd89db,
dd89db,
da87d8,
d985d7,
d689d6,
e0c0e8,
d6b8dd,
e4c5dc,
ecd0e2,
eacfe0,
decbe3,
a8b9e8,
8db0eb,
87aceb,
c1b4da,
eccde1,
f1d1e8,
e7b9e1,
d58dcf,
d988d3,
da88d4,
da87d5,
da87d5,
da87d5,
ad4d7e,
ab557a,
754167,
ca6f9d,
d96e9a,
c65b87,
bf5882,
b45980,
b97e9c,
874566,
8e5981,
9d6aa0,
ce92bd,
ecb4da,
dc96bc,
c66e97,
c4759f,
e1a5c9,
ca86a3,
9f4b67,
ce7494,
ad5b83,
d18eb2,
c489ad,
f5c2e3,
edbad6,
9b536e,
d293a9,
f8bfd5,
df9fb6,
ae536d,
af516c,
b65574,
c36185,
d06e96,
d4709b,
d26f9b,
d46f9a,
d36f9a,
d26d9a,
d16d9c,
ca6e9e,
c575a3,
c378a4,
bf719c,
ba6791,
c678a4,
d084b0,
bd6e9a,
ba6c98,
c074a0,
cb80ac,
b9759a,
a76981,
b47688,
c08190,
c18191,
c18392,
c28393,
af7285,
905a72,
c38ba1,
bb7e91,
be8092,
c08191,
c08191,
c08191,
bf8193,
c28094,
c08194,
c18195,
bf8195,
be8195,
bf8296,
c08295,
c18194,
c27f96,
c27f94,
c48091,
c48092,
c38091,
bf7d8f,
b97c93,
e0a9c4,
ecb5d0,
e3abc8,
d49db8,
bd84a0,
bf85a1,
f3bad4,
bf869b,
925667,
884d5c,
b77c8e,
c78b9d,
ca8ba1,
cc8ca1,
c8879b,
c07d90,
c38295,
ca8ba0,
cf8fa5,
cb90a4,
cf9dae,
deb7c6,
e3c0ce,
d8b9cc,
a29fca,
7e93d2,
80a1e1,
7a9fe4,
7094df,
7497da,
9da2d1,
dabcd3,
e1c3d3,
dfc4d3,
dcbfce,
dabacb,
d9b9ca,
dcbbcb,
e0bed0,
e6c0d2,
e3b4c9,
d8a7bf,
d8a7bf,
daa7c1,
daa9bf,
dbaac2,
deacc5,
dcaac1,
c392a7,
824e60,
7e4a5b,
875767,
7c4a58,
7e4955,
814b58,
844e5c,
8b5463,
915767,
915968,
935d6f,
dbabc1,
f2c5da,
efc5dc,
edc4db,
ebc3d9,
eac1d9,
ebc0d8,
edc0d8,
eec0d8,
ecc0d9,
ecc0db,
e6b8d1,
eec7e0,
ecc8e0,
ecc4dc,
e8bfda,
ebc5de,
eac5df,
e9c4dd,
e1b1cf,
9f5f80,
b27b9c,
e6c1df,
e3c4e0,
e4c5e1,
e3c6e1,
e4c6e3,
e4c6e4,
e4c6e4,
e3c7e4,
e3c7e6,
e5c9e8,
e8c9e8,
d4b7d5,
e9cbe8,
eacce8,
eacce6,
e8cce6,
e9cee8,
ecd2f0,
d2c2e8,
c9bfe7,
b0b6e1,
cebee3,
f3cce7,
efcce4,
f3d3eb,
f2d7ed,
ecd9ed,
ebd9ed,
ebd9ed,
ecdaee,
eddbef,
eedcf0,
efdcf0,
f0def1,
f0def1,
f0ddf3,
f0ddf3,
f0ddf3,
f0ddf3,
f1def4,
f1def5,
f2e0f7,
f2dff5,
d79dd0,
cc79b7,
b15c9f,
df8ed4,
d389cf,
d387ce,
af59a1,
ce72b8,
d27bbc,
d57cbe,
d67ec0,
d078b9,
cf76b6,
d579ba,
d57dbc,
d580be,
d281bf,
c382b8,
e9cffb,
d9c3f8,
e0c0f4,
edc3f6,
f4c7f5,
e7a4d3,
d275a8,
d073a3,
d072a4,
d87fb7,
da85c2,
d480bc,
d47eb9,
d37ab4,
d57fb9,
d47cba,
d67fbf,
d782c3,
da84c7,
d683c6,
d682c2,
d882c2,
d982c3,
d881c3,
d680be,
d882c3,
d883c3,
d783c3,
d783c3,
d582c2,
d581c2,
d581c3,
d682c5,
d985c5,
cf7bbc,
ce79ba,
d984c5,
d986cc,
d784cf,
d684cf,
d685d2,
d886d2,
d987d4,
d585d3,
d182cf,
cf80d0,
d07fd0,
d182d1,
d98bd8,
d387d2,
d287d1,
d686d4,
d786d3,
d786d3,
d687d5,
d688d2,
d788d4,
b462b2,
d587d6,
d488d6,
d088d5,
d494dc,
db9ce7,
d38ed9,
db98e2,
d987d7,
d686d6,
d985d4,
da85d2,
dd87d4,
db88d3,
dc88d3,
d784d0,
d483cf,
ce85cc,
edc4e9,
eac7e4,
e4c5da,
e4c6d7,
eacddd,
c0bfe3,
85a7e3,
8eade7,
a6b1e6,
e1c4e3,
f1c8e5,
db9fd0,
d385c8,
d584cc,
d784ce,
d886d1,
d886d2,
d886d2,
d886d2,
b14f80,
ac5579,
764168,
c9719d,
c65d89,
c05783,
be5781,
ad6285,
956484,
804b72,
b98fc0,
b272a9,
cf95bc,
f1c3e2,
f4c2e0,
d79abd,
d79dbe,
f4c7e6,
f5c9e5,
ddaac4,
be7291,
e5abc9,
f4c3e0,
eec5e1,
f2c7e3,
f3c6df,
cc95b0,
f7bfd7,
f4bfd9,
d99cb3,
bb6882,
c77190,
ce7397,
d5709b,
d4709e,
d66e9e,
d66e9d,
d76d9d,
d66d9d,
d36c9b,
d06b9a,
c76a99,
c06f9d,
ab6a95,
ba77a1,
ba6d98,
ba6c98,
cb7da9,
ba6a97,
be6e9c,
bd6d9b,
c579a4,
cc87ab,
a86c83,
b07385,
bf818f,
c08190,
bf8191,
b17486,
854d61,
a87a95,
be8499,
ba7e8e,
bf8192,
be8091,
bf8091,
bf8091,
bf8091,
bf8090,
bf8091,
c08092,
c07f93,
c07f93,
c08093,
c08092,
c08092,
c17f94,
c17f93,
c18091,
c18091,
bf7f90,
aa6a7e,
9c5f75,
b07a92,
d19bb3,
ad748b,
8f556a,
9d6277,
955b6f,
be8299,
c58a9f,
c28798,
93586a,
ad7085,
ca8b9f,
cb8c9f,
c07d90,
c27e91,
cb879a,
cd8c9f,
cd8da3,
ce8fa4,
cd90a3,
cd92a4,
d19dad,
ddb5c3,
dbb6c4,
d0b1bd,
c6b3c4,
cdc6de,
abb5e3,
88a1e1,
7f9ee0,
9aa1d1,
d0b5cc,
d9bbca,
ddc0ce,
e1c6d4,
e2c7d7,
e3c7d7,
dfc1cf,
dec0cf,
e5c3d0,
b3899c,
a87a95,
c89ab7,
d2a5c0,
d5a7c1,
d7a9c2,
d5a6bd,
a7758c,
7c485b,
7a4753,
7e4a57,
855564,
7b4957,
7d4956,
7e4956,
834d5a,
8c5462,
915766,
915867,
8f586a,
926076,
d5a9c1,
eec5db,
eec3d9,
eac1d7,
eac1d6,
e8bbd1,
e4bbd6,
d5b8de,
c6b2df,
c5b3e0,
d4b7dc,
eac3de,
eec3da,
e9bed4,
edc3db,
ecc7de,
ebc7df,
e9c3dd,
e9bfde,
c28cac,
a25c7e,
d1a4c2,
e1c4df,
e4c4e0,
e2c4e0,
e2c5e1,
e2c5e1,
e3c6e1,
e3c5e1,
e5c4e2,
e7c8e6,
e7c9e7,
e6c8e8,
dec1df,
e9cde7,
e7cde6,
e7cde6,
e9cee8,
f0d4ef,
c39fbb,
dbbcd6,
bdb7de,
a7a9d1,
dbc1dd,
f6cfe7,
f5cee7,
f3d3e9,
efd5ea,
ecd8ec,
ebd9ed,
eadaee,
eadbee,
ecdbee,
eedbef,
efdcf0,
efdcf0,
eedcf1,
eedcf1,
efdcf1,
f0ddf2,
f0ddf3,
efddf3,
efdff5,
f3e0f7,
e4bbe1,
c275ad,
b15e9e,
d688ca,
d595d1,
e1a9df,
c474b3,
d57dbc,
d37cbb,
d57dbd,
d57dbd,
d579b9,
d376b7,
d679b9,
d57dbb,
d284c1,
edb7eb,
e1beec,
b6afe6,
adade2,
c4b5e6,
e9c6f5,
dd9ed0,
cf7caf,
d173a3,
d1719e,
d0729f,
d579ae,
db84be,
d881bd,
d67cb6,
cf75ac,
d57db4,
d27ab1,
d179b3,
d57fbb,
db96d1,
d384c3,
d480bc,
d680bd,
d781be,
d77ebb,
d77db9,
d87fbd,
d781bf,
d882c1,
d683c1,
d481be,
d37fbe,
d680c0,
d47ec1,
d885c6,
d380c1,
d37ec1,
de89ce,
d885cd,
d784d0,
d684cf,
d485d2,
d588d1,
dc93d8,
dd9edb,
e3aadf,
d594d4,
c881ca,
ca84cc,
e7abe6,
e09ee0,
d38bd2,
d089d0,
df95df,
d98cd5,
d588d2,
d487d0,
d486d2,
cd7bc9,
ca75c5,
d686d4,
d486d4,
d186d3,
d995df,
d288d3,
d888d5,
d886d5,
d786d6,
d986d2,
d883cd,
da83cd,
da84cd,
da85cd,
d283cb,
cc99d8,
c588c7,
c78ac1,
eecce8,
f2d3eb,
f0d1e4,
edcee2,
d8c7e8,
c0bce5,
e2cbea,
e6c0dc,
d29ac5,
d28ac6,
d482c7,
d782c9,
d782ca,
d883cc,
da85cd,
d886cf,
d886cf,
d785cf,
b55281,
b05679,
7b4569,
b9628c,
ba5682,
bc5580,
b8587a,
95506c,
793f5d,
a477a6,
b87eb7,
b56093,
c479a1,
f2c3e0,
efc2df,
efc1e0,
e9bbd6,
f1c4e1,
f0c5e2,
f2c6e1,
e1aecb,
f0c0da,
ecc2db,
edc5dd,
edc6e0,
ecc2db,
ecbed4,
edbed4,
f0bfd6,
ce9cb4,
d6a8c3,
f8d2ed,
f7c8ea,
d670a1,
d96e9f,
d86e9f,
d86e9d,
d96e9d,
d86e9e,
d66c9d,
d16b9b,
c36594,
bf6e9b,
a76793,
af7ca7,
b773a2,
c072a0,
c2719d,
bb6793,
c4709c,
be6b99,
c374a0,
bd759c,
a96e85,
ad7183,
be8090,
c0828f,
c0828f,
8e596a,
8d5e7a,
c18ea9,
c08194,
bf8192,
b7798a,
bf7f90,
bf8091,
bf8091,
bf8091,
be7f90,
be7f90,
bf7f90,
c07f92,
c07f92,
c17f93,
c17f92,
c17f92,
c17f92,
c17f93,
c17f93,
c18092,
c18090,
c28192,
c18193,
bf8196,
bd8198,
95596f,
7f475a,
794554,
764452,
8f5a6a,
c48a9b,
c3899b,
af7485,
9b5f72,
c8899d,
c18093,
c27e91,
ca8699,
cc899f,
cc8ba1,
cc8ca2,
cd8da3,
cf8fa2,
cf90a2,
cd92a3,
cb95a4,
dbacbb,
e2bac4,
c19ca8,
dabecf,
e3ccde,
cec3df,
a2a3c9,
bfb0cc,
dfc4d7,
e3c9d9,
e7cdda,
e7cedb,
e1cddc,
e2cedb,
e5cdd9,
e4c6d5,
cca3b2,
b9899a,
89566e,
7c4b63,
aa7d97,
ce9fbd,
d2a4c3,
a77a96,
8f6079,
7e4c5f,
814e5c,
814d59,
865764,
7c4a5a,
7c4755,
7c4655,
814b5c,
8b5463,
8f596a,
d4a6b7,
edbfd4,
dfb1c7,
d6aac5,
eac0d6,
edc3d9,
ecc3d8,
ebc1d7,
e3bcd7,
b1a4d6,
99a1e2,
93a1e8,
8a9ee4,
92a1e1,
bca9d8,
e1b5d0,
edc2d9,
efc5dc,
edc5db,
e8c5de,
e4c2dd,
e3bfdc,
e7c0de,
a86583,
a76886,
e6c0df,
e4c1df,
e3c3de,
e2c4df,
e3c4e0,
e0c0d9,
855f77,
7e576f,
ba96b3,
e4c3e4,
e5c9e7,
e6cbe8,
d4b8d7,
eaceea,
e9ceea,
e9ceeb,
eccfee,
7d4f6c,
7a4d66,
d2afca,
ecd4f0,
d6bcd5,
f9d1e7,
fad0e7,
f4cee6,
efcfe5,
ecd6ea,
ead8ec,
ebdaee,
ebdaee,
ecdaee,
ecdaee,
eedcf0,
efdcf1,
eedcf2,
eedcf2,
eedcf1,
eedcf1,
f0ddf3,
efddf3,
efdef4,
efddf5,
eed4f2,
e8c1e7,
b470a7,
d086c1,
deaedc,
eecdee,
dea6d4,
cd7eb9,
cf7db8,
d17cbb,
d47cbc,
d77bb8,
d477b6,
d67ab9,
d47dbb,
cc84bf,
f2c1f4,
e4c4ee,
d4bfec,
e5c9f1,
e8c4ee,
eab4e2,
d47cb1,
ce73a6,
cf719f,
d0709b,
d0709b,
d375a8,
d980bc,
de89c7,
cc75af,
d278af,
d076ac,
d079b0,
ce75ac,
d081b6,
e8bce9,
ca80ba,
d793cb,
d584c0,
d480bc,
d67cb6,
d77ab3,
d67cb6,
d57fbd,
d582c0,
d582c0,
d37fbd,
d47ebc,
d57dbe,
d37dc0,
d682c5,
d582c7,
d481ca,
d886d1,
d686d0,
d685d1,
d583d0,
d586d2,
d688d1,
d388cf,
f3c0f3,
ffd5f8,
fed4f7,
fcd2f6,
e7b6e2,
f8caee,
fbcff2,
dfacda,
ddaadb,
edb6ec,
d48ece,
d58ccf,
d48ace,
d687d1,
d987d2,
b863b1,
d783d1,
d686d4,
d586d3,
d489d4,
d889d3,
d987d4,
d987d4,
d987d4,
d986d1,
d581c8,
d681c8,
d782c7,
d882c7,
cd83c4,
d1cbfe,
c4a8db,
cd87c8,
cd8bc8,
d38ec8,
da9ed1,
dba7d5,
deaed8,
f1c5ed,
c894b9,
a26089,
b969a6,
d681c7,
d681ca,
d981cb,
d982cb,
da83cc,
da84cb,
d784c9,
c36fb7,
d480c7,
b85380,
b25678,
7a4367,
b76089,
b85381,
b44f7b,
a95670,
7f4254,
7b4962,
a973a0,
b56a9e,
be6996,
c8799b,
e3b0cd,
efc2df,
ecc1de,
ecc1de,
ecc2dc,
edc2dc,
eec2dc,
efc2dc,
ecbfd8,
ecc0d8,
eec4dd,
f0c5df,
edc1da,
ebbed6,
ebbfd6,
ebc5db,
eccce3,
f0d1ed,
f1d1ed,
f0cdf1,
d873a4,
db6ea1,
d970a0,
d970a0,
d970a0,
d970a1,
d76e9f,
d36e9f,
c26594,
bf6e9a,
ae6a94,
92618e,
c08abd,
ca7aae,
c773a2,
c16894,
c46996,
bf6894,
c1709a,
b96e94,
aa6f86,
a96e81,
bf8392,
bf8290,
a76a7a,
85566c,
be94b0,
bb8298,
bc8092,
bd8091,
af7183,
b67789,
bc808e,
bb808e,
be7f90,
bd7e8f,
bd7e8f,
be7f90,
bf7f90,
c07f91,
c07e92,
c07f91,
c07f90,
c07e92,
c07e92,
c07e92,
c07f92,
c18090,
c18090,
bf8091,
bf7f93,
c18096,
c08197,
b27686,
8d5766,
764653,
774655,
986071,
be8293,
bd8394,
925768,
bd7f93,
c28093,
c98798,
ca889c,
cb899f,
cc8ba1,
cd8ba1,
ce8ca2,
cf8da2,
ce8ea2,
cc8fa2,
cc90a0,
c791a1,
bd919e,
99707d,
c599a8,
d5afbf,
e5c9d9,
dec6d8,
dfc3d3,
dec0d0,
ddbecd,
dbbac9,
dcbbcb,
dec0d0,
e0c3d2,
e2c3d4,
e5c9db,
d3a6b9,
d39fb2,
cf9bae,
a87488,
7f4d64,
8c5b76,
aa7e9d,
865c7f,
9e7498,
8f637e,
865264,
7e4b59,
7e4f5b,
7c4c5b,
89576c,
824f68,
7e4861,
875066,
915a73,
d8aac4,
ecc0da,
e9bfd6,
e9bfd5,
e5bcd0,
e5bbd1,
ebbfd5,
e8bfd7,
b6a8d6,
8d9be2,
7a94e0,
829ae5,
8aa1e6,
889bde,
a49acb,
e3b8d5,
ecc1d9,
ebc2da,
eac4dc,
e5c1dd,
e1bfdb,
e2bedd,
e3bedd,
d9a7c1,
a55e7d,
bd86a6,
e6c0de,
e4c2de,
e3c3de,
e1c1dd,
a17f99,
886275,
805869,
774d65,
a17c9d,
d5b7d9,
e4cae8,
e5c9ea,
dabde0,
e0c4e6,
dfc2e3,
c8a5c5,
834f6e,
905175,
ae6f9c,
d79ecd,
f0c0e3,
fdd0e7,
fbd0e7,
f9d0e8,
f5d0ea,
f0d4ea,
eed7ec,
ecdaee,
ecdaee,
ecdaee,
ecdaee,
eedbef,
eedcf0,
ebddf1,
ecdcf2,
eedcf2,
eddaf0,
eddaf0,
f0ddf3,
f0ddf3,
efdbf4,
e8cbea,
ecd2ed,
e6bcdf,
c285b2,
dcb8da,
eacee7,
ebc3e5,
c47fb3,
ce87bc,
cc83ba,
d17eb8,
d77db9,
d67ab7,
d67bba,
d684c1,
e9b0e5,
e8b4e8,
ca9bcc,
e3b8de,
d290b7,
c77faa,
d17bae,
d479ac,
cf71a1,
cd75a2,
cf709b,
cf709a,
cf73a6,
dc85c0,
db86c6,
cf79b5,
d77db5,
d278af,
d47bb1,
c67aae,
e0b8e5,
e8ccf9,
e0beeb,
edc4f3,
d792cb,
d67fbb,
d37ab3,
d378af,
d379b2,
d781bc,
d481bf,
d480bd,
d07dbb,
d17cbb,
d37dbd,
d37dbf,
d581c5,
d580c8,
d280ca,
d281cc,
d284cf,
ce86d1,
cd83cf,
d686d2,
d888d2,
d58ed1,
ecbae7,
fed4f4,
ffd6f1,
ffd7ee,
fed5ec,
ffd2e9,
ffd4e7,
fcd0e7,
f9cfe9,
fcd3f0,
ddadd5,
f5cbed,
f0bfec,
d78ccf,
d787ce,
d480cb,
b461aa,
d886ce,
d886d0,
d787d2,
d888d3,
d989d3,
d788d3,
d388d2,
d285cc,
d481c6,
d47fc4,
d57fc3,
d780c4,
ce80c0,
cec4f4,
c7b9ec,
d185c9,
d485cb,
d582ca,
d482c7,
d283c6,
d993d1,
d485cb,
c672b5,
a8568f,
bc6bab,
d483c9,
d581ca,
d881cb,
d981cb,
da83ca,
d884c6,
bc6aa9,
cc78bc,
d583c8,
b95581,
b15578,
844565,
b45f88,
b45182,
b04f7a,
90485e,
784050,
875774,
ba7aa1,
f8bede,
efaecf,
c881a0,
c58fac,
eec2dd,
ecc1dc,
ebc0db,
ecbfd9,
edbfd7,
edbfd8,
edbfd8,
ecbed6,
edbfd8,
f1c2dc,
f0c4de,
edbfd8,
ebbed6,
eac5de,
eecee8,
edcee8,
edcee9,
f0cde9,
e1abd0,
d5709e,
d971a4,
d971a2,
d871a2,
d871a4,
da73a7,
dc75aa,
d571a5,
c36697,
c1729c,
a9668b,
78446f,
bb92c5,
ca82b6,
ca70a0,
c26291,
c3628f,
c16390,
c5739e,
b4688d,
ae7088,
ac7285,
b77c8c,
b77e8b,
7e4958,
a07794,
bc869a,
bb7f91,
b87c8e,
a46a7a,
8f5466,
af7486,
a36979,
9e6676,
9d6273,
9e6173,
ad7182,
bc7f90,
be7e8f,
c07e90,
c07f90,
c07f90,
c07f90,
c07f90,
c07e91,
c07f91,
c17f8f,
c17f8e,
c07f8f,
bf7f90,
c07e92,
c17f93,
c18193,
bf7f8f,
8e5564,
784857,
734958,
774656,
915b6c,
be8496,
955a6d,
c28ea0,
cf9aad,
c7889c,
c7889e,
c8889e,
ca8a9e,
ca8ba0,
cb8aa0,
cc8ca2,
cb8ca1,
cb8da0,
ca8fa2,
ca92a3,
935d6f,
724050,
c38da1,
ca95a7,
dab5c7,
d9b7ca,
c49dae,
c4a0ae,
cda1b1,
d3a5b5,
d1a1b2,
cf9db2,
d19cb1,
d29bb0,
d19bb1,
d39bb1,
d29bb0,
d59eb0,
d5a0b0,
ca96a8,
865165,
78485d,
9a6e8d,
936b95,
bb96c2,
8e6287,
a4738c,
7b4d54,
805065,
c091bb,
bd91be,
c092bf,
ba8fbd,
bd92c0,
bd92bf,
dbb3d5,
ebc7e0,
ecc8e1,
eec9df,
f2c8dd,
efc1d7,
e6b8d3,
a9a3d9,
869ae0,
8c9fe2,
aaade5,
b7b0e1,
b5a6d0,
d6b3cf,
edbed7,
e6bcd4,
e1b9d3,
e0b7d4,
dfbbd9,
e1bdda,
e5bedc,
e6bedd,
e1bcd7,
b57796,
a66182,
daadce,
e8c1e0,
e4c2df,
dfbfdc,
ad8aa7,
e8c1da,
deb9d0,
7e566b,
754d65,
a889ab,
ddc1e2,
e6cae8,
dcbfe1,
bb94b8,
af83a4,
8e6080,
935a80,
9c5180,
be76af,
d591cf,
c888cb,
ecbae5,
faceeb,
f7ceeb,
f4cfe9,
f1d2eb,
efd6ec,
eed8ee,
edd8ef,
eddaf0,
ecdaf0,
eed9ef,
ecd9ef,
eddbf1,
eddbf1,
eedbf1,
e1cbdf,
d9c1d8,
f1ddf3,
f1def4,
f6d8f0,
e9c3de,
eed0e9,
eed1ea,
e2bbdb,
d5b8d3,
e8cfe5,
edcfea,
c191b6,
e9c1df,
e6bede,
e0b8da,
efc3e8,
d789bf,
d87cbb,
db8dc8,
eda0dc,
c26aa3,
cb75a3,
d17ba4,
c9719a,
c26f99,
d279ab,
d077a9,
c572a1,
efc0e7,
c986ac,
cc8bb5,
c47bae,
d27eb7,
d887c3,
d682be,
cb71ac,
e08ec7,
f3bfee,
f2cbf9,
c6b3e7,
baaae1,
c1b0e1,
e0bff3,
db9ecf,
d884bc,
d179b2,
d177ae,
d37eb7,
df8fcc,
d481bf,
d07dba,
cc7cb9,
cf7dbb,
d17ebd,
d17fbd,
d280c3,
d280c6,
d27fc8,
d180c7,
cc80c7,
c993da,
d8aef4,
d196e1,
d78ed9,
e09ddd,
dcabdb,
f1c9ea,
fdd4f3,
fed8f1,
fdd5ec,
fbd0e7,
f8cee6,
f7cce8,
facde8,
fcd0e9,
fdd2ed,
fcd5f0,
e9bae4,
d08ac8,
d088ca,
d284cc,
ca7abf,
cb7bc3,
d786d2,
d985d1,
d886d2,
d787d2,
d395d8,
d8bbf8,
d4bcf7,
cf8dcd,
d47ec2,
d87ec0,
da7fc1,
d47fbf,
c3a1d4,
c9c2f4,
d583c9,
d077be,
c86fb7,
d780c7,
d781c7,
d781c8,
d781c8,
b4579c,
b05692,
c474b2,
d081c7,
d282c7,
d580c6,
d581c3,
d584bd,
bd6fa5,
bd71aa,
d285c7,
d483c8,
b9567f,
b15676,
834263,
b05c85,
b14f7f,
ab4f7a,
7e3e53,
80485a,
9c6281,
c181a4,
f0bed8,
f1bcd7,
f1b9d3,
d29cb7,
e7b7d1,
ecc1db,
ebc0da,
ebbfd8,
ecbdd7,
ecbcd5,
ebbcd5,
ecbcd5,
eebdd5,
f1bfd8,
f0c1db,
e8bad4,
eec4dc,
eecce6,
eccde7,
edcde7,
eccce7,
e7c6e1,
d9a5c7,
df99c1,
da85b3,
d875a5,
d873a6,
da74a9,
de75ad,
e07ab0,
d570a5,
c46798,
c9769f,
b36b8f,
955c82,
946d9f,
c08dc2,
be6798,
c26190,
c05f8c,
bf5f8c,
ca73a0,
b3658b,
ad6f86,
b87f91,
a36778,
9d6675,
845264,
b587a8,
b78090,
a96e7d,
925665,
874f5e,
8a5262,
8b5364,
8b5463,
986473,
91596b,
955a6d,
9f6477,
a96f80,
ba7c8e,
bf7e90,
bf7d8f,
c07d8f,
c07d8f,
bf7d8f,
bf7d8f,
bf7e8f,
bf7e8e,
bf7e8d,
bf7e8f,
bf7f90,
c07e91,
c17f93,
bf8092,
be8191,
bc8191,
b68b9a,
d0b0bf,
a57888,
7b4757,
ae7689,
bf8b9f,
e7c2d5,
dcb5c8,
c3869c,
c5879e,
c5879f,
c5889d,
c6889e,
c9899f,
ca8a9f,
ca8aa0,
c98a9f,
c88da1,
b17a8c,
7a4456,
b1798c,
ca8ea3,
cc8fa3,
cc91a5,
d3a0b3,
dfb4c7,
d6a9bb,
ca95a8,
cc93a8,
ce94a8,
cc91a7,
d195ab,
d296ad,
d197ae,
d299b1,
d49bb2,
d69db0,
d69eae,
aa7584,
794653,
7b4956,
7a4a5c,
936887,
b58bbd,
bc92c5,
b386aa,
774b53,
926680,
bb8ebf,
ba8dc0,
bc8fc2,
b890c2,
ba91c3,
be93c6,
dcb5da,
e7c2df,
e9c3dd,
e9c1d9,
ebbfd7,
f1c2d8,
eac1dc,
b4a1ce,
afa2d0,
d0b9e0,
e6c4e1,
e9c1d7,
e9bdcf,
daacbe,
ce9fb7,
dfb5d0,
e2bad7,
e1bad9,
e0bcda,
e1bddb,
e2bddc,
e2bddc,
debeda,
d7aac7,
a1597a,
c088a9,
e5bfdf,
e4c0df,
e0bfdc,
d6b5d3,
e5c2dd,
e5c4df,
d1afc6,
805667,
876181,
d8badd,
e5c9eb,
e7cbeb,
d4afd1,
986788,
956f8f,
a7638d,
a15083,
cf8bc1,
dd96d4,
ce89cc,
bf80c4,
e8bbe1,
f3cce8,
f2cfe9,
f1d2eb,
efd5ec,
f0d7ef,
eed3ec,
d5bbd3,
efd9f0,
eed9f0,
eedaf0,
eddbf1,
eddbf1,
eddbf0,
e6d2e8,
ab8fac,
edd5ef,
f2dbf3,
f5d2ea,
ddb0c8,
f1cfe8,
edd0e8,
ebcce6,
e7cde5,
e4cfe5,
e9cfe6,
edcae3,
e3c3da,
e7cbe3,
edd1ec,
efd4f1,
d993c2,
d47cb9,
d479b8,
bb5c9c,
cf6da4,
d1709e,
cf709b,
cc7099,
c26b94,
cb76a2,
cd84b1,
d39dc7,
e5c7ef,
dabae2,
eac7ef,
d2a1cf,
c97cb6,
d786c4,
da88c7,
d57ebe,
d582c1,
df9ed6,
e3b1e2,
e9c4f4,
edc8f9,
edcaf6,
e3b1e1,
d38fc0,
de89c2,
d17ab3,
d177b0,
d782bd,
dc8ecc,
d17fbe,
ce7cb9,
cc7cb9,
cf7dbc,
d27fbd,
d27fbd,
d17fc2,
ce7ec1,
cd7dbd,
b96ca1,
c578b4,
cb7cc5,
cb85cd,
d2a4e8,
d39ce3,
d392d6,
e0ade5,
dcb1e4,
ddb0df,
f3caee,
e8ccec,
bdb7e1,
b6b7e3,
b2bae5,
bfbfe5,
d8c5e8,
efcbeb,
f3cdeb,
e6bde2,
ecc2e8,
e3b5e1,
cf87c5,
ce7fbf,
c170b7,
d985d0,
d883ce,
d783cf,
d784cf,
d688d0,
cf8dd1,
d290d1,
d587c8,
d67fc1,
d77ec0,
d87ebf,
d57ebd,
c380b9,
ceacdf,
bf68ab,
b45a9e,
d07dc2,
d27fc3,
d480c3,
d77fc4,
d379ba,
a9498b,
d072b0,
ca78b2,
ce81c3,
d182c5,
d380c3,
d17fbe,
c172a4,
aa6592,
c58ac2,
cc88cb,
d083cb,
ba567b,
b05773,
85415d,
ae5980,
a74779,
a55079,
773e55,
8c5b6f,
80465f,
93607c,
d8acc8,
e4b8d0,
ebbad1,
e8b6cd,
e3b2cb,
ecbdd6,
ebc1d9,
e9bfd7,
e9bdd5,
e9bad4,
eabad3,
edbbd8,
ebb9d5,
eebdd8,
ebbad5,
ecbdd8,
efc8e0,
eccae3,
eccce6,
eecce7,
e6c5e0,
e5c2df,
eec9e6,
f4ccea,
f1c6e9,
d274a3,
db7cac,
da78a9,
dd7bab,
db7da9,
c1658f,
b76189,
b4618a,
ad5d7f,
914a6a,
a1769e,
bb9ace,
b0689a,
be5f8e,
bf5e8b,
bf5f8c,
c56794,
b7698d,
b06d86,
b87e8f,
a36978,
885264,
ac7f9d,
b3849b,
a36e7a,
854e5a,
874f5b,
884f5a,
874f5a,
87505d,
88505e,
88505e,
854f60,
945d6f,
9e6578,
94576a,
97576a,
ad6b7f,
be7d8e,
c07d90,
c17c90,
c07c90,
c17c90,
bf7d8f,
bf7d8f,
bf7d8f,
bf7e8f,
c07e90,
c07e91,
bf7e92,
bd8192,
bb8391,
bb8292,
c89daf,
e7c4d6,
d8acc0,
b48296,
d6a2b7,
d6a6bd,
dcb3c9,
deb5c9,
b98199,
c589a1,
d39bb1,
dca4b9,
ce8fa5,
c8889f,
c7889e,
c7889e,
c6889e,
bf869c,
814d61,
8a5165,
c4899e,
cb8ca2,
cf8da3,
d08ea2,
cf8fa2,
cb8fa3,
c990a6,
cd90a8,
c0829a,
c3829b,
ce8fa7,
d094ab,
cf95ad,
e4bad4,
d9a7c4,
ce9bb9,
d39bb4,
cd93a6,
865060,
784650,
7d4b54,
804e59,
7a4b5e,
815375,
ba90c2,
bb8eb5,
774a59,
9d7297,
b78cc1,
b68cc2,
b78dc5,
b98fc4,
b991c5,
ba92c4,
e8c2e6,
c9a4c0,
ddb6cf,
dcb2cd,
e1b5cd,
e5b6cd,
e5bad2,
eec4e1,
f0c6e2,
eec4db,
e4b6cd,
ddadbc,
ca9ba8,
86576b,
d3a7be,
e4bad5,
e3bad7,
e3badb,
ddb4d8,
ddb5da,
dfbbdd,
dfbcdd,
debcdb,
dfbbd9,
bb819e,
9d5879,
e5b9da,
e5bfdf,
e1c1e0,
e4c1e1,
e7c1e2,
e7c2e2,
e6c2df,
9f758c,
79516c,
ccadd0,
e5c8e7,
e7c9e7,
ebcaea,
aa81a6,
ab7799,
a55581,
a34e8a,
f6c7ee,
f0afe2,
d489c4,
c880bd,
c895c4,
efceed,
f0d1ee,
f0d3ed,
f1d5ed,
f5d4f4,
c69cbc,
d7b4cf,
f1d7ee,
ecd9ed,
ecdaee,
ebdaee,
eadaee,
ecdaee,
ebd8ec,
e9cde7,
ebc8e3,
e3bcd3,
e4b7cd,
e0acc3,
e6bdd5,
eacbe4,
e5c7e1,
e7cce3,
e6cee5,
e8cfe4,
e4c6d9,
e5c9df,
e8d0e6,
e9d0ea,
f1d2f2,
cd7cab,
d17ab0,
b95a93,
d270ab,
d472a7,
d3709e,
d17099,
ce6f99,
c36b91,
c8739a,
d79fc5,
efc9f2,
d5b1dc,
ccacd8,
b98cb8,
c38cbc,
e0a1d6,
d886c7,
db88ca,
dd88ce,
da87ce,
d788c8,
d184c2,
c474b0,
d183bb,
d17db4,
d177af,
c972a8,
da88c0,
d07cb5,
cb77b3,
d07bb9,
d280bb,
d07ebd,
ce7bbc,
cd7bba,
cc7cb9,
c877b4,
d27fbf,
d07ec1,
cc7dbd,
c87cb3,
b2698f,
c378af,
cc7dc3,
cd7fca,
cb7ec7,
d9a4eb,
cf84d1,
ce81d1,
d393dd,
d093de,
bd7dca,
cda4d6,
c2bae2,
a8acda,
abb8e2,
a4b6e2,
b0bbe7,
c9c2e6,
edcfed,
efc8e6,
e1bad6,
e8c1e0,
f3cbec,
e9b3e1,
b769aa,
d785cc,
d583c8,
d682c9,
d782ca,
d781c5,
d379ba,
d97ebd,
d981c2,
d880c2,
d87dbf,
d67cbd,
d47dbb,
ce7fba,
bc6aa7,
a94d8d,
bc7cb9,
cfa5dd,
daa6df,
d67fbd,
da7fbc,
bc5d97,
b45190,
d878b6,
c872ab,
cc81bf,
d281c3,
d37fc2,
cf7cba,
ab618f,
a5628d,
a45f9c,
cf80c8,
d181ca,
b95679,
b35772,
864059,
aa557c,
934366,
86475d,
734150,
7a4b61,
8d5876,
b880a3,
f3c9e4,
f5cbe3,
f3c9e2,
f3c8e1,
eebfd8,
e4b3cc,
e9bbd3,
e9bed8,
e1bedd,
cab4de,
b5abdc,
aea9e0,
a9a5df,
b6a9dd,
d6b0d7,
f1c3df,
eec5df,
eec8e1,
efc9e2,
e6c0da,
e7bfd9,
ebc5e1,
efc9e7,
f8c9ec,
db9bc1,
c77298,
bf6b90,
bb668d,
b36085,
b05a7e,
af587d,
af587c,
b96388,
b35d7e,
a95977,
844867,
a57da9,
b989b9,
bd77a5,
be5e8e,
c05e8d,
bf618d,
b76387,
b46e86,
b97d8e,
925a67,
8c596e,
a5768e,
8a5463,
824c55,
824d55,
8a535b,
99616a,
a46d79,
a8717f,
aa7180,
a26877,
a06475,
995a6c,
945669,
ac6d80,
bb7c8e,
bc7b8e,
bd7b8d,
bf7c8e,
bf7c8e,
bf7c8e,
bf7c8e,
be7c8e,
be7c8e,
be7c8e,
be7d8e,
bf7d8e,
bf7e90,
bf8294,
d4acbd,
ceabbc,
bd8da2,
a87c93,
e3c1d6,
d8aec4,
dbafc3,
d3a3b9,
d6a8bf,
daaec6,
daadc3,
cf9db3,
e0b0c7,
e4b2c9,
daa4bb,
c6879f,
c7879e,
c7879d,
c7879c,
c6879d,
ac768a,
764357,
a46a7e,
ad6e81,
d18da2,
d38da2,
d18ca3,
c17e95,
b57189,
b6758e,
bd7c95,
cb89a1,
d38fa7,
d492aa,
d193ab,
cd94ae,
ebc5e5,
f0c9ec,
cea8cb,
ebc6e9,
f2c8e6,
a67991,
7c4c5e,
805162,
815167,
966782,
794d64,
8c6384,
be92b3,
7e5266,
b78bb5,
b88cbe,
ba8cc1,
ba8dc2,
b98dc3,
be94c7,
d7b1de,
eccbf1,
ebcef1,
efceee,
e1bdda,
ddb3ce,
deb2cb,
dcb1ca,
ddb2cc,
e2b8d2,
deb3c9,
b18196,
845462,
7d4d59,
a6798e,
e3bbd4,
e5bad6,
e5b7d7,
c590b7,
bb8ab3,
ddb4d9,
dfbbdc,
dfbbdb,
dfbcda,
dfbcda,
dbadcc,
a66182,
b47b9a,
e6bfdf,
e1c0e0,
e1bedf,
c295bb,
ddb2d7,
ebc3e5,
a57e99,
7c5368,
b491b6,
e6c8e9,
e7c9e7,
c9a2c3,
a883a6,
b887a8,
a25082,
b674a5,
fed6f7,
f6bfe8,
d387bf,
c87db7,
bd81b3,
e6c4e7,
f1d3f1,
f0d4f0,
f1d2ef,
bd8fb1,
c696b8,
f2d3ed,
efd6ed,
ecd7ec,
edd9ed,
ecd9ed,
ebd9ed,
ecdaee,
ead6ec,
e6c9e1,
efc9e1,
efc2dc,
eeb9d2,
ebb3ca,
e5aec7,
e6bcd6,
e7c8e1,
e2c7e3,
dfcbe7,
e6cfe8,
e0c6da,
e6cce2,
e4cce2,
e9cfe6,
cfa5c2,
be739a,
b36995,
c17daa,
d889b9,
d171a1,
d0709d,
d06f9a,
ce6f99,
c76d93,
c97298,
d697bb,
e9b6dc,
d39dc2,
b16b93,
c07aa5,
efaedb,
de98cc,
da85c7,
de87cc,
de88cf,
dd88cf,
da87cb,
d785c8,
d884c5,
dd89c8,
d682bd,
d47cb2,
cf75ab,
de89c2,
d17eb9,
cc79b6,
d07dbc,
d17ebd,
d07dbd,
cd7bbd,
cd7bbb,
cc7bba,
cc7ab8,
b564a0,
c073ae,
c57bb6,
c57caf,
b36a99,
c77ab8,
cd7cc6,
ce7fcc,
cb7fcd,
d38fdb,
d18ad9,
cd81d0,
c581cb,
db9ae2,
cb82ce,
e7b0e9,
fad6fb,
f3d3f6,
f5d2f6,
d7c5ef,
a5a9d9,
a9add7,
d2bddf,
f7d0ea,
f8cfe6,
f8d0e8,
f1c7e3,
eab9e1,
d08ec6,
c173b4,
d281c3,
d480c4,
d681c5,
d782c2,
d279b6,
d378b4,
d47bb8,
d77ebb,
d77ebb,
d57cb8,
d37cb8,
c46fab,
a95894,
b56aa6,
d2b3e7,
d5a0d5,
d380b7,
d279af,
d477af,
ad4b84,
be5b94,
d676ac,
ce73a7,
bf6ea8,
d382c0,
d480c0,
cf7cb4,
ac628b,
aa628d,
c979bb,
d181ca,
d380ca,
b85678,
b05870,
7e3a51,
a14d74,
864058,
75414e,
6f404f,
6d455f,
c889b2,
b3648f,
e9abca,
f1bcd6,
f5c7e0,
f4c7e0,
f5c7e0,
f1c1d8,
deafc6,
e0b5d1,
a9a7e0,
8ba0e8,
8ba1eb,
8ea4ea,
8fa6e8,
8ea4e7,
97a0df,
d2b6de,
f0c8e1,
e6bcd4,
e1b5ce,
edc1d9,
ebc3dc,
edc6e1,
f1c8e7,
da9fc2,
af607f,
a65972,
a55673,
a55375,
a65376,
ac577b,
b85d83,
c1668c,
d67da2,
c06288,
be6285,
924d69,
7f4b6d,
c2a0cf,
c289bb,
bd5d8f,
c05e8e,
be5e8d,
b35c84,
b36d82,
a66978,
844e56,
834e59,
834e58,
844d56,
824c53,
844d54,
854d56,
854b56,
8d525d,
a46876,
b87a89,
ba7c8b,
ba7d8b,
bc7e8c,
bb7c8d,
b67688,
b8798a,
bb7b8c,
bd7b8d,
bd7b8d,
be7c8e,
be7c8e,
be7c8e,
be7c8f,
be7c8e,
be7d8c,
bd7c8c,
bc798a,
b47282,
aa6f81,
d4b1c5,
e4cfe0,
e1bdd0,
d4a7bd,
daadc5,
dab3c9,
d9afc5,
dbacc1,
d6a4bc,
d7a5be,
d8a6be,
deaac1,
dfadc4,
e0aec5,
ca91a8,
c6859e,
c9869e,
c9879d,
c7879c,
c2889b,
956075,
7b475a,
bb8194,
8c4d60,
bf7b8e,
b06880,
974f69,
ab637c,
ce86a0,
d08ca4,
ce8da3,
ce8ea4,
ce8ea6,
d08fa8,
d192a8,
deaec8,
dfb8df,
edcdf5,
e4c8ef,
e9cef4,
ebcdf0,
cba9c5,
d3abc5,
b78eac,
a779a0,
b386ad,
a27693,
774c60,
81586a,
7b5266,
bb8eba,
b88bbb,
b889bd,
b485b8,
ba8dc1,
bb8fc2,
e9c1ee,
f1cef6,
edcff3,
eccff4,
eecdf1,
e4bcda,
ddb2d0,
dcb2d0,
dbb2cf,
dcb2ce,
deb5ce,
e1b5cd,
cc9fb2,
7e4e5e,
cea1b8,
e2b9d5,
eab7da,
c386ab,
c286ad,
e6b7dd,
dfbadc,
ddbad9,
ddbad9,
dfbcda,
dfbbda,
e2b9d9,
b77999,
a56182,
d9afd1,
dfbedf,
e5c1e4,
c188b6,
8d4d7e,
e0abd7,
daadcd,
7e4e60,
b18bac,
e5c6ea,
dfbfdf,
704668,
dcbadb,
f3d2f0,
a9568d,
ebbde4,
fdd7f5,
fcc8eb,
d186ba,
c87ab3,
c379b1,
cd9dc8,
eed1f1,
f1d3f0,
daadd0,
b1799e,
f5d3f1,
f2d5ed,
eed6eb,
ecd7ec,
edd9ed,
ecd9ed,
ecd9ee,
ecd9f0,
efdaf0,
dcc3da,
e3c4dc,
e8c3dc,
e7bdd4,
e8b7ce,
e3b2c9,
dcaec7,
d1bce0,
9ca8da,
93a3d9,
96a6da,
d6c5e6,
e3c7e1,
e5cadf,
e8cce1,
efd1e9,
f0d3ee,
f5d4f3,
efcbed,
f3ccf4,
cd719e,
cf6e9b,
d0709b,
d1709b,
c96f96,
c77197,
c77396,
b76588,
a55275,
b56084,
cd78a3,
c974a4,
d67fb5,
da82c4,
df86cc,
de87d0,
dd87d1,
db86ce,
d983cc,
da85ca,
db87c9,
d883c3,
d980bd,
d97fbc,
dd88c5,
d17ebc,
cd7aba,
d27fbf,
d27ec0,
d07dbf,
d07cbf,
d07dbe,
d17ebe,
cf7cbb,
cd7db4,
9f5784,
c27bae,
c27eae,
b56da1,
ca7dc1,
d07ec9,
d27fce,
cf7fd1,
cd7fd0,
e096e5,
d181d1,
cb81d0,
d994e1,
cb7fcc,
cb82c7,
d59cca,
a47393,
a06b8b,
d7abd2,
f3d6f8,
f3d9f7,
e8c9e7,
fbd0e8,
fdcfe6,
fad0e8,
fcd2ec,
fed2f3,
fdd6f9,
f7c6f2,
d481bd,
d480bd,
d580bb,
d581bb,
d47cb5,
ce74a9,
d076aa,
d478b0,
d67db4,
d179b0,
c375aa,
8f477d,
d1aadb,
a585b7,
ceb2e3,
ce74ab,
d477ab,
d776aa,
ce6ba3,
ae4b83,
c86399,
d673a7,
d173a2,
c16a9b,
d37fb8,
d27fb5,
c576a6,
a95d87,
be71a4,
d081c4,
d180c8,
d481ca,
b65775,
ae5771,
7d3951,
914865,
7f4153,
733f49,
734455,
aa7d9f,
b35c86,
be678c,
b46781,
a66179,
d192af,
f0b5d3,
f0b8d3,
f3bfd8,
f2c2d8,
e5b9d8,
939ade,
879ee8,
849fec,
869feb,
87a1ea,
889fe6,
859be3,
aca2d8,
e2b5d0,
e6b9d2,
edbeda,
ecc1db,
eac3dc,
ebc0dc,
c58caa,
9e5873,
9f526b,
a75872,
b25c7b,
b85d80,
d5779b,
d5799e,
c26289,
c76a91,
ce6e96,
c25f87,
bf6086,
b36382,
814766,
9d7ba4,
af71a5,
b8578f,
b8558a,
b65388,
aa4e7e,
995371,
894c5c,
834c52,
844d52,
834c54,
8b525b,
945b63,
9c626d,
a46976,
aa6e7b,
9f626f,
814251,
aa6b7a,
bb7b8b,
ba7b8a,
ba7a88,
ba7a88,
ba7a89,
ba7a8a,
ba798b,
ba798b,
bc7b8b,
bc7b8b,
bd7b8c,
bd7b8c,
be7c8c,
be7c8d,
bd7c8c,
bc7b8b,
bd7b8a,
bd7a89,
bc788a,
c58b9e,
deadbf,
e2b4ca,
daa8be,
d7a5bb,
d0a4c2,
bf9dc4,
b195c2,
a68dbb,
ae8fb6,
d29bb6,
db9eb6,
dba1b9,
d59eb5,
d198af,
d69db4,
d194aa,
c5879d,
c4879c,
bb8195,
7c485b,
945b6c,
9e6175,
87485b,
985569,
b36e85,
c88299,
d089a0,
d08aa1,
cf8ba2,
ce8da3,
ce8da3,
ce8ea4,
cf8fa5,
ce91a7,
e5b6d0,
f2ccf0,
eacdf4,
e0caf7,
c7b6e7,
dcc6ee,
e7cdf3,
edcff3,
cda8d1,
be94c0,
ba8db8,
b287ac,
986c85,
754a58,
754955,
a57699,
b787b7,
af7eb1,
a876a9,
bc8cc1,
bb8ec2,
d8aedb,
f1cef5,
efcef3,
ebcff3,
edcdf1,
d9aed0,
cc9bbd,
e0afd0,
deb0d0,
dbb1cf,
dab3ce,
dbb4cd,
ddb6cc,
a27a8d,
bb90aa,
d8a6c8,
a96a90,
bf81a6,
e3b4d9,
e1b7da,
dfb8d9,
dcb8d7,
dcb8d7,
dfbad8,
dfbad9,
dcb4d3,
b97e9e,
a35678,
c692b3,
e0bbdb,
dfbcdf,
e3bbe2,
ba7fac,
974d7f,
d69ec6,
b486a0,
997293,
bd95ba,
8c5e80,
bc91b3,
eec9ec,
f2caf0,
a0558e,
f0c0ec,
f3bee3,
d997c3,
ca7cb2,
c978b3,
c879b2,
bd79ae,
eac8ec,
f0c9ee,
af7199,
e5bddd,
efd3f0,
f0d4ee,
edd5eb,
ebd6eb,
ecd7ec,
ecd8ed,
ecd9ed,
ebd8ef,
edd8ef,
ebd6ec,
e2cce3,
ead3eb,
e8d7ec,
e8d4e9,
e8c7df,
e1bfd7,
8687be,
7c9fdc,
85abe8,
86abe8,
8da9df,
c6b9dd,
e4c6dc,
e6c8de,
e9cee5,
ead0e9,
ead0ec,
ebcbe9,
e3b7d9,
c16a93,
cc6f9a,
cf709c,
cf729d,
c97099,
c16c92,
b65f82,
a85276,
b4688c,
be6d91,
c8739a,
ca73a1,
d47bb1,
da81c2,
de86cc,
dd87d0,
dd87d0,
dc85cf,
d984cd,
dc86cb,
da84c6,
db83c4,
db83c2,
dc83c4,
dc84c4,
d47ebe,
d37ec0,
da84c5,
d683c3,
d581c2,
d07ec0,
d27ec0,
d27ebf,
d07dbe,
ce7ebb,
b36b99,
93507c,
bd7da8,
b972aa,
cf80c9,
d27fcd,
d380d0,
d380d1,
d381d2,
dc8ddb,
d182d1,
cd81cf,
d88dda,
cd7fc8,
cc7fc3,
b877a5,
874b6b,
b16b9b,
d084c0,
d38bc4,
e09cce,
e6aad3,
efbfe0,
fbceec,
fdcfea,
fdd1ee,
f6cced,
d79fc9,
d487bb,
cf76b2,
d37ab5,
cf78b1,
d47eb4,
d47cb0,
d175a7,
d075a6,
d278a9,
d581b0,
e08fbd,
c777a4,
cb86b0,
dca9ce,
d7acd2,
d29bc6,
da86b5,
d47aaa,
d575a5,
c6649b,
ae4985,
d06ba4,
d471a3,
d073a0,
cd73a2,
c873a4,
c977a7,
b46791,
bb7198,
bd71a4,
cb7ac1,
d280ca,
d37fca,
af5673,
a45470,
813f55,
7b3f4f,
76414a,
713f47,
7e5065,
b26d90,
a84e6e,
994663,
914158,
93435b,
c16e92,
c0739b,
f1b0cf,
efb6d0,
f2bed5,
f2c5db,
b0a3dc,
8d95da,
98a1e5,
969ee2,
949ce0,
8093da,
798ccf,
ae9cce,
e6bad5,
ebbfd9,
ecc1dd,
ecc2dd,
edc4de,
f0c6e0,
e9bdd7,
9c556f,
d083a3,
de8eae,
ca7295,
c25f85,
d57097,
d37399,
c26188,
cb6c93,
c8638d,
c35c87,
c05f88,
be688c,
874865,
825579,
a06091,
ab4a83,
ae4980,
af487d,
aa4c78,
9d5b72,
844b54,
824a50,
895157,
ae727d,
b57782,
b67983,
b67885,
b67987,
b87887,
ba7988,
8f4c5b,
7a3646,
b67484,
ba7988,
ba7988,
ba7a87,
ba7a87,
b97989,
b37283,
b57385,
ba7989,
ba7988,
bb7b8a,
bb7b8a,
bb7b8a,
bd7b8c,
bd7b8b,
bd7c8b,
bb7b8a,
bd7b89,
be7786,
be7483,
c67a8c,
cb859d,
d79ab2,
dea6be,
bf9ac9,
827ebf,
8185ca,
7e84c7,
7984bf,
b384aa,
d794ac,
d593aa,
d89cb4,
e0a8c0,
e0acc3,
e1a6bc,
c5869a,
ba7b90,
965d72,
7b4356,
975063,
a45e72,
bb768a,
c8859b,
c9879e,
ca879d,
cb889e,
cc899f,
cc8ba0,
cb8ba1,
cc8ca2,
cd8da3,
ce8ea4,
ce8ea5,
ce92aa,
d5a5c4,
ebcef0,
dfcbf6,
9381b9,
c0afde,
c5b6e6,
dec8f4,
edcdf7,
f3cef5,
eec7ef,
b78eb3,
b588a9,
815566,
774955,
7c4d64,
b17fab,
bb85b8,
905589,
b985b6,
bc8ebe,
be96c0,
eccbf1,
eecff4,
ebd0f3,
edcdf0,
e3b6d9,
94567e,
a9648f,
e3a9cf,
dcb0cf,
dcb1ce,
dcb2cd,
dcb4cc,
c197b0,
94647f,
99587f,
c282a8,
e9b5d9,
dfb6d8,
ddb7d9,
ddb8d7,
ddb8d7,
ddb8d7,
deb9d8,
dfbad9,
e1bbda,
e3afd0,
aa6183,
a96989,
e5bcdb,
d4b1d5,
d1afd5,
e3badf,
ab6897,
a25386,
f3c0e3,
906585,
9b6b91,
8d597d,
ecc6e9,
eac7ea,
ebc3eb,
975e96,
cba0d2,
c27bb2,
c178ae,
c377b0,
c477b4,
c677b2,
c274ae,
d7a7d3,
c084b0,
ba82ab,
f0d3f0,
ecd3ee,
edd4ed,
ead5eb,
ecd5ed,
ebd6ec,
ebd7ec,
ebd8ed,
ecd8ee,
ebd7ed,
e7d4eb,
e8d5eb,
e8d5eb,
e4d5e9,
e3d2e8,
e4c9e0,
e2c0da,
9493c7,
779edf,
7da8e6,
7ea7e5,
7ea8e4,
a4a6d6,
e3bdd5,
e8c4da,
eac9e0,
edcde7,
f0ccea,
d8a7ca,
b06a90,
bb6890,
c86f99,
cc709a,
c8749d,
bb6c92,
a85578,
a4557a,
cc92bb,
dfb3dc,
c78ab2,
d393bb,
ce7dac,
cf75ab,
d67dbc,
dc86ca,
da86cb,
db87cd,
da85cf,
d885cc,
da85c9,
d67fc0,
da82bf,
db84c2,
d982c2,
d67fbc,
d57db8,
d67fbf,
de87c6,
db85c4,
d783c3,
d380c0,
d47fc1,
d37fc0,
d37ec1,
d380c1,
ce84ba,
924f79,
a5648c,
bf78b6,
d081ce,
d483d1,
d584d1,
d783d1,
d883d2,
d985d3,
d785d3,
d382d0,
d889d3,
d180c6,
cc81bd,
955b7e,
90577a,
c57db8,
d07dc0,
d37bbe,
d87ebe,
d97ebb,
d17daf,
d28db7,
f0c5e8,
e2add6,
e5b2dc,
f2c3ef,
d98ec3,
c165a1,
c2649c,
d073a9,
d27bad,
cf77a7,
ce7fb1,
c47eae,
c778a6,
d78bb7,
e69dc5,
e39ec1,
d794b5,
dd9abc,
da98b9,
de99bb,
e19ec4,
d98fb9,
cb729e,
b95990,
b4508c,
d573aa,
d372a0,
d0739d,
cf75a2,
c872a1,
bd6d97,
ad6186,
ae6589,
b4669d,
b360ac,
d480ce,
d37dca,
ca88a4,
cc8ba4,
b3788c,
78434f,
704048,
6e3f49,
a07088,
a35270,
98425b,
903f55,
a95d73,
b46081,
af5681,
aa527d,
a75a7b,
b4718c,
cf96b1,
e9b9cf,
edc3e0,
e9bfdf,
eac2e1,
ebc2e3,
e8c1e3,
d4b3d9,
e1b9de,
edc0de,
edbfdc,
edbfda,
edc0d9,
edc1db,
f1c4e0,
f0c5df,
f0c0dc,
da95b6,
e297b9,
e194b7,
cf81a4,
c380a2,
c16c8f,
da789f,
c16189,
d977a1,
c57aa3,
d89bc2,
c06790,
b96188,
914c69,
84506b,
9c5988,
a94a81,
b34e84,
bb5787,
a95677,
824a57,
955e68,
a9707b,
aa6e7b,
b87886,
b87785,
b87885,
b87885,
b77885,
b97887,
b97887,
ac6a79,
7c3848,
935060,
ba7787,
bb7988,
b97985,
b97885,
b57382,
b47281,
b77887,
b97987,
ba7987,
bb7a88,
bb7a88,
bb7a89,
bb7a89,
bb7b8a,
bc7b8a,
bd7a89,
b87485,
c58193,
cf879a,
d4879d,
d6879e,
cf839c,
c987a3,
8566a1,
7479bf,
7380c7,
6f7cc1,
6e73b1,
ae7ba0,
d18ba2,
d08da3,
d296ac,
d598b0,
c7879e,
b26a7f,
a5596a,
985266,
7d4558,
985a6e,
c07a8f,
ca8499,
c88598,
c7859b,
c8869d,
c9869c,
c9879d,
cb889e,
ca899f,
cb8ba0,
cb8ba1,
cc8ca2,
cd8da2,
cd8ea4,
cc8fa7,
cc94ac,
d8aecc,
e5c9e9,
a981a5,
d4b6d8,
e1ccf3,
e8cff4,
f1d1f3,
e8c3e4,
ba95b5,
ae80a1,
b286a8,
94677e,
794d5b,
784c5b,
92637d,
bc8ab5,
a96c9d,
89466f,
a9719a,
c395bd,
d5a8cc,
dbb4d7,
dcb6d7,
d9b0d0,
daabce,
cf96bd,
a45785,
a75f8a,
d5a1c8,
dcb0d2,
ddb1cf,
dfb1d0,
ca95b4,
814e6a,
b681a9,
ddadd2,
deb5d6,
deb6d6,
dcb7d7,
dcb7d7,
ddb8d7,
ddb8d7,
deb9d8,
deb9d9,
dfbad8,
e5b9d8,
d096b7,
9a5675,
d8a7c4,
e2badc,
debadd,
d8abcf,
d9a3ce,
b06392,
bc6693,
bf8dae,
845072,
9f6c8f,
ebc4ec,
e4c3ea,
c39ec9,
ac7eaf,
ac85b4,
af77a9,
b077ac,
b482b9,
c188bf,
bd74af,
c272ab,
bf7aad,
a25a88,
e4bee1,
eed2ed,
ebd2ec,
ead3eb,
ead3eb,
ead3ec,
ebd5ec,
ebd5ec,
ebd6ec,
ebd6ec,
ebd7ed,
e8d5eb,
e5cde6,
e7cce6,
e7d1eb,
e9d1e7,
e9cadf,
e6c0d7,
d0b4d3,
8591cc,
7396da,
719add,
729ad6,
afa1cd,
e7b9d0,
e7bdd1,
e8c1d9,
e4bbd7,
c18dad,
b67197,
ba6d95,
bd6a92,
c27098,
d594ba,
dda7cc,
af678b,
9b547a,
b089b9,
d0bbec,
dfc2ef,
e5c4ef,
e4bae6,
c37aac,
c873a8,
ce77b2,
d882c1,
d782c4,
da83c7,
d983c8,
d882c6,
d880bf,
d67db9,
d77db8,
d880ba,
d77fba,
d57bb2,
d47bb2,
d57db6,
da81bd,
d981bc,
d880bb,
d77fba,
d67ebb,
d37ebb,
d782c2,
d884c6,
d384c1,
cc83b6,
925272,
c883bb,
d185ce,
d385d0,
d785d0,
d984cd,
da84ce,
d683cd,
d886ce,
d683cb,
d786c8,
d281c0,
c478ad,
844e6d,
ab6e9c,
cd7ebd,
d37dbe,
d279b5,
d277b3,
d97eb7,
da7fb5,
d57cab,
cf7ba9,
d98ebb,
cf76a8,
cd7aaf,
cf77b4,
b65794,
db7cb1,
cd6d9f,
d375a4,
d072a2,
c57fb0,
d7b8e5,
d3abd8,
ce86b5,
d889b4,
de9ac1,
b589b0,
9f84b1,
a289b3,
b690b6,
d99abc,
e39ebe,
e297ba,
c06899,
c0619b,
d777ad,
d273a0,
d1739e,
ce73a1,
c06c98,
ad6184,
a8607e,
a75e86,
c97abe,
ba66b2,
c46ebc,
d37eca,
c58ba7,
c88da9,
c990a6,
925c6b,
713f4b,
6c3e4a,
a06276,
914256,
914053,
b16478,
f1abc3,
b76388,
a14975,
a34c72,
8d3e5c,
bb7c93,
c189a1,
c393a9,
ebbcd0,
ebbcd1,
eab8ce,
e9b6cc,
e6b6cc,
e9b9d1,
eab9d3,
eab8d2,
efb9d3,
f3bdd7,
f7c0da,
f7c1db,
f1bbda,
c988aa,
e49ec0,
e298bd,
d686ab,
d88bad,
ebc6e3,
e1d6ef,
eacde7,
cd80a1,
c96c8f,
d2789c,
cf9cbe,
ebc4e5,
bb7299,
aa527a,
954a6b,
864c69,
9d5a88,
b7578c,
bc5888,
bc5d83,
9b5269,
814b59,
b17887,
b37886,
ad6e7d,
ba7a89,
b77685,
b87786,
b87786,
b87786,
b77786,
b87887,
b97786,
904b5d,
7c3847,
b3707f,
bb7887,
b97885,
b87784,
b97786,
ba7887,
b77887,
b87887,
b97887,
ba7988,
ba7988,
ba7988,
bb7a89,
bc7b89,
b97684,
b57284,
d89aad,
e2a5b9,
dd9db3,
d899b0,
db9eb6,
e4aac0,
e0a4bd,
bd8dbb,
6f5d9c,
6b66a5,
6b609d,
98709e,
ce8ea7,
d895ac,
dd9cb3,
d498ac,
a6647a,
9b4e64,
a04e61,
9d4e5e,
9b586b,
7d4357,
bd7c92,
c68398,
c78498,
c78498,
c6859b,
c7869a,
c8869c,
c9879d,
ca889e,
c8889e,
c9899e,
cb8b9f,
cb8ba1,
cd8ca1,
ce8ca3,
cd8da6,
ca90a6,
ba849d,
9a6d8a,
ac7590,
cda8be,
debed8,
b38ca7,
946a85,
6e4661,
68415d,
6f4563,
ad84a5,
a7809a,
9f7d91,
7c5666,
764957,
aa7c9c,
ab75a1,
c883a5,
8b4768,
be89ab,
d6a6c7,
d5a6c7,
d4a7c6,
d3a8c5,
d7a8c8,
daa9ca,
d190bd,
a04f80,
ba78a4,
deb0d5,
ddb0d0,
d8a0c2,
97597c,
824a69,
a87aa1,
dab3d6,
dbb4d3,
dcb5d3,
dfb6d3,
dfb7d5,
ddb7d6,
ddb8d7,
dfb8d7,
deb8d9,
dfb9d8,
e2b9d8,
ddafce,
a36280,
ae708e,
e8bddd,
e4bddc,
c084aa,
a24f7e,
ca8aba,
a04b7e,
b980a6,
884d68,
9e6a8c,
d5aad8,
9e7ba9,
734c7c,
6f4471,
93658f,
a677a1,
8e5483,
93548a,
854a80,
aa6aa1,
b4679d,
af5d90,
c082ad,
ebcded,
ebcfea,
e8d1ea,
e9d2eb,
e9d2eb,
e9d4eb,
e9d3ea,
ecd4eb,
ecd5eb,
ebd6ec,
ead6ec,
edd8f0,
c79fbd,
9b6183,
a16f8d,
cfa4bd,
d8aec4,
dcb3ca,
e7bdd2,
dab3d3,
ac98c8,
998dbd,
aa98c3,
e0b4cf,
eab6cc,
e8bacc,
ebbfd6,
ecc7e0,
edc8e6,
dda9ca,
bc6f98,
bf729b,
e9b0d7,
dfaace,
a15b7f,
99577b,
9784b1,
a0a5de,
9ea8e1,
cab6ec,
e1c2f1,
eac4f3,
f4c1f0,
cf85b9,
cb75ad,
cd76b1,
d27bb9,
d57dbc,
d57ebc,
d47dba,
d47bb4,
d379b1,
d37aaf,
d379b0,
d479b1,
d478ae,
d379ae,
d47bb0,
d77db2,
d67bb0,
d57bb1,
d37aaf,
d47ab2,
d27bb3,
db85c4,
d985c8,
d784c3,
d586c1,
a76788,
9e5e85,
d187cb,
d586cd,
d686cc,
d785c9,
d884c8,
d47ec0,
d984c7,
d784c5,
d782c0,
d17eb6,
b46b98,
8b5074,
c67cb3,
cf7cba,
d47cb9,
d478b1,
d174a9,
d479ad,
d87baf,
d679a9,
d275a5,
d373a5,
d174a6,
d47baf,
b1538f,
c969a3,
d474a7,
d070a0,
d06f9e,
d172a0,
cf72a3,
c984b6,
e0b5e4,
b76393,
ce73a3,
c57aa7,
d09fc9,
bf97c1,
a88db9,
8378a3,
ba89ad,
e099b9,
e49abb,
eb9bc7,
e28dc7,
d57cb3,
d073a4,
cf73a2,
cf74a4,
c2709a,
a55c7d,
a55f7e,
b06597,
cf7ecb,
d380cc,
aa54a1,
d17eca,
c88ba3,
cb89a0,
b27386,
824553,
773e49,
7c4c58,
864252,
8a4150,
9a4c60,
b0647a,
b16981,
9a4b67,
91415e,
8b4054,
863e4d,
904e5f,
b87a8b,
ae6f83,
b6798e,
b77e92,
af768a,
b47a8d,
c0879a,
c589a0,
be7d96,
b57088,
b0627b,
a95b74,
b05b7b,
ae5276,
bc6387,
ce769b,
d67fa3,
d583a8,
e59bc0,
db97b7,
e4c9e2,
ded4e8,
e6d1e8,
dcb3d0,
be7596,
bc7493,
bf8ba7,
d8b1ca,
b8799c,
a54e75,
944a6c,
97607e,
ba82a5,
be6d97,
bc5b86,
b65e7c,
87495a,
9f6679,
b47b8b,
b17786,
ad6e7d,
b1707f,
b87786,
b87786,
b87786,
b87785,
b87786,
b87786,
b87786,
b06d7e,
793747,
8a4958,
b97786,
b87786,
b87786,
b87786,
b87887,
b87887,
b97887,
b97887,
b97886,
b97886,
ba7988,
b97685,
b4717e,
b06c79,
ac6b7b,
bc7d90,
cd8fa7,
d39cb6,
dfb2cb,
e1b8d0,
deb1c8,
dca5be,
d49bb7,
c78ba9,
c081a0,
c17f9f,
d08ba5,
dd9cad,
da9caf,
e4a9be,
e8aec1,
d899ac,
9d5568,
b06778,
bf7d8e,
8e5569,
93566b,
c28296,
c38396,
c58497,
c68499,
c4849a,
c5859b,
c7869c,
c8869c,
c8879d,
c8879d,
c9879d,
c9899e,
ca8a9f,
cc8b9f,
c38198,
c4869f,
cb8fa6,
c0889e,
c091a4,
9a6475,
864d5c,
733e4f,
6d3b4c,
7d4d5e,
ca9fb0,
a67d91,
a37c96,
dac0df,
d9bcd7,
987589,
d9c2da,
835c6d,
7b4d62,
ac7ba2,
c589b6,
a86889,
834867,
c895b4,
d8a7c6,
d5a6c5,
d4a6c4,
d5a7c6,
d7a8c8,
dba9cc,
bd77a3,
b6719d,
dfadd2,
d198b8,
ae6586,
af6a8b,
b47b96,
936081,
d5abcd,
dcb2d1,
d0a0bb,
cb98b4,
dcb0cb,
d9acc9,
e3b6d4,
e1b7d5,
e0b8d6,
e0b9d8,
dfb8d7,
dfb6d5,
b17796,
a25e7e,
d9aecd,
e5bedc,
c591b4,
a1487e,
ce8cbd,
b36f9b,
995478,
8c4f67,
985f7d,
a77aa5,
b892b9,
c19bbf,
b08aad,
c7a0c3,
cc99c0,
bc7faa,
c27cad,
c176a5,
b26797,
a85786,
a54d7d,
c78ab5,
e8caec,
eaceec,
e8cfea,
e9d1ea,
e9d2ea,
e9d2ea,
ead3eb,
ebd4ea,
ecd4eb,
edd6ec,
ecd6ed,
edd6ee,
b584a5,
ca8eae,
edb8d4,
e5b6cf,
e8c2d8,
ebcee2,
e7c5d8,
e6bace,
e4b3c9,
e7b8d0,
e6bcd3,
e7bad1,
e9b9d0,
e0b0ca,
f1c1db,
f1c8e3,
eccbe8,
efcce9,
cc8aaf,
c87da4,
d493b8,
a75e81,
9f5377,
ab7fa8,
b5a7d9,
c7b7e8,
cab8ea,
d9bdef,
e4c2f0,
daaadb,
cf8fc5,
cb7eb5,
c874aa,
cb75ac,
d078b2,
d178b4,
d279b3,
d17ab0,
d178b0,
d278ad,
d279ab,
d179aa,
d179a9,
d277a9,
d378ab,
d379b0,
d37ab0,
d279ae,
d279ae,
d279ac,
d179ae,
d279b2,
db85c5,
d984c9,
d680c2,
d27eb9,
c17ba7,
83455f,
bb77a8,
d084c2,
d786c9,
d581c0,
d680bc,
d27ab5,
d57cb8,
d47db7,
d37db5,
cb79ad,
9d5b80,
b26d96,
c979ad,
d27eb7,
d47ab4,
d577ae,
d173a5,
d275a4,
d376a4,
d575a4,
d374a3,
d374a3,
d375a6,
c5659c,
ba5a92,
d977ae,
c15f8f,
d4719e,
d4709d,
d3719e,
d072a2,
ce74a4,
bc699a,
bb5e91,
d073a5,
ca76a6,
cfa2c7,
aa7399,
a7779d,
d1a1c7,
d790b3,
e096b8,
e699bd,
d988b8,
cf7ebb,
d081bf,
ca7db5,
ce84b6,
ca78aa,
c474a3,
aa5f81,
a65f7c,
bc6fa9,
d07dce,
d17ece,
bb67b4,
c16eba,
c87a91,
af5164,
9c4858,
7c3d49,
753c47,
7c4c59,
7e3f4e,
823f4f,
884153,
894153,
843e52,
823d4d,
803b49,
803b48,
813d47,
853e4a,
873f4c,
8c4454,
914d5d,
8d4f60,
844755,
874855,
924f5e,
92485b,
924359,
964360,
a34a6b,
b3587c,
bc5b84,
b3517d,
c3628a,
c5638a,
d27399,
df9cc0,
f1cae8,
dcafca,
d6b9d0,
ddd4e8,
c7abc2,
b98ca9,
b57e9b,
c189a5,
ba88a3,
bc8ba6,
bb7fa0,
9b5074,
bd7e9c,
c08da8,
be8ead,
c382a6,
b15e7e,
934f68,
834d5d,
b27789,
b37887,
b47684,
b1727f,
a76675,
b87785,
b77685,
b77685,
b77685,
b77685,
b77685,
b77785,
b77687,
8a495a,
783648,
a96878,
b77686,
b87786,
b87786,
b87786,
b87786,
b87786,
b87786,
b87786,
b87786,
b97481,
b36c78,
b26b77,
b26c78,
b36e7c,
b06d80,
af7186,
ddaac1,
e2b9cf,
ddb7cb,
deb3c7,
d29bb4,
bf839b,
e0a2b6,
da99ab,
d591a3,
d792a2,
dea2b2,
d9a0b1,
966073,
ae7588,
bb7d90,
bd7c8d,
bf7f91,
b27a8b,
794254,
b6778b,
c28395,
c38396,
c38398,
c28499,
c2849b,
c5859b,
c8869c,
c8869c,
c8869c,
c9879d,
c9879e,
ca88a0,
ca899f,
cc8a9d,
c07e96,
96556d,
c4849a,
b17988,
daaeb9,
d8a7b1,
b17b85,
844c59,
723d4a,
ae7e8a,
d8afb9,
d8b0ba,
e5c5da,
d6c2e1,
c5a7c0,
ad8495,
e5cbe6,
bc98b3,
794859,
8c5b78,
bc85b6,
bd87ab,
8e4d6a,
a56a85,
d8a5c1,
d8a6c4,
d8a6c4,
d4a6c5,
d4a7c6,
d8a8c9,
dea7ce,
e3a6d2,
d9a1c6,
a96486,
c47b9e,
c07c9e,
c07e98,
ae728e,
b87b9d,
c990b0,
c588a4,
bf7e9b,
cb8fab,
d092af,
d697b6,
c58caa,
d3a2c0,
e2b8d5,
e1b8d7,
e3b8d7,
cc98b6,
9c5675,
c596b5,
e6bdde,
d9a9cc,
9e487e,
b8699c,
eabde1,
945270,
8e4d68,
935070,
efbbe2,
ecc5e7,
edc9e6,
d1abcc,
f0c4e8,
ae6c96,
f1bee7,
d29bc6,
c378a6,
c475a1,
b86390,
a74e7d,
a35c87,
e9c7ec,
eacded,
e9ceea,
e8d0e9,
e8d0e9,
e8d0e9,
e8d0e9,
e8d0e7,
e9d2e9,
ebd6ec,
eed5ed,
d6b9d7,
dcb3d3,
f4c8e5,
c390ab,
d7acc4,
ebcfe5,
e5d1e2,
e8cdde,
e9c2d5,
e4b5ca,
e6bbd1,
e6c2d7,
e7c2d9,
ebc5df,
d7aeca,
c28caa,
e1adcd,
e3b2d3,
dfb1d2,
c580a2,
bb668a,
a95273,
a65274,
cf92ba,
d9b2dc,
cea9d8,
d1aad4,
dcb9e4,
dcafd8,
e9bbe5,
dc9dcb,
ca78b0,
c975ad,
c873aa,
c976aa,
ce77ae,
cf77b1,
cf77b1,
cf78af,
d077b0,
d177ae,
d177ad,
d278ab,
d378aa,
d377ab,
d67aaf,
d67cb5,
d37bb2,
d079ae,
d179ae,
d279ad,
d278ad,
d377b0,
da83c1,
de88cb,
d47cba,
d078ae,
cb79af,
9d5b78,
995775,
c57bac,
d485c2,
d480be,
d57fbc,
d67db9,
d379b2,
d279ae,
d37aaf,
c577a3,
935376,
c174a0,
cd77a9,
d77db1,
d378ab,
d777aa,
d472a3,
d373a0,
d3749f,
d273a1,
d374a3,
d474a4,
d373a7,
b8578c,
b04f87,
d372a9,
c86698,
d4719f,
d5719d,
d3729f,
d373a3,
d273a4,
ad4d82,
ce6ea3,
d375a8,
c976a4,
e3c0e2,
b1759a,
cd93ba,
d586b1,
cd78a4,
c26b98,
c56fa2,
ba5f9d,
d27dc3,
ca93d7,
d3b9f4,
ddbdf7,
e1a4e2,
b7649c,
a85d80,
a96184,
ca7ac1,
d17ed4,
d27fd4,
ca77c6,
ac55a2,
a44558,
a14150,
903e4b,
7a3c46,
753c45,
825261,
844b60,
7f3d4f,
813c4c,
823c4c,
803c4b,
7f3b49,
7e3b47,
803b48,
843d4a,
88404f,
8b4553,
904a57,
914f59,
884e59,
7b414d,
854451,
8d4354,
92465e,
a75a78,
a14a73,
af5982,
b9618b,
b55a83,
b0507a,
be5e84,
c36087,
da7da2,
dfadca,
e6cbe2,
e5c3db,
d1b0c8,
e6d4e9,
c4a6bc,
b788a1,
b986a0,
bb87a1,
bc88a2,
bf89a3,
b8809b,
b27791,
be89a2,
bf8ba5,
be8ca8,
bd7995,
9e5769,
7c4656,
8e596b,
b1748a,
b37486,
b57484,
b3717f,
a86572,
b47482,
b47583,
b67684,
b77684,
b77684,
b77684,
b77785,
b67585,
9f5d6e,
793747,
985665,
b27281,
b67584,
b77685,
b77685,
b77685,
b77685,
b77685,
b77685,
b77684,
b36e79,
af6973,
af6973,
b56f7a,
ba7582,
bb7687,
ab6b7f,
d69fb5,
d49fb5,
ce97aa,
be8496,
cd8da4,
d79cb3,
e4adc1,
e2abbe,
c8879b,
d490a3,
dea4b5,
d6a1b0,
7e4c59,
75434f,
a86c7e,
bc7e91,
c88fa1,
8d596a,
8d5869,
bf8496,
c48195,
c48196,
c0859c,
d39cb6,
d6a1ba,
e3aec9,
c9859f,
c7859d,
c8859e,
c7859e,
c7869f,
d295ae,
c78ca4,
d5a1b9,
e8b7cb,
b47488,
a05f71,
a9717e,
d9abb7,
daadb7,
dbacb7,
ce9ba9,
885263,
c1939f,
d6adb5,
d5abb7,
d8b0c5,
d9b3c4,
d6acb9,
d6aeb9,
d1afca,
c29cc0,
8b5d6f,
7e4c63,
ab7ca8,
b286b3,
b782a3,
96506e,
c78fab,
d6a4bf,
d5a4c0,
d5a4c3,
d5a4c4,
daa6c8,
dda7cb,
d79dc5,
ab698e,
a96383,
c37c9b,
c27d9c,
c07d9c,
c07d9a,
c17d98,
c17b97,
c17c97,
c27b98,
c27a97,
bc738f,
c07592,
c17c9b,
c78baa,
daa6c7,
cb96b7,
c18cac,
d7a7c5,
9d5776,
b97f9f,
e5bddd,
e8bee1,
a45587,
ae5388,
e4b2d4,
ad6f8b,
964c70,
9c4d77,
e5b4dd,
e9c1e4,
e9c4e1,
ecc4e2,
bd7aa1,
cb8eb6,
edbfe4,
cb9ec0,
bc81a4,
c2729d,
ad5a86,
b36994,
a15583,
ce9bc7,
e9c5ea,
e1c1e0,
dcc1de,
e7cfe9,
e7d0e9,
e8cfe9,
e4cce3,
e3cbe2,
ead2eb,
e9d0e9,
f0d3ea,
f4d1ec,
b68aa6,
885773,
b58ba6,
efd0e9,
e7cfe4,
e4cde2,
ddbdd3,
e1b9d1,
e7c2db,
e6c6dd,
e1bcd8,
eccce9,
eecee9,
cf99b7,
c5759a,
c66f93,
bb668a,
ba6686,
ac5272,
a9516e,
b86b8d,
e9b2dc,
f0c0ea,
d4a3cb,
b684a5,
a76c8e,
bb6b93,
bc6491,
c572a1,
c774a7,
c471a3,
c06d9f,
c672a4,
c975aa,
ca75ad,
ca74ad,
ce77af,
cf77b0,
cf77b1,
cf77af,
cf76ae,
d077ad,
d579b0,
da7eb8,
db81bc,
d67db8,
d079af,
d37cb3,
d179b0,
d379b0,
d177b0,
d57ebb,
e08bcb,
d47cb7,
ce74a9,
ce74a8,
c677a0,
894b58,
ac6a86,
ce80b7,
d382c1,
d480bf,
da82be,
d277ae,
d276ab,
d178a9,
af6a8d,
a15e83,
ca76a4,
cf75a6,
d476a7,
d475a8,
d574a5,
d671a0,
d5729f,
d4729e,
d373a0,
d475a4,
d576a6,
ce6fa2,
bb5b90,
ae4e83,
ca6ca1,
d171a2,
cc6c99,
d372a0,
d574a1,
d473a8,
c8689e,
c16299,
d577ad,
d276aa,
ce79a7,
c376a6,
ac5f8d,
ca78a8,
ce7aab,
ce77ac,
bd5f9a,
ab4988,
b75a9d,
d17fc4,
c993d6,
d3a8eb,
d69be3,
c675bf,
ad5897,
ac6289,
ae648e,
cd7dca,
d280d5,
d180d4,
d381d6,
b058ab,
b97b8d,
97505e,
853b48,
7c3b46,
7b3b44,
753b49,
926074,
7c3e53,
843e50,
8c4050,
894150,
823c4b,
823c4a,
843e4a,
8e4353,
914858,
914959,
914c59,
8e4e58,
824654,
79404f,
844354,
9c5e79,
c394bd,
c68fbd,
a24b7f,
b66b99,
bb729d,
c06e98,
ac537b,
ad5377,
af5577,
b35b7b,
d49fb8,
e6c7d9,
e2c0d3,
e4bdd3,
d9b8cd,
e6cfe3,
b88aa3,
ba879f,
bc87a0,
bc89a0,
bd89a1,
ba859e,
bc869e,
be899f,
bd8aa2,
c08aa2,
ae687e,
894d5a,
7c4b5a,
9e6278,
b2748b,
b27384,
b37382,
b37180,
aa6774,
b16f7d,
b37483,
b37483,
b37483,
b57483,
b67585,
b77584,
b57483,
a96877,
7b384a,
8c4a5a,
b17180,
b27180,
b67486,
b67584,
b67584,
b67584,
b67584,
b67584,
b67583,
b16d78,
ad6972,
ae6972,
b7717c,
ba7684,
b66e80,
9a5063,
b87184,
b56e7f,
b16c7b,
c98593,
cb8799,
e6acc0,
e5b0c4,
dea4b8,
9e5468,
9a4f62,
a56677,
7d4a59,
73424e,
70434c,
a06a7d,
be849b,
c391a5,
78495a,
ae7e94,
c993a9,
c17e94,
c27f95,
ca94ae,
e9bcdd,
e9bedf,
da9fbf,
cb849f,
c6839b,
c7859c,
c6869f,
bf829c,
ecc1dc,
efc4e0,
f0cae8,
f0cee7,
dfb2c9,
d39bb1,
a77180,
d8a7b4,
d9a9b5,
d8aab5,
d6a6b2,
c692a4,
ce9da8,
d7a6af,
d5a6b2,
c18e9e,
daa7b3,
d8a9b4,
d0a8b2,
b488a6,
b285af,
b384a2,
7c4c62,
9f709a,
b285b4,
be8cb0,
b06d8a,
924d69,
d9a3bd,
d5a3bd,
d4a3c0,
d5a3c3,
d8a4c6,
dfa7ca,
ae6a90,
a75d82,
c17c9c,
c37e9c,
c27d9b,
c37d9a,
c37d99,
c47c97,
c47b95,
c57a95,
c37a95,
c27895,
c17591,
c47894,
c17b98,
c27e9b,
c4809f,
be7e9e,
bb809f,
dca7c5,
b67897,
a05f7f,
e6bfdd,
e5bddf,
c37eae,
a94b80,
c282a6,
a06381,
9a4c77,
a54c7f,
d59cc8,
cda0c3,
e9c2e0,
dfb0d0,
98517d,
ce99c0,
e2b6d8,
bc91ae,
bd90ae,
b9729b,
b87a9f,
e8c4e5,
bb87ad,
aa6592,
d7acd0,
ddb9d6,
cfb0cc,
e2c6e0,
ecd1eb,
e8cce7,
dbc0d9,
d0b6d1,
e4c8e2,
f1d4ec,
e1bad6,
906482,
845772,
ad789c,
bb8caf,
b07c9f,
e5c7e5,
d4bdd8,
d8beda,
dcbcd6,
e7c7df,
eac7e1,
b7749c,
e7bce2,
f0cbee,
ebc0e0,
c66e95,
c46c8f,
bc6284,
ae5171,
aa506d,
b15b79,
b56187,
ce99c4,
d592c1,
c377a1,
b16b8c,
a45e7b,
bf6f94,
bf6791,
c2719c,
bb6f99,
ac618a,
c06e99,
c973a2,
cb75a9,
c36fa6,
c571a8,
c573aa,
cc75af,
ce76b0,
cc75b1,
cc75b0,
cb75af,
d178b1,
dc84c2,
da82c8,
de86c7,
ca74af,
d47eb8,
da82bd,
d47bb5,
cf76b1,
d07ab6,
de8bc9,
d27bb6,
cd72a5,
ca72a4,
cb76a7,
9b5b6f,
915665,
be76a6,
d383c3,
d682c2,
d880be,
d075af,
d276ad,
ce78a6,
945173,
c278a3,
cf75a8,
d274a9,
d474a9,
d373a8,
d572a4,
d471a1,
d3729f,
d3729e,
d475a3,
d677a7,
d576a8,
c56499,
c06095,
c26297,
bf6094,
d474a5,
cb6c9c,
d070a1,
ce6f9f,
d472a9,
bc5995,
d676af,
d576ae,
d476ae,
d47db1,
d581b5,
b66498,
d17eb4,
d47fb7,
cd7db8,
b65b9a,
ac498b,
b661a4,
ca7ec3,
d59ee1,
ce87d6,
d383d2,
a04594,
d17cc3,
b16693,
b16695,
ce7ecb,
d282d7,
d382d7,
d282d8,
cc78cb,
dfb6c7,
e5b9c7,
cc95a8,
874352,
87414e,
8a4459,
965e79,
b880a4,
a76281,
ad5c6e,
974b59,
893f4c,
863f4b,
88424d,
8f4754,
914858,
91485a,
8e4955,
874751,
7d414f,
874455,
b3697d,
bc708b,
b4567f,
b14f82,
ac4a80,
b15680,
b35b81,
b36186,
d3adc9,
efd4ed,
edd9ef,
e2cae3,
d1aec4,
ddbdce,
dfbbcb,
e2b8ca,
d29eb1,
d8b5c7,
cea2ba,
b9879e,
bc889f,
bc899f,
bc889f,
bb839c,
bc859d,
bb869d,
bb889e,
bc879e,
b77e95,
b58093,
b08094,
b4768d,
b27488,
b27483,
b27280,
b4707f,
ab6875,
ac6b78,
b2717e,
b27381,
b27381,
b37281,
b47383,
b67584,
b47481,
af6f7c,
7b394a,
834152,
b17080,
b37080,
b37283,
b67485,
b67583,
b67584,
b67584,
b67584,
b67584,
b26f7b,
ad6974,
ad6973,
b8727f,
bb7484,
9d5162,
b96d7f,
bb7383,
b6707d,
b26b79,
ae6773,
a45867,
b36a7b,
c68196,
9b5265,
9d4f5f,
a8596b,
a46070,
73414e,
6c414b,
6c414a,
9d6b7d,
e8bcd7,
b18199,
754758,
bf90b0,
be81a1,
b06b86,
b46c85,
c3829f,
c586a7,
c281a1,
ac6484,
aa607b,
a75e78,
a35f78,
9a5c77,
935e7a,
a67a96,
ad839f,
b88daa,
c29bb8,
d2a6c0,
dcadbf,
b78493,
d7a5b2,
d9a5b1,
d6a5b0,
d5a2ad,
d6a0ad,
d7a1ae,
d59ea9,
d399a5,
d69aa8,
d9a1af,
d6a4b1,
a77a88,
ba89a6,
b786aa,
b181a2,
8a586f,
a2749a,
b587b7,
b98ab2,
bf89a3,
8d4860,
be849d,
d6a3be,
d2a2c0,
d4a2c2,
d5a1c4,
bc759e,
a2537c,
be779c,
c785a7,
c583a4,
c1809f,
c27e9b,
c27d99,
c07c96,
c07a97,
bd7798,
b77699,
b37499,
bc7595,
bf7796,
c07995,
c27b97,
c47c98,
c27d9a,
c78aa7,
e6adc9,
cf97b5,
9b5578,
d5a8c9,
e3bbdd,
dda9d2,
a24c7f,
aa5e85,
af7493,
bf7aaa,
a74d83,
c284b1,
c498ba,
b181a1,
c18aae,
ad719c,
b985ab,
c392b4,
bb8dab,
bb8eab,
bd87a9,
bb8cab,
ddbfd9,
b28ca7,
b17598,
dbaccc,
d5b1cd,
d5b1cd,
e6c3de,
ebcae5,
eed0ea,
f0d1e8,
edcfe7,
efd3ec,
f2ceeb,
a17192,
895778,
d4accb,
ac739c,
d9a5d0,
914f7c,
c79fc8,
d7c0e4,
dac3e5,
dcc0de,
e2c4e0,
d4a1c4,
ae5886,
c2729d,
d28db7,
cf83a9,
c66e93,
bf6486,
af5271,
ad506c,
b95d7d,
c76d92,
ab557e,
b96494,
cd74a8,
cc77a4,
bd6f93,
ab6382,
b9688b,
b8688d,
ab6587,
9d5c7b,
b46a8c,
c5709a,
c9709f,
ca72a4,
be689c,
c06ba2,
c673aa,
c875ac,
c975ae,
c573ad,
c46fab,
c972b0,
ca74b1,
d883c2,
da86cd,
dc89ce,
d786c7,
cf7dbe,
da88c8,
de90cc,
d180bc,
cc7cb5,
eca0d5,
de8ec1,
c974a4,
cb73a4,
cc75ab,
b46e92,
854f62,
a26189,
c579b8,
da88cb,
dc85c5,
d77cbc,
d67cb6,
c2739c,
a15a81,
cd7db0,
d279b3,
d57ab2,
d679af,
d576af,
d575a9,
d373a4,
d172a0,
d272a1,
d275a6,
d176a9,
d275a9,
b25189,
cc6ba1,
cf6fa6,
b3548a,
d475aa,
cb6ca0,
d373ac,
c769a0,
bd5d97,
c25f9a,
d675af,
d576b1,
d377b1,
d780ba,
d885c0,
bf6ea5,
cf7eb6,
d783c1,
d785c6,
ae5193,
ab498b,
c07ab7,
c083c6,
d6adeb,
c78dd7,
bd6bb7,
b95caa,
d784d0,
bd70a6,
bf71a9,
cd7cc7,
d381d4,
d383d8,
d383da,
d683d8,
dcb7c6,
e0baca,
d5a1b9,
884253,
954759,
9a4d6c,
824060,
be80a7,
ce92ba,
a15267,
8c414d,
88404a,
89404b,
8a434f,
8c4753,
8e4655,
8e4453,
8b4453,
844252,
7f404e,
ab5063,
c4596e,
b54256,
b64765,
af4878,
ae4e81,
b1557e,
b3597e,
ac6280,
ecd4eb,
e6d4e8,
e1d5e6,
dfd6e7,
e3d3e5,
e3c7d7,
dfbac7,
e6b5c2,
cf93a2,
bc7e91,
b4839f,
a47d9e,
a77fa3,
b184a5,
b982a1,
ba829c,
bb839b,
ba849b,
bc859d,
ba89a0,
bc8ba1,
bd8ba1,
bc8a9e,
c0839b,
ba7a8e,
b27381,
b2727f,
b4717f,
a96876,
a86775,
b06f7c,
b1737f,
b27382,
b17281,
b37282,
b47383,
b37382,
b47382,
844052,
7a3647,
b06e7f,
b57182,
b16e7e,
b16f7f,
b57483,
b67686,
b87787,
b67686,
b57686,
b87887,
ad6c79,
ad6977,
b57481,
bb7a89,
a25c6d,
b97686,
b97788,
b57480,
af6370,
a14e5c,
9c4954,
9c4855,
984959,
a25564,
b66876,
b56a76,
b06b76,
915762,
6c3f48,
683e47,
8e5e6f,
c192ac,
8d5b6f,
82475e,
a05979,
a65674,
a35570,
a5556f,
a8556f,
a55570,
a4556f,
a1546d,
a75c74,
aa647b,
9d5f75,
88526b,
845269,
86546a,
825368,
815267,
815365,
a27585,
dfaebc,
dcaab8,
d7a7b2,
d6a1ac,
d7a1ab,
d69fa9,
d49ca7,
d69ba9,
d395a4,
d294a0,
d396a3,
d89dad,
d5a1b0,
d09fae,
daa8bd,
dcabc1,
c38cab,
b18095,
ab7ea2,
c89cca,
d6acd5,
daa8c5,
9b5269,
a6617b,
d29fbd,
d3a1c0,
d5a3c3,
c887ae,
a24e7a,
ac5e89,
c383a7,
bb7f9f,
ba7d9d,
bb7e9b,
c07e9b,
c17e9b,
bc7d9b,
a3769b,
886a99,
816797,
826999,
8b6e99,
977096,
af7294,
c27795,
c27996,
c27b98,
c888a7,
c182a0,
c285a2,
bd7a9c,
b981a5,
e4b9de,
deb4da,
aa5d8d,
984d75,
c38dab,
eabae1,
a55081,
a55f90,
c897bb,
bb8dab,
bd8caa,
bf8dad,
b9829f,
b9829f,
b688a3,
ba8eaa,
b98da9,
b78da9,
d3b6ce,
a68ba1,
dbbed6,
dfc6df,
d6b9d2,
d9b2cd,
dcb4d0,
e6c1dc,
eccae4,
edcde2,
ebc9e1,
f1d2ec,
dfb7d3,
855371,
ca9fbd,
fcd3f2,
ddaed5,
ba7cae,
b478a4,
b881b0,
e0c3ea,
ddc2e6,
dcc0e2,
e7cce7,
dba8ca,
b25688,
c66c9a,
c86d99,
c96d93,
c06587,
ac526e,
a94d6a,
ab506e,
cb6e96,
ca7099,
bb608b,
a54b7b,
c36899,
cf76a5,
c27096,
b96d8d,
af6482,
a86580,
995f77,
a2617e,
bf7197,
c6709a,
c36a96,
c26898,
be6497,
c56da1,
ca73a9,
c975ac,
c06ca3,
b9639e,
c670ac,
ce78b7,
ca77b6,
ce7abb,
db88cd,
dc89d1,
db89d1,
d887cb,
d78dca,
f3c0ef,
efc2ec,
d193c5,
f9b8e2,
f1b2d5,
c27ea5,
e4a3cc,
cd7db8,
c47cac,
804a5f,
a5698d,
9c508d,
c471b9,
e089d0,
dd85c9,
d986be,
b26693,
c178ab,
d381bc,
d57fbe,
d77fbe,
d77ebd,
d77dbb,
db7cb6,
d979af,
d576aa,
d475a9,
d176a9,
cd77ac,
c779b3,
a24683,
ce73af,
d57ab7,
bd5c99,
c666a3,
c266a1,
ce73af,
d87cb9,
ce6ead,
ad4c8d,
c364a5,
d476b3,
d77cb7,
db85c0,
cc79ad,
c274a6,
a95b93,
c06faf,
d984c5,
a84789,
ac488b,
c689c3,
cdaaeb,
d1b9f6,
d8baf7,
a8589f,
cb75c2,
d483d2,
cb7ec0,
c072b4,
ca7ac3,
d080cf,
d483d5,
d283d6,
d583d5,
d3b1bd,
c79daa,
b07687,
893e51,
9e4b65,
a04e73,
8b4568,
9e577b,
ce8eb3,
9c4f61,
863e49,
87404b,
8b414d,
8a434f,
8c4451,
8c4252,
8d4150,
914656,
884457,
884352,
ac4658,
bc4b5f,
b94154,
b54564,
ab4879,
b16d9d,
b5648a,
ad5879,
af617f,
dcb5ce,
e6d1e7,
e0d3e4,
dcd4e2,
ddd1e2,
dccadb,
dfc1ce,
e2b2be,
c48596,
a17291,
7a6e99,
666999,
626a9e,
6a6c9e,
7f719e,
a77ca0,
bc8198,
ba8198,
ba839b,
ba879e,
ba89a0,
bc89a0,
c0889e,
bf7c97,
b7748a,
b27380,
b2727e,
b2717f,
a86978,
a56573,
ad6d7a,
b0717d,
b07280,
af707e,
b1717f,
b37280,
b37281,
b27180,
965364,
773345,
a76778,
b47384,
b47381,
b2717f,
b3707f,
b67586,
bd7f91,
b97a8d,
b87b8d,
c6889b,
c08193,
b06e7e,
b97c89,
bd8290,
b57988,
bc808f,
bf8495,
b97885,
9d4b57,
9f4856,
9e4a53,
a14f58,
a95e6a,
9b5260,
af6573,
b06673,
ae636f,
a65f6a,
76414b,
663d46,
744352,
875069,
7f4b60,
905269,
ab677f,
ae6881,
ad6178,
b06478,
b6687d,
b86d83,
b76f83,
b87086,
a56075,
9f6477,
885467,
815164,
805161,
7e4f5e,
774a59,
774859,
794a57,
7f4f5b,
a3727f,
daa9b5,
d9a9b4,
d5a0ab,
d099a7,
ce9bae,
cb99af,
c193b0,
c18faa,
ce92a5,
d797a8,
d99cac,
d9a1b0,
daa5b3,
dba8b4,
dda7b5,
d59cb3,
d5a3ba,
b287aa,
f2cff7,
efcef3,
e3b7da,
c6839e,
944962,
cd97b7,
d3a1c3,
d097bd,
a9588b,
9e4c7e,
cc8fb9,
dcafd6,
dcaed2,
d29fc1,
d7a4c5,
cf98bd,
c287a8,
b87f9e,
886690,
706196,
716599,
75679a,
796b9b,
7a6d9d,
856e9b,
a5759d,
bc7a99,
c27d9c,
c282a4,
c98cad,
cc91b2,
bd83a4,
b07799,
e1b4d7,
dfb6da,
ae6e97,
974e76,
c891b4,
e3bbe2,
b36999,
9a5180,
cc9cc1,
b98ead,
b88ea9,
b98aa4,
ba829c,
b87f97,
b5839f,
b48baa,
ba92b0,
cfaac4,
dfc3d9,
d9c5d9,
d7c7db,
dcc9e1,
c4a3bf,
d6accc,
e8bbda,
e4bad7,
e7c1de,
e9c7e1,
e9c7e1,
e0bedd,
8e5a7d,
905b7e,
e0bee2,
dcb8df,
d5acd3,
a35e96,
d5a1ce,
aa6195,
cd9ecf,
cba8d4,
dcbfe3,
f1d5f3,
d59fc4,
b5578a,
c46693,
c5688f,
c3678b,
af5571,
aa4d69,
ac506e,
b95e82,
ca6f99,
cb709e,
c36693,
bb5d8f,
af5285,
c06595,
c37096,
b96e8e,
a8627e,
9f6179,
9b6074,
af6b89,
c775a2,
c06695,
ca6c9a,
c06391,
c16495,
c46c9e,
c16b9f,
b46095,
ba649c,
c66fab,
c873af,
ca74b3,
cf7dbc,
cc77b8,
da88ce,
d888d2,
df8fd6,
de98d4,
cf93c7,
edc6ea,
eecdeb,
e5bbdf,
f2bbdf,
f1bcda,
e1acc9,
f4c5e3,
dda0d0,
d08fc3,
845067,
925c76,
d38dc3,
ac599c,
ca72b8,
dd88cc,
d789c1,
a95f90,
d183bf,
d986c8,
d884c8,
d984ca,
d983c9,
da83c6,
da82c2,
de85c4,
db82c0,
da80bf,
d680bf,
cf7ebf,
c57fbd,
ab6099,
d3a8df,
cc90cd,
b5609f,
b25496,
df86c6,
b961a6,
d67bc2,
df82c7,
bf5fa6,
a8468e,
c565a9,
e186c4,
e18ac5,
b76596,
ab5c8f,
c273af,
cf7fbe,
d07bba,
a74688,
a6478a,
c87bbb,
c2a1de,
cbb9f5,
cda5e0,
9e4b8a,
c16fb3,
cd84cd,
c47ac2,
c378be,
c57ac0,
cc7dc7,
d081cf,
d080d0,
d181d0,
b8959f,
77454c,
7b3f47,
873c4d,
a7536e,
a14f72,
954a6e,
a25a7b,
a45673,
934857,
843f49,
87414c,
8b424d,
89424d,
89414d,
8d404f,
964655,
aa5766,
8a465a,
944958,
a94350,
b64151,
b64255,
b64a70,
a54c7b,
a75d84,
9e4b69,
a7516f,
b05a77,
a65d7b,
a27791,
cebfd2,
dddaeb,
dbd9e9,
d9d7e7,
e2d2e3,
e5c9dc,
d8b5cf,
6c6190,
56659f,
5b69a3,
5c6aa5,
5e6ba6,
606ba3,
6b6495,
bd7d94,
bc7d92,
bd8197,
bc849b,
bc879c,
c0879e,
be7993,
ad5e7d,
b06c81,
b17280,
b1717e,
b2717f,
ad6c7b,
a36472,
a86976,
a76a77,
945766,
a16270,
b0707e,
b1717e,
b1707f,
b1707f,
9a5769,
763345,
97596a,
b37787,
b57989,
bc7e8f,
bf8394,
b77b8c,
b97f92,
bc8194,
b97f92,
c08699,
c18699,
c08294,
bc8294,
ba8293,
bc8293,
bf8497,
c08699,
bd7d8f,
9e4c5c,
9c4b59,
a35863,
b26871,
b16974,
985360,
924957,
9d4f5d,
9f4e5b,
9c4d5a,
864851,
693d46,
754755,
7e4e64,
85586e,
d9b1cb,
e8b9d1,
d194ad,
bb7589,
ba7385,
bb7284,
ba7282,
b36f81,
b16f83,
90576b,
815062,
7e5060,
794d5b,
774a57,
764854,
774753,
855261,
8b5b69,
9a6b77,
713d48,
c38f9a,
ddaab8,
d6a2b0,
ba90a9,
9988b9,
8d84c0,
7f7fc0,
817fbf,
a086b7,
d898b2,
d999aa,
d89caa,
d79aa7,
d799a3,
d599a6,
d49aab,
d4a2b9,
d2a8cb,
f1cff4,
eed0f6,
f4c8f5,
d29ac2,
9e5370,
a8698b,
cc91bc,
aa5c8f,
a14a81,
cf99c9,
e4c7ee,
dec3f4,
e1c9f1,
e5c3ed,
efcaf5,
dab0df,
c290be,
b880a6,
a9729b,
a274a3,
976b98,
9f729f,
96709f,
75699f,
7880bc,
8295cd,
a494c4,
d5a7ca,
deb0d1,
e3b4d3,
e6b7d6,
e8b8d8,
d9a6c9,
c89bbe,
dfb6d7,
c492b6,
944e77,
ca93ba,
e2b8de,
c287b1,
985180,
c99cc3,
bb8fb1,
bb8fac,
bb8da6,
bc87a2,
b6819f,
94759e,
8476a2,
9181a7,
a58fb0,
b89cb6,
d1bad0,
d5c2d7,
c4adca,
aa83aa,
ab7ea8,
c294c0,
d0a8cd,
d2add1,
d3b3d3,
caaac9,
956a8d,
914f7a,
a56695,
dfbcea,
dabde9,
dfbce7,
b56ba2,
bb73ac,
b46098,
c389c2,
dfb8e7,
e4bee6,
f0d1f6,
b06293,
b86794,
c16389,
c26385,
b0546f,
a94e66,
aa4d6b,
ba5d80,
bf628a,
c86b95,
ca6e9b,
bd628d,
c0658e,
b65c89,
a64b7a,
b5608a,
b7698e,
a45e7b,
9f5e76,
a8647d,
bf759b,
b86293,
c56999,
c66a95,
bb5d87,
bb5f8c,
ae5889,
b15e90,
c772a7,
bc669f,
cb75b1,
c874b2,
c773b1,
cb78b7,
ce7ab9,
d984c8,
d986d0,
e1a3df,
f4c7ef,
ecc0e7,
ecc8e7,
eccce7,
f1cde7,
ecbdd8,
ecbcd5,
eec0d9,
efc4e0,
f0c3e0,
e8b0dc,
a06989,
814c60,
cc8abb,
d386c3,
a34d91,
ba69ab,
c87eb7,
a35a8e,
d787cc,
d887d1,
d785d1,
d785d1,
d986d1,
d986cf,
ca73bf,
db87d0,
da87cd,
d987cd,
d986cd,
d786cb,
c06db0,
b666a2,
c497d3,
d7b6f5,
c48fc9,
a74c8e,
db85c7,
dd87cb,
b55da7,
df83cb,
ae4e95,
ad4b92,
a6478d,
b55799,
e087c3,
a45086,
c675ae,
c674b2,
c87ab5,
c375b0,
a24987,
a4498b,
d482c4,
c282c1,
cb9bd9,
b270a9,
ae6295,
a6598b,
a6679e,
cda0dd,
c78fd1,
c17cbf,
c77dc2,
c97ec7,
cd7ec9,
ce7ec9,
9b7178,
723f43,
723d40,
8b4552,
a7576d,
9b4c67,
985068,
9a576f,
93495d,
883f4d,
843f4a,
863f4d,
87404d,
873f4c,
893f4c,
8e404f,
9f4b59,
ac5767,
823e50,
a34f5d,
af4452,
b64150,
b24254,
ac506f,
8f4566,
8a435c,
974d62,
a55771,
a15471,
a77490,
ddc7e0,
e1dcee,
dcdbec,
dcdae9,
ddd9e7,
ded1e2,
dbc5d9,
d8bdd6,
8d85b1,
6074b0,
6174b0,
5b6caa,
5866a3,
57649e,
695c8a,
bc768c,
be798c,
c17c92,
be7f96,
ba8095,
b16e88,
b56684,
b05b7c,
ae6a80,
af7180,
af717d,
ae717e,
ab6e7c,
995c69,
8d525e,
8f5260,
a96a78,
b0707f,
b1707f,
b1707f,
b1707f,
b1707f,
a46373,
753345,
8e5264,
b97e90,
bd8395,
c08798,
bd8798,
be8798,
bc8697,
bb8597,
b98396,
be8497,
bf8497,
bd8295,
ba8294,
b98295,
bb8496,
bb8597,
bf8698,
bb8093,
a9687c,
c5889b,
c58a9c,
c18494,
99535e,
8f4755,
8c4351,
9c4b5b,
a14f5e,
a65463,
9e5b65,
6e3e4a,
734552,
7c4c5b,
b18699,
e3bbd3,
daa8be,
a9687f,
b57383,
b47180,
b26c7c,
a86677,
9d6271,
8f5867,
804f60,
7b4d5a,
784a57,
744753,
764652,
7a4853,
935b69,
ad717f,
a36c77,
8a5761,
78414c,
824e59,
d8a5b2,
dba9b6,
b192b4,
a08bb9,
b596bd,
9d8bba,
797ec4,
787dc1,
a589ba,
d394ab,
d694a3,
d593a0,
d695a0,
d496a4,
d69bac,
d7a8be,
ddadce,
d0a7cb,
e8c1eb,
deb3e2,
b983b6,
aa638b,
8e476b,
b6649c,
a54b87,
ab6297,
ceacd9,
e1c6f7,
d2b6e9,
ddc5f1,
dbbcec,
e9c8f5,
e8c2f1,
ca99c9,
bf84ac,
bf7ea5,
c27fa4,
c07fa1,
c187a9,
cb99c0,
9f8cbf,
808fce,
8294d3,
8892cd,
ccacd5,
e0b6d6,
e1b6d6,
e2b8d8,
e3b8d7,
e5b9d9,
e1b7d8,
dcb4d6,
dcacd0,
a45b87,
d09bc6,
e5b9de,
e0b1d5,
915781,
c694b9,
be90b2,
bd90ae,
ba8fa8,
bd8ba8,
b788ab,
6a6495,
6a76ad,
7078ab,
7d7aa5,
a085a6,
b590aa,
cfb5c9,
dccadc,
e0cde1,
e1c3e4,
b289b9,
ab79aa,
bc92bf,
dabae2,
be9ac0,
8e5d84,
a75b89,
ba78a9,
debdea,
dabde8,
ddbfe9,
c686b9,
a6518c,
af5592,
b072ae,
d9b1e7,
ecbceb,
c786b9,
a75489,
d096ba,
be617f,
b3576f,
a84c63,
a84e65,
b15676,
be6487,
bd6088,
c3668f,
bf638b,
b4577b,
ad5374,
b1577d,
bf658f,
a84e79,
ae5c84,
a45e7c,
a3607a,
b46889,
b5638d,
bc6493,
ca6e9b,
b75b84,
b35781,
ab5782,
b76594,
c775a7,
b56299,
bc69a2,
c975b0,
c673b0,
c673b0,
ca76b2,
d17ebb,
d17ec0,
d887ce,
de9ad4,
efc1e3,
e9bbda,
e9bfdc,
efc9e4,
eecbe4,
efc2dc,
e9bad3,
eec0db,
efc3de,
edc2de,
e8b8dc,
c08db1,
a87790,
c58cb5,
d691c8,
d584c7,
a65795,
9b5386,
bc70a9,
da88d0,
d987d3,
d886d4,
d886d4,
da87d4,
d07bc6,
d37bc9,
da86d3,
d887d1,
d787d0,
d887d0,
d788cd,
c87eb8,
cf91c0,
d095c9,
c890ce,
d7a6dc,
a95f95,
d78ec9,
d88ec9,
bb64a6,
b4549a,
aa488d,
b7589e,
c468ad,
aa5090,
b25b97,
c56fa8,
c471ad,
c775b0,
cd87b8,
df9dc9,
c57bab,
a75590,
d180bf,
c97cba,
cd84bd,
9f5483,
c78ab1,
daa2c5,
a05c85,
b27cad,
d1b2e9,
d7bcf5,
d0aae9,
c295d7,
c589ce,
c57ec6,
6d3d40,
6b3b3d,
6f3b3e,
894751,
ac5b6c,
894250,
8a4a57,
894857,
85424f,
833f4a,
863f4a,
853f4c,
85404d,
8b4350,
8b414f,
944350,
a64f5a,
9a4e5d,
803b4d,
ae5460,
b54d58,
b44650,
9f414e,
844253,
743d4f,
753f51,
764252,
794056,
7d3e5b,
c1a2bf,
e4d9f0,
e1daea,
e0dae8,
dcd9e8,
ddd7e5,
dbd1e1,
d9c7d9,
dbbed0,
c7acc7,
82729f,
545488,
4d5692,
4d548b,
585285,
946889,
bc7487,
bf7588,
c1788c,
bd7a8f,
ba7e93,
bd8099,
be809e,
bb7697,
9f5f78,
a16776,
955d67,
a06973,
8b5460,
864e58,
8a515c,
a46773,
af6f7c,
b1707d,
b06f7d,
b06f7e,
b06f7e,
b1707f,
af7180,
773749,
a16578,
bf8497,
bd8598,
be8898,
bc8898,
bc8899,
bb879a,
bd8699,
bb8396,
bc8194,
bd8396,
bc8395,
bb8295,
bb8395,
bb8598,
bb8598,
bc8697,
be8798,
c0899e,
c08da1,
be8da0,
be8ca2,
a86676,
904957,
894250,
ab6070,
af6572,
b06674,
af6a77,
854f5c,
6f424c,
77444f,
b77d8d,
b5758a,
b46e82,
a35a6e,
944c60,
924b5c,
8b4a5b,
92576a,
804e5c,
7c4d59,
774a55,
754854,
744854,
744652,
754652,
824c59,
ab6c7b,
b47380,
ad717c,
8b545f,
824a56,
94606c,
a3717d,
ddaab8,
caa1b9,
c69fb4,
d5a8b7,
cea5b8,
8885ca,
6f7cc4,
787ebf,
bb8bac,
d4919f,
d3929f,
d393a0,
d197a4,
d59ea8,
d1a2b1,
ab7795,
9b6b90,
b385b3,
af7fb1,
b57db3,
b472a2,
98496f,
a94a83,
a34881,
bc7baf,
b888bb,
caa2d5,
dbb7e7,
e9caf7,
ebcbf8,
eac7f4,
d0a3d4,
c48dba,
c285a9,
ac6a8a,
a76481,
9e5f77,
996075,
bc8aa4,
dcb5d7,
d7b5dc,
d6b8e4,
b9a5d7,
cba9d2,
dfb5d6,
e0b6d7,
dfb6d8,
e1b8d6,
e2b8d7,
e4b7d7,
e4b8d9,
e4b8de,
e7a6d8,
dda5d1,
e5b8de,
edc2e3,
d7aac9,
a36c8d,
be89ab,
bf90af,
b994ac,
cb9fba,
b887a4,
7f739e,
7992cb,
7591c9,
6776a9,
987a9e,
b5859f,
bc94aa,
d2b7cc,
dccadf,
d8b9d9,
c38cb9,
a14d81,
b67dae,
debbe5,
81587d,
ca9cbd,
a35080,
c487bb,
dbbee7,
c8aed6,
ceb0d7,
dba7d4,
a44781,
b65a98,
9b5191,
c59cd6,
d296cf,
a44c86,
a45387,
f2c8e9,
b4677f,
a84e63,
a44a61,
af5572,
b85f80,
bc6183,
b75c7d,
b25675,
af5172,
ae5172,
b2587a,
c2678c,
c56891,
ba5c89,
a44977,
aa5b7d,
ab607e,
b9648c,
b96089,
bc648a,
b96087,
b0587d,
ad577e,
c0779f,
dd94be,
bd70a0,
a7598f,
c173aa,
c778af,
c879af,
ca7aaf,
cd7eb0,
d182b7,
d181bb,
d485c0,
d68abd,
d390b4,
ca90ae,
ca96b2,
f0c4e0,
ecc6df,
f0c5df,
eabbd5,
eebfd8,
eebfda,
eabed9,
ebbdda,
eabddb,
edc2dd,
eac3df,
d89ed1,
cf8bc6,
be79b0,
9b5183,
bd6baa,
dc87d1,
da86d2,
d985d4,
da86d5,
dc87d5,
c26ab7,
d67ecb,
da86d1,
d988d1,
d185ca,
d488cd,
d389c9,
d9a2cf,
deb5d5,
d6a5ce,
cf97c6,
dcb1d5,
d5a8c9,
ddadd2,
daa4ce,
b4699c,
a04b83,
b05192,
e288ce,
d983c7,
d27dbd,
a34e89,
a5518b,
c06da9,
c070a8,
ce8cb9,
d69fc2,
d39ec0,
cf90b9,
c57cae,
c683b4,
db9ac4,
c788ae,
d6a2c2,
d4a4c1,
c484a6,
9f4b73,
b76e9f,
bd85be,
c8a0dd,
d4b9f7,
d0b9f5,
d2b3f1,
6b3c3e,
6a3c3d,
6d3b3e,
743d42,
89454e,
94515a,
783c46,
7c4049,
7d3f46,
823f49,
843f4a,
88404e,
934757,
a45464,
8f4250,
994855,
9b4f5a,
7d3f4c,
8f4755,
ac5864,
a5515c,
8e434b,
7a4046,
724049,
6f3f4c,
734150,
814558,
8d495f,
a55375,
a9668d,
d2afcf,
dfcae1,
e3d4e7,
e1d4e7,
e1d2e3,
dfcddd,
dac3d5,
d9becf,
d6b4c9,
c99ab4,
a97594,
986385,
9a6380,
ac7188,
b8768a,
bc7587,
bc7587,
be7789,
be798e,
bc8095,
bd859c,
bb87a1,
bc86a2,
b57c92,
87515f,
8e5a65,
8c5f69,
864d59,
945863,
a1626c,
a86773,
af6d7b,
b06f7c,
b16f7d,
b16f7e,
b06f7e,
b0707f,
ae7180,
743748,
8f5366,
c0869a,
bf889b,
be889a,
bc8898,
bd8799,
be8699,
bf8698,
bd8497,
b97e91,
bb8194,
bb8194,
bb8194,
bc8296,
bc8598,
bb8497,
bb8597,
bd8799,
bf8b9f,
be8da2,
be8ea3,
be8da4,
ac6f82,
934c5a,
86414e,
a15d6a,
ad6672,
ae6671,
ad6875,
8a525f,
70404a,
89505a,
af6c79,
ab6675,
9f5465,
96485b,
924b5d,
935061,
854c5b,
804e5c,
774b58,
754955,
754a57,
855c6b,
8e6476,
a4798f,
b7889c,
ac7382,
b97786,
b97886,
b47984,
8f5b65,
88525e,
be8895,
dba3b2,
dca5b3,
dba9b5,
daabb6,
d8abb7,
c0a1c0,
7579c5,
6d78c2,
7478ba,
bf92b0,
da9eac,
dea0af,
dda4b1,
dba6b2,
dca8b0,
cfa0ab,
a67088,
b280a7,
b384b5,
af7db1,
b57cb2,
b670a5,
a5497c,
a74981,
b76da1,
bd83b7,
ba84b7,
b883b5,
ba86b6,
b07fae,
b280ac,
b27fa7,
af79a2,
ac6f94,
97526e,
8c485f,
89495c,
874b5a,
824c57,
7f4a57,
926072,
bf8fab,
d6a5c7,
e0b1d2,
e5b7d9,
e3b5d7,
e1b2d5,
e1b5d8,
e3b7d6,
e3b7d6,
dcafd0,
c897bd,
d49ac9,
af6298,
c88ab8,
e9b9dd,
c28faf,
783d5a,
743652,
7c395a,
c086a8,
ceaac0,
d0aec4,
bb98af,
bb9fba,
a69cbc,
8a90b5,
a298b8,
bb93ae,
ba87a1,
b8869e,
c19db2,
ceacc7,
9a557f,
bf7cad,
a24b81,
be89b6,
977093,
855c78,
a97291,
a34d7f,
ca94c3,
d4b5dc,
e7c8eb,
f0d0f0,
e2acd6,
a94c86,
b85c9a,
9a4b87,
bc88c1,
b36ea6,
ab578d,
a3598a,
efc1e1,
a1536d,
a34c60,
ab536a,
b65d7b,
b35a7b,
af5473,
a94f6b,
a84f6a,
b65e7f,
b75c7e,
b95c80,
c06187,
bf5e87,
bf618d,
b55884,
a54f77,
b15f86,
ba628a,
b75c83,
dd8baf,
f1a3c5,
e294b5,
b16488,
dc9cbe,
e8aece,
db9ec4,
dc9fca,
e2a4d1,
d189b6,
c478a7,
cb7eac,
d187af,
d289b1,
d188b3,
ce85b1,
d087b0,
cd8aac,
c88ba9,
d09ab6,
e5bad5,
ebc2dc,
ebc2dc,
eabad7,
eab9d8,
ebbad8,
ecbcda,
ebbcd9,
ebbfda,
eac0da,
e9c1d9,
e0b3d5,
ecbce0,
e7b4db,
b16b9f,
a55190,
c870b7,
dc86d0,
db86d2,
db87d3,
dd89d5,
ad54a1,
db83cf,
dc87cf,
d081c3,
c489b8,
e1b1da,
cf9dc8,
d4a8ca,
dab2cc,
d5abc7,
dcafcd,
d9b0cb,
d6abc6,
d9acc9,
daafcd,
d8a7cb,
e7aed9,
a14886,
b85fa2,
cc81c1,
c787c3,
c17cb2,
a75e92,
a6568d,
ad5e93,
cb8ab6,
d5a0c4,
ce9fc0,
d3a0c0,
cb90b5,
d299bd,
cd96b7,
d29ebd,
d2a2bf,
d0a3c0,
cc94b3,
aa5a7d,
a24f7d,
bf73a7,
c178b3,
b978b5,
c590ce,
cfaae4,
713c3e,
6e3c3d,
6e3c3e,
6e3c3f,
703d42,
7a4247,
7c444a,
743d42,
783d43,
803e48,
87404d,
9b4b5d,
aa5567,
aa5768,
8a3e4b,
924956,
7a3e4a,
844651,
97545d,
844550,
7a404a,
723f46,
703f47,
713f49,
7a4251,
9f546a,
b75d79,
ba5e7e,
b25580,
a8487c,
a9517d,
ac6888,
b37a97,
c394ae,
e2b7cc,
dfb7c9,
d2b6c6,
dfcfde,
e2d0e0,
cda5b7,
b97f93,
c07f94,
cc899d,
cd8e9f,
bf7b8f,
bc798c,
bd798e,
bd7b8e,
be7b90,
bd7f98,
bf849c,
be879e,
bb869e,
b88596,
895760,
7c4953,
82515c,
a16773,
a66572,
a3616c,
a6636f,
ae6b78,
ae6d7c,
af6e7d,
af6e7d,
ae6e7d,
ad6e7d,
ae7080,
7c3f51,
713549,
ae7588,
bf8799,
bf899a,
bc8898,
bb8496,
b87c8f,
ba7f91,
be8394,
bb7e91,
ba7e91,
bb8093,
ba7f92,
bd8294,
bf8498,
bb8296,
ba8395,
be899d,
bc8a9e,
bd8da1,
c08fa4,
b58096,
b77e91,
ac6c7b,
884452,
924f5b,
ab6670,
ad676f,
aa6773,
8a525f,
73404b,
a1646f,
a25e6c,
944b5c,
944758,
a25767,
a46372,
804d5a,
764854,
734754,
6f4754,
6d4555,
a18299,
c0a3c5,
dfbfde,
eac6e5,
c799b5,
975e71,
9a5467,
ba7584,
bf828f,
8d5561,
844a56,
7f424f,
945665,
bd7d8e,
daa0af,
d7a0ae,
d5a2b1,
8a79ad,
6a6cb0,
7572b0,
9580b4,
d09aac,
d99cab,
d69cad,
d6a2b0,
d7a4b0,
daa9b4,
deaeb4,
e5acbc,
e0b3d6,
c297c7,
ae77ac,
b875af,
a8508a,
a84780,
aa5182,
c080af,
b67fb1,
aa75a1,
a0698f,
91577e,
8d5277,
915174,
924e6d,
924b64,
954861,
93475e,
8d485a,
874a59,
854b5a,
824c58,
814d57,
824e5c,
895265,
955b75,
9e6383,
c691b1,
d8a7c9,
e7b7dc,
e4b5db,
e6b5d8,
e8b5d8,
e4b5d5,
c28db4,
9d4f86,
a44f86,
b06c94,
8a4f6b,
793851,
77344f,
7f3d5c,
a56589,
b87ba2,
d2b1c9,
ddcadc,
dacbd9,
d6c2d2,
ceb0c0,
cbadc0,
ccadbd,
d2b0be,
d2a7bb,
c092a8,
b68aa1,
c09cb6,
ab6d93,
ac6795,
ae6495,
8e597e,
835473,
cda7bf,
bf8cab,
a55285,
e1b3db,
efcbed,
f1ceee,
f3cfec,
b982a9,
b46697,
a95d8e,
a46391,
a56c97,
975c83,
8f577e,
915c80,
a4718c,
a25e78,
a2576d,
ae5a74,
ab5473,
a24d68,
a34d68,
a94e68,
c6809a,
edbad9,
c87396,
bb5d81,
be5d82,
bf5d85,
bb5e88,
b95c85,
ad517d,
ab527d,
b05678,
ab5173,
cf7fa2,
eca6c2,
eba5c2,
dd97b5,
e1a3c3,
e5aece,
e6afd0,
e2adca,
e1aaca,
e0a4c9,
b77198,
cf88ae,
cc8aaa,
cb8aaa,
ce88aa,
cd86ab,
cc86ab,
cd88ac,
cb8aa9,
e0aac7,
e5b6d4,
e5bad7,
d0b7df,
c6aedc,
c9afdb,
e2b8dc,
eab9da,
eabbd6,
ebbdd8,
eabed9,
e9bfd7,
e9bfd8,
e9bfdb,
dba9ce,
c57eb4,
c870b1,
a64a8d,
c96fb4,
e087d1,
dc87d2,
d077c2,
b0529e,
df86d1,
db87ce,
c474b1,
b984aa,
dbb6cf,
d7b1cb,
d2abc7,
d6acc6,
d8adc7,
d8adc7,
d6acc4,
d5aac2,
d8adc6,
dab1ca,
e0b5d4,
b96d9e,
b9609b,
a44687,
ab5c9c,
d9afe7,
d0a2ca,
d3a2c3,
d094bb,
bd7ba7,
bf84ac,
d4a0c4,
cf9fbf,
d1a0bf,
d1a0be,
d29fb9,
ca96b2,
d29fbd,
d1a0be,
d0a3be,
c793b2,
b87494,
a66187,
c987b4,
d795c1,
d08dbc,
c37ab2,
c47bb4,
783d43,
753c41,
864e55,
8c565c,
754346,
6d3d41,
703d41,
6e3d3f,
743d41,
803e48,
9c4d5f,
ac566b,
ae556a,
a15161,
824048,
7e4249,
753d42,
7e444a,
723c43,
703a45,
753c48,
773f49,
7a414c,
7f4451,
8a4857,
a25069,
b65a77,
b45579,
ac4d7e,
a8487c,
ac4e7a,
ae5576,
a95275,
c8819e,
e6abbf,
deadbf,
e4cddd,
dfd6e4,
ccbbca,
ac8e9e,
ceaaba,
e5baca,
e2b1c0,
c994a7,
bd8397,
b98096,
ba8097,
bd8297,
be829a,
b87c95,
b3758d,
b07387,
a26b7d,
8b5865,
7c4850,
845058,
a06772,
aa6c7a,
a76573,
a45f6c,
a5606c,
ab6673,
ad6c7b,
ae6d7c,
af6e7d,
ad6e7d,
ac6e7d,
ae6f7f,
a36475,
b4778a,
ba7f92,
b67e91,
be8698,
bc8898,
be8697,
b77b8c,
b27588,
b97b8d,
ba7e90,
b97c8f,
b97f91,
b77e90,
b88092,
bc8395,
b98094,
bc8396,
bc8698,
bd899a,
c591a3,
c0879e,
b17388,
bd8093,
b37487,
8f4b5e,
854252,
ab6671,
ab6770,
ab6772,
8d515e,
7d4551,
9e5a6a,
94495a,
984b5c,
a85d6d,
b36e7c,
8f5865,
764856,
754756,
714756,
6d4657,
6e4e63,
654e70,
67446e,
c5a3c8,
ecc8ec,
f0c6e5,
dfabc3,
a55d73,
8f465a,
a25f6f,
8f4f5c,
924d59,
864451,
773a47,
894656,
a16070,
ce909f,
d49ba9,
d2a3ba,
c29cb6,
d1a1ba,
d7a0b8,
d39cae,
955868,
b3879e,
c3a8c7,
bf98b1,
c899b0,
d4a3b4,
ab687c,
a36f8c,
a96b95,
ab5f8f,
ad548a,
a74881,
a34677,
984667,
904d65,
844863,
844660,
81455e,
82465e,
854760,
8d4666,
934769,
954862,
95465f,
92475c,
8d485a,
874a5a,
864d5a,
824d56,
814d57,
864e5d,
8b4e64,
8b4f64,
8c4e6a,
925776,
bd88a8,
d09cc4,
e0add5,
e0add2,
c285a7,
d99ebc,
e1abd2,
ce85bb,
b16395,
863f5e,
783348,
773449,
894d69,
cf99bb,
c483ab,
b978a2,
d9b6d1,
d9c1d4,
d1bccc,
c8a9ba,
cfb3c0,
d1b6c3,
d5bcc8,
d3bbc8,
d3b9c9,
d3b5ca,
c69fba,
bc94b3,
dcb7d7,
a9648f,
cd99c1,
884770,
c797b7,
d5a9c4,
d1a1c0,
a45d8b,
e0b3d7,
cfa4c5,
ad819d,
94647e,
84506e,
824a69,
854c6b,
804b68,
7f4c67,
7f4c67,
804c63,
7f4d64,
824c63,
844b63,
90536a,
9b5970,
9a536d,
9b4f69,
a0516b,
b25974,
da96b1,
fddbf6,
d98cad,
bc5d83,
bc5c83,
bd5b84,
b95b84,
b65a81,
b05681,
b4638c,
b06587,
a85c7d,
b56889,
e29bb9,
e29fbb,
e6a3c1,
d99bbb,
e6aece,
e4aecd,
e1acc8,
e0a9c7,
e0a6c7,
c985a9,
cf88aa,
cd88a7,
cc88a7,
ce86a8,
ce86a7,
cd87a9,
ce88a9,
d08cac,
eab5d5,
edbad7,
d8a6c6,
a498cd,
859bdd,
879fe0,
9da4dc,
d0b3dc,
e7b9d4,
e9bcd5,
e9bdd6,
ebbfd7,
ebbdd6,
e1aecc,
a06188,
d180b4,
e186c5,
c868a9,
af4f8f,
d97abe,
e085cd,
bf63ab,
bf62aa,
da86cb,
d588c6,
c67cb2,
a0648e,
d2adc7,
d3b0c9,
d1aac6,
cda8c9,
caa7c9,
c7a6c8,
c9a6c5,
d6aac7,
deadcd,
d69ec3,
da9ec7,
9e497d,
c66ca4,
c96ba7,
a84b8a,
a9659f,
d09cc5,
d2a3bf,
d3a2c1,
d3a1c1,
cb97b9,
d29fc0,
cf9ec0,
d1a0bf,
d1a1bd,
d4a2ba,
ca96b0,
d4a0bc,
d2a0bc,
d2a0bd,
c894b1,
c390ad,
d7a4c4,
d6a1c5,
d69fc1,
d899be,
c379a6,
c575a7,
995a64,
854851,
c48793,
c78d95,
8e5b5f,
6c3c3f,
6b3c3e,
6b3c3e,
723d40,
8b4752,
ab556c,
ad546b,
b0556b,
9c4e5e,
773d42,
723e40,
6e3c3e,
713a42,
7b3f49,
8f4957,
9b4e60,
a05263,
a55366,
a95468,
ac556a,
af566e,
b25671,
b25377,
ab4c7b,
a9497b,
ae4f77,
ad5175,
a94f76,
ad5375,
b56078,
b8748a,
ddcadb,
d8c9d9,
b297a9,
cfb6c6,
d5bccc,
b28ea0,
ddb1c4,
ca9db1,
c094a8,
bb889f,
bd829c,
bd869e,
be87a0,
bc879e,
a66c7f,
894f5b,
7a464e,
78474c,
804c54,
955d67,
a86b78,
aa6c7a,
a86675,
a45f6c,
a45f6b,
a5616d,
ac6978,
ad6c7b,
ac6b7b,
ab6c7b,
ab6d7b,
ad6c7c,
8f4f5e,
753848,
ab6f81,
b77b8f,
b77e91,
bc8696,
bd8696,
be8494,
b6798b,
b27586,
b87c8b,
b87d8d,
b67d8f,
b67e90,
b68091,
b77f91,
b77f91,
b98093,
ba8496,
c38ea0,
c78da1,
ac687e,
9c5469,
af6b7f,
b47186,
924f64,
824050,
a76270,
ad6671,
ac6673,
93515f,
884555,
94495a,
9b4f60,
af6274,
b06978,
a26672,
794755,
754754,
744657,
785065,
ae8ca6,
baa5cb,
988fbe,
7d587f,
8c597c,
dfb5d7,
cc9ab7,
c2839a,
c27a8f,
af667b,
94485a,
964a5b,
864451,
733742,
753843,
8a4655,
904d5c,
c68897,
d39aa7,
b88190,
a16979,
b77b91,
cd93ad,
daa6bc,
c78e9f,
885d76,
bbafd8,
9e7398,
b98db4,
d6accc,
8e465c,
b77f98,
cd98b6,
a4476f,
a34771,
a34773,
9c4663,
94445e,
8b455a,
844657,
824658,
834559,
824659,
86465b,
924666,
99466c,
964660,
93465c,
8d485a,
894a5a,
844b5a,
824d58,
814d55,
834d56,
8c4e5f,
8e4e64,
8d4e64,
8c4e67,
8b4e6a,
905675,
b880a8,
ca98c1,
b886a8,
be7291,
ac5f78,
ce98bc,
a95288,
974171,
7e324d,
763448,
995975,
b27298,
e5b5da,
c889b3,
b877a3,
d8b5d4,
cea2b9,
a35e72,
984e63,
c298ab,
dbbfcf,
d7bfd1,
d5c0d1,
d8c3d6,
ceb9cd,
c3a0bf,
d4afd0,
e2bbdc,
954f78,
93547d,
94557b,
c192b3,
bd8eaa,
ddb1cc,
9c698b,
8a5e7e,
7a4b66,
794962,
7f4b61,
824e64,
814e66,
854d67,
874d68,
814c67,
7f4c64,
814b62,
814c60,
844c60,
8a4b61,
924c5f,
954b60,
974e67,
9d526f,
aa5b7b,
b86080,
db95b1,
fddcf4,
eaaac9,
bf6088,
bb5b81,
bb5b82,
b65a7f,
ae5475,
ba6b8c,
ebb0d0,
dcacce,
cf9bbb,
c285a5,
cb87a6,
ca86a3,
cf88a9,
ce8cab,
e1a5c2,
e9afcd,
e3a7c5,
e4a8c6,
d591b0,
ce88aa,
ce86a7,
cd85a7,
cd86a5,
cd86a7,
cd86a6,
cd85a7,
cd86a8,
d28eaf,
e8adcf,
d698b5,
ca89a8,
bc88ad,
8092d8,
809de5,
809de3,
99a0db,
dfb9db,
e9bcd5,
e9bdd6,
ecbed6,
d9a8c2,
cc99b5,
c288aa,
e097c5,
dd80ba,
df7dba,
c4639f,
ae4c8c,
d777ba,
b15597,
be6da9,
d491c5,
d89ec5,
e0aed0,
d4a7c5,
d5aeca,
d1aec9,
bda7cc,
9997c8,
8c91c5,
8891c4,
9593c1,
d3abd1,
c17ea9,
be6c9f,
b1568e,
ca6ea5,
d576ac,
d473a9,
c5659d,
a84981,
c074a2,
cfa1c1,
d1a1bf,
d39fbd,
d09dbb,
ce9dbc,
cf9fbe,
d1a0be,
d2a1bc,
d6a3bd,
cc98b3,
d49fba,
d19cb7,
cf9cb8,
cf9eb9,
cfa0bc,
d0a0be,
d2a0c0,
d79ec0,
c582a7,
a2557c,
a85780,
bf7c89,
af6e7b,
cb8897,
c98a96,
895258,
754145,
724044,
6e3e42,
743f42,
8a4853,
a9556b,
ac546c,
ad556b,
904756,
753b45,
763e43,
80434c,
984e5d,
a7566a,
ae546b,
ae546d,
ae546b,
ae546a,
ae546a,
ad546b,
ad556c,
b0566e,
af5276,
aa4a7e,
aa4a79,
ae5174,
ad5075,
aa4f75,
ac5172,
ad546d,
ae5e75,
cfa8bc,
bf97ab,
ba90a4,
c79cae,
6a4351,
805564,
d8b2c5,
e1bfd4,
ceb6cb,
c3a1b7,
b36a86,
bb7d96,
bd889f,
bc899d,
ab7884,
764346,
764447,
7a4749,
8c565f,
a86a76,
ab6b79,
ac6b7a,
ab6775,
a45f6c,
a35f6a,
a25d6a,
aa6775,
ae6c7b,
ac6b7a,
ab6c7a,
aa6c7a,
ad6c7b,
975665,
824150,
a36273,
b47487,
bf8293,
bd8696,
bc8394,
bc8293,
be8293,
b27786,
a26b74,
804a53,
905c63,
9f6a76,
a56e7c,
ae7687,
b77d90,
ba8194,
bf869a,
b87d91,
b6768a,
9a5267,
95495d,
ac6278,
b67087,
955366,
814254,
9d5f6a,
a7626e,
985361,
914859,
914758,
934759,
994e5f,
a15969,
a4626f,
7f4b56,
764652,
794754,
905a6c,
e0b4cd,
e6c0dd,
e6c4e8,
e6c5ed,
e6bfdd,
844a65,
a16c88,
daa5be,
b77288,
b46a7e,
ac6276,
994b5f,
95495a,
803f4d,
783a47,
7a3c48,
884554,
8e4f5e,
c78b99,
d39ba7,
d59dab,
915867,
763a4f,
964f76,
c896b3,
d7a8bc,
774359,
d7bde2,
976385,
f7cbf0,
e5bbdc,
ae7089,
944863,
a76486,
a74c71,
9d4660,
9d465e,
974559,
914558,
904558,
874557,
864559,
854458,
844559,
89465a,
934563,
984567,
93455e,
90465b,
88485a,
844a59,
814b59,
7f4c57,
7f4d54,
824d57,
8b4e60,
914f65,
8f4e64,
8f4e66,
8e4d67,
8d4e6b,
915479,
bd86ad,
c088a9,
a04f6c,
9f5166,
cc91ad,
a14878,
a44b7f,
843759,
9b5f7d,
ce8eb3,
9d4877,
e2b3dc,
e4b0d8,
b475a0,
dcb4d4,
d9abc2,
9c4f62,
9d4a59,
995569,
d0aac1,
d9bad3,
d9bed7,
d3bad4,
dbbfd6,
aa749a,
d9b2d7,
d6b1d4,
a97195,
93507a,
a56089,
9f6085,
a26d8a,
83556d,
75485f,
74495f,
76485e,
7a4a62,
8c5b74,
89566e,
c69bb3,
a8688c,
a05180,
9a4f7b,
8f4b6f,
884b63,
864b5f,
8b4c5d,
914b5d,
974c5f,
a15069,
af5979,
b75d81,
ba5f85,
bc6183,
d890ad,
fcd8f3,
f5bddd,
c56990,
b85a7f,
b7587c,
af5372,
a74c69,
b26280,
e6b3d1,
e5bbda,
e5bcdb,
dfb2d1,
d59fbd,
cc8daa,
cc84a3,
cc84a3,
cd89a6,
d894b3,
d592b1,
e4a4c3,
cf88a9,
ce85a7,
ce85a5,
cd85a6,
cd85a5,
cd86a5,
cc86a6,
cf85a7,
cd84a6,
c87d9f,
c881a2,
cb84a3,
c984a0,
c586a3,
b9a6d8,
9fa4e0,
849ae0,
8299dd,
c7abd2,
e5b8d3,
e4b7d2,
e6b8d1,
e6b7d2,
e5b7d2,
ecb8d7,
f6b2dd,
d475ab,
d676ac,
d674a9,
b6568f,
ad4d8a,
a94d88,
d99bc9,
e6b8d9,
e1bbd0,
dcb8ce,
d8b3cb,
d7b0cb,
c6adcb,
9698c3,
9796c5,
9a99ca,
7b8bc5,
858abe,
c9a4cd,
d09ac5,
d588bb,
ae4a83,
dc7db2,
df7fb1,
d271a2,
d06fa0,
be5d91,
bb618f,
cd89b0,
d69bbd,
d49fbd,
d29cbb,
d09bb8,
cf9db9,
ce9fbd,
c89dbd,
ca9bbd,
c596b6,
ca99b7,
ca98b6,
cc98b6,
cc9ab7,
cd9db8,
ce9eb9,
d19ebc,
ce91b7,
ba739c,
a95d82,
a45377,
be7b89,
bd7a88,
c37e8c,
bf7e8d,
804551,
ac707c,
ac717d,
985d68,
814a51,
793e44,
9a4e61,
a35168,
9e5265,
813f4d,
874552,
964b5a,
a15062,
a35165,
a45165,
a95069,
a95069,
aa5167,
a65065,
a45065,
a35165,
a25166,
a55368,
a55176,
a2477a,
a34974,
a84f6f,
a64e6f,
a64e6e,
a64f6b,
a65169,
a65167,
a6546b,
ac5a71,
aa5b71,
955161,
663942,
7c4351,
af7489,
debcd2,
dcc1d9,
ca9eb6,
a9566e,
9f576b,
905865,
986970,
875a5f,
6f4142,
764247,
8a5158,
9a5f6c,
a46574,
a56674,
a56674,
a46471,
9e5c68,
9d5b66,
9b5965,
a1606c,
a66675,
a56675,
a56675,
a56675,
a76776,
975765,
783644,
935160,
b87989,
b67a8a,
b57989,
b27586,
b17484,
b17282,
8a4d5b,
734245,
6c3e40,
6b3f3d,
6f4042,
703e43,
7f4a55,
a26b7a,
b47c8d,
a86f82,
985a6c,
a9697b,
a15b6d,
8f4458,
a1596d,
b16b7f,
945265,
784150,
8d5762,
995765,
985262,
8c4254,
90475a,
974e60,
8d4857,
834351,
7f4551,
76424e,
76444f,
89515e,
a26779,
a86a81,
aa718b,
a36c85,
b07993,
b88097,
b17c90,
73354a,
8c4c60,
9f5567,
a05364,
97495c,
914b5c,
8a4757,
85424f,
6f3441,
6b3240,
7e404e,
7c4250,
a26c79,
cb97a4,
cf97a4,
985d6b,
6f3448,
90486d,
ad799a,
e1bdd4,
8d5b70,
936481,
7e4d64,
9f6e89,
925f79,
ab738a,
964461,
99446e,
9b456a,
914357,
914251,
8f4352,
8e4353,
8c4353,
864253,
844154,
824155,
824255,
864355,
8a435a,
8b435b,
884359,
854456,
804557,
7e4656,
7b4855,
794954,
794952,
7d4a55,
864c5d,
8b4c61,
8c4c61,
8b4b60,
8b4962,
894a64,
874969,
8e5175,
be88ab,
ad6786,
994b62,
92465c,
923f64,
a1487b,
b0688f,
dea5ca,
c98bb3,
9c4576,
cd99c6,
dcaed7,
b27ba4,
d7adcb,
dab1c7,
984e5f,
984854,
99495d,
a7738c,
a27894,
c6a4c5,
c3a1c4,
ab7799,
9a527b,
bc8bb3,
d1aad1,
c196b5,
995a80,
ca96b8,
864d69,
79475d,
714458,
6f455b,
6d455d,
764d66,
9c708d,
a0708c,
8d5b75,
e8c1da,
af759b,
a04c81,
a55183,
9b486a,
92465d,
8c4758,
8c4957,
8c485b,
ab758d,
ba839f,
ac5b7d,
b65a81,
b65a83,
b55d7e,
c6819c,
f1c9e4,
f0bfdb,
c87193,
ab5373,
a44c69,
9e4763,
a04863,
a2516c,
ca93b0,
dfb5d1,
ddb4d2,
dbb4d1,
dbb3ce,
d9aac7,
d39ab7,
c4819f,
c5809e,
c983a1,
c681a1,
ca88a7,
c782a2,
c77e9f,
c67e9e,
c67f9e,
c77f9f,
c5819f,
c680a1,
c780a0,
c47d9e,
c37a9c,
c37d9d,
c27f9d,
c4819c,
c888a5,
deb0ce,
dfb4d5,
c3acd8,
a49bcc,
d6b2d1,
e1b6ce,
e6b8d2,
e5bad2,
e5bbd4,
e3bbd5,
dfadcd,
ba6c9c,
b8588d,
ca6b9b,
cb6b98,
cc6c9a,
ae5186,
9f447a,
bf709e,
c389ac,
d2abc3,
d3afc3,
d0abc1,
cba8c4,
a69abf,
a89ec1,
c7aac6,
bfa9ca,
7a80b1,
a696bf,
ca9bc1,
c488b5,
cf7dae,
ab4a7f,
c66a9a,
cd729d,
c76b96,
c46791,
c46893,
ae557f,
c4729b,
c37c9f,
c78aa9,
ce95b2,
cd95b4,
c795b3,
b48fb4,
9f83ae,
9d81af,
9d83ad,
a282aa,
b188ad,
c28eae,
c58eae,
c891af,
c993ae,
c38faa,
a66c8f,
ba7ca3,
af6c90,
9d5574,
